order_id,order_ts,store_id,customer_id,channel
O0000001,2024-01-01 12:46:00,S018,C000217,store
O0000002,2024-01-01 19:16:00,S021,C002402,store
O0000003,2024-01-01 13:33:00,S021,C002218,store
O0000004,2024-01-01 16:48:00,S016,C001518,store
O0000005,2024-01-01 18:01:00,S013,C002492,ecom
O0000006,2024-01-01 10:24:00,S008,C002454,store
O0000007,2024-01-01 12:39:00,S004,C001313,store
O0000008,2024-01-01 12:40:00,S012,C000836,ecom
O0000009,2024-01-01 09:26:00,S012,C000347,ecom
O0000010,2024-01-01 17:45:00,S021,C001470,store
O0000011,2024-01-01 10:29:00,S016,C001284,store
O0000012,2024-01-01 17:56:00,S019,C000794,store
O0000013,2024-01-01 19:00:00,S005,C001427,ecom
O0000014,2024-01-01 09:52:00,S030,C001208,ecom
O0000015,2024-01-01 16:28:00,S015,C000921,store
O0000016,2024-01-01 18:29:00,S009,C001947,ecom
O0000017,2024-01-01 09:19:00,S017,C002060,store
O0000018,2024-01-01 15:21:00,S015,C000322,store
O0000019,2024-01-01 17:17:00,S009,C001749,store
O0000020,2024-01-01 20:08:00,S027,C000340,ecom
O0000021,2024-01-01 16:31:00,S012,C001173,store
O0000022,2024-01-01 20:03:00,S030,C001587,ecom
O0000023,2024-01-01 17:23:00,S024,C001301,store
O0000024,2024-01-01 17:41:00,S013,C000581,ecom
O0000025,2024-01-01 09:13:00,S027,C000188,store
O0000026,2024-01-01 13:53:00,S017,C001812,ecom
O0000027,2024-01-01 18:29:00,S001,C000002,store
O0000028,2024-01-01 14:35:00,S018,C000303,ecom
O0000029,2024-01-01 11:36:00,S009,C000283,store
O0000030,2024-01-01 12:53:00,S018,C000617,store
O0000031,2024-01-01 14:27:00,S022,C001770,store
O0000032,2024-01-01 20:09:00,S011,C001486,store
O0000033,2024-01-01 11:23:00,S029,C001501,ecom
O0000034,2024-01-01 12:45:00,S005,C001664,store
O0000035,2024-01-01 18:35:00,S024,C002134,ecom
O0000036,2024-01-01 11:26:00,S008,C000331,store
O0000037,2024-01-01 14:22:00,S010,C001656,store
O0000038,2024-01-01 20:57:00,S015,C002307,store
O0000039,2024-01-01 12:05:00,S009,C002410,store
O0000040,2024-01-01 18:53:00,S013,C000855,ecom
O0000041,2024-01-01 18:50:00,S021,C001992,store
O0000042,2024-01-01 13:49:00,S015,C000263,store
O0000043,2024-01-01 18:11:00,S025,C000122,ecom
O0000044,2024-01-01 16:22:00,S030,C002464,ecom
O0000045,2024-01-01 11:19:00,S025,C001706,store
O0000046,2024-01-01 10:42:00,S010,C001357,store
O0000047,2024-01-01 11:16:00,S029,C000715,store
O0000048,2024-01-01 11:21:00,S014,C000953,store
O0000049,2024-01-01 15:09:00,S006,C000245,store
O0000050,2024-01-01 13:53:00,S021,C001038,store
O0000051,2024-01-01 17:28:00,S018,C001340,ecom
O0000052,2024-01-01 09:36:00,S002,C002235,store
O0000053,2024-01-01 10:13:00,S027,C002196,store
O0000054,2024-01-01 10:31:00,S009,C001165,store
O0000055,2024-01-01 11:48:00,S027,C001709,ecom
O0000056,2024-01-01 13:58:00,S011,C000367,store
O0000057,2024-01-01 12:22:00,S025,C001512,ecom
O0000058,2024-01-01 09:10:00,S001,C002284,ecom
O0000059,2024-01-01 16:10:00,S002,C001684,ecom
O0000060,2024-01-01 17:59:00,S005,C001917,store
O0000061,2024-01-01 20:46:00,S001,C001322,store
O0000062,2024-01-01 18:26:00,S002,C001397,ecom
O0000063,2024-01-01 09:24:00,S011,C002301,store
O0000064,2024-01-01 19:01:00,S023,C002363,ecom
O0000065,2024-01-01 17:57:00,S005,C000253,store
O0000066,2024-01-01 09:47:00,S017,C002414,ecom
O0000067,2024-01-01 20:32:00,S007,C000022,store
O0000068,2024-01-01 15:21:00,S009,C000949,store
O0000069,2024-01-01 19:36:00,S016,C002456,ecom
O0000070,2024-01-01 09:42:00,S014,C002099,store
O0000071,2024-01-01 20:22:00,S009,C000827,store
O0000072,2024-01-01 17:11:00,S010,C001506,ecom
O0000073,2024-01-01 13:45:00,S004,C001612,ecom
O0000074,2024-01-01 12:31:00,S022,C002032,ecom
O0000075,2024-01-01 09:19:00,S013,C001202,store
O0000076,2024-01-01 13:23:00,S025,C002069,store
O0000077,2024-01-01 11:17:00,S025,C000472,store
O0000078,2024-01-01 11:19:00,S011,C002426,store
O0000079,2024-01-01 18:35:00,S015,C000316,ecom
O0000080,2024-01-01 12:19:00,S012,C001969,ecom
O0000081,2024-01-01 14:18:00,S013,C000241,store
O0000082,2024-01-01 10:24:00,S017,C000490,store
O0000083,2024-01-01 15:16:00,S007,C001110,ecom
O0000084,2024-01-01 17:14:00,S003,C002346,ecom
O0000085,2024-01-01 15:22:00,S002,C000560,store
O0000086,2024-01-01 11:35:00,S010,C000201,store
O0000087,2024-01-01 14:40:00,S010,C001725,store
O0000088,2024-01-01 15:49:00,S012,C001942,store
O0000089,2024-01-01 19:04:00,S012,C002272,store
O0000090,2024-01-01 20:10:00,S004,C000829,ecom
O0000091,2024-01-01 11:51:00,S001,C001937,store
O0000092,2024-01-01 20:05:00,S012,C000755,ecom
O0000093,2024-01-01 13:22:00,S029,C001374,store
O0000094,2024-01-01 11:48:00,S017,C002111,ecom
O0000095,2024-01-01 17:28:00,S001,C000490,store
O0000096,2024-01-01 13:05:00,S007,C002407,store
O0000097,2024-01-01 16:06:00,S011,C000436,store
O0000098,2024-01-01 09:38:00,S012,C002264,store
O0000099,2024-01-01 13:28:00,S009,C002467,store
O0000100,2024-01-01 20:56:00,S020,C001090,ecom
O0000101,2024-01-01 16:03:00,S017,C001398,store
O0000102,2024-01-01 20:48:00,S023,C002067,ecom
O0000103,2024-01-01 13:49:00,S005,C001302,ecom
O0000104,2024-01-01 09:06:00,S005,C001420,ecom
O0000105,2024-01-01 09:18:00,S011,C002209,ecom
O0000106,2024-01-01 18:13:00,S021,C002108,store
O0000107,2024-01-01 13:13:00,S023,C002145,store
O0000108,2024-01-01 13:52:00,S023,C000605,store
O0000109,2024-01-01 15:36:00,S026,C002359,store
O0000110,2024-01-01 20:15:00,S006,C002134,store
O0000111,2024-01-01 13:40:00,S001,C001279,ecom
O0000112,2024-01-01 09:30:00,S010,C000279,store
O0000113,2024-01-01 12:02:00,S018,C001106,store
O0000114,2024-01-01 13:46:00,S005,C002161,ecom
O0000115,2024-01-01 15:39:00,S013,C001999,store
O0000116,2024-01-01 16:15:00,S017,C000581,ecom
O0000117,2024-01-01 13:02:00,S025,C001487,store
O0000118,2024-01-01 19:21:00,S030,C002028,store
O0000119,2024-01-01 13:34:00,S010,C001845,store
O0000120,2024-01-01 12:03:00,S007,C000446,ecom
O0000121,2024-01-01 09:29:00,S009,C001146,store
O0000122,2024-01-01 10:39:00,S007,C000705,ecom
O0000123,2024-01-01 14:15:00,S006,C000469,store
O0000124,2024-01-01 14:46:00,S006,C002308,store
O0000125,2024-01-01 20:14:00,S002,C000090,store
O0000126,2024-01-01 14:32:00,S016,C000495,store
O0000127,2024-01-01 14:23:00,S023,C000866,store
O0000128,2024-01-01 11:34:00,S030,C000845,store
O0000129,2024-01-01 15:44:00,S018,C000127,ecom
O0000130,2024-01-01 18:32:00,S014,C001714,ecom
O0000131,2024-01-01 13:04:00,S026,C001770,ecom
O0000132,2024-01-01 15:58:00,S009,C000388,ecom
O0000133,2024-01-01 11:42:00,S011,C001431,store
O0000134,2024-01-02 20:34:00,S020,C000310,ecom
O0000135,2024-01-02 12:00:00,S009,C001591,ecom
O0000136,2024-01-02 11:53:00,S008,C001743,ecom
O0000137,2024-01-02 15:39:00,S029,C001133,ecom
O0000138,2024-01-02 14:01:00,S019,C001561,store
O0000139,2024-01-02 20:02:00,S011,C000375,store
O0000140,2024-01-02 14:43:00,S006,C000013,ecom
O0000141,2024-01-02 17:23:00,S030,C001881,ecom
O0000142,2024-01-02 18:20:00,S027,C002162,store
O0000143,2024-01-02 13:23:00,S012,C000634,store
O0000144,2024-01-02 13:40:00,S003,C001275,store
O0000145,2024-01-02 17:22:00,S016,C002334,store
O0000146,2024-01-02 11:53:00,S009,C002095,store
O0000147,2024-01-02 11:28:00,S011,C000818,ecom
O0000148,2024-01-02 15:28:00,S014,C001452,ecom
O0000149,2024-01-02 12:46:00,S026,C002100,ecom
O0000150,2024-01-02 15:24:00,S022,C000342,store
O0000151,2024-01-02 16:37:00,S026,C001515,ecom
O0000152,2024-01-02 13:52:00,S008,C001047,store
O0000153,2024-01-02 15:14:00,S002,C001413,store
O0000154,2024-01-02 18:53:00,S001,C002137,ecom
O0000155,2024-01-02 17:02:00,S026,C001132,ecom
O0000156,2024-01-02 10:46:00,S001,C002262,store
O0000157,2024-01-02 11:03:00,S018,C002191,store
O0000158,2024-01-02 10:24:00,S024,C002048,store
O0000159,2024-01-02 19:09:00,S010,C001844,ecom
O0000160,2024-01-02 09:44:00,S022,C002444,ecom
O0000161,2024-01-02 18:47:00,S027,C000779,ecom
O0000162,2024-01-02 13:01:00,S030,C000788,ecom
O0000163,2024-01-02 14:10:00,S009,C002301,store
O0000164,2024-01-02 12:21:00,S003,C000103,store
O0000165,2024-01-02 12:12:00,S015,C002268,ecom
O0000166,2024-01-02 15:22:00,S006,C001134,ecom
O0000167,2024-01-02 20:30:00,S005,C000284,store
O0000168,2024-01-02 20:18:00,S005,C001094,ecom
O0000169,2024-01-02 11:25:00,S029,C001361,ecom
O0000170,2024-01-02 15:25:00,S007,C002262,store
O0000171,2024-01-02 20:33:00,S027,C000087,store
O0000172,2024-01-02 10:11:00,S023,C001370,store
O0000173,2024-01-02 18:04:00,S018,C001656,store
O0000174,2024-01-02 14:44:00,S026,C001274,store
O0000175,2024-01-02 09:14:00,S030,C000973,store
O0000176,2024-01-02 19:24:00,S025,C002172,ecom
O0000177,2024-01-02 14:41:00,S028,C001677,store
O0000178,2024-01-02 12:57:00,S010,C001463,ecom
O0000179,2024-01-02 20:08:00,S016,C000385,store
O0000180,2024-01-02 17:51:00,S028,C002100,store
O0000181,2024-01-02 18:56:00,S019,C001026,store
O0000182,2024-01-02 12:08:00,S014,C001253,store
O0000183,2024-01-02 15:00:00,S013,C002098,store
O0000184,2024-01-02 19:44:00,S021,C001529,ecom
O0000185,2024-01-02 10:47:00,S001,C000652,store
O0000186,2024-01-02 20:27:00,S014,C002280,ecom
O0000187,2024-01-02 17:31:00,S018,C001850,store
O0000188,2024-01-02 12:54:00,S025,C001451,ecom
O0000189,2024-01-02 17:46:00,S016,C001987,store
O0000190,2024-01-02 12:25:00,S017,C001516,ecom
O0000191,2024-01-02 17:40:00,S003,C000971,store
O0000192,2024-01-02 09:15:00,S019,C001699,ecom
O0000193,2024-01-02 15:05:00,S006,C001282,store
O0000194,2024-01-02 19:47:00,S015,C000584,ecom
O0000195,2024-01-02 12:35:00,S005,C001644,store
O0000196,2024-01-02 17:31:00,S030,C001719,ecom
O0000197,2024-01-02 13:07:00,S005,C001612,store
O0000198,2024-01-02 09:33:00,S022,C001538,store
O0000199,2024-01-02 17:07:00,S025,C000783,store
O0000200,2024-01-02 10:50:00,S027,C001709,store
O0000201,2024-01-02 09:21:00,S024,C000372,ecom
O0000202,2024-01-02 15:43:00,S025,C000598,ecom
O0000203,2024-01-02 17:54:00,S007,C000640,store
O0000204,2024-01-02 13:19:00,S002,C000138,ecom
O0000205,2024-01-02 09:52:00,S007,C001381,store
O0000206,2024-01-02 15:18:00,S025,C001886,ecom
O0000207,2024-01-02 19:38:00,S028,C001126,store
O0000208,2024-01-02 14:35:00,S004,C002069,store
O0000209,2024-01-02 12:28:00,S002,C001505,store
O0000210,2024-01-02 14:33:00,S006,C002426,store
O0000211,2024-01-02 20:35:00,S028,C001081,ecom
O0000212,2024-01-02 19:51:00,S017,C000427,store
O0000213,2024-01-02 19:21:00,S015,C000425,store
O0000214,2024-01-02 10:46:00,S022,C001056,store
O0000215,2024-01-02 20:06:00,S001,C000745,store
O0000216,2024-01-02 15:48:00,S022,C000374,store
O0000217,2024-01-02 10:06:00,S007,C000833,store
O0000218,2024-01-03 13:01:00,S025,C000314,ecom
O0000219,2024-01-03 11:58:00,S005,C001192,store
O0000220,2024-01-03 10:24:00,S008,C000955,store
O0000221,2024-01-03 09:39:00,S010,C002085,ecom
O0000222,2024-01-03 17:42:00,S017,C000898,store
O0000223,2024-01-03 18:25:00,S015,C000272,ecom
O0000224,2024-01-03 16:46:00,S022,C000219,store
O0000225,2024-01-03 19:53:00,S020,C001767,store
O0000226,2024-01-03 11:16:00,S013,C000922,store
O0000227,2024-01-03 18:41:00,S022,C000766,ecom
O0000228,2024-01-03 13:12:00,S005,C000809,ecom
O0000229,2024-01-03 11:29:00,S030,C000859,store
O0000230,2024-01-03 19:41:00,S021,C000022,ecom
O0000231,2024-01-03 16:35:00,S021,C001880,store
O0000232,2024-01-03 19:09:00,S014,C001323,store
O0000233,2024-01-03 12:22:00,S018,C000816,ecom
O0000234,2024-01-03 15:57:00,S013,C001623,store
O0000235,2024-01-03 20:10:00,S015,C000978,store
O0000236,2024-01-03 13:37:00,S007,C000731,store
O0000237,2024-01-03 15:45:00,S014,C000996,ecom
O0000238,2024-01-03 12:08:00,S020,C000634,store
O0000239,2024-01-03 13:36:00,S014,C001142,store
O0000240,2024-01-03 10:25:00,S023,C000008,store
O0000241,2024-01-03 19:26:00,S003,C001144,store
O0000242,2024-01-03 11:17:00,S007,C001572,store
O0000243,2024-01-03 20:09:00,S013,C001946,store
O0000244,2024-01-03 18:18:00,S016,C002118,store
O0000245,2024-01-03 09:04:00,S014,C001989,ecom
O0000246,2024-01-03 18:43:00,S005,C001058,ecom
O0000247,2024-01-03 10:44:00,S028,C002386,store
O0000248,2024-01-03 13:24:00,S016,C000363,ecom
O0000249,2024-01-03 20:47:00,S011,C001134,store
O0000250,2024-01-03 17:28:00,S008,C001915,store
O0000251,2024-01-03 09:41:00,S002,C002133,store
O0000252,2024-01-03 20:15:00,S012,C000689,store
O0000253,2024-01-03 16:41:00,S029,C000650,store
O0000254,2024-01-03 17:25:00,S024,C002041,store
O0000255,2024-01-03 15:22:00,S009,C000548,ecom
O0000256,2024-01-03 20:57:00,S026,C001432,ecom
O0000257,2024-01-03 14:17:00,S021,C002299,store
O0000258,2024-01-03 13:39:00,S004,C001446,store
O0000259,2024-01-03 14:29:00,S012,C002306,store
O0000260,2024-01-03 16:30:00,S004,C000793,ecom
O0000261,2024-01-03 17:21:00,S016,C000348,ecom
O0000262,2024-01-03 18:41:00,S020,C000696,store
O0000263,2024-01-03 12:50:00,S021,C001196,ecom
O0000264,2024-01-03 20:40:00,S014,C000613,ecom
O0000265,2024-01-03 10:30:00,S012,C001555,ecom
O0000266,2024-01-03 19:31:00,S006,C000197,store
O0000267,2024-01-03 12:27:00,S005,C001524,ecom
O0000268,2024-01-03 20:04:00,S014,C000063,store
O0000269,2024-01-03 09:33:00,S006,C000773,store
O0000270,2024-01-03 16:54:00,S022,C000294,ecom
O0000271,2024-01-03 09:46:00,S030,C000312,store
O0000272,2024-01-03 10:07:00,S025,C000253,store
O0000273,2024-01-03 19:00:00,S025,C000301,store
O0000274,2024-01-03 09:22:00,S008,C002029,store
O0000275,2024-01-03 10:11:00,S005,C000343,ecom
O0000276,2024-01-03 19:10:00,S030,C001622,store
O0000277,2024-01-03 17:38:00,S021,C001675,store
O0000278,2024-01-03 12:31:00,S018,C001465,ecom
O0000279,2024-01-03 12:56:00,S009,C000510,ecom
O0000280,2024-01-03 18:04:00,S020,C000524,store
O0000281,2024-01-03 13:30:00,S008,C000155,ecom
O0000282,2024-01-03 15:49:00,S010,C001907,store
O0000283,2024-01-03 13:03:00,S020,C002467,ecom
O0000284,2024-01-03 16:40:00,S019,C001573,ecom
O0000285,2024-01-03 20:27:00,S006,C001129,store
O0000286,2024-01-03 14:29:00,S029,C001247,store
O0000287,2024-01-03 14:56:00,S015,C000923,store
O0000288,2024-01-04 15:12:00,S026,C000029,ecom
O0000289,2024-01-04 19:02:00,S004,C000432,ecom
O0000290,2024-01-04 19:19:00,S029,C001259,ecom
O0000291,2024-01-04 12:24:00,S002,C001646,store
O0000292,2024-01-04 15:10:00,S026,C002442,store
O0000293,2024-01-04 19:49:00,S005,C000457,ecom
O0000294,2024-01-04 11:47:00,S012,C002139,ecom
O0000295,2024-01-04 15:56:00,S011,C001096,store
O0000296,2024-01-04 20:19:00,S019,C000961,ecom
O0000297,2024-01-04 19:32:00,S015,C002456,store
O0000298,2024-01-04 09:49:00,S005,C000780,store
O0000299,2024-01-04 19:25:00,S016,C001409,ecom
O0000300,2024-01-04 10:20:00,S018,C001687,ecom
O0000301,2024-01-04 10:59:00,S003,C000018,store
O0000302,2024-01-04 18:40:00,S009,C001701,ecom
O0000303,2024-01-04 15:59:00,S014,C002364,store
O0000304,2024-01-04 15:26:00,S027,C001388,store
O0000305,2024-01-04 12:27:00,S013,C000090,store
O0000306,2024-01-04 16:14:00,S018,C000557,store
O0000307,2024-01-04 10:57:00,S027,C000306,store
O0000308,2024-01-04 17:56:00,S028,C001553,ecom
O0000309,2024-01-04 12:28:00,S017,C000186,store
O0000310,2024-01-04 20:36:00,S007,C001034,store
O0000311,2024-01-04 12:09:00,S018,C002046,store
O0000312,2024-01-04 18:12:00,S027,C000974,store
O0000313,2024-01-04 09:14:00,S008,C000981,store
O0000314,2024-01-04 12:26:00,S018,C001983,store
O0000315,2024-01-04 14:25:00,S017,C001534,store
O0000316,2024-01-04 09:39:00,S015,C002161,store
O0000317,2024-01-04 09:12:00,S004,C000908,store
O0000318,2024-01-04 18:33:00,S005,C000548,ecom
O0000319,2024-01-04 15:35:00,S030,C000838,ecom
O0000320,2024-01-04 11:13:00,S009,C000759,store
O0000321,2024-01-04 17:58:00,S008,C002254,store
O0000322,2024-01-04 11:45:00,S012,C001519,ecom
O0000323,2024-01-04 18:40:00,S013,C001701,ecom
O0000324,2024-01-04 17:15:00,S030,C000166,ecom
O0000325,2024-01-04 12:31:00,S017,C002002,store
O0000326,2024-01-04 12:21:00,S030,C002108,store
O0000327,2024-01-04 11:51:00,S028,C000378,store
O0000328,2024-01-04 20:53:00,S004,C001895,ecom
O0000329,2024-01-04 19:54:00,S011,C001028,store
O0000330,2024-01-04 13:07:00,S029,C000460,store
O0000331,2024-01-04 12:25:00,S013,C000676,store
O0000332,2024-01-04 16:28:00,S023,C000249,ecom
O0000333,2024-01-04 15:36:00,S027,C002120,ecom
O0000334,2024-01-04 10:27:00,S013,C001778,store
O0000335,2024-01-04 12:32:00,S008,C001754,store
O0000336,2024-01-04 11:05:00,S013,C002220,ecom
O0000337,2024-01-04 14:26:00,S028,C001027,ecom
O0000338,2024-01-04 18:42:00,S020,C002323,ecom
O0000339,2024-01-04 10:37:00,S017,C000279,store
O0000340,2024-01-04 18:31:00,S024,C000370,ecom
O0000341,2024-01-04 15:32:00,S002,C000430,store
O0000342,2024-01-04 16:27:00,S015,C001312,ecom
O0000343,2024-01-04 19:26:00,S017,C002285,ecom
O0000344,2024-01-04 18:17:00,S010,C001224,store
O0000345,2024-01-04 16:08:00,S008,C000587,store
O0000346,2024-01-04 18:49:00,S026,C000475,ecom
O0000347,2024-01-04 15:27:00,S003,C001008,store
O0000348,2024-01-04 09:39:00,S022,C000104,store
O0000349,2024-01-04 18:26:00,S019,C002385,ecom
O0000350,2024-01-04 13:45:00,S021,C001611,store
O0000351,2024-01-04 13:35:00,S025,C001504,store
O0000352,2024-01-04 14:22:00,S020,C000210,ecom
O0000353,2024-01-04 16:16:00,S027,C002062,store
O0000354,2024-01-04 12:59:00,S022,C001273,store
O0000355,2024-01-04 15:31:00,S015,C001675,ecom
O0000356,2024-01-04 13:09:00,S003,C002440,store
O0000357,2024-01-04 14:47:00,S014,C000324,ecom
O0000358,2024-01-04 10:46:00,S027,C001467,store
O0000359,2024-01-04 09:58:00,S027,C002199,store
O0000360,2024-01-04 17:04:00,S010,C000152,store
O0000361,2024-01-04 13:59:00,S005,C000222,ecom
O0000362,2024-01-04 12:15:00,S005,C000327,ecom
O0000363,2024-01-04 17:17:00,S028,C001199,store
O0000364,2024-01-05 15:09:00,S015,C001458,ecom
O0000365,2024-01-05 19:17:00,S006,C000693,store
O0000366,2024-01-05 13:38:00,S014,C001569,store
O0000367,2024-01-05 09:57:00,S027,C001186,store
O0000368,2024-01-05 18:09:00,S007,C000042,store
O0000369,2024-01-05 20:38:00,S004,C000210,ecom
O0000370,2024-01-05 12:11:00,S004,C001501,store
O0000371,2024-01-05 18:18:00,S017,C001561,ecom
O0000372,2024-01-05 14:29:00,S030,C001155,ecom
O0000373,2024-01-05 11:47:00,S013,C001632,store
O0000374,2024-01-05 14:15:00,S022,C002178,store
O0000375,2024-01-05 19:00:00,S012,C000365,store
O0000376,2024-01-05 17:13:00,S029,C001242,store
O0000377,2024-01-05 11:29:00,S007,C000134,ecom
O0000378,2024-01-05 10:37:00,S028,C002222,store
O0000379,2024-01-05 16:32:00,S028,C002348,ecom
O0000380,2024-01-05 19:27:00,S023,C001059,ecom
O0000381,2024-01-05 10:31:00,S010,C001010,store
O0000382,2024-01-05 13:10:00,S020,C002038,ecom
O0000383,2024-01-05 13:15:00,S029,C002077,ecom
O0000384,2024-01-05 20:39:00,S009,C001046,store
O0000385,2024-01-05 11:20:00,S023,C001443,ecom
O0000386,2024-01-05 13:04:00,S005,C002224,store
O0000387,2024-01-05 11:42:00,S021,C001791,store
O0000388,2024-01-05 18:25:00,S020,C001595,store
O0000389,2024-01-05 13:58:00,S027,C002282,store
O0000390,2024-01-05 12:46:00,S002,C002389,ecom
O0000391,2024-01-05 09:32:00,S015,C001653,store
O0000392,2024-01-05 14:50:00,S009,C000680,store
O0000393,2024-01-05 09:24:00,S030,C000371,ecom
O0000394,2024-01-05 17:23:00,S029,C001708,ecom
O0000395,2024-01-05 18:32:00,S009,C001769,ecom
O0000396,2024-01-05 13:17:00,S028,C000240,store
O0000397,2024-01-05 19:26:00,S021,C002206,store
O0000398,2024-01-05 17:24:00,S026,C000917,store
O0000399,2024-01-05 15:56:00,S009,C001770,store
O0000400,2024-01-05 16:03:00,S012,C000290,store
O0000401,2024-01-05 18:11:00,S030,C000572,store
O0000402,2024-01-05 13:46:00,S029,C002297,store
O0000403,2024-01-05 18:59:00,S020,C000139,store
O0000404,2024-01-05 18:30:00,S008,C001902,store
O0000405,2024-01-05 11:54:00,S011,C000897,ecom
O0000406,2024-01-05 10:33:00,S011,C000254,store
O0000407,2024-01-05 19:53:00,S010,C001521,store
O0000408,2024-01-05 18:22:00,S013,C002413,store
O0000409,2024-01-05 19:14:00,S026,C001211,store
O0000410,2024-01-05 17:57:00,S018,C001710,store
O0000411,2024-01-05 12:59:00,S023,C000929,ecom
O0000412,2024-01-05 18:32:00,S026,C000033,store
O0000413,2024-01-05 20:58:00,S027,C001576,store
O0000414,2024-01-05 12:57:00,S029,C000145,store
O0000415,2024-01-05 11:05:00,S004,C000464,store
O0000416,2024-01-05 09:29:00,S027,C002486,ecom
O0000417,2024-01-05 17:49:00,S021,C000765,store
O0000418,2024-01-05 16:16:00,S027,C001889,ecom
O0000419,2024-01-05 13:15:00,S021,C002462,store
O0000420,2024-01-05 13:10:00,S020,C002295,ecom
O0000421,2024-01-05 14:14:00,S019,C000327,ecom
O0000422,2024-01-05 11:56:00,S010,C001150,store
O0000423,2024-01-05 14:00:00,S017,C000163,store
O0000424,2024-01-05 10:13:00,S019,C000945,ecom
O0000425,2024-01-05 19:16:00,S013,C002079,ecom
O0000426,2024-01-05 19:36:00,S010,C001653,ecom
O0000427,2024-01-05 20:38:00,S006,C001735,store
O0000428,2024-01-05 19:56:00,S024,C001354,ecom
O0000429,2024-01-05 20:42:00,S027,C001891,store
O0000430,2024-01-05 16:49:00,S029,C000989,store
O0000431,2024-01-05 17:27:00,S009,C000502,store
O0000432,2024-01-05 11:22:00,S025,C000488,store
O0000433,2024-01-05 20:34:00,S008,C000992,store
O0000434,2024-01-05 18:53:00,S016,C001360,ecom
O0000435,2024-01-05 17:45:00,S015,C000549,ecom
O0000436,2024-01-05 11:11:00,S001,C002222,store
O0000437,2024-01-05 19:01:00,S003,C002387,store
O0000438,2024-01-05 19:10:00,S004,C001328,store
O0000439,2024-01-05 18:53:00,S030,C002484,store
O0000440,2024-01-05 18:17:00,S027,C000885,store
O0000441,2024-01-05 13:14:00,S027,C002246,store
O0000442,2024-01-05 14:01:00,S028,C002407,ecom
O0000443,2024-01-05 10:47:00,S016,C001567,ecom
O0000444,2024-01-05 16:24:00,S014,C002154,ecom
O0000445,2024-01-05 13:23:00,S004,C001927,store
O0000446,2024-01-06 19:54:00,S005,C001375,ecom
O0000447,2024-01-06 14:04:00,S005,C001937,store
O0000448,2024-01-06 20:34:00,S009,C001178,store
O0000449,2024-01-06 13:05:00,S018,C001216,store
O0000450,2024-01-06 19:43:00,S013,C002357,ecom
O0000451,2024-01-06 10:04:00,S008,C001172,store
O0000452,2024-01-06 16:24:00,S022,C002371,ecom
O0000453,2024-01-06 16:58:00,S011,C002105,store
O0000454,2024-01-06 13:24:00,S002,C002107,ecom
O0000455,2024-01-06 17:24:00,S010,C000476,store
O0000456,2024-01-06 16:46:00,S004,C001035,ecom
O0000457,2024-01-06 12:33:00,S028,C001804,ecom
O0000458,2024-01-06 14:58:00,S029,C000265,store
O0000459,2024-01-06 13:01:00,S029,C001431,store
O0000460,2024-01-06 09:50:00,S007,C001989,store
O0000461,2024-01-06 12:03:00,S006,C001686,store
O0000462,2024-01-06 16:49:00,S029,C000173,store
O0000463,2024-01-06 13:11:00,S014,C002353,store
O0000464,2024-01-06 18:23:00,S012,C001213,store
O0000465,2024-01-06 19:46:00,S016,C001536,store
O0000466,2024-01-06 10:56:00,S012,C001885,store
O0000467,2024-01-06 19:09:00,S007,C000580,store
O0000468,2024-01-06 13:26:00,S002,C001090,store
O0000469,2024-01-06 20:35:00,S016,C000244,ecom
O0000470,2024-01-06 09:36:00,S025,C000308,store
O0000471,2024-01-06 12:45:00,S016,C002312,store
O0000472,2024-01-06 12:47:00,S016,C002243,store
O0000473,2024-01-06 13:51:00,S017,C000625,store
O0000474,2024-01-06 13:04:00,S025,C001862,ecom
O0000475,2024-01-06 09:04:00,S016,C001148,store
O0000476,2024-01-06 18:18:00,S024,C000158,store
O0000477,2024-01-06 11:49:00,S013,C000167,ecom
O0000478,2024-01-06 13:52:00,S002,C000744,ecom
O0000479,2024-01-06 13:28:00,S007,C000563,ecom
O0000480,2024-01-06 20:55:00,S026,C001792,ecom
O0000481,2024-01-06 19:07:00,S028,C001878,ecom
O0000482,2024-01-06 18:28:00,S019,C000484,ecom
O0000483,2024-01-06 20:37:00,S017,C001636,ecom
O0000484,2024-01-06 10:37:00,S012,C000823,store
O0000485,2024-01-06 13:41:00,S021,C001319,ecom
O0000486,2024-01-06 18:51:00,S002,C000303,ecom
O0000487,2024-01-06 16:57:00,S025,C001834,ecom
O0000488,2024-01-06 09:20:00,S003,C000973,ecom
O0000489,2024-01-06 11:43:00,S006,C002295,store
O0000490,2024-01-06 13:42:00,S028,C000425,store
O0000491,2024-01-06 14:09:00,S024,C001287,store
O0000492,2024-01-06 18:55:00,S014,C000153,ecom
O0000493,2024-01-06 20:51:00,S020,C002494,store
O0000494,2024-01-06 12:38:00,S015,C002361,store
O0000495,2024-01-06 11:14:00,S011,C002317,store
O0000496,2024-01-06 10:13:00,S020,C000944,store
O0000497,2024-01-06 09:42:00,S020,C001447,ecom
O0000498,2024-01-06 09:28:00,S020,C001161,store
O0000499,2024-01-06 14:33:00,S019,C001338,store
O0000500,2024-01-06 18:49:00,S011,C001717,ecom
O0000501,2024-01-06 15:14:00,S010,C000383,store
O0000502,2024-01-06 16:54:00,S004,C001956,store
O0000503,2024-01-06 11:15:00,S005,C001380,ecom
O0000504,2024-01-06 20:45:00,S025,C002358,store
O0000505,2024-01-06 17:55:00,S011,C001974,ecom
O0000506,2024-01-06 10:45:00,S003,C000696,store
O0000507,2024-01-06 11:48:00,S024,C000593,store
O0000508,2024-01-06 09:00:00,S015,C001728,store
O0000509,2024-01-06 15:30:00,S003,C000496,ecom
O0000510,2024-01-06 11:23:00,S028,C001328,ecom
O0000511,2024-01-06 15:02:00,S001,C002054,store
O0000512,2024-01-06 10:23:00,S005,C001856,ecom
O0000513,2024-01-06 20:12:00,S018,C000327,ecom
O0000514,2024-01-06 17:19:00,S014,C001722,store
O0000515,2024-01-06 09:54:00,S014,C000103,ecom
O0000516,2024-01-06 16:06:00,S014,C000498,store
O0000517,2024-01-06 17:44:00,S024,C000523,store
O0000518,2024-01-06 15:54:00,S004,C001457,store
O0000519,2024-01-06 15:57:00,S010,C001348,ecom
O0000520,2024-01-06 13:02:00,S016,C000194,store
O0000521,2024-01-06 20:31:00,S024,C000649,store
O0000522,2024-01-06 16:47:00,S028,C001761,ecom
O0000523,2024-01-06 09:17:00,S012,C000684,store
O0000524,2024-01-06 16:56:00,S014,C000957,ecom
O0000525,2024-01-06 18:29:00,S010,C002392,store
O0000526,2024-01-06 20:36:00,S006,C000583,store
O0000527,2024-01-06 18:00:00,S001,C002181,store
O0000528,2024-01-06 17:46:00,S021,C001636,ecom
O0000529,2024-01-06 19:55:00,S022,C000368,ecom
O0000530,2024-01-06 15:41:00,S022,C000375,store
O0000531,2024-01-06 14:53:00,S008,C002412,ecom
O0000532,2024-01-06 13:15:00,S006,C001946,store
O0000533,2024-01-06 19:26:00,S025,C001710,store
O0000534,2024-01-06 15:15:00,S008,C000816,ecom
O0000535,2024-01-06 15:12:00,S030,C001718,store
O0000536,2024-01-06 14:23:00,S024,C001388,store
O0000537,2024-01-06 20:02:00,S009,C000210,store
O0000538,2024-01-06 20:31:00,S017,C001190,ecom
O0000539,2024-01-06 15:01:00,S018,C002079,store
O0000540,2024-01-06 14:15:00,S003,C000076,ecom
O0000541,2024-01-06 14:44:00,S010,C001503,store
O0000542,2024-01-06 13:05:00,S026,C001690,ecom
O0000543,2024-01-06 16:34:00,S015,C001704,store
O0000544,2024-01-06 12:13:00,S002,C000309,ecom
O0000545,2024-01-06 15:44:00,S015,C000116,store
O0000546,2024-01-06 09:14:00,S004,C001346,store
O0000547,2024-01-06 18:12:00,S009,C001084,store
O0000548,2024-01-06 19:41:00,S007,C002086,ecom
O0000549,2024-01-06 14:45:00,S009,C001301,store
O0000550,2024-01-06 20:34:00,S013,C000651,ecom
O0000551,2024-01-06 10:34:00,S009,C002205,ecom
O0000552,2024-01-06 20:21:00,S027,C002397,store
O0000553,2024-01-06 13:35:00,S024,C000159,store
O0000554,2024-01-06 16:47:00,S022,C001142,store
O0000555,2024-01-06 14:47:00,S027,C002138,store
O0000556,2024-01-06 17:18:00,S021,C001413,store
O0000557,2024-01-06 13:18:00,S015,C001983,ecom
O0000558,2024-01-06 09:24:00,S023,C002451,store
O0000559,2024-01-07 14:08:00,S007,C000725,store
O0000560,2024-01-07 13:52:00,S009,C000469,store
O0000561,2024-01-07 18:32:00,S025,C001633,store
O0000562,2024-01-07 09:01:00,S001,C000417,store
O0000563,2024-01-07 09:00:00,S016,C001415,store
O0000564,2024-01-07 18:04:00,S004,C001038,store
O0000565,2024-01-07 13:24:00,S021,C001930,store
O0000566,2024-01-07 19:55:00,S007,C001888,store
O0000567,2024-01-07 19:11:00,S029,C002012,store
O0000568,2024-01-07 15:13:00,S016,C001771,ecom
O0000569,2024-01-07 20:09:00,S014,C000596,store
O0000570,2024-01-07 11:18:00,S017,C001150,ecom
O0000571,2024-01-07 09:59:00,S028,C000964,store
O0000572,2024-01-07 14:00:00,S020,C002328,store
O0000573,2024-01-07 18:43:00,S004,C001900,store
O0000574,2024-01-07 12:37:00,S008,C002383,ecom
O0000575,2024-01-07 20:38:00,S019,C000763,store
O0000576,2024-01-07 14:41:00,S018,C000276,store
O0000577,2024-01-07 13:11:00,S014,C000471,ecom
O0000578,2024-01-07 20:53:00,S026,C001185,store
O0000579,2024-01-07 13:32:00,S027,C000014,store
O0000580,2024-01-07 14:07:00,S003,C001455,ecom
O0000581,2024-01-07 15:35:00,S019,C001248,store
O0000582,2024-01-07 12:04:00,S023,C000337,ecom
O0000583,2024-01-07 13:11:00,S019,C002198,ecom
O0000584,2024-01-07 17:34:00,S011,C001847,ecom
O0000585,2024-01-07 17:15:00,S013,C000191,store
O0000586,2024-01-07 10:33:00,S015,C000651,ecom
O0000587,2024-01-07 10:21:00,S014,C001808,store
O0000588,2024-01-07 19:01:00,S016,C002109,store
O0000589,2024-01-07 16:14:00,S023,C000772,store
O0000590,2024-01-07 17:53:00,S012,C000381,ecom
O0000591,2024-01-07 15:15:00,S030,C001622,store
O0000592,2024-01-07 20:50:00,S011,C001674,store
O0000593,2024-01-07 15:13:00,S004,C002500,ecom
O0000594,2024-01-07 16:42:00,S002,C002095,store
O0000595,2024-01-07 15:38:00,S008,C000334,ecom
O0000596,2024-01-07 09:34:00,S007,C000939,store
O0000597,2024-01-07 11:42:00,S007,C000644,store
O0000598,2024-01-07 18:24:00,S004,C000546,store
O0000599,2024-01-07 18:44:00,S017,C001104,store
O0000600,2024-01-07 12:24:00,S021,C000340,store
O0000601,2024-01-07 11:00:00,S013,C001443,store
O0000602,2024-01-07 11:20:00,S015,C001038,store
O0000603,2024-01-07 19:25:00,S021,C000186,ecom
O0000604,2024-01-07 14:57:00,S020,C001342,store
O0000605,2024-01-07 20:09:00,S029,C002491,store
O0000606,2024-01-07 15:42:00,S003,C000430,ecom
O0000607,2024-01-07 20:16:00,S006,C001015,store
O0000608,2024-01-07 16:36:00,S017,C001947,ecom
O0000609,2024-01-07 17:53:00,S005,C000729,store
O0000610,2024-01-07 15:18:00,S006,C002232,ecom
O0000611,2024-01-07 12:47:00,S009,C000191,store
O0000612,2024-01-07 16:31:00,S001,C001488,ecom
O0000613,2024-01-07 16:17:00,S006,C000115,ecom
O0000614,2024-01-07 20:41:00,S021,C002354,store
O0000615,2024-01-07 09:19:00,S004,C001642,ecom
O0000616,2024-01-07 10:38:00,S004,C000639,store
O0000617,2024-01-07 09:41:00,S009,C002008,ecom
O0000618,2024-01-07 11:55:00,S017,C001023,store
O0000619,2024-01-07 17:25:00,S023,C000482,ecom
O0000620,2024-01-07 09:04:00,S021,C002473,store
O0000621,2024-01-07 11:27:00,S028,C000273,store
O0000622,2024-01-07 16:15:00,S024,C002027,store
O0000623,2024-01-07 17:11:00,S030,C002433,ecom
O0000624,2024-01-07 16:58:00,S024,C001820,ecom
O0000625,2024-01-07 12:51:00,S018,C002248,store
O0000626,2024-01-07 20:38:00,S011,C001889,store
O0000627,2024-01-07 15:03:00,S004,C000321,store
O0000628,2024-01-07 10:19:00,S018,C001542,store
O0000629,2024-01-07 18:46:00,S017,C001471,store
O0000630,2024-01-07 14:54:00,S008,C000890,store
O0000631,2024-01-07 18:55:00,S028,C000906,ecom
O0000632,2024-01-07 11:21:00,S028,C000236,ecom
O0000633,2024-01-07 10:50:00,S028,C000066,store
O0000634,2024-01-07 15:23:00,S009,C001613,store
O0000635,2024-01-07 18:30:00,S023,C002298,store
O0000636,2024-01-07 11:58:00,S001,C000849,store
O0000637,2024-01-07 20:21:00,S001,C001292,store
O0000638,2024-01-07 16:00:00,S012,C002131,store
O0000639,2024-01-07 18:52:00,S023,C002387,store
O0000640,2024-01-07 11:07:00,S011,C000256,ecom
O0000641,2024-01-07 10:33:00,S023,C001321,store
O0000642,2024-01-07 18:36:00,S029,C001291,ecom
O0000643,2024-01-07 12:42:00,S002,C002482,store
O0000644,2024-01-07 12:17:00,S010,C000126,ecom
O0000645,2024-01-07 15:54:00,S021,C001681,store
O0000646,2024-01-07 10:33:00,S028,C000522,store
O0000647,2024-01-07 14:01:00,S003,C002474,ecom
O0000648,2024-01-07 19:45:00,S008,C000629,store
O0000649,2024-01-07 14:38:00,S025,C002015,store
O0000650,2024-01-07 10:23:00,S006,C001844,store
O0000651,2024-01-07 16:42:00,S015,C002042,store
O0000652,2024-01-07 18:24:00,S029,C000240,store
O0000653,2024-01-07 12:45:00,S023,C000617,ecom
O0000654,2024-01-07 19:00:00,S011,C002325,ecom
O0000655,2024-01-07 14:37:00,S010,C002355,ecom
O0000656,2024-01-07 14:49:00,S014,C002285,store
O0000657,2024-01-07 14:59:00,S012,C001955,store
O0000658,2024-01-07 09:08:00,S023,C000785,store
O0000659,2024-01-07 10:58:00,S030,C000179,store
O0000660,2024-01-07 13:58:00,S029,C002248,ecom
O0000661,2024-01-07 19:11:00,S016,C001527,store
O0000662,2024-01-07 13:51:00,S006,C000075,store
O0000663,2024-01-07 16:52:00,S005,C002396,ecom
O0000664,2024-01-07 19:24:00,S001,C000315,store
O0000665,2024-01-07 19:03:00,S007,C001878,ecom
O0000666,2024-01-07 19:49:00,S001,C002290,store
O0000667,2024-01-07 16:43:00,S026,C002402,store
O0000668,2024-01-07 14:16:00,S011,C000011,store
O0000669,2024-01-07 09:33:00,S027,C000725,store
O0000670,2024-01-07 14:46:00,S029,C002194,ecom
O0000671,2024-01-07 16:31:00,S003,C000506,store
O0000672,2024-01-07 14:21:00,S002,C001034,store
O0000673,2024-01-07 15:03:00,S024,C000330,store
O0000674,2024-01-07 14:22:00,S004,C000471,store
O0000675,2024-01-07 17:31:00,S017,C002348,store
O0000676,2024-01-07 18:04:00,S019,C001530,store
O0000677,2024-01-07 13:51:00,S026,C000623,store
O0000678,2024-01-07 15:20:00,S020,C000064,store
O0000679,2024-01-07 19:06:00,S017,C001134,store
O0000680,2024-01-07 17:23:00,S011,C000114,store
O0000681,2024-01-07 19:38:00,S012,C000413,store
O0000682,2024-01-07 14:02:00,S001,C001742,store
O0000683,2024-01-07 13:47:00,S013,C000316,store
O0000684,2024-01-07 10:56:00,S005,C001474,store
O0000685,2024-01-07 11:42:00,S021,C001735,store
O0000686,2024-01-07 12:02:00,S021,C001235,store
O0000687,2024-01-07 17:32:00,S004,C000991,store
O0000688,2024-01-07 14:30:00,S027,C000896,ecom
O0000689,2024-01-07 09:07:00,S018,C001200,store
O0000690,2024-01-07 09:58:00,S029,C000066,store
O0000691,2024-01-07 18:32:00,S013,C001406,store
O0000692,2024-01-07 14:05:00,S014,C002292,store
O0000693,2024-01-07 16:25:00,S005,C002471,ecom
O0000694,2024-01-07 11:19:00,S023,C002054,store
O0000695,2024-01-07 18:52:00,S013,C001862,ecom
O0000696,2024-01-07 09:27:00,S013,C000744,store
O0000697,2024-01-07 18:51:00,S004,C001867,store
O0000698,2024-01-07 19:43:00,S019,C002445,ecom
O0000699,2024-01-07 20:43:00,S008,C000624,ecom
O0000700,2024-01-07 09:14:00,S020,C000740,ecom
O0000701,2024-01-07 15:48:00,S013,C001567,store
O0000702,2024-01-07 20:36:00,S012,C001561,store
O0000703,2024-01-08 10:25:00,S016,C000317,store
O0000704,2024-01-08 09:33:00,S007,C000644,store
O0000705,2024-01-08 12:29:00,S004,C001965,store
O0000706,2024-01-08 19:02:00,S021,C002005,ecom
O0000707,2024-01-08 11:05:00,S017,C000199,ecom
O0000708,2024-01-08 18:15:00,S029,C000635,store
O0000709,2024-01-08 19:30:00,S027,C000414,store
O0000710,2024-01-08 20:08:00,S022,C001418,store
O0000711,2024-01-08 16:34:00,S020,C001197,store
O0000712,2024-01-08 17:33:00,S007,C002351,store
O0000713,2024-01-08 13:00:00,S010,C000406,ecom
O0000714,2024-01-08 16:35:00,S015,C002375,ecom
O0000715,2024-01-08 11:37:00,S029,C000078,ecom
O0000716,2024-01-08 20:24:00,S016,C001456,store
O0000717,2024-01-08 16:02:00,S020,C000721,ecom
O0000718,2024-01-08 20:35:00,S002,C002486,store
O0000719,2024-01-08 19:36:00,S017,C000612,store
O0000720,2024-01-08 09:50:00,S003,C000030,store
O0000721,2024-01-08 20:37:00,S021,C001325,store
O0000722,2024-01-08 13:14:00,S026,C002134,ecom
O0000723,2024-01-08 17:46:00,S029,C001402,store
O0000724,2024-01-08 11:58:00,S019,C000897,store
O0000725,2024-01-08 12:27:00,S011,C000340,store
O0000726,2024-01-08 20:01:00,S007,C000756,ecom
O0000727,2024-01-08 13:59:00,S028,C000783,ecom
O0000728,2024-01-08 11:01:00,S019,C000198,store
O0000729,2024-01-08 11:41:00,S024,C001894,store
O0000730,2024-01-08 13:22:00,S024,C002120,store
O0000731,2024-01-08 14:56:00,S003,C000575,ecom
O0000732,2024-01-08 14:09:00,S007,C001210,store
O0000733,2024-01-08 19:45:00,S015,C001406,ecom
O0000734,2024-01-08 09:22:00,S018,C001171,store
O0000735,2024-01-08 09:24:00,S017,C001143,store
O0000736,2024-01-08 15:58:00,S012,C000704,store
O0000737,2024-01-08 12:08:00,S016,C002014,store
O0000738,2024-01-08 20:28:00,S024,C001391,store
O0000739,2024-01-08 18:50:00,S010,C001266,ecom
O0000740,2024-01-08 12:39:00,S017,C001758,ecom
O0000741,2024-01-08 18:31:00,S022,C000552,ecom
O0000742,2024-01-08 18:26:00,S028,C001164,store
O0000743,2024-01-08 13:45:00,S011,C000035,store
O0000744,2024-01-08 14:43:00,S013,C000030,store
O0000745,2024-01-08 19:01:00,S014,C001047,store
O0000746,2024-01-08 14:47:00,S004,C002267,ecom
O0000747,2024-01-08 18:10:00,S005,C001905,store
O0000748,2024-01-08 18:45:00,S005,C000191,store
O0000749,2024-01-08 10:22:00,S002,C002111,store
O0000750,2024-01-08 20:42:00,S011,C000599,store
O0000751,2024-01-08 11:34:00,S017,C000859,store
O0000752,2024-01-08 14:26:00,S019,C002451,store
O0000753,2024-01-08 11:33:00,S024,C001369,store
O0000754,2024-01-08 15:32:00,S028,C002277,store
O0000755,2024-01-08 10:53:00,S019,C000432,ecom
O0000756,2024-01-08 13:33:00,S003,C000503,ecom
O0000757,2024-01-08 16:45:00,S005,C000743,store
O0000758,2024-01-08 12:57:00,S001,C001489,store
O0000759,2024-01-08 15:24:00,S022,C000314,ecom
O0000760,2024-01-08 14:32:00,S025,C001208,ecom
O0000761,2024-01-08 20:40:00,S011,C001150,ecom
O0000762,2024-01-08 15:23:00,S009,C002306,store
O0000763,2024-01-08 18:09:00,S021,C000408,store
O0000764,2024-01-08 15:16:00,S013,C000060,ecom
O0000765,2024-01-08 13:05:00,S001,C001083,ecom
O0000766,2024-01-08 14:17:00,S029,C001113,ecom
O0000767,2024-01-08 18:43:00,S005,C001835,store
O0000768,2024-01-08 17:36:00,S010,C000249,store
O0000769,2024-01-08 09:56:00,S005,C000033,store
O0000770,2024-01-08 20:41:00,S006,C000988,store
O0000771,2024-01-08 16:12:00,S013,C000536,ecom
O0000772,2024-01-08 14:11:00,S020,C002320,store
O0000773,2024-01-08 12:17:00,S002,C002186,store
O0000774,2024-01-08 15:13:00,S022,C001988,ecom
O0000775,2024-01-08 10:52:00,S002,C000706,store
O0000776,2024-01-08 11:20:00,S028,C002195,store
O0000777,2024-01-08 12:47:00,S006,C001142,store
O0000778,2024-01-08 16:39:00,S017,C000752,store
O0000779,2024-01-08 20:12:00,S012,C000842,ecom
O0000780,2024-01-08 15:54:00,S019,C000136,store
O0000781,2024-01-08 16:33:00,S026,C001392,ecom
O0000782,2024-01-08 17:12:00,S008,C000077,store
O0000783,2024-01-09 10:31:00,S021,C000053,store
O0000784,2024-01-09 12:34:00,S027,C001246,ecom
O0000785,2024-01-09 18:19:00,S020,C001686,ecom
O0000786,2024-01-09 10:58:00,S011,C002258,store
O0000787,2024-01-09 11:30:00,S018,C001290,ecom
O0000788,2024-01-09 15:19:00,S025,C001853,ecom
O0000789,2024-01-09 14:49:00,S027,C002088,ecom
O0000790,2024-01-09 09:01:00,S030,C002054,store
O0000791,2024-01-09 12:13:00,S006,C001664,store
O0000792,2024-01-09 10:44:00,S009,C002227,store
O0000793,2024-01-09 14:14:00,S010,C002270,store
O0000794,2024-01-09 15:36:00,S005,C000294,ecom
O0000795,2024-01-09 10:35:00,S005,C001535,store
O0000796,2024-01-09 15:06:00,S025,C000211,store
O0000797,2024-01-09 16:18:00,S007,C002450,store
O0000798,2024-01-09 15:32:00,S018,C001447,store
O0000799,2024-01-09 09:18:00,S027,C001093,ecom
O0000800,2024-01-09 14:52:00,S021,C001190,store
O0000801,2024-01-09 18:44:00,S002,C000644,store
O0000802,2024-01-09 12:14:00,S014,C000850,store
O0000803,2024-01-09 18:49:00,S021,C000486,store
O0000804,2024-01-09 09:39:00,S001,C001461,store
O0000805,2024-01-09 13:15:00,S029,C001058,store
O0000806,2024-01-09 17:06:00,S027,C001543,store
O0000807,2024-01-09 11:28:00,S017,C000063,ecom
O0000808,2024-01-09 15:10:00,S003,C001555,ecom
O0000809,2024-01-09 15:22:00,S017,C001219,ecom
O0000810,2024-01-09 18:05:00,S015,C000905,store
O0000811,2024-01-09 19:03:00,S023,C000429,store
O0000812,2024-01-09 10:14:00,S014,C001909,store
O0000813,2024-01-09 11:18:00,S005,C000679,ecom
O0000814,2024-01-09 16:50:00,S028,C001338,store
O0000815,2024-01-09 14:27:00,S004,C002393,ecom
O0000816,2024-01-09 16:49:00,S019,C002274,store
O0000817,2024-01-09 20:03:00,S001,C000219,store
O0000818,2024-01-09 18:03:00,S022,C001277,store
O0000819,2024-01-09 17:39:00,S014,C000125,ecom
O0000820,2024-01-09 13:29:00,S004,C002049,store
O0000821,2024-01-09 09:45:00,S030,C001722,ecom
O0000822,2024-01-09 14:02:00,S019,C002134,store
O0000823,2024-01-09 11:17:00,S012,C002009,store
O0000824,2024-01-09 11:04:00,S008,C000539,ecom
O0000825,2024-01-09 10:06:00,S022,C001268,store
O0000826,2024-01-09 20:00:00,S028,C001775,ecom
O0000827,2024-01-09 16:34:00,S016,C000898,ecom
O0000828,2024-01-09 12:16:00,S004,C001371,store
O0000829,2024-01-09 11:54:00,S002,C001961,store
O0000830,2024-01-09 16:19:00,S030,C001386,store
O0000831,2024-01-09 19:46:00,S029,C001516,store
O0000832,2024-01-09 12:20:00,S016,C002004,ecom
O0000833,2024-01-09 09:52:00,S001,C000974,store
O0000834,2024-01-09 17:29:00,S005,C001776,store
O0000835,2024-01-09 14:26:00,S010,C001514,store
O0000836,2024-01-09 11:10:00,S001,C000813,store
O0000837,2024-01-09 10:14:00,S029,C001452,store
O0000838,2024-01-09 18:16:00,S001,C000958,store
O0000839,2024-01-09 17:04:00,S012,C000147,ecom
O0000840,2024-01-09 09:48:00,S017,C001803,store
O0000841,2024-01-09 09:39:00,S016,C002180,ecom
O0000842,2024-01-09 17:55:00,S015,C000593,ecom
O0000843,2024-01-09 20:36:00,S002,C001097,store
O0000844,2024-01-09 15:15:00,S002,C000212,store
O0000845,2024-01-09 11:34:00,S002,C001612,store
O0000846,2024-01-09 09:27:00,S004,C000506,store
O0000847,2024-01-09 20:03:00,S019,C000082,ecom
O0000848,2024-01-09 10:17:00,S004,C000325,store
O0000849,2024-01-09 20:07:00,S002,C001305,store
O0000850,2024-01-09 13:37:00,S026,C002038,store
O0000851,2024-01-09 20:41:00,S012,C000893,ecom
O0000852,2024-01-09 13:52:00,S023,C002231,store
O0000853,2024-01-09 16:16:00,S021,C002462,store
O0000854,2024-01-09 18:54:00,S018,C000257,store
O0000855,2024-01-09 13:49:00,S029,C001387,store
O0000856,2024-01-09 10:10:00,S021,C001618,store
O0000857,2024-01-09 17:10:00,S025,C000432,store
O0000858,2024-01-09 11:32:00,S017,C001557,store
O0000859,2024-01-09 17:05:00,S011,C000515,store
O0000860,2024-01-09 09:16:00,S028,C002338,store
O0000861,2024-01-09 11:43:00,S005,C000414,store
O0000862,2024-01-09 18:03:00,S023,C000522,store
O0000863,2024-01-09 14:35:00,S005,C002007,store
O0000864,2024-01-09 20:51:00,S007,C000427,ecom
O0000865,2024-01-09 12:34:00,S001,C001639,store
O0000866,2024-01-09 11:32:00,S003,C002056,ecom
O0000867,2024-01-09 17:55:00,S011,C001764,store
O0000868,2024-01-09 18:50:00,S014,C000933,store
O0000869,2024-01-09 14:08:00,S003,C000696,store
O0000870,2024-01-09 19:57:00,S028,C000649,ecom
O0000871,2024-01-09 11:03:00,S027,C001921,store
O0000872,2024-01-09 19:36:00,S013,C000123,ecom
O0000873,2024-01-10 11:45:00,S028,C001759,ecom
O0000874,2024-01-10 14:22:00,S007,C000924,ecom
O0000875,2024-01-10 11:48:00,S006,C000848,store
O0000876,2024-01-10 18:55:00,S029,C000122,store
O0000877,2024-01-10 17:15:00,S005,C001737,store
O0000878,2024-01-10 20:24:00,S001,C001576,store
O0000879,2024-01-10 19:15:00,S024,C002245,store
O0000880,2024-01-10 12:02:00,S019,C000414,store
O0000881,2024-01-10 17:45:00,S007,C000445,store
O0000882,2024-01-10 15:04:00,S001,C001424,store
O0000883,2024-01-10 16:47:00,S016,C002383,store
O0000884,2024-01-10 13:08:00,S016,C002233,store
O0000885,2024-01-10 20:03:00,S014,C000696,store
O0000886,2024-01-10 16:12:00,S002,C001539,ecom
O0000887,2024-01-10 16:48:00,S001,C001601,ecom
O0000888,2024-01-10 14:46:00,S008,C001099,store
O0000889,2024-01-10 18:31:00,S025,C001173,ecom
O0000890,2024-01-10 16:48:00,S015,C001304,ecom
O0000891,2024-01-10 17:25:00,S026,C000345,store
O0000892,2024-01-10 09:20:00,S030,C000806,ecom
O0000893,2024-01-10 13:54:00,S007,C000820,store
O0000894,2024-01-10 11:51:00,S025,C002469,ecom
O0000895,2024-01-10 10:49:00,S014,C002430,ecom
O0000896,2024-01-10 13:37:00,S004,C002154,ecom
O0000897,2024-01-10 11:17:00,S030,C002173,store
O0000898,2024-01-10 10:51:00,S012,C001295,store
O0000899,2024-01-10 19:57:00,S022,C000559,ecom
O0000900,2024-01-10 12:12:00,S012,C000567,store
O0000901,2024-01-10 18:34:00,S003,C000606,ecom
O0000902,2024-01-10 17:20:00,S027,C001635,store
O0000903,2024-01-10 12:04:00,S002,C001969,store
O0000904,2024-01-10 11:47:00,S001,C000061,ecom
O0000905,2024-01-10 15:40:00,S018,C002185,store
O0000906,2024-01-10 09:44:00,S010,C001936,ecom
O0000907,2024-01-10 10:20:00,S005,C001407,ecom
O0000908,2024-01-10 20:14:00,S018,C002171,store
O0000909,2024-01-10 18:56:00,S027,C002496,store
O0000910,2024-01-10 11:07:00,S013,C001830,store
O0000911,2024-01-10 14:22:00,S004,C002054,ecom
O0000912,2024-01-10 17:53:00,S003,C001701,store
O0000913,2024-01-10 15:41:00,S010,C000940,ecom
O0000914,2024-01-10 09:03:00,S013,C001308,store
O0000915,2024-01-10 18:13:00,S009,C000107,ecom
O0000916,2024-01-10 17:10:00,S018,C001498,store
O0000917,2024-01-10 11:17:00,S017,C002464,ecom
O0000918,2024-01-10 12:39:00,S006,C001081,ecom
O0000919,2024-01-10 12:51:00,S002,C000101,store
O0000920,2024-01-10 13:51:00,S024,C000815,ecom
O0000921,2024-01-10 09:44:00,S024,C001762,ecom
O0000922,2024-01-10 10:06:00,S019,C001476,ecom
O0000923,2024-01-10 20:22:00,S030,C000867,ecom
O0000924,2024-01-10 13:53:00,S001,C002375,ecom
O0000925,2024-01-10 15:41:00,S017,C002376,ecom
O0000926,2024-01-10 09:33:00,S020,C001142,ecom
O0000927,2024-01-10 11:25:00,S023,C000682,store
O0000928,2024-01-10 19:32:00,S013,C000021,ecom
O0000929,2024-01-10 17:39:00,S010,C000079,ecom
O0000930,2024-01-10 20:18:00,S014,C000505,store
O0000931,2024-01-10 20:42:00,S001,C002321,store
O0000932,2024-01-10 11:57:00,S005,C002159,ecom
O0000933,2024-01-10 18:20:00,S003,C001334,ecom
O0000934,2024-01-10 20:23:00,S017,C000897,ecom
O0000935,2024-01-10 20:15:00,S026,C002074,store
O0000936,2024-01-10 12:37:00,S017,C001731,store
O0000937,2024-01-10 10:10:00,S028,C000684,ecom
O0000938,2024-01-10 13:34:00,S013,C000836,store
O0000939,2024-01-10 12:03:00,S002,C001368,store
O0000940,2024-01-10 10:19:00,S011,C001627,store
O0000941,2024-01-10 18:55:00,S030,C001092,store
O0000942,2024-01-10 17:17:00,S014,C001283,store
O0000943,2024-01-10 19:15:00,S020,C001084,store
O0000944,2024-01-10 11:48:00,S018,C000056,store
O0000945,2024-01-10 18:53:00,S004,C002378,ecom
O0000946,2024-01-10 12:38:00,S005,C002247,ecom
O0000947,2024-01-10 12:55:00,S005,C001377,store
O0000948,2024-01-10 16:20:00,S025,C000764,store
O0000949,2024-01-10 11:47:00,S019,C000513,store
O0000950,2024-01-10 14:28:00,S029,C002066,ecom
O0000951,2024-01-10 16:12:00,S011,C001529,store
O0000952,2024-01-10 11:58:00,S026,C002007,ecom
O0000953,2024-01-10 16:06:00,S015,C001377,ecom
O0000954,2024-01-10 16:37:00,S024,C002091,store
O0000955,2024-01-10 10:25:00,S010,C002361,ecom
O0000956,2024-01-10 09:15:00,S029,C001691,store
O0000957,2024-01-10 10:48:00,S023,C001058,store
O0000958,2024-01-11 16:53:00,S017,C001729,ecom
O0000959,2024-01-11 16:20:00,S002,C001536,store
O0000960,2024-01-11 18:29:00,S007,C000869,store
O0000961,2024-01-11 15:01:00,S005,C000386,store
O0000962,2024-01-11 16:08:00,S023,C002230,store
O0000963,2024-01-11 15:43:00,S013,C000918,store
O0000964,2024-01-11 15:10:00,S013,C002382,store
O0000965,2024-01-11 11:27:00,S003,C002437,store
O0000966,2024-01-11 20:54:00,S005,C001801,ecom
O0000967,2024-01-11 10:58:00,S010,C000040,store
O0000968,2024-01-11 10:25:00,S012,C001000,store
O0000969,2024-01-11 16:57:00,S028,C001950,store
O0000970,2024-01-11 17:24:00,S002,C001357,store
O0000971,2024-01-11 18:15:00,S014,C001083,store
O0000972,2024-01-11 19:05:00,S008,C001929,store
O0000973,2024-01-11 18:58:00,S026,C000104,ecom
O0000974,2024-01-11 18:54:00,S001,C001343,store
O0000975,2024-01-11 17:30:00,S028,C000701,ecom
O0000976,2024-01-11 17:49:00,S028,C000646,ecom
O0000977,2024-01-11 15:11:00,S001,C001970,ecom
O0000978,2024-01-11 10:34:00,S022,C001690,ecom
O0000979,2024-01-11 20:17:00,S028,C001210,ecom
O0000980,2024-01-11 15:02:00,S003,C001153,store
O0000981,2024-01-11 09:04:00,S004,C000411,ecom
O0000982,2024-01-11 13:34:00,S016,C000616,ecom
O0000983,2024-01-11 13:09:00,S023,C002290,store
O0000984,2024-01-11 17:17:00,S026,C000430,store
O0000985,2024-01-11 15:49:00,S030,C000569,store
O0000986,2024-01-11 14:42:00,S009,C000957,store
O0000987,2024-01-11 18:50:00,S015,C001007,ecom
O0000988,2024-01-11 09:56:00,S022,C001454,store
O0000989,2024-01-11 15:28:00,S019,C002161,ecom
O0000990,2024-01-11 19:53:00,S025,C000551,store
O0000991,2024-01-11 18:00:00,S027,C001667,store
O0000992,2024-01-11 18:15:00,S010,C001688,store
O0000993,2024-01-11 11:53:00,S002,C001885,ecom
O0000994,2024-01-11 20:28:00,S016,C001109,store
O0000995,2024-01-11 09:35:00,S023,C002179,store
O0000996,2024-01-11 10:18:00,S026,C000159,ecom
O0000997,2024-01-11 15:17:00,S010,C000598,ecom
O0000998,2024-01-11 12:03:00,S004,C000993,ecom
O0000999,2024-01-11 14:57:00,S030,C002471,ecom
O0001000,2024-01-11 15:40:00,S015,C000340,ecom
O0001001,2024-01-11 14:11:00,S017,C000064,ecom
O0001002,2024-01-11 15:04:00,S019,C002292,store
O0001003,2024-01-11 20:31:00,S005,C000731,store
O0001004,2024-01-11 14:39:00,S016,C001052,store
O0001005,2024-01-11 12:24:00,S005,C000682,store
O0001006,2024-01-11 14:35:00,S020,C002255,store
O0001007,2024-01-11 18:57:00,S029,C002013,store
O0001008,2024-01-11 19:59:00,S007,C000172,ecom
O0001009,2024-01-11 11:29:00,S007,C002030,ecom
O0001010,2024-01-11 15:43:00,S006,C000151,store
O0001011,2024-01-11 15:38:00,S020,C000105,store
O0001012,2024-01-11 14:04:00,S012,C001604,ecom
O0001013,2024-01-11 09:14:00,S017,C000676,store
O0001014,2024-01-11 18:37:00,S015,C001793,ecom
O0001015,2024-01-11 19:11:00,S020,C000636,ecom
O0001016,2024-01-11 19:27:00,S002,C001394,ecom
O0001017,2024-01-11 12:00:00,S001,C000983,store
O0001018,2024-01-11 13:19:00,S016,C001548,ecom
O0001019,2024-01-11 19:05:00,S010,C000338,store
O0001020,2024-01-11 20:48:00,S027,C001023,store
O0001021,2024-01-11 12:37:00,S008,C001268,ecom
O0001022,2024-01-11 10:02:00,S012,C000952,ecom
O0001023,2024-01-11 15:30:00,S013,C000134,ecom
O0001024,2024-01-11 15:22:00,S009,C002231,store
O0001025,2024-01-11 19:48:00,S017,C001324,store
O0001026,2024-01-11 09:11:00,S013,C001475,store
O0001027,2024-01-11 17:36:00,S001,C001638,store
O0001028,2024-01-11 15:07:00,S027,C002492,store
O0001029,2024-01-11 16:21:00,S029,C002178,ecom
O0001030,2024-01-11 15:24:00,S009,C001072,store
O0001031,2024-01-11 20:47:00,S013,C000803,store
O0001032,2024-01-11 09:30:00,S011,C001775,ecom
O0001033,2024-01-11 17:13:00,S013,C002343,store
O0001034,2024-01-11 10:27:00,S008,C001911,store
O0001035,2024-01-11 18:39:00,S006,C000831,store
O0001036,2024-01-11 16:47:00,S018,C000667,store
O0001037,2024-01-11 16:20:00,S021,C001551,store
O0001038,2024-01-11 16:17:00,S021,C000030,store
O0001039,2024-01-11 10:40:00,S011,C000794,store
O0001040,2024-01-11 10:35:00,S009,C001113,store
O0001041,2024-01-11 12:09:00,S024,C001750,store
O0001042,2024-01-11 10:05:00,S013,C000923,store
O0001043,2024-01-11 20:57:00,S004,C002148,ecom
O0001044,2024-01-11 10:24:00,S007,C000490,ecom
O0001045,2024-01-11 15:17:00,S030,C002301,store
O0001046,2024-01-11 11:19:00,S010,C000374,ecom
O0001047,2024-01-11 18:45:00,S005,C002431,store
O0001048,2024-01-11 17:31:00,S014,C000529,store
O0001049,2024-01-11 13:41:00,S017,C001289,store
O0001050,2024-01-11 18:36:00,S010,C002445,store
O0001051,2024-01-11 15:15:00,S017,C000749,store
O0001052,2024-01-11 10:48:00,S016,C000623,store
O0001053,2024-01-11 20:17:00,S020,C002016,ecom
O0001054,2024-01-11 11:45:00,S008,C001326,store
O0001055,2024-01-11 18:51:00,S025,C000492,store
O0001056,2024-01-11 16:57:00,S016,C001161,store
O0001057,2024-01-11 14:10:00,S020,C001666,store
O0001058,2024-01-11 16:56:00,S019,C002060,store
O0001059,2024-01-11 11:45:00,S013,C001850,ecom
O0001060,2024-01-12 10:26:00,S025,C001181,store
O0001061,2024-01-12 16:29:00,S007,C000245,store
O0001062,2024-01-12 19:45:00,S002,C000379,ecom
O0001063,2024-01-12 11:36:00,S014,C001145,store
O0001064,2024-01-12 11:37:00,S001,C000696,ecom
O0001065,2024-01-12 13:19:00,S019,C000202,store
O0001066,2024-01-12 15:10:00,S009,C002377,store
O0001067,2024-01-12 10:14:00,S011,C000455,ecom
O0001068,2024-01-12 14:10:00,S012,C000781,store
O0001069,2024-01-12 18:55:00,S025,C000657,store
O0001070,2024-01-12 14:53:00,S004,C001302,store
O0001071,2024-01-12 17:17:00,S016,C001771,ecom
O0001072,2024-01-12 16:11:00,S017,C000343,store
O0001073,2024-01-12 20:44:00,S019,C000641,store
O0001074,2024-01-12 19:58:00,S014,C002126,store
O0001075,2024-01-12 13:14:00,S025,C002286,ecom
O0001076,2024-01-12 10:32:00,S008,C002261,store
O0001077,2024-01-12 10:00:00,S014,C002399,store
O0001078,2024-01-12 19:29:00,S010,C000071,store
O0001079,2024-01-12 11:36:00,S001,C001967,ecom
O0001080,2024-01-12 19:57:00,S019,C001141,ecom
O0001081,2024-01-12 09:29:00,S028,C000349,store
O0001082,2024-01-12 20:04:00,S017,C001551,store
O0001083,2024-01-12 19:55:00,S010,C001766,store
O0001084,2024-01-12 15:55:00,S011,C001256,ecom
O0001085,2024-01-12 12:43:00,S003,C001019,ecom
O0001086,2024-01-12 13:41:00,S007,C001137,store
O0001087,2024-01-12 12:32:00,S014,C000414,store
O0001088,2024-01-12 13:48:00,S018,C001443,ecom
O0001089,2024-01-12 10:52:00,S005,C001532,ecom
O0001090,2024-01-12 19:27:00,S009,C001523,ecom
O0001091,2024-01-12 19:44:00,S003,C001787,ecom
O0001092,2024-01-12 20:26:00,S018,C002347,store
O0001093,2024-01-12 16:46:00,S025,C001772,store
O0001094,2024-01-12 09:57:00,S010,C002099,ecom
O0001095,2024-01-12 19:29:00,S017,C000846,store
O0001096,2024-01-12 14:08:00,S027,C000636,store
O0001097,2024-01-12 18:23:00,S004,C002235,ecom
O0001098,2024-01-12 13:47:00,S005,C002196,store
O0001099,2024-01-12 11:38:00,S016,C000992,ecom
O0001100,2024-01-12 10:22:00,S002,C001172,ecom
O0001101,2024-01-12 09:17:00,S018,C002487,store
O0001102,2024-01-12 12:34:00,S020,C000322,ecom
O0001103,2024-01-12 17:41:00,S017,C001558,store
O0001104,2024-01-12 11:32:00,S023,C001136,store
O0001105,2024-01-12 19:42:00,S016,C001431,store
O0001106,2024-01-12 13:49:00,S001,C001876,store
O0001107,2024-01-12 11:00:00,S005,C001054,store
O0001108,2024-01-12 13:10:00,S004,C001966,store
O0001109,2024-01-12 10:46:00,S019,C002160,store
O0001110,2024-01-12 14:02:00,S020,C000177,ecom
O0001111,2024-01-12 09:39:00,S007,C001335,store
O0001112,2024-01-12 10:43:00,S013,C001295,store
O0001113,2024-01-12 14:50:00,S008,C001402,store
O0001114,2024-01-12 11:48:00,S021,C000050,store
O0001115,2024-01-12 19:25:00,S017,C001700,store
O0001116,2024-01-12 14:18:00,S026,C001213,ecom
O0001117,2024-01-12 10:36:00,S002,C001719,ecom
O0001118,2024-01-12 09:51:00,S010,C000198,store
O0001119,2024-01-12 19:09:00,S008,C000834,ecom
O0001120,2024-01-12 09:52:00,S020,C002031,store
O0001121,2024-01-12 12:02:00,S030,C000385,store
O0001122,2024-01-12 09:49:00,S008,C002312,ecom
O0001123,2024-01-12 10:37:00,S005,C001987,store
O0001124,2024-01-12 12:08:00,S019,C000132,store
O0001125,2024-01-12 12:28:00,S030,C000945,store
O0001126,2024-01-12 10:22:00,S028,C000220,store
O0001127,2024-01-12 15:31:00,S027,C000556,store
O0001128,2024-01-12 16:53:00,S022,C001766,store
O0001129,2024-01-12 15:32:00,S010,C000909,ecom
O0001130,2024-01-12 14:00:00,S025,C001967,store
O0001131,2024-01-12 10:43:00,S018,C000842,store
O0001132,2024-01-12 10:58:00,S014,C001297,store
O0001133,2024-01-12 10:09:00,S010,C002425,store
O0001134,2024-01-12 13:14:00,S001,C000272,store
O0001135,2024-01-12 10:11:00,S008,C002394,store
O0001136,2024-01-12 14:55:00,S008,C001729,ecom
O0001137,2024-01-12 18:29:00,S017,C002428,store
O0001138,2024-01-12 18:05:00,S030,C000483,store
O0001139,2024-01-12 19:24:00,S025,C001318,ecom
O0001140,2024-01-12 17:21:00,S011,C000069,store
O0001141,2024-01-12 12:48:00,S012,C001216,store
O0001142,2024-01-12 18:28:00,S015,C001289,store
O0001143,2024-01-12 09:15:00,S003,C000735,ecom
O0001144,2024-01-12 11:12:00,S006,C001104,store
O0001145,2024-01-13 16:51:00,S027,C002047,store
O0001146,2024-01-13 11:00:00,S028,C002053,store
O0001147,2024-01-13 10:15:00,S005,C001940,store
O0001148,2024-01-13 17:49:00,S015,C000395,ecom
O0001149,2024-01-13 14:50:00,S012,C002278,store
O0001150,2024-01-13 11:35:00,S021,C000355,ecom
O0001151,2024-01-13 15:58:00,S026,C000320,store
O0001152,2024-01-13 19:33:00,S018,C000049,store
O0001153,2024-01-13 17:35:00,S009,C000853,store
O0001154,2024-01-13 14:29:00,S022,C000323,store
O0001155,2024-01-13 09:57:00,S025,C000628,store
O0001156,2024-01-13 15:14:00,S001,C002073,ecom
O0001157,2024-01-13 14:23:00,S029,C001595,store
O0001158,2024-01-13 09:47:00,S015,C001580,ecom
O0001159,2024-01-13 11:24:00,S018,C001445,store
O0001160,2024-01-13 17:51:00,S018,C000416,store
O0001161,2024-01-13 11:31:00,S030,C002045,store
O0001162,2024-01-13 20:26:00,S015,C002477,store
O0001163,2024-01-13 15:57:00,S010,C000188,ecom
O0001164,2024-01-13 14:21:00,S030,C002129,ecom
O0001165,2024-01-13 11:16:00,S017,C000639,store
O0001166,2024-01-13 18:21:00,S008,C001907,store
O0001167,2024-01-13 12:49:00,S019,C000698,store
O0001168,2024-01-13 20:30:00,S020,C000255,store
O0001169,2024-01-13 09:19:00,S006,C001255,ecom
O0001170,2024-01-13 19:14:00,S006,C001738,store
O0001171,2024-01-13 10:46:00,S009,C002402,ecom
O0001172,2024-01-13 09:36:00,S006,C001820,ecom
O0001173,2024-01-13 20:11:00,S005,C000398,ecom
O0001174,2024-01-13 09:45:00,S015,C001072,store
O0001175,2024-01-13 11:32:00,S006,C000297,store
O0001176,2024-01-13 19:06:00,S018,C000932,store
O0001177,2024-01-13 15:42:00,S012,C002213,store
O0001178,2024-01-13 09:17:00,S025,C001527,ecom
O0001179,2024-01-13 16:35:00,S001,C002169,store
O0001180,2024-01-13 12:47:00,S007,C000904,store
O0001181,2024-01-13 20:28:00,S027,C000566,ecom
O0001182,2024-01-13 11:13:00,S012,C001486,store
O0001183,2024-01-13 18:36:00,S013,C002180,store
O0001184,2024-01-13 13:11:00,S021,C002304,store
O0001185,2024-01-13 18:23:00,S022,C001393,store
O0001186,2024-01-13 19:38:00,S016,C001873,ecom
O0001187,2024-01-13 11:15:00,S009,C001801,ecom
O0001188,2024-01-13 18:06:00,S019,C000348,store
O0001189,2024-01-13 20:45:00,S025,C001843,ecom
O0001190,2024-01-13 14:53:00,S004,C001317,ecom
O0001191,2024-01-13 09:25:00,S018,C001434,ecom
O0001192,2024-01-13 15:51:00,S025,C000373,store
O0001193,2024-01-13 10:36:00,S005,C000382,ecom
O0001194,2024-01-13 13:39:00,S025,C000254,store
O0001195,2024-01-13 15:16:00,S023,C001248,store
O0001196,2024-01-13 19:10:00,S010,C000270,store
O0001197,2024-01-13 10:50:00,S014,C001795,store
O0001198,2024-01-13 14:12:00,S021,C001203,ecom
O0001199,2024-01-13 12:23:00,S015,C000389,ecom
O0001200,2024-01-13 16:17:00,S018,C000493,ecom
O0001201,2024-01-13 20:27:00,S010,C002425,store
O0001202,2024-01-13 17:58:00,S010,C000476,ecom
O0001203,2024-01-13 11:42:00,S013,C001438,ecom
O0001204,2024-01-13 14:28:00,S001,C001220,store
O0001205,2024-01-13 19:52:00,S011,C000950,store
O0001206,2024-01-13 13:54:00,S019,C001088,ecom
O0001207,2024-01-13 18:27:00,S005,C001154,ecom
O0001208,2024-01-13 18:54:00,S028,C002025,store
O0001209,2024-01-13 15:18:00,S023,C001291,store
O0001210,2024-01-13 13:28:00,S017,C001042,store
O0001211,2024-01-13 09:53:00,S005,C001037,store
O0001212,2024-01-13 11:52:00,S001,C002030,ecom
O0001213,2024-01-13 13:42:00,S027,C000239,store
O0001214,2024-01-13 17:47:00,S019,C002280,ecom
O0001215,2024-01-13 18:11:00,S013,C000634,ecom
O0001216,2024-01-13 11:57:00,S028,C002368,store
O0001217,2024-01-13 16:41:00,S011,C001598,ecom
O0001218,2024-01-13 16:34:00,S013,C001722,store
O0001219,2024-01-13 09:34:00,S028,C001638,store
O0001220,2024-01-13 18:10:00,S018,C002125,ecom
O0001221,2024-01-13 12:27:00,S022,C001695,store
O0001222,2024-01-13 14:17:00,S017,C000537,ecom
O0001223,2024-01-13 16:56:00,S019,C000062,ecom
O0001224,2024-01-13 11:24:00,S001,C002028,ecom
O0001225,2024-01-13 16:56:00,S014,C001011,store
O0001226,2024-01-13 16:18:00,S013,C002481,ecom
O0001227,2024-01-13 13:14:00,S021,C000826,store
O0001228,2024-01-13 09:19:00,S021,C002421,store
O0001229,2024-01-13 14:38:00,S003,C002422,ecom
O0001230,2024-01-13 20:53:00,S018,C001084,store
O0001231,2024-01-13 16:56:00,S006,C001304,ecom
O0001232,2024-01-13 15:24:00,S003,C000785,store
O0001233,2024-01-13 17:24:00,S013,C000338,ecom
O0001234,2024-01-13 20:59:00,S022,C001333,store
O0001235,2024-01-13 16:39:00,S010,C001622,ecom
O0001236,2024-01-13 09:58:00,S021,C001451,store
O0001237,2024-01-13 15:02:00,S014,C002143,store
O0001238,2024-01-13 15:11:00,S027,C000796,store
O0001239,2024-01-13 19:10:00,S004,C000771,store
O0001240,2024-01-13 18:45:00,S012,C000135,store
O0001241,2024-01-13 17:18:00,S015,C000516,ecom
O0001242,2024-01-13 10:40:00,S011,C000278,ecom
O0001243,2024-01-13 14:16:00,S015,C001128,ecom
O0001244,2024-01-13 12:40:00,S028,C000745,store
O0001245,2024-01-13 20:45:00,S028,C000024,store
O0001246,2024-01-13 17:25:00,S002,C000034,store
O0001247,2024-01-13 12:22:00,S024,C000794,store
O0001248,2024-01-13 19:04:00,S028,C001998,store
O0001249,2024-01-13 20:54:00,S002,C000426,store
O0001250,2024-01-13 11:20:00,S004,C001448,store
O0001251,2024-01-13 10:38:00,S002,C001405,ecom
O0001252,2024-01-13 11:11:00,S020,C002459,store
O0001253,2024-01-13 18:28:00,S011,C001468,store
O0001254,2024-01-13 13:36:00,S030,C001054,ecom
O0001255,2024-01-13 19:07:00,S025,C000615,store
O0001256,2024-01-13 19:21:00,S020,C000320,store
O0001257,2024-01-13 12:40:00,S002,C001080,ecom
O0001258,2024-01-13 19:32:00,S021,C002225,store
O0001259,2024-01-13 17:33:00,S027,C001250,store
O0001260,2024-01-13 11:51:00,S018,C001659,store
O0001261,2024-01-13 15:30:00,S027,C001223,ecom
O0001262,2024-01-13 12:42:00,S024,C001343,store
O0001263,2024-01-13 14:08:00,S025,C002472,store
O0001264,2024-01-14 15:45:00,S020,C000256,store
O0001265,2024-01-14 20:17:00,S023,C001242,store
O0001266,2024-01-14 15:40:00,S025,C000057,store
O0001267,2024-01-14 11:45:00,S014,C001417,ecom
O0001268,2024-01-14 13:31:00,S028,C002222,ecom
O0001269,2024-01-14 09:02:00,S005,C000110,ecom
O0001270,2024-01-14 10:10:00,S025,C001750,store
O0001271,2024-01-14 12:06:00,S007,C000957,store
O0001272,2024-01-14 14:58:00,S022,C001033,ecom
O0001273,2024-01-14 20:07:00,S008,C000379,store
O0001274,2024-01-14 10:12:00,S024,C001287,ecom
O0001275,2024-01-14 13:25:00,S022,C000408,store
O0001276,2024-01-14 16:07:00,S028,C001711,ecom
O0001277,2024-01-14 09:40:00,S007,C001890,ecom
O0001278,2024-01-14 11:40:00,S011,C000866,ecom
O0001279,2024-01-14 10:12:00,S008,C001860,store
O0001280,2024-01-14 10:31:00,S025,C001897,ecom
O0001281,2024-01-14 20:35:00,S029,C001367,store
O0001282,2024-01-14 10:20:00,S014,C000736,store
O0001283,2024-01-14 09:23:00,S025,C001842,store
O0001284,2024-01-14 10:40:00,S028,C001096,store
O0001285,2024-01-14 19:16:00,S017,C000045,store
O0001286,2024-01-14 18:06:00,S029,C000396,store
O0001287,2024-01-14 13:12:00,S002,C001798,ecom
O0001288,2024-01-14 19:32:00,S016,C000092,store
O0001289,2024-01-14 14:26:00,S030,C000493,store
O0001290,2024-01-14 12:34:00,S003,C001954,store
O0001291,2024-01-14 13:17:00,S020,C001548,ecom
O0001292,2024-01-14 13:56:00,S029,C001455,store
O0001293,2024-01-14 10:41:00,S018,C002216,store
O0001294,2024-01-14 11:38:00,S016,C002000,ecom
O0001295,2024-01-14 20:33:00,S023,C000220,store
O0001296,2024-01-14 14:06:00,S001,C000897,store
O0001297,2024-01-14 17:49:00,S003,C002145,store
O0001298,2024-01-14 13:34:00,S024,C001962,store
O0001299,2024-01-14 19:18:00,S017,C002474,ecom
O0001300,2024-01-14 14:59:00,S022,C000237,ecom
O0001301,2024-01-14 12:38:00,S003,C001792,store
O0001302,2024-01-14 19:42:00,S007,C000324,store
O0001303,2024-01-14 18:42:00,S020,C002245,ecom
O0001304,2024-01-14 17:33:00,S029,C002055,ecom
O0001305,2024-01-14 18:16:00,S026,C001705,ecom
O0001306,2024-01-14 09:42:00,S024,C002433,ecom
O0001307,2024-01-14 15:45:00,S006,C000104,store
O0001308,2024-01-14 15:26:00,S027,C001385,ecom
O0001309,2024-01-14 20:19:00,S019,C001375,store
O0001310,2024-01-14 14:55:00,S024,C001443,ecom
O0001311,2024-01-14 14:48:00,S018,C001538,ecom
O0001312,2024-01-14 15:47:00,S019,C001580,store
O0001313,2024-01-14 20:19:00,S017,C000089,store
O0001314,2024-01-14 14:17:00,S004,C000863,store
O0001315,2024-01-14 11:07:00,S019,C001084,store
O0001316,2024-01-14 14:21:00,S016,C000839,store
O0001317,2024-01-14 10:38:00,S010,C001423,store
O0001318,2024-01-14 18:38:00,S003,C001989,store
O0001319,2024-01-14 17:55:00,S002,C001512,ecom
O0001320,2024-01-14 16:57:00,S022,C001245,ecom
O0001321,2024-01-14 09:19:00,S004,C000815,ecom
O0001322,2024-01-14 19:12:00,S019,C000016,store
O0001323,2024-01-14 17:39:00,S016,C001522,ecom
O0001324,2024-01-14 14:59:00,S017,C000976,ecom
O0001325,2024-01-14 20:51:00,S007,C001164,ecom
O0001326,2024-01-14 20:27:00,S001,C002215,ecom
O0001327,2024-01-14 11:38:00,S029,C000215,store
O0001328,2024-01-14 16:57:00,S003,C000178,store
O0001329,2024-01-14 15:49:00,S022,C001415,store
O0001330,2024-01-14 16:45:00,S023,C001718,ecom
O0001331,2024-01-14 12:38:00,S027,C002275,ecom
O0001332,2024-01-14 18:58:00,S013,C002140,ecom
O0001333,2024-01-14 16:09:00,S012,C002169,ecom
O0001334,2024-01-14 19:06:00,S030,C001243,ecom
O0001335,2024-01-14 16:30:00,S018,C000468,store
O0001336,2024-01-14 18:22:00,S025,C002166,store
O0001337,2024-01-14 12:29:00,S018,C002263,ecom
O0001338,2024-01-14 17:52:00,S018,C000250,ecom
O0001339,2024-01-14 18:24:00,S027,C001403,store
O0001340,2024-01-14 15:26:00,S003,C001118,store
O0001341,2024-01-14 14:00:00,S030,C002292,ecom
O0001342,2024-01-14 19:59:00,S011,C002070,store
O0001343,2024-01-14 14:31:00,S002,C001150,ecom
O0001344,2024-01-14 09:14:00,S010,C002396,store
O0001345,2024-01-14 18:56:00,S020,C000709,store
O0001346,2024-01-14 11:03:00,S011,C001218,ecom
O0001347,2024-01-14 10:11:00,S012,C001521,store
O0001348,2024-01-14 13:37:00,S005,C000074,store
O0001349,2024-01-14 15:16:00,S014,C001158,store
O0001350,2024-01-14 11:04:00,S010,C000546,store
O0001351,2024-01-14 10:59:00,S016,C000854,store
O0001352,2024-01-14 12:07:00,S014,C000690,ecom
O0001353,2024-01-14 09:52:00,S009,C000075,ecom
O0001354,2024-01-14 14:16:00,S025,C002438,store
O0001355,2024-01-14 15:55:00,S020,C000668,ecom
O0001356,2024-01-14 17:41:00,S029,C002317,store
O0001357,2024-01-14 13:08:00,S030,C000999,store
O0001358,2024-01-14 09:25:00,S022,C002230,ecom
O0001359,2024-01-14 17:27:00,S006,C000973,store
O0001360,2024-01-14 15:01:00,S027,C000506,ecom
O0001361,2024-01-14 11:37:00,S028,C001282,ecom
O0001362,2024-01-14 10:28:00,S030,C001428,store
O0001363,2024-01-14 13:40:00,S026,C000414,store
O0001364,2024-01-14 10:54:00,S016,C000035,store
O0001365,2024-01-14 17:53:00,S025,C001650,store
O0001366,2024-01-14 12:55:00,S003,C001669,store
O0001367,2024-01-14 18:41:00,S024,C000850,store
O0001368,2024-01-15 12:25:00,S016,C000016,ecom
O0001369,2024-01-15 12:18:00,S015,C000839,ecom
O0001370,2024-01-15 16:37:00,S021,C000314,ecom
O0001371,2024-01-15 19:28:00,S002,C001172,store
O0001372,2024-01-15 11:54:00,S014,C002421,store
O0001373,2024-01-15 19:11:00,S004,C000928,store
O0001374,2024-01-15 11:06:00,S008,C001947,store
O0001375,2024-01-15 15:20:00,S025,C000706,store
O0001376,2024-01-15 18:00:00,S011,C001342,ecom
O0001377,2024-01-15 13:18:00,S024,C002185,store
O0001378,2024-01-15 09:30:00,S014,C001786,ecom
O0001379,2024-01-15 09:48:00,S012,C000938,store
O0001380,2024-01-15 15:57:00,S030,C002222,ecom
O0001381,2024-01-15 19:39:00,S022,C000151,ecom
O0001382,2024-01-15 16:33:00,S005,C001797,ecom
O0001383,2024-01-15 19:37:00,S023,C000630,ecom
O0001384,2024-01-15 11:19:00,S007,C001805,ecom
O0001385,2024-01-15 17:39:00,S002,C001366,store
O0001386,2024-01-15 17:33:00,S008,C000924,ecom
O0001387,2024-01-15 19:31:00,S030,C000740,store
O0001388,2024-01-15 15:27:00,S024,C001390,store
O0001389,2024-01-15 16:38:00,S027,C000593,ecom
O0001390,2024-01-15 16:16:00,S023,C001510,store
O0001391,2024-01-15 15:49:00,S019,C001789,ecom
O0001392,2024-01-15 18:39:00,S023,C000092,ecom
O0001393,2024-01-15 15:43:00,S029,C002399,ecom
O0001394,2024-01-15 17:12:00,S017,C002130,store
O0001395,2024-01-15 16:39:00,S003,C000693,ecom
O0001396,2024-01-15 19:07:00,S012,C002256,store
O0001397,2024-01-15 16:16:00,S009,C001679,ecom
O0001398,2024-01-15 18:24:00,S008,C001159,store
O0001399,2024-01-15 16:25:00,S010,C001856,ecom
O0001400,2024-01-15 11:04:00,S018,C002263,store
O0001401,2024-01-15 16:16:00,S010,C000746,store
O0001402,2024-01-15 11:37:00,S026,C000027,ecom
O0001403,2024-01-15 19:26:00,S005,C000828,ecom
O0001404,2024-01-15 20:09:00,S014,C001507,store
O0001405,2024-01-15 13:46:00,S014,C001771,store
O0001406,2024-01-15 17:44:00,S004,C000391,ecom
O0001407,2024-01-16 09:32:00,S024,C001986,ecom
O0001408,2024-01-16 19:07:00,S011,C001550,ecom
O0001409,2024-01-16 19:22:00,S025,C001739,ecom
O0001410,2024-01-16 17:08:00,S014,C000134,store
O0001411,2024-01-16 15:28:00,S009,C002245,ecom
O0001412,2024-01-16 13:28:00,S018,C001441,ecom
O0001413,2024-01-16 20:31:00,S001,C001473,ecom
O0001414,2024-01-16 20:14:00,S020,C001694,store
O0001415,2024-01-16 16:48:00,S026,C000647,ecom
O0001416,2024-01-16 13:37:00,S014,C000110,store
O0001417,2024-01-16 20:26:00,S017,C000089,ecom
O0001418,2024-01-16 18:30:00,S013,C002045,store
O0001419,2024-01-16 15:35:00,S003,C000645,ecom
O0001420,2024-01-16 13:08:00,S008,C002159,ecom
O0001421,2024-01-16 19:36:00,S004,C000686,store
O0001422,2024-01-16 19:38:00,S020,C001331,store
O0001423,2024-01-16 13:18:00,S020,C000063,store
O0001424,2024-01-16 19:19:00,S012,C001125,ecom
O0001425,2024-01-16 12:38:00,S027,C001449,ecom
O0001426,2024-01-16 14:54:00,S005,C002172,store
O0001427,2024-01-16 18:57:00,S002,C001938,ecom
O0001428,2024-01-16 14:48:00,S021,C001201,store
O0001429,2024-01-16 18:42:00,S029,C002384,store
O0001430,2024-01-16 12:42:00,S026,C001682,ecom
O0001431,2024-01-16 11:32:00,S012,C002068,ecom
O0001432,2024-01-16 14:24:00,S021,C000776,ecom
O0001433,2024-01-16 18:29:00,S019,C001642,store
O0001434,2024-01-16 12:09:00,S011,C001252,ecom
O0001435,2024-01-16 18:44:00,S007,C000518,store
O0001436,2024-01-16 10:48:00,S017,C000710,ecom
O0001437,2024-01-16 11:10:00,S011,C000205,ecom
O0001438,2024-01-16 12:57:00,S012,C001389,store
O0001439,2024-01-16 12:15:00,S020,C001729,store
O0001440,2024-01-16 19:43:00,S024,C001875,ecom
O0001441,2024-01-16 17:36:00,S013,C001403,store
O0001442,2024-01-16 14:14:00,S001,C001339,store
O0001443,2024-01-16 16:33:00,S002,C000371,ecom
O0001444,2024-01-16 09:42:00,S006,C000428,store
O0001445,2024-01-16 17:22:00,S023,C002144,ecom
O0001446,2024-01-16 19:35:00,S028,C000224,ecom
O0001447,2024-01-16 19:22:00,S016,C002188,ecom
O0001448,2024-01-16 14:59:00,S021,C002290,store
O0001449,2024-01-16 16:01:00,S027,C000953,store
O0001450,2024-01-16 10:08:00,S025,C002471,ecom
O0001451,2024-01-16 09:45:00,S015,C001718,store
O0001452,2024-01-16 12:59:00,S022,C000682,ecom
O0001453,2024-01-16 14:02:00,S022,C002241,ecom
O0001454,2024-01-16 19:00:00,S023,C001485,store
O0001455,2024-01-16 14:10:00,S026,C001159,store
O0001456,2024-01-16 14:54:00,S027,C001752,store
O0001457,2024-01-16 15:21:00,S030,C000598,store
O0001458,2024-01-16 15:37:00,S023,C001659,ecom
O0001459,2024-01-16 09:23:00,S016,C000803,store
O0001460,2024-01-16 15:19:00,S007,C002337,store
O0001461,2024-01-16 12:13:00,S014,C002389,ecom
O0001462,2024-01-16 20:17:00,S004,C001008,store
O0001463,2024-01-16 15:42:00,S016,C000529,ecom
O0001464,2024-01-16 18:51:00,S026,C002258,ecom
O0001465,2024-01-16 19:10:00,S016,C002401,ecom
O0001466,2024-01-16 18:13:00,S009,C002062,store
O0001467,2024-01-16 19:06:00,S030,C000572,store
O0001468,2024-01-16 20:03:00,S020,C000628,ecom
O0001469,2024-01-16 16:00:00,S024,C002496,store
O0001470,2024-01-16 20:14:00,S028,C002127,ecom
O0001471,2024-01-16 20:47:00,S001,C000428,ecom
O0001472,2024-01-16 10:54:00,S010,C001993,ecom
O0001473,2024-01-16 09:23:00,S024,C002236,ecom
O0001474,2024-01-16 14:05:00,S022,C000021,store
O0001475,2024-01-16 09:27:00,S023,C000513,ecom
O0001476,2024-01-16 12:12:00,S013,C001923,store
O0001477,2024-01-16 18:13:00,S030,C001585,ecom
O0001478,2024-01-16 09:47:00,S027,C000259,ecom
O0001479,2024-01-16 18:10:00,S008,C001170,store
O0001480,2024-01-16 09:35:00,S025,C001386,store
O0001481,2024-01-16 11:03:00,S008,C000139,store
O0001482,2024-01-16 20:10:00,S020,C000312,ecom
O0001483,2024-01-16 12:39:00,S013,C002254,store
O0001484,2024-01-17 19:02:00,S015,C002430,ecom
O0001485,2024-01-17 20:46:00,S020,C001537,ecom
O0001486,2024-01-17 09:03:00,S016,C001787,store
O0001487,2024-01-17 13:48:00,S027,C002261,ecom
O0001488,2024-01-17 16:43:00,S019,C001198,store
O0001489,2024-01-17 11:39:00,S014,C001266,ecom
O0001490,2024-01-17 20:46:00,S009,C001982,ecom
O0001491,2024-01-17 11:14:00,S006,C002104,ecom
O0001492,2024-01-17 14:10:00,S012,C000446,store
O0001493,2024-01-17 11:07:00,S009,C000686,ecom
O0001494,2024-01-17 17:30:00,S013,C001311,store
O0001495,2024-01-17 19:02:00,S010,C001864,store
O0001496,2024-01-17 14:35:00,S025,C001400,store
O0001497,2024-01-17 14:30:00,S019,C001905,store
O0001498,2024-01-17 09:45:00,S012,C001840,store
O0001499,2024-01-17 13:23:00,S026,C000657,store
O0001500,2024-01-17 16:30:00,S029,C001134,store
O0001501,2024-01-17 13:03:00,S002,C001527,ecom
O0001502,2024-01-17 18:00:00,S025,C002422,ecom
O0001503,2024-01-17 14:38:00,S022,C001905,store
O0001504,2024-01-17 13:01:00,S017,C002088,ecom
O0001505,2024-01-17 19:53:00,S030,C000294,store
O0001506,2024-01-17 09:22:00,S028,C001835,store
O0001507,2024-01-17 19:32:00,S017,C000998,store
O0001508,2024-01-17 18:33:00,S006,C000832,ecom
O0001509,2024-01-17 10:42:00,S007,C000730,ecom
O0001510,2024-01-17 11:45:00,S018,C000060,store
O0001511,2024-01-17 14:53:00,S024,C000328,store
O0001512,2024-01-17 17:21:00,S016,C001617,store
O0001513,2024-01-17 14:55:00,S030,C000647,ecom
O0001514,2024-01-17 12:40:00,S010,C001731,store
O0001515,2024-01-17 19:05:00,S018,C001426,store
O0001516,2024-01-17 15:40:00,S015,C001709,store
O0001517,2024-01-17 19:26:00,S006,C000923,ecom
O0001518,2024-01-17 19:15:00,S022,C000980,store
O0001519,2024-01-17 14:15:00,S005,C001833,ecom
O0001520,2024-01-17 17:56:00,S004,C001235,store
O0001521,2024-01-17 17:10:00,S023,C000017,store
O0001522,2024-01-17 15:07:00,S012,C001707,ecom
O0001523,2024-01-17 15:11:00,S022,C001290,ecom
O0001524,2024-01-17 16:53:00,S029,C001882,ecom
O0001525,2024-01-17 19:13:00,S027,C002087,ecom
O0001526,2024-01-17 13:13:00,S027,C001567,ecom
O0001527,2024-01-17 20:26:00,S016,C000341,store
O0001528,2024-01-17 18:32:00,S029,C000028,store
O0001529,2024-01-17 15:10:00,S005,C001452,store
O0001530,2024-01-17 09:28:00,S027,C002066,store
O0001531,2024-01-17 16:25:00,S022,C002391,ecom
O0001532,2024-01-17 16:26:00,S017,C001530,store
O0001533,2024-01-17 15:13:00,S030,C000766,store
O0001534,2024-01-17 12:17:00,S021,C002099,store
O0001535,2024-01-17 19:50:00,S011,C001973,store
O0001536,2024-01-17 14:26:00,S020,C000696,store
O0001537,2024-01-17 18:37:00,S009,C000118,ecom
O0001538,2024-01-17 14:37:00,S020,C001752,store
O0001539,2024-01-17 20:44:00,S008,C000285,store
O0001540,2024-01-17 14:19:00,S009,C001202,store
O0001541,2024-01-17 18:09:00,S019,C001025,store
O0001542,2024-01-17 17:07:00,S009,C001108,ecom
O0001543,2024-01-17 17:31:00,S011,C002119,store
O0001544,2024-01-17 14:49:00,S007,C000076,ecom
O0001545,2024-01-17 13:39:00,S002,C000860,ecom
O0001546,2024-01-17 19:16:00,S014,C002326,ecom
O0001547,2024-01-17 17:14:00,S020,C001378,store
O0001548,2024-01-17 18:59:00,S006,C000921,ecom
O0001549,2024-01-17 19:25:00,S017,C000753,store
O0001550,2024-01-17 18:00:00,S012,C001160,store
O0001551,2024-01-17 11:04:00,S029,C000173,store
O0001552,2024-01-17 15:46:00,S005,C001210,ecom
O0001553,2024-01-17 19:31:00,S014,C002032,store
O0001554,2024-01-17 20:24:00,S008,C001845,store
O0001555,2024-01-17 20:17:00,S012,C002168,store
O0001556,2024-01-17 16:54:00,S029,C001895,store
O0001557,2024-01-17 16:55:00,S021,C000023,store
O0001558,2024-01-17 11:27:00,S007,C001280,ecom
O0001559,2024-01-17 09:57:00,S019,C001517,ecom
O0001560,2024-01-17 15:25:00,S005,C000076,ecom
O0001561,2024-01-17 19:37:00,S001,C000074,ecom
O0001562,2024-01-17 19:53:00,S030,C000083,ecom
O0001563,2024-01-17 12:48:00,S017,C000864,store
O0001564,2024-01-17 17:19:00,S024,C002266,store
O0001565,2024-01-17 12:37:00,S026,C000218,store
O0001566,2024-01-17 15:47:00,S023,C000869,store
O0001567,2024-01-17 14:38:00,S004,C002486,ecom
O0001568,2024-01-17 15:43:00,S023,C002323,ecom
O0001569,2024-01-17 11:23:00,S007,C000635,store
O0001570,2024-01-17 11:02:00,S028,C002379,store
O0001571,2024-01-17 16:59:00,S019,C002182,store
O0001572,2024-01-18 09:05:00,S028,C001222,ecom
O0001573,2024-01-18 13:09:00,S028,C000544,store
O0001574,2024-01-18 12:50:00,S022,C001759,store
O0001575,2024-01-18 12:16:00,S009,C000790,ecom
O0001576,2024-01-18 19:47:00,S011,C002169,ecom
O0001577,2024-01-18 15:37:00,S027,C001986,store
O0001578,2024-01-18 18:24:00,S020,C001500,store
O0001579,2024-01-18 10:05:00,S024,C001490,ecom
O0001580,2024-01-18 18:40:00,S028,C001487,store
O0001581,2024-01-18 20:41:00,S012,C002492,store
O0001582,2024-01-18 11:50:00,S007,C001871,store
O0001583,2024-01-18 19:31:00,S025,C001252,ecom
O0001584,2024-01-18 20:37:00,S006,C000145,store
O0001585,2024-01-18 20:23:00,S024,C002274,ecom
O0001586,2024-01-18 16:54:00,S016,C001848,store
O0001587,2024-01-18 09:01:00,S027,C000601,store
O0001588,2024-01-18 11:49:00,S022,C000506,store
O0001589,2024-01-18 15:27:00,S003,C001057,store
O0001590,2024-01-18 20:57:00,S016,C001379,store
O0001591,2024-01-18 14:40:00,S027,C000190,store
O0001592,2024-01-18 15:35:00,S019,C000866,ecom
O0001593,2024-01-18 12:17:00,S007,C001311,store
O0001594,2024-01-18 10:51:00,S023,C000012,store
O0001595,2024-01-18 15:55:00,S020,C001935,store
O0001596,2024-01-18 15:11:00,S022,C001276,ecom
O0001597,2024-01-18 15:57:00,S012,C000227,ecom
O0001598,2024-01-18 14:39:00,S019,C001853,store
O0001599,2024-01-18 11:24:00,S017,C001913,ecom
O0001600,2024-01-18 16:13:00,S006,C000787,store
O0001601,2024-01-18 09:08:00,S030,C001614,ecom
O0001602,2024-01-18 18:32:00,S008,C000618,store
O0001603,2024-01-18 18:41:00,S011,C000954,store
O0001604,2024-01-18 17:53:00,S027,C001662,ecom
O0001605,2024-01-18 11:23:00,S008,C002432,store
O0001606,2024-01-18 10:59:00,S014,C001197,ecom
O0001607,2024-01-18 18:59:00,S022,C000941,ecom
O0001608,2024-01-18 17:05:00,S002,C000626,ecom
O0001609,2024-01-18 12:17:00,S003,C000833,store
O0001610,2024-01-18 16:13:00,S029,C001399,store
O0001611,2024-01-18 18:46:00,S005,C001146,store
O0001612,2024-01-18 19:26:00,S023,C000108,store
O0001613,2024-01-18 11:51:00,S024,C001516,ecom
O0001614,2024-01-18 09:12:00,S006,C002490,store
O0001615,2024-01-18 17:11:00,S026,C001140,store
O0001616,2024-01-18 16:54:00,S030,C002045,ecom
O0001617,2024-01-18 15:27:00,S030,C000314,store
O0001618,2024-01-18 15:53:00,S028,C000226,store
O0001619,2024-01-18 16:27:00,S009,C000868,store
O0001620,2024-01-18 20:25:00,S009,C000338,store
O0001621,2024-01-18 13:32:00,S026,C001586,store
O0001622,2024-01-18 11:56:00,S019,C001133,store
O0001623,2024-01-18 13:53:00,S012,C000880,store
O0001624,2024-01-18 14:02:00,S017,C000007,store
O0001625,2024-01-18 18:06:00,S029,C000176,store
O0001626,2024-01-18 20:11:00,S005,C001926,store
O0001627,2024-01-18 20:20:00,S014,C002458,ecom
O0001628,2024-01-18 10:16:00,S022,C000161,store
O0001629,2024-01-18 09:07:00,S012,C000009,store
O0001630,2024-01-18 10:37:00,S011,C001834,store
O0001631,2024-01-18 16:48:00,S029,C002388,store
O0001632,2024-01-18 16:59:00,S022,C002240,store
O0001633,2024-01-18 14:57:00,S012,C001320,ecom
O0001634,2024-01-18 10:08:00,S022,C001097,store
O0001635,2024-01-18 14:12:00,S010,C001414,ecom
O0001636,2024-01-18 09:07:00,S028,C001969,store
O0001637,2024-01-18 17:53:00,S020,C001615,store
O0001638,2024-01-18 13:57:00,S009,C001746,store
O0001639,2024-01-18 15:35:00,S027,C001264,ecom
O0001640,2024-01-18 14:43:00,S029,C000614,store
O0001641,2024-01-18 18:46:00,S019,C000851,store
O0001642,2024-01-18 19:20:00,S013,C000309,ecom
O0001643,2024-01-18 10:10:00,S004,C000143,store
O0001644,2024-01-18 11:42:00,S026,C000239,store
O0001645,2024-01-18 14:40:00,S011,C000722,store
O0001646,2024-01-18 14:08:00,S004,C000851,ecom
O0001647,2024-01-18 15:50:00,S005,C001916,ecom
O0001648,2024-01-18 16:20:00,S002,C000360,store
O0001649,2024-01-18 18:55:00,S025,C002053,store
O0001650,2024-01-18 10:00:00,S008,C002128,store
O0001651,2024-01-18 20:33:00,S005,C001826,ecom
O0001652,2024-01-18 14:41:00,S019,C001621,ecom
O0001653,2024-01-18 12:41:00,S014,C002335,store
O0001654,2024-01-18 09:04:00,S019,C000203,store
O0001655,2024-01-18 20:15:00,S030,C001753,store
O0001656,2024-01-18 20:30:00,S001,C000128,store
O0001657,2024-01-18 13:50:00,S019,C001269,store
O0001658,2024-01-18 18:27:00,S015,C000232,store
O0001659,2024-01-18 13:06:00,S003,C001521,ecom
O0001660,2024-01-18 20:58:00,S026,C001864,store
O0001661,2024-01-18 14:08:00,S014,C001800,store
O0001662,2024-01-18 15:12:00,S002,C002403,ecom
O0001663,2024-01-18 18:53:00,S001,C000609,ecom
O0001664,2024-01-18 09:13:00,S027,C000481,store
O0001665,2024-01-18 19:42:00,S007,C000896,ecom
O0001666,2024-01-18 11:43:00,S017,C000158,store
O0001667,2024-01-18 14:32:00,S004,C001776,store
O0001668,2024-01-19 15:36:00,S003,C001690,store
O0001669,2024-01-19 13:02:00,S021,C000938,ecom
O0001670,2024-01-19 20:09:00,S030,C002037,store
O0001671,2024-01-19 13:56:00,S016,C002038,ecom
O0001672,2024-01-19 14:59:00,S013,C000302,ecom
O0001673,2024-01-19 16:07:00,S012,C002060,ecom
O0001674,2024-01-19 18:31:00,S021,C000895,store
O0001675,2024-01-19 15:48:00,S015,C000653,ecom
O0001676,2024-01-19 20:31:00,S018,C001975,store
O0001677,2024-01-19 20:19:00,S017,C002310,store
O0001678,2024-01-19 18:14:00,S018,C002004,store
O0001679,2024-01-19 16:53:00,S004,C000269,store
O0001680,2024-01-19 09:14:00,S002,C000902,store
O0001681,2024-01-19 13:53:00,S006,C000103,ecom
O0001682,2024-01-19 12:45:00,S012,C002275,store
O0001683,2024-01-19 16:31:00,S027,C002328,store
O0001684,2024-01-19 19:09:00,S011,C001306,store
O0001685,2024-01-19 13:23:00,S014,C001026,ecom
O0001686,2024-01-19 11:02:00,S024,C001766,ecom
O0001687,2024-01-19 20:03:00,S014,C002064,store
O0001688,2024-01-19 12:51:00,S019,C001301,store
O0001689,2024-01-19 14:40:00,S022,C002249,ecom
O0001690,2024-01-19 16:38:00,S004,C000253,store
O0001691,2024-01-19 13:29:00,S002,C002373,store
O0001692,2024-01-19 20:43:00,S014,C000577,store
O0001693,2024-01-19 19:20:00,S015,C001689,ecom
O0001694,2024-01-19 11:37:00,S025,C001516,store
O0001695,2024-01-19 17:44:00,S011,C002061,store
O0001696,2024-01-19 11:04:00,S023,C001208,ecom
O0001697,2024-01-19 10:18:00,S009,C002200,ecom
O0001698,2024-01-19 18:38:00,S023,C000598,store
O0001699,2024-01-19 14:28:00,S004,C001076,ecom
O0001700,2024-01-19 09:41:00,S026,C001274,store
O0001701,2024-01-19 13:56:00,S017,C001027,ecom
O0001702,2024-01-19 09:12:00,S008,C000632,store
O0001703,2024-01-19 16:02:00,S024,C001862,ecom
O0001704,2024-01-19 18:27:00,S009,C001520,store
O0001705,2024-01-19 09:00:00,S029,C001296,store
O0001706,2024-01-19 12:55:00,S002,C001836,store
O0001707,2024-01-19 17:58:00,S006,C002253,store
O0001708,2024-01-19 14:34:00,S015,C000935,store
O0001709,2024-01-19 20:45:00,S019,C000407,store
O0001710,2024-01-19 16:04:00,S005,C000949,store
O0001711,2024-01-19 19:55:00,S013,C000449,ecom
O0001712,2024-01-19 14:11:00,S024,C001179,store
O0001713,2024-01-19 16:11:00,S001,C000883,ecom
O0001714,2024-01-19 19:01:00,S011,C001735,store
O0001715,2024-01-19 13:37:00,S004,C000845,ecom
O0001716,2024-01-19 15:55:00,S025,C000977,store
O0001717,2024-01-19 17:25:00,S022,C001875,store
O0001718,2024-01-19 11:29:00,S007,C001946,ecom
O0001719,2024-01-19 19:38:00,S006,C000495,ecom
O0001720,2024-01-19 20:46:00,S011,C000906,ecom
O0001721,2024-01-19 16:42:00,S015,C001219,store
O0001722,2024-01-20 12:13:00,S011,C001008,store
O0001723,2024-01-20 12:13:00,S004,C000481,store
O0001724,2024-01-20 16:26:00,S021,C001450,store
O0001725,2024-01-20 15:21:00,S012,C002222,store
O0001726,2024-01-20 17:35:00,S003,C001706,store
O0001727,2024-01-20 20:06:00,S007,C000409,ecom
O0001728,2024-01-20 09:15:00,S008,C001518,store
O0001729,2024-01-20 12:06:00,S008,C001904,ecom
O0001730,2024-01-20 14:40:00,S013,C002146,store
O0001731,2024-01-20 14:53:00,S030,C002438,ecom
O0001732,2024-01-20 10:27:00,S011,C001842,store
O0001733,2024-01-20 11:13:00,S012,C000800,store
O0001734,2024-01-20 18:33:00,S015,C000045,ecom
O0001735,2024-01-20 13:15:00,S014,C000916,ecom
O0001736,2024-01-20 19:56:00,S001,C000556,store
O0001737,2024-01-20 18:08:00,S011,C001004,ecom
O0001738,2024-01-20 15:55:00,S023,C002492,store
O0001739,2024-01-20 11:17:00,S012,C002348,store
O0001740,2024-01-20 12:09:00,S004,C002128,store
O0001741,2024-01-20 16:36:00,S018,C001912,ecom
O0001742,2024-01-20 16:49:00,S018,C001101,store
O0001743,2024-01-20 10:17:00,S023,C001393,store
O0001744,2024-01-20 17:58:00,S009,C001116,store
O0001745,2024-01-20 09:04:00,S015,C000603,store
O0001746,2024-01-20 09:27:00,S028,C002063,store
O0001747,2024-01-20 14:03:00,S011,C001826,store
O0001748,2024-01-20 09:06:00,S001,C001383,store
O0001749,2024-01-20 13:20:00,S025,C001816,store
O0001750,2024-01-20 18:53:00,S028,C001092,store
O0001751,2024-01-20 12:34:00,S005,C001872,ecom
O0001752,2024-01-20 09:29:00,S003,C000418,store
O0001753,2024-01-20 19:14:00,S029,C001999,ecom
O0001754,2024-01-20 09:55:00,S001,C000822,store
O0001755,2024-01-20 10:40:00,S001,C000952,store
O0001756,2024-01-20 13:29:00,S018,C001634,store
O0001757,2024-01-20 12:07:00,S002,C002195,store
O0001758,2024-01-20 18:51:00,S004,C000441,store
O0001759,2024-01-20 12:37:00,S013,C002314,store
O0001760,2024-01-20 17:43:00,S008,C000551,store
O0001761,2024-01-20 12:24:00,S029,C001571,store
O0001762,2024-01-20 10:06:00,S009,C000420,store
O0001763,2024-01-20 13:58:00,S004,C001905,store
O0001764,2024-01-20 11:17:00,S003,C001419,store
O0001765,2024-01-20 14:16:00,S007,C000480,store
O0001766,2024-01-20 15:33:00,S004,C000853,store
O0001767,2024-01-20 15:43:00,S021,C000657,store
O0001768,2024-01-20 17:16:00,S029,C001139,store
O0001769,2024-01-20 17:56:00,S010,C002467,ecom
O0001770,2024-01-20 11:25:00,S024,C001279,ecom
O0001771,2024-01-20 12:25:00,S002,C001480,store
O0001772,2024-01-20 09:49:00,S007,C001232,store
O0001773,2024-01-20 19:28:00,S027,C000569,store
O0001774,2024-01-20 15:48:00,S027,C001371,store
O0001775,2024-01-20 17:05:00,S026,C000649,ecom
O0001776,2024-01-20 12:19:00,S030,C001821,store
O0001777,2024-01-20 12:25:00,S012,C000704,ecom
O0001778,2024-01-20 11:10:00,S027,C002012,store
O0001779,2024-01-20 09:28:00,S002,C002311,store
O0001780,2024-01-20 19:05:00,S008,C001679,store
O0001781,2024-01-20 19:53:00,S006,C001206,store
O0001782,2024-01-20 14:17:00,S014,C001637,ecom
O0001783,2024-01-20 14:38:00,S014,C001057,store
O0001784,2024-01-20 15:10:00,S023,C001770,store
O0001785,2024-01-20 10:15:00,S004,C001452,ecom
O0001786,2024-01-20 14:08:00,S002,C001921,store
O0001787,2024-01-20 17:31:00,S008,C000491,ecom
O0001788,2024-01-20 13:15:00,S026,C001328,store
O0001789,2024-01-20 18:02:00,S019,C000346,ecom
O0001790,2024-01-20 19:20:00,S017,C002213,ecom
O0001791,2024-01-20 19:09:00,S008,C002401,store
O0001792,2024-01-20 14:24:00,S008,C000381,ecom
O0001793,2024-01-20 09:13:00,S012,C001131,store
O0001794,2024-01-20 13:26:00,S022,C002092,ecom
O0001795,2024-01-20 16:32:00,S010,C001434,ecom
O0001796,2024-01-20 15:05:00,S005,C001071,store
O0001797,2024-01-20 20:57:00,S019,C001059,ecom
O0001798,2024-01-20 09:18:00,S012,C002391,ecom
O0001799,2024-01-20 15:29:00,S013,C000306,ecom
O0001800,2024-01-20 19:31:00,S021,C000831,ecom
O0001801,2024-01-20 20:04:00,S024,C000327,ecom
O0001802,2024-01-20 17:26:00,S017,C001184,store
O0001803,2024-01-20 13:45:00,S030,C000962,store
O0001804,2024-01-20 14:57:00,S027,C002220,ecom
O0001805,2024-01-20 13:19:00,S028,C000933,ecom
O0001806,2024-01-20 18:44:00,S028,C001688,store
O0001807,2024-01-20 13:20:00,S021,C001982,ecom
O0001808,2024-01-20 19:47:00,S015,C001046,ecom
O0001809,2024-01-20 15:16:00,S022,C001386,store
O0001810,2024-01-20 16:56:00,S016,C001024,ecom
O0001811,2024-01-20 09:45:00,S023,C000018,ecom
O0001812,2024-01-20 16:10:00,S023,C001137,store
O0001813,2024-01-20 20:45:00,S027,C001012,ecom
O0001814,2024-01-20 19:39:00,S003,C001816,ecom
O0001815,2024-01-20 15:39:00,S010,C002260,ecom
O0001816,2024-01-20 15:20:00,S020,C001084,ecom
O0001817,2024-01-20 18:13:00,S022,C001296,store
O0001818,2024-01-20 11:05:00,S018,C002198,store
O0001819,2024-01-20 12:24:00,S014,C000504,ecom
O0001820,2024-01-20 19:45:00,S008,C001764,ecom
O0001821,2024-01-20 10:10:00,S006,C000130,ecom
O0001822,2024-01-20 17:43:00,S007,C000608,store
O0001823,2024-01-20 13:42:00,S019,C002195,ecom
O0001824,2024-01-20 20:33:00,S022,C001084,store
O0001825,2024-01-20 13:10:00,S004,C001559,store
O0001826,2024-01-20 10:05:00,S003,C001162,store
O0001827,2024-01-20 12:53:00,S008,C001729,store
O0001828,2024-01-20 18:46:00,S027,C002176,ecom
O0001829,2024-01-20 09:34:00,S029,C001730,store
O0001830,2024-01-20 15:05:00,S018,C001366,store
O0001831,2024-01-20 19:42:00,S001,C000537,store
O0001832,2024-01-20 18:23:00,S017,C000679,store
O0001833,2024-01-20 14:44:00,S028,C000272,ecom
O0001834,2024-01-20 18:03:00,S018,C002488,store
O0001835,2024-01-20 12:40:00,S014,C001585,ecom
O0001836,2024-01-20 15:05:00,S002,C000737,store
O0001837,2024-01-20 14:55:00,S014,C000721,store
O0001838,2024-01-20 12:28:00,S024,C000412,ecom
O0001839,2024-01-20 19:55:00,S005,C000315,ecom
O0001840,2024-01-20 18:40:00,S004,C002447,ecom
O0001841,2024-01-20 17:52:00,S006,C000519,ecom
O0001842,2024-01-20 17:39:00,S009,C002318,ecom
O0001843,2024-01-20 13:14:00,S013,C002407,ecom
O0001844,2024-01-20 18:01:00,S025,C000683,ecom
O0001845,2024-01-20 14:04:00,S026,C000257,store
O0001846,2024-01-20 15:16:00,S016,C001055,store
O0001847,2024-01-20 17:15:00,S002,C000598,store
O0001848,2024-01-20 18:29:00,S021,C002241,ecom
O0001849,2024-01-20 15:30:00,S005,C001513,store
O0001850,2024-01-21 12:38:00,S001,C000432,store
O0001851,2024-01-21 20:40:00,S021,C001920,ecom
O0001852,2024-01-21 15:28:00,S029,C001956,store
O0001853,2024-01-21 11:29:00,S014,C002483,ecom
O0001854,2024-01-21 11:46:00,S030,C002103,store
O0001855,2024-01-21 20:21:00,S012,C000742,store
O0001856,2024-01-21 16:50:00,S026,C001296,store
O0001857,2024-01-21 12:48:00,S009,C001770,store
O0001858,2024-01-21 10:28:00,S027,C002031,store
O0001859,2024-01-21 18:26:00,S029,C002265,ecom
O0001860,2024-01-21 20:00:00,S020,C001055,ecom
O0001861,2024-01-21 15:19:00,S019,C001474,ecom
O0001862,2024-01-21 10:35:00,S001,C001977,ecom
O0001863,2024-01-21 19:53:00,S025,C001689,store
O0001864,2024-01-21 14:27:00,S029,C000234,ecom
O0001865,2024-01-21 17:14:00,S006,C002394,store
O0001866,2024-01-21 12:07:00,S010,C001533,store
O0001867,2024-01-21 16:44:00,S006,C001547,store
O0001868,2024-01-21 19:22:00,S024,C001047,ecom
O0001869,2024-01-21 16:43:00,S001,C001024,store
O0001870,2024-01-21 10:51:00,S027,C001867,store
O0001871,2024-01-21 13:58:00,S001,C001113,store
O0001872,2024-01-21 11:00:00,S008,C000215,store
O0001873,2024-01-21 18:20:00,S019,C000069,store
O0001874,2024-01-21 12:26:00,S001,C001209,store
O0001875,2024-01-21 20:56:00,S006,C000871,ecom
O0001876,2024-01-21 12:30:00,S024,C000460,ecom
O0001877,2024-01-21 19:20:00,S007,C001039,store
O0001878,2024-01-21 10:43:00,S025,C000093,ecom
O0001879,2024-01-21 17:29:00,S027,C000356,ecom
O0001880,2024-01-21 17:06:00,S013,C001993,ecom
O0001881,2024-01-21 20:51:00,S007,C001314,store
O0001882,2024-01-21 09:17:00,S009,C000838,store
O0001883,2024-01-21 17:42:00,S006,C002260,store
O0001884,2024-01-21 17:19:00,S020,C000933,store
O0001885,2024-01-21 20:52:00,S001,C001526,store
O0001886,2024-01-21 17:35:00,S012,C001445,store
O0001887,2024-01-21 10:04:00,S024,C002462,store
O0001888,2024-01-21 16:38:00,S027,C000632,store
O0001889,2024-01-21 17:46:00,S002,C000836,store
O0001890,2024-01-21 15:05:00,S026,C000267,store
O0001891,2024-01-21 17:04:00,S017,C001423,ecom
O0001892,2024-01-21 12:57:00,S018,C000447,store
O0001893,2024-01-21 15:14:00,S016,C002176,store
O0001894,2024-01-21 13:16:00,S016,C001387,store
O0001895,2024-01-21 17:19:00,S005,C000227,ecom
O0001896,2024-01-21 10:00:00,S024,C000383,store
O0001897,2024-01-21 16:19:00,S018,C001665,ecom
O0001898,2024-01-21 10:10:00,S012,C000740,ecom
O0001899,2024-01-21 16:47:00,S008,C001063,store
O0001900,2024-01-21 14:30:00,S014,C000672,store
O0001901,2024-01-21 19:40:00,S013,C000006,ecom
O0001902,2024-01-21 09:46:00,S027,C000098,store
O0001903,2024-01-21 17:11:00,S014,C001902,store
O0001904,2024-01-21 09:12:00,S010,C000688,store
O0001905,2024-01-21 10:28:00,S022,C002468,store
O0001906,2024-01-21 13:19:00,S027,C001722,ecom
O0001907,2024-01-21 15:07:00,S007,C000869,store
O0001908,2024-01-21 16:56:00,S007,C002348,store
O0001909,2024-01-21 14:46:00,S019,C001558,store
O0001910,2024-01-21 20:16:00,S023,C000775,ecom
O0001911,2024-01-21 12:52:00,S026,C002396,ecom
O0001912,2024-01-21 11:57:00,S023,C002194,store
O0001913,2024-01-21 15:48:00,S029,C000683,store
O0001914,2024-01-21 14:04:00,S014,C001152,ecom
O0001915,2024-01-21 16:08:00,S019,C001401,store
O0001916,2024-01-21 09:49:00,S007,C001183,store
O0001917,2024-01-21 18:39:00,S018,C000358,store
O0001918,2024-01-21 14:56:00,S022,C002189,store
O0001919,2024-01-21 14:09:00,S015,C002296,store
O0001920,2024-01-21 16:26:00,S024,C001559,store
O0001921,2024-01-21 20:31:00,S024,C001170,store
O0001922,2024-01-21 16:24:00,S013,C000055,ecom
O0001923,2024-01-21 10:13:00,S011,C000510,store
O0001924,2024-01-21 15:52:00,S003,C000846,store
O0001925,2024-01-21 19:05:00,S029,C000769,ecom
O0001926,2024-01-21 20:38:00,S014,C000030,store
O0001927,2024-01-21 14:23:00,S006,C000616,store
O0001928,2024-01-21 18:39:00,S002,C002071,store
O0001929,2024-01-21 10:52:00,S009,C001901,store
O0001930,2024-01-21 11:46:00,S018,C000221,store
O0001931,2024-01-21 20:39:00,S017,C001908,store
O0001932,2024-01-21 20:34:00,S027,C001024,store
O0001933,2024-01-21 12:34:00,S029,C001384,store
O0001934,2024-01-21 10:58:00,S011,C001599,store
O0001935,2024-01-21 10:51:00,S028,C001960,store
O0001936,2024-01-21 13:08:00,S004,C001834,store
O0001937,2024-01-21 19:37:00,S023,C001950,ecom
O0001938,2024-01-21 17:48:00,S024,C002016,store
O0001939,2024-01-21 20:36:00,S002,C000853,store
O0001940,2024-01-21 11:52:00,S013,C001060,store
O0001941,2024-01-21 09:21:00,S002,C001507,ecom
O0001942,2024-01-21 19:58:00,S010,C000546,store
O0001943,2024-01-21 10:36:00,S021,C001011,ecom
O0001944,2024-01-21 14:24:00,S005,C002371,store
O0001945,2024-01-21 14:42:00,S017,C001385,store
O0001946,2024-01-21 16:51:00,S014,C001237,store
O0001947,2024-01-21 15:48:00,S007,C002452,ecom
O0001948,2024-01-21 18:20:00,S006,C000470,store
O0001949,2024-01-21 13:36:00,S005,C000609,store
O0001950,2024-01-21 12:59:00,S002,C000845,store
O0001951,2024-01-21 14:10:00,S027,C001618,ecom
O0001952,2024-01-21 09:27:00,S018,C001585,store
O0001953,2024-01-21 20:02:00,S009,C001305,store
O0001954,2024-01-21 19:54:00,S011,C002247,store
O0001955,2024-01-21 16:16:00,S024,C000010,store
O0001956,2024-01-21 12:59:00,S013,C000096,store
O0001957,2024-01-21 12:40:00,S009,C001087,store
O0001958,2024-01-21 11:03:00,S024,C000400,ecom
O0001959,2024-01-21 11:00:00,S013,C002240,store
O0001960,2024-01-21 14:07:00,S020,C002185,ecom
O0001961,2024-01-21 20:06:00,S018,C001547,store
O0001962,2024-01-21 15:47:00,S003,C002103,store
O0001963,2024-01-21 12:31:00,S026,C000012,ecom
O0001964,2024-01-21 20:51:00,S021,C000046,store
O0001965,2024-01-21 17:43:00,S003,C000830,store
O0001966,2024-01-21 16:43:00,S023,C002221,store
O0001967,2024-01-21 14:52:00,S013,C000830,store
O0001968,2024-01-21 11:41:00,S007,C000711,ecom
O0001969,2024-01-21 14:44:00,S029,C002087,ecom
O0001970,2024-01-21 18:09:00,S020,C002184,store
O0001971,2024-01-21 16:31:00,S008,C000542,store
O0001972,2024-01-21 17:28:00,S023,C000231,ecom
O0001973,2024-01-21 09:12:00,S001,C000768,store
O0001974,2024-01-21 10:24:00,S023,C002355,store
O0001975,2024-01-21 20:21:00,S026,C002021,store
O0001976,2024-01-21 17:02:00,S008,C000190,store
O0001977,2024-01-21 18:23:00,S003,C002401,ecom
O0001978,2024-01-22 18:31:00,S019,C000801,store
O0001979,2024-01-22 17:35:00,S026,C000552,store
O0001980,2024-01-22 10:44:00,S024,C000906,ecom
O0001981,2024-01-22 10:01:00,S008,C000092,store
O0001982,2024-01-22 17:10:00,S011,C001430,store
O0001983,2024-01-22 12:40:00,S015,C001306,store
O0001984,2024-01-22 19:24:00,S018,C000381,ecom
O0001985,2024-01-22 10:26:00,S026,C001873,store
O0001986,2024-01-22 20:46:00,S006,C002387,store
O0001987,2024-01-22 18:25:00,S024,C001778,store
O0001988,2024-01-22 16:49:00,S028,C001622,store
O0001989,2024-01-22 16:51:00,S009,C001201,store
O0001990,2024-01-22 19:14:00,S002,C000609,store
O0001991,2024-01-22 11:12:00,S008,C001841,ecom
O0001992,2024-01-22 14:14:00,S015,C000740,store
O0001993,2024-01-22 09:26:00,S003,C001551,store
O0001994,2024-01-22 12:43:00,S011,C000242,ecom
O0001995,2024-01-22 15:27:00,S018,C002111,store
O0001996,2024-01-22 17:14:00,S015,C001979,ecom
O0001997,2024-01-22 11:08:00,S006,C000419,store
O0001998,2024-01-22 20:11:00,S016,C001082,store
O0001999,2024-01-22 19:48:00,S026,C001700,store
O0002000,2024-01-22 12:35:00,S029,C000108,store
O0002001,2024-01-22 13:20:00,S022,C002260,ecom
O0002002,2024-01-22 17:38:00,S027,C001491,store
O0002003,2024-01-22 14:55:00,S008,C001593,store
O0002004,2024-01-22 16:36:00,S024,C001958,store
O0002005,2024-01-22 09:48:00,S019,C001052,ecom
O0002006,2024-01-22 09:34:00,S020,C001650,store
O0002007,2024-01-22 14:15:00,S015,C001081,ecom
O0002008,2024-01-22 14:00:00,S001,C001833,store
O0002009,2024-01-22 17:59:00,S020,C001543,store
O0002010,2024-01-22 09:20:00,S016,C001273,store
O0002011,2024-01-22 09:01:00,S006,C001312,store
O0002012,2024-01-22 18:38:00,S001,C000901,ecom
O0002013,2024-01-22 10:24:00,S009,C000088,store
O0002014,2024-01-22 20:31:00,S007,C001350,store
O0002015,2024-01-22 19:46:00,S006,C001895,ecom
O0002016,2024-01-22 10:48:00,S007,C002296,ecom
O0002017,2024-01-22 19:57:00,S011,C001402,store
O0002018,2024-01-22 12:01:00,S013,C002018,store
O0002019,2024-01-22 09:35:00,S003,C002327,store
O0002020,2024-01-22 10:52:00,S016,C000921,store
O0002021,2024-01-22 09:16:00,S004,C000499,store
O0002022,2024-01-22 20:05:00,S017,C000404,ecom
O0002023,2024-01-22 12:22:00,S006,C000803,store
O0002024,2024-01-22 15:21:00,S002,C001800,store
O0002025,2024-01-22 15:05:00,S017,C000384,ecom
O0002026,2024-01-22 19:23:00,S002,C000901,store
O0002027,2024-01-22 14:39:00,S018,C001963,ecom
O0002028,2024-01-22 12:57:00,S029,C000433,store
O0002029,2024-01-22 12:51:00,S027,C002495,store
O0002030,2024-01-22 12:36:00,S020,C001997,ecom
O0002031,2024-01-22 09:38:00,S006,C001464,store
O0002032,2024-01-22 11:18:00,S026,C000958,ecom
O0002033,2024-01-22 13:07:00,S015,C000452,store
O0002034,2024-01-22 12:09:00,S005,C001141,ecom
O0002035,2024-01-22 17:16:00,S022,C001560,store
O0002036,2024-01-22 10:51:00,S023,C001180,ecom
O0002037,2024-01-22 15:02:00,S021,C001587,store
O0002038,2024-01-22 10:10:00,S021,C001502,store
O0002039,2024-01-22 09:54:00,S025,C000493,store
O0002040,2024-01-22 16:41:00,S007,C002418,ecom
O0002041,2024-01-22 19:22:00,S017,C000237,ecom
O0002042,2024-01-22 10:24:00,S018,C000841,store
O0002043,2024-01-22 17:59:00,S009,C001951,store
O0002044,2024-01-22 18:47:00,S006,C000194,store
O0002045,2024-01-22 15:25:00,S002,C002060,store
O0002046,2024-01-22 13:53:00,S006,C002096,store
O0002047,2024-01-22 12:50:00,S015,C000210,store
O0002048,2024-01-22 15:40:00,S007,C000484,store
O0002049,2024-01-22 11:43:00,S012,C002119,store
O0002050,2024-01-22 13:12:00,S001,C002077,ecom
O0002051,2024-01-22 18:30:00,S027,C000173,store
O0002052,2024-01-22 16:45:00,S020,C000449,store
O0002053,2024-01-22 17:51:00,S015,C001036,store
O0002054,2024-01-22 15:17:00,S027,C002483,store
O0002055,2024-01-22 14:17:00,S001,C001475,ecom
O0002056,2024-01-22 18:41:00,S020,C001434,ecom
O0002057,2024-01-22 09:28:00,S008,C000182,store
O0002058,2024-01-22 14:33:00,S016,C000421,store
O0002059,2024-01-22 13:52:00,S029,C001857,store
O0002060,2024-01-22 17:39:00,S010,C001182,store
O0002061,2024-01-22 15:46:00,S009,C000502,ecom
O0002062,2024-01-22 16:23:00,S014,C002156,store
O0002063,2024-01-23 09:49:00,S010,C000293,store
O0002064,2024-01-23 11:22:00,S018,C002224,store
O0002065,2024-01-23 09:04:00,S023,C000330,ecom
O0002066,2024-01-23 13:42:00,S001,C002273,store
O0002067,2024-01-23 16:49:00,S022,C001449,store
O0002068,2024-01-23 18:35:00,S012,C001830,ecom
O0002069,2024-01-23 18:58:00,S017,C000502,store
O0002070,2024-01-23 10:27:00,S005,C002002,store
O0002071,2024-01-23 16:27:00,S027,C000350,store
O0002072,2024-01-23 19:17:00,S013,C001426,store
O0002073,2024-01-23 11:06:00,S028,C000980,store
O0002074,2024-01-23 12:24:00,S028,C000127,store
O0002075,2024-01-23 20:10:00,S021,C000916,store
O0002076,2024-01-23 13:18:00,S006,C002122,store
O0002077,2024-01-23 14:53:00,S028,C000783,ecom
O0002078,2024-01-23 16:00:00,S017,C001709,ecom
O0002079,2024-01-23 20:20:00,S014,C000502,store
O0002080,2024-01-23 16:40:00,S006,C001262,ecom
O0002081,2024-01-23 09:19:00,S026,C001812,store
O0002082,2024-01-23 14:48:00,S022,C002015,store
O0002083,2024-01-23 17:18:00,S003,C001790,store
O0002084,2024-01-23 16:40:00,S025,C001853,ecom
O0002085,2024-01-23 14:20:00,S027,C000004,store
O0002086,2024-01-23 16:28:00,S017,C000310,store
O0002087,2024-01-23 17:48:00,S027,C001706,ecom
O0002088,2024-01-23 09:49:00,S012,C000153,ecom
O0002089,2024-01-23 14:55:00,S015,C002485,store
O0002090,2024-01-23 11:43:00,S022,C002406,store
O0002091,2024-01-23 14:10:00,S016,C001465,store
O0002092,2024-01-23 18:18:00,S024,C002286,store
O0002093,2024-01-23 10:00:00,S004,C000939,store
O0002094,2024-01-23 18:52:00,S025,C001971,ecom
O0002095,2024-01-23 14:16:00,S028,C001619,ecom
O0002096,2024-01-23 09:46:00,S002,C000753,store
O0002097,2024-01-23 18:05:00,S024,C001848,ecom
O0002098,2024-01-23 17:03:00,S004,C000442,store
O0002099,2024-01-23 17:18:00,S029,C002454,store
O0002100,2024-01-23 14:51:00,S008,C001210,ecom
O0002101,2024-01-23 09:24:00,S014,C000547,store
O0002102,2024-01-23 11:19:00,S018,C000945,store
O0002103,2024-01-23 20:44:00,S029,C000938,store
O0002104,2024-01-23 12:05:00,S014,C002389,store
O0002105,2024-01-23 19:38:00,S009,C001682,ecom
O0002106,2024-01-23 11:38:00,S002,C002412,store
O0002107,2024-01-23 17:11:00,S030,C001076,ecom
O0002108,2024-01-23 18:55:00,S026,C000944,ecom
O0002109,2024-01-23 10:56:00,S014,C000670,store
O0002110,2024-01-23 20:47:00,S019,C000529,store
O0002111,2024-01-23 17:16:00,S017,C000653,store
O0002112,2024-01-23 10:19:00,S009,C001671,store
O0002113,2024-01-23 14:23:00,S029,C002277,store
O0002114,2024-01-23 16:52:00,S019,C000847,ecom
O0002115,2024-01-23 15:59:00,S011,C000693,store
O0002116,2024-01-23 12:09:00,S004,C002208,store
O0002117,2024-01-23 19:13:00,S008,C001779,store
O0002118,2024-01-23 12:39:00,S030,C000600,store
O0002119,2024-01-23 17:07:00,S003,C000043,store
O0002120,2024-01-23 19:24:00,S029,C000986,store
O0002121,2024-01-23 11:02:00,S004,C000070,ecom
O0002122,2024-01-23 17:04:00,S027,C000251,store
O0002123,2024-01-23 15:47:00,S019,C001401,store
O0002124,2024-01-23 10:16:00,S019,C000072,store
O0002125,2024-01-23 11:02:00,S006,C000426,store
O0002126,2024-01-23 14:50:00,S030,C001115,store
O0002127,2024-01-23 09:58:00,S009,C001274,ecom
O0002128,2024-01-23 19:14:00,S022,C000261,ecom
O0002129,2024-01-23 19:45:00,S019,C002109,ecom
O0002130,2024-01-23 19:27:00,S002,C001547,store
O0002131,2024-01-23 16:09:00,S013,C001888,store
O0002132,2024-01-23 17:02:00,S024,C001677,ecom
O0002133,2024-01-23 19:08:00,S010,C000896,store
O0002134,2024-01-23 16:55:00,S013,C001824,ecom
O0002135,2024-01-23 09:55:00,S028,C000063,store
O0002136,2024-01-23 10:45:00,S011,C001782,store
O0002137,2024-01-23 17:05:00,S023,C000670,store
O0002138,2024-01-23 16:13:00,S026,C000127,store
O0002139,2024-01-23 14:00:00,S006,C000123,store
O0002140,2024-01-23 15:18:00,S017,C000563,ecom
O0002141,2024-01-23 17:25:00,S002,C001738,store
O0002142,2024-01-23 18:41:00,S009,C000345,ecom
O0002143,2024-01-23 09:59:00,S023,C001183,ecom
O0002144,2024-01-24 19:28:00,S020,C000767,ecom
O0002145,2024-01-24 18:45:00,S017,C000594,store
O0002146,2024-01-24 15:15:00,S030,C000066,store
O0002147,2024-01-24 12:08:00,S017,C001536,ecom
O0002148,2024-01-24 12:31:00,S018,C001362,ecom
O0002149,2024-01-24 19:11:00,S030,C002405,store
O0002150,2024-01-24 17:00:00,S010,C002449,store
O0002151,2024-01-24 14:53:00,S003,C001058,ecom
O0002152,2024-01-24 13:35:00,S022,C000420,ecom
O0002153,2024-01-24 17:28:00,S005,C000839,ecom
O0002154,2024-01-24 19:49:00,S019,C000646,store
O0002155,2024-01-24 17:21:00,S027,C000132,store
O0002156,2024-01-24 18:45:00,S023,C000650,ecom
O0002157,2024-01-24 13:38:00,S019,C001504,store
O0002158,2024-01-24 13:32:00,S014,C000908,ecom
O0002159,2024-01-24 16:44:00,S015,C001093,ecom
O0002160,2024-01-24 14:06:00,S027,C001851,ecom
O0002161,2024-01-24 16:23:00,S018,C001955,store
O0002162,2024-01-24 15:21:00,S002,C001094,store
O0002163,2024-01-24 18:15:00,S009,C000427,store
O0002164,2024-01-24 10:53:00,S010,C001710,store
O0002165,2024-01-24 13:27:00,S030,C001383,ecom
O0002166,2024-01-24 17:48:00,S020,C000312,store
O0002167,2024-01-24 18:26:00,S012,C002424,ecom
O0002168,2024-01-24 12:13:00,S019,C001424,store
O0002169,2024-01-24 09:59:00,S029,C001934,store
O0002170,2024-01-24 14:40:00,S019,C000351,ecom
O0002171,2024-01-24 12:36:00,S007,C000268,store
O0002172,2024-01-24 19:25:00,S029,C000199,store
O0002173,2024-01-24 17:04:00,S013,C001414,store
O0002174,2024-01-24 09:40:00,S013,C000088,store
O0002175,2024-01-24 09:04:00,S012,C000889,store
O0002176,2024-01-24 20:34:00,S002,C001484,store
O0002177,2024-01-24 15:49:00,S028,C002389,ecom
O0002178,2024-01-24 20:03:00,S004,C000149,store
O0002179,2024-01-24 10:10:00,S023,C002100,store
O0002180,2024-01-24 17:49:00,S009,C000071,ecom
O0002181,2024-01-24 09:33:00,S022,C002024,ecom
O0002182,2024-01-24 13:04:00,S027,C000358,ecom
O0002183,2024-01-24 11:32:00,S021,C001169,store
O0002184,2024-01-24 18:12:00,S012,C001410,store
O0002185,2024-01-24 10:01:00,S013,C002209,store
O0002186,2024-01-24 19:26:00,S013,C002233,ecom
O0002187,2024-01-24 15:16:00,S023,C001269,store
O0002188,2024-01-24 20:06:00,S028,C000470,store
O0002189,2024-01-24 09:26:00,S003,C000958,store
O0002190,2024-01-24 13:54:00,S028,C000350,ecom
O0002191,2024-01-24 10:57:00,S016,C001175,store
O0002192,2024-01-24 15:49:00,S030,C002362,store
O0002193,2024-01-24 16:27:00,S023,C000355,store
O0002194,2024-01-24 19:49:00,S012,C000858,store
O0002195,2024-01-24 12:36:00,S030,C002315,store
O0002196,2024-01-24 20:44:00,S030,C000852,store
O0002197,2024-01-24 10:13:00,S012,C000640,store
O0002198,2024-01-24 12:23:00,S029,C002428,store
O0002199,2024-01-24 19:07:00,S016,C000051,store
O0002200,2024-01-24 14:19:00,S004,C001343,store
O0002201,2024-01-24 09:05:00,S002,C002121,store
O0002202,2024-01-24 14:40:00,S003,C002150,store
O0002203,2024-01-24 19:29:00,S025,C000388,ecom
O0002204,2024-01-24 11:08:00,S015,C001719,store
O0002205,2024-01-24 13:21:00,S019,C001935,store
O0002206,2024-01-24 10:38:00,S002,C001402,store
O0002207,2024-01-25 20:27:00,S021,C000567,store
O0002208,2024-01-25 11:47:00,S009,C002173,ecom
O0002209,2024-01-25 19:22:00,S019,C002369,ecom
O0002210,2024-01-25 13:50:00,S030,C001041,store
O0002211,2024-01-25 14:23:00,S011,C000472,ecom
O0002212,2024-01-25 12:48:00,S028,C002377,store
O0002213,2024-01-25 11:09:00,S007,C000859,ecom
O0002214,2024-01-25 11:29:00,S026,C002126,store
O0002215,2024-01-25 17:19:00,S006,C000033,ecom
O0002216,2024-01-25 14:06:00,S010,C000226,store
O0002217,2024-01-25 09:13:00,S001,C002228,ecom
O0002218,2024-01-25 10:21:00,S006,C002167,ecom
O0002219,2024-01-25 09:29:00,S001,C002272,ecom
O0002220,2024-01-25 10:54:00,S013,C000663,store
O0002221,2024-01-25 19:48:00,S029,C002265,store
O0002222,2024-01-25 10:56:00,S024,C000414,store
O0002223,2024-01-25 17:26:00,S013,C002401,store
O0002224,2024-01-25 16:59:00,S004,C000228,ecom
O0002225,2024-01-25 18:11:00,S013,C002475,store
O0002226,2024-01-25 18:37:00,S029,C001822,ecom
O0002227,2024-01-25 20:49:00,S003,C002228,ecom
O0002228,2024-01-25 13:45:00,S027,C001451,store
O0002229,2024-01-25 12:21:00,S019,C000341,store
O0002230,2024-01-25 16:11:00,S003,C000868,store
O0002231,2024-01-25 19:16:00,S014,C002117,store
O0002232,2024-01-25 15:45:00,S002,C000405,store
O0002233,2024-01-25 09:17:00,S029,C000906,store
O0002234,2024-01-25 19:39:00,S008,C001597,store
O0002235,2024-01-25 09:38:00,S012,C000675,ecom
O0002236,2024-01-25 20:13:00,S020,C001391,ecom
O0002237,2024-01-25 14:50:00,S002,C000889,store
O0002238,2024-01-25 19:54:00,S013,C001395,ecom
O0002239,2024-01-25 13:21:00,S017,C001079,ecom
O0002240,2024-01-25 16:50:00,S012,C000957,ecom
O0002241,2024-01-25 15:48:00,S014,C002272,store
O0002242,2024-01-25 19:39:00,S020,C001894,store
O0002243,2024-01-25 16:38:00,S021,C002439,ecom
O0002244,2024-01-25 15:44:00,S008,C001253,ecom
O0002245,2024-01-25 15:46:00,S023,C002367,store
O0002246,2024-01-25 18:29:00,S010,C001114,store
O0002247,2024-01-25 13:07:00,S018,C000415,store
O0002248,2024-01-25 11:11:00,S028,C001367,ecom
O0002249,2024-01-25 19:07:00,S029,C000099,store
O0002250,2024-01-25 15:35:00,S021,C000344,ecom
O0002251,2024-01-25 10:55:00,S027,C001096,ecom
O0002252,2024-01-25 10:51:00,S014,C002098,ecom
O0002253,2024-01-25 11:14:00,S022,C001259,store
O0002254,2024-01-25 19:49:00,S030,C000551,ecom
O0002255,2024-01-25 16:21:00,S024,C001894,store
O0002256,2024-01-25 13:45:00,S030,C001574,store
O0002257,2024-01-25 20:56:00,S028,C000468,ecom
O0002258,2024-01-25 14:41:00,S012,C000418,store
O0002259,2024-01-25 10:25:00,S006,C001064,ecom
O0002260,2024-01-25 13:00:00,S006,C000809,ecom
O0002261,2024-01-25 20:07:00,S014,C001256,store
O0002262,2024-01-25 20:10:00,S010,C000312,store
O0002263,2024-01-25 14:05:00,S015,C000001,store
O0002264,2024-01-25 18:05:00,S002,C000318,store
O0002265,2024-01-25 19:36:00,S012,C002160,store
O0002266,2024-01-25 17:22:00,S008,C000988,store
O0002267,2024-01-25 14:00:00,S016,C001006,ecom
O0002268,2024-01-25 13:43:00,S005,C000274,store
O0002269,2024-01-25 11:27:00,S008,C001105,store
O0002270,2024-01-25 09:09:00,S004,C000260,ecom
O0002271,2024-01-25 20:30:00,S025,C002419,ecom
O0002272,2024-01-25 19:55:00,S022,C000644,store
O0002273,2024-01-25 16:22:00,S027,C002362,store
O0002274,2024-01-25 16:56:00,S013,C002230,store
O0002275,2024-01-25 17:18:00,S021,C001331,store
O0002276,2024-01-25 17:56:00,S011,C001178,ecom
O0002277,2024-01-25 20:38:00,S009,C002491,store
O0002278,2024-01-25 15:08:00,S021,C001055,ecom
O0002279,2024-01-25 13:23:00,S026,C000283,store
O0002280,2024-01-25 18:03:00,S017,C000125,ecom
O0002281,2024-01-25 10:02:00,S026,C000993,store
O0002282,2024-01-25 13:33:00,S022,C000968,store
O0002283,2024-01-25 10:01:00,S006,C001498,store
O0002284,2024-01-25 14:42:00,S001,C000610,store
O0002285,2024-01-25 19:59:00,S015,C002210,store
O0002286,2024-01-25 10:08:00,S005,C002457,store
O0002287,2024-01-25 09:43:00,S007,C002492,ecom
O0002288,2024-01-25 18:30:00,S010,C000071,store
O0002289,2024-01-25 13:21:00,S024,C001988,ecom
O0002290,2024-01-25 16:55:00,S030,C002474,ecom
O0002291,2024-01-25 14:12:00,S009,C001292,store
O0002292,2024-01-25 19:30:00,S018,C000713,store
O0002293,2024-01-25 20:51:00,S013,C000829,store
O0002294,2024-01-25 14:46:00,S006,C002202,store
O0002295,2024-01-25 19:30:00,S028,C000027,store
O0002296,2024-01-25 17:43:00,S008,C002415,store
O0002297,2024-01-25 17:02:00,S002,C000241,store
O0002298,2024-01-25 10:55:00,S005,C000748,store
O0002299,2024-01-25 10:32:00,S024,C000533,store
O0002300,2024-01-25 13:36:00,S027,C000468,store
O0002301,2024-01-25 15:26:00,S021,C002210,ecom
O0002302,2024-01-25 16:31:00,S004,C000301,ecom
O0002303,2024-01-25 20:46:00,S017,C001487,store
O0002304,2024-01-25 14:24:00,S009,C000655,store
O0002305,2024-01-25 19:03:00,S013,C000897,ecom
O0002306,2024-01-25 11:35:00,S012,C000825,ecom
O0002307,2024-01-25 13:29:00,S012,C002465,store
O0002308,2024-01-25 12:57:00,S018,C001579,store
O0002309,2024-01-25 11:05:00,S011,C000465,ecom
O0002310,2024-01-26 18:52:00,S017,C001537,store
O0002311,2024-01-26 10:23:00,S012,C000730,store
O0002312,2024-01-26 11:25:00,S009,C000477,store
O0002313,2024-01-26 12:10:00,S005,C002392,ecom
O0002314,2024-01-26 16:35:00,S029,C000967,store
O0002315,2024-01-26 10:34:00,S009,C000171,ecom
O0002316,2024-01-26 18:13:00,S006,C001765,ecom
O0002317,2024-01-26 19:17:00,S015,C001090,ecom
O0002318,2024-01-26 12:26:00,S011,C000106,store
O0002319,2024-01-26 16:08:00,S027,C002332,store
O0002320,2024-01-26 13:08:00,S002,C000676,store
O0002321,2024-01-26 11:34:00,S004,C001386,store
O0002322,2024-01-26 18:05:00,S020,C001030,ecom
O0002323,2024-01-26 12:59:00,S014,C002064,store
O0002324,2024-01-26 18:17:00,S018,C000855,store
O0002325,2024-01-26 09:56:00,S022,C000226,store
O0002326,2024-01-26 17:34:00,S007,C001738,store
O0002327,2024-01-26 13:25:00,S011,C002213,store
O0002328,2024-01-26 14:20:00,S026,C001357,store
O0002329,2024-01-26 11:29:00,S027,C000984,store
O0002330,2024-01-26 09:59:00,S017,C002076,store
O0002331,2024-01-26 13:56:00,S014,C000935,ecom
O0002332,2024-01-26 15:18:00,S026,C002030,store
O0002333,2024-01-26 12:44:00,S014,C001219,store
O0002334,2024-01-26 19:53:00,S002,C000570,store
O0002335,2024-01-26 09:20:00,S007,C001772,ecom
O0002336,2024-01-26 14:57:00,S029,C000276,ecom
O0002337,2024-01-26 16:35:00,S012,C000607,store
O0002338,2024-01-26 19:09:00,S012,C000813,store
O0002339,2024-01-26 19:43:00,S001,C002263,store
O0002340,2024-01-26 15:23:00,S008,C002277,store
O0002341,2024-01-26 12:29:00,S020,C001579,store
O0002342,2024-01-26 13:13:00,S009,C000532,store
O0002343,2024-01-26 14:03:00,S019,C001502,store
O0002344,2024-01-26 16:26:00,S008,C000581,store
O0002345,2024-01-26 09:49:00,S029,C001597,ecom
O0002346,2024-01-26 15:06:00,S016,C002037,ecom
O0002347,2024-01-26 19:51:00,S030,C000508,store
O0002348,2024-01-26 10:29:00,S027,C001198,store
O0002349,2024-01-26 11:06:00,S005,C000365,ecom
O0002350,2024-01-26 19:05:00,S007,C001304,ecom
O0002351,2024-01-26 17:07:00,S017,C000602,ecom
O0002352,2024-01-26 20:45:00,S029,C002164,store
O0002353,2024-01-26 15:41:00,S009,C002206,ecom
O0002354,2024-01-26 11:59:00,S021,C001721,store
O0002355,2024-01-26 16:07:00,S029,C000388,ecom
O0002356,2024-01-26 17:07:00,S021,C001095,store
O0002357,2024-01-26 19:57:00,S004,C001631,ecom
O0002358,2024-01-26 12:29:00,S010,C000885,store
O0002359,2024-01-26 13:01:00,S014,C001254,ecom
O0002360,2024-01-26 19:19:00,S002,C001094,store
O0002361,2024-01-26 18:34:00,S001,C002469,store
O0002362,2024-01-26 12:51:00,S013,C000134,ecom
O0002363,2024-01-26 19:26:00,S020,C001943,store
O0002364,2024-01-26 15:20:00,S019,C001717,store
O0002365,2024-01-26 17:32:00,S024,C000522,store
O0002366,2024-01-26 17:31:00,S024,C002299,store
O0002367,2024-01-26 18:06:00,S023,C000012,store
O0002368,2024-01-26 18:25:00,S015,C000270,store
O0002369,2024-01-26 16:04:00,S009,C001313,store
O0002370,2024-01-26 20:55:00,S023,C000347,store
O0002371,2024-01-26 11:49:00,S007,C000299,ecom
O0002372,2024-01-26 17:56:00,S011,C000461,ecom
O0002373,2024-01-26 09:30:00,S013,C001636,store
O0002374,2024-01-26 13:06:00,S007,C001467,ecom
O0002375,2024-01-26 10:28:00,S019,C001194,store
O0002376,2024-01-26 13:58:00,S016,C000348,store
O0002377,2024-01-26 12:37:00,S011,C000661,store
O0002378,2024-01-26 12:16:00,S002,C001878,store
O0002379,2024-01-26 15:09:00,S025,C000874,store
O0002380,2024-01-26 11:58:00,S029,C000283,store
O0002381,2024-01-26 15:15:00,S007,C000650,store
O0002382,2024-01-26 16:18:00,S012,C002370,ecom
O0002383,2024-01-26 14:07:00,S009,C000803,ecom
O0002384,2024-01-26 12:29:00,S021,C002016,store
O0002385,2024-01-26 19:48:00,S021,C001630,store
O0002386,2024-01-26 09:28:00,S011,C000775,store
O0002387,2024-01-26 18:51:00,S004,C000409,store
O0002388,2024-01-26 13:46:00,S003,C001897,store
O0002389,2024-01-26 12:19:00,S028,C000925,store
O0002390,2024-01-26 13:39:00,S029,C000565,store
O0002391,2024-01-26 09:22:00,S026,C000293,store
O0002392,2024-01-26 15:49:00,S006,C002090,ecom
O0002393,2024-01-26 14:55:00,S001,C001587,store
O0002394,2024-01-26 14:38:00,S015,C001245,ecom
O0002395,2024-01-26 16:07:00,S010,C001602,store
O0002396,2024-01-26 09:00:00,S014,C001243,store
O0002397,2024-01-26 12:24:00,S007,C002216,store
O0002398,2024-01-26 12:13:00,S015,C002126,ecom
O0002399,2024-01-26 09:46:00,S027,C001665,store
O0002400,2024-01-26 16:50:00,S006,C000033,store
O0002401,2024-01-26 13:57:00,S014,C002292,store
O0002402,2024-01-26 15:18:00,S018,C001888,ecom
O0002403,2024-01-26 09:16:00,S018,C000282,store
O0002404,2024-01-26 12:48:00,S009,C002402,store
O0002405,2024-01-26 13:28:00,S004,C000987,ecom
O0002406,2024-01-26 11:54:00,S013,C000994,store
O0002407,2024-01-26 17:55:00,S014,C002056,ecom
O0002408,2024-01-26 10:32:00,S018,C000166,store
O0002409,2024-01-26 19:21:00,S020,C000100,ecom
O0002410,2024-01-26 19:48:00,S011,C002196,store
O0002411,2024-01-27 10:19:00,S027,C001778,ecom
O0002412,2024-01-27 20:52:00,S024,C001239,ecom
O0002413,2024-01-27 19:44:00,S026,C001528,ecom
O0002414,2024-01-27 18:23:00,S023,C001280,store
O0002415,2024-01-27 17:30:00,S009,C000176,store
O0002416,2024-01-27 11:08:00,S003,C001967,store
O0002417,2024-01-27 12:37:00,S026,C002022,store
O0002418,2024-01-27 09:19:00,S016,C000314,store
O0002419,2024-01-27 15:13:00,S004,C002019,store
O0002420,2024-01-27 18:23:00,S018,C000799,store
O0002421,2024-01-27 12:36:00,S029,C000313,ecom
O0002422,2024-01-27 11:10:00,S030,C001080,ecom
O0002423,2024-01-27 14:29:00,S004,C000724,store
O0002424,2024-01-27 19:03:00,S029,C002210,store
O0002425,2024-01-27 18:20:00,S026,C000984,store
O0002426,2024-01-27 11:54:00,S011,C000992,store
O0002427,2024-01-27 09:36:00,S002,C001154,store
O0002428,2024-01-27 13:20:00,S029,C001860,ecom
O0002429,2024-01-27 14:35:00,S002,C002137,store
O0002430,2024-01-27 09:54:00,S014,C002319,store
O0002431,2024-01-27 16:29:00,S020,C001997,store
O0002432,2024-01-27 14:01:00,S018,C000069,ecom
O0002433,2024-01-27 13:17:00,S019,C002404,store
O0002434,2024-01-27 19:18:00,S003,C000089,store
O0002435,2024-01-27 11:48:00,S011,C002421,store
O0002436,2024-01-27 13:57:00,S018,C001569,store
O0002437,2024-01-27 09:42:00,S027,C000892,store
O0002438,2024-01-27 17:16:00,S010,C001208,store
O0002439,2024-01-27 16:15:00,S025,C000929,store
O0002440,2024-01-27 14:31:00,S012,C001382,store
O0002441,2024-01-27 13:52:00,S014,C000047,ecom
O0002442,2024-01-27 14:27:00,S029,C002247,store
O0002443,2024-01-27 09:38:00,S025,C001755,store
O0002444,2024-01-27 17:02:00,S003,C000248,store
O0002445,2024-01-27 14:58:00,S012,C000693,ecom
O0002446,2024-01-27 15:46:00,S025,C000731,store
O0002447,2024-01-27 19:39:00,S001,C001659,ecom
O0002448,2024-01-27 13:02:00,S028,C001670,ecom
O0002449,2024-01-27 18:57:00,S023,C001859,store
O0002450,2024-01-27 12:54:00,S019,C000434,store
O0002451,2024-01-27 11:23:00,S020,C001012,ecom
O0002452,2024-01-27 19:13:00,S030,C000783,store
O0002453,2024-01-27 11:03:00,S003,C001683,store
O0002454,2024-01-27 12:03:00,S005,C000470,ecom
O0002455,2024-01-27 10:42:00,S001,C001174,store
O0002456,2024-01-27 13:24:00,S013,C000880,ecom
O0002457,2024-01-27 12:33:00,S012,C002443,ecom
O0002458,2024-01-27 13:31:00,S024,C000882,ecom
O0002459,2024-01-27 10:26:00,S005,C001838,ecom
O0002460,2024-01-27 20:21:00,S006,C000436,store
O0002461,2024-01-27 11:40:00,S015,C001251,ecom
O0002462,2024-01-27 10:02:00,S016,C000566,store
O0002463,2024-01-27 13:52:00,S002,C001287,store
O0002464,2024-01-27 11:18:00,S003,C000736,ecom
O0002465,2024-01-27 12:17:00,S019,C000796,store
O0002466,2024-01-27 16:18:00,S022,C001812,ecom
O0002467,2024-01-27 11:44:00,S013,C000566,ecom
O0002468,2024-01-27 09:02:00,S006,C002228,store
O0002469,2024-01-27 12:57:00,S004,C000037,store
O0002470,2024-01-27 12:03:00,S029,C000738,ecom
O0002471,2024-01-27 16:59:00,S007,C000472,store
O0002472,2024-01-27 09:09:00,S012,C001029,store
O0002473,2024-01-27 15:44:00,S017,C000055,store
O0002474,2024-01-27 16:49:00,S008,C001716,ecom
O0002475,2024-01-27 09:08:00,S022,C002138,store
O0002476,2024-01-27 12:56:00,S004,C000422,store
O0002477,2024-01-27 18:15:00,S020,C000266,ecom
O0002478,2024-01-27 11:52:00,S026,C000581,store
O0002479,2024-01-27 15:12:00,S002,C002373,store
O0002480,2024-01-27 16:02:00,S027,C000365,store
O0002481,2024-01-27 13:06:00,S006,C001811,store
O0002482,2024-01-27 12:02:00,S014,C000010,store
O0002483,2024-01-27 12:19:00,S020,C002315,store
O0002484,2024-01-27 10:33:00,S010,C000893,ecom
O0002485,2024-01-27 09:17:00,S020,C000652,store
O0002486,2024-01-27 10:41:00,S002,C001027,store
O0002487,2024-01-27 15:09:00,S005,C000378,store
O0002488,2024-01-27 15:48:00,S010,C001023,store
O0002489,2024-01-27 16:12:00,S014,C001377,store
O0002490,2024-01-27 17:50:00,S028,C001978,store
O0002491,2024-01-27 17:55:00,S016,C000703,store
O0002492,2024-01-27 20:06:00,S018,C000634,store
O0002493,2024-01-27 16:01:00,S017,C000233,store
O0002494,2024-01-27 20:20:00,S012,C002082,ecom
O0002495,2024-01-27 13:02:00,S004,C001567,store
O0002496,2024-01-27 16:35:00,S010,C001767,ecom
O0002497,2024-01-27 18:26:00,S023,C001944,store
O0002498,2024-01-27 16:24:00,S030,C001327,store
O0002499,2024-01-27 09:39:00,S025,C000312,store
O0002500,2024-01-27 20:43:00,S001,C000732,store
O0002501,2024-01-27 09:34:00,S008,C000120,store
O0002502,2024-01-27 10:15:00,S005,C001722,store
O0002503,2024-01-27 14:36:00,S009,C000106,ecom
O0002504,2024-01-27 20:33:00,S030,C000663,store
O0002505,2024-01-27 10:39:00,S020,C000486,ecom
O0002506,2024-01-27 09:22:00,S026,C001119,store
O0002507,2024-01-27 12:26:00,S015,C001933,store
O0002508,2024-01-27 13:43:00,S025,C000584,ecom
O0002509,2024-01-27 18:44:00,S005,C000571,store
O0002510,2024-01-27 11:05:00,S003,C001612,ecom
O0002511,2024-01-27 15:05:00,S006,C000365,ecom
O0002512,2024-01-27 09:30:00,S025,C000816,store
O0002513,2024-01-27 13:23:00,S024,C000783,store
O0002514,2024-01-27 20:02:00,S012,C000409,store
O0002515,2024-01-27 19:48:00,S010,C000960,store
O0002516,2024-01-27 16:48:00,S007,C000525,ecom
O0002517,2024-01-27 18:32:00,S028,C000092,store
O0002518,2024-01-27 16:38:00,S030,C001785,ecom
O0002519,2024-01-27 10:50:00,S016,C000524,ecom
O0002520,2024-01-27 20:35:00,S029,C001709,store
O0002521,2024-01-27 14:55:00,S007,C000405,store
O0002522,2024-01-27 18:53:00,S009,C000823,store
O0002523,2024-01-27 15:53:00,S027,C001841,store
O0002524,2024-01-27 15:28:00,S029,C002206,store
O0002525,2024-01-27 14:25:00,S011,C000585,store
O0002526,2024-01-27 10:43:00,S026,C001427,store
O0002527,2024-01-28 12:28:00,S028,C001410,store
O0002528,2024-01-28 17:37:00,S002,C000243,store
O0002529,2024-01-28 10:16:00,S003,C001522,ecom
O0002530,2024-01-28 19:12:00,S026,C002340,store
O0002531,2024-01-28 15:16:00,S004,C002197,ecom
O0002532,2024-01-28 15:56:00,S007,C002253,store
O0002533,2024-01-28 09:14:00,S014,C002367,store
O0002534,2024-01-28 11:33:00,S027,C002119,ecom
O0002535,2024-01-28 15:15:00,S027,C001828,store
O0002536,2024-01-28 18:07:00,S026,C002315,ecom
O0002537,2024-01-28 20:50:00,S023,C000151,ecom
O0002538,2024-01-28 16:58:00,S013,C002239,store
O0002539,2024-01-28 09:37:00,S001,C000451,store
O0002540,2024-01-28 11:54:00,S020,C000459,store
O0002541,2024-01-28 18:23:00,S017,C002201,store
O0002542,2024-01-28 16:01:00,S010,C001782,store
O0002543,2024-01-28 12:48:00,S023,C002397,ecom
O0002544,2024-01-28 15:25:00,S005,C000314,store
O0002545,2024-01-28 16:20:00,S028,C001898,store
O0002546,2024-01-28 12:57:00,S005,C002098,store
O0002547,2024-01-28 12:30:00,S019,C000530,ecom
O0002548,2024-01-28 16:14:00,S001,C002459,ecom
O0002549,2024-01-28 20:27:00,S019,C001456,store
O0002550,2024-01-28 10:13:00,S023,C001927,store
O0002551,2024-01-28 13:33:00,S029,C001809,store
O0002552,2024-01-28 19:15:00,S003,C000330,store
O0002553,2024-01-28 19:43:00,S001,C000176,ecom
O0002554,2024-01-28 13:25:00,S016,C001980,ecom
O0002555,2024-01-28 15:34:00,S010,C002129,ecom
O0002556,2024-01-28 10:05:00,S021,C000859,ecom
O0002557,2024-01-28 13:59:00,S006,C002003,store
O0002558,2024-01-28 09:45:00,S013,C002385,ecom
O0002559,2024-01-28 14:44:00,S020,C002063,store
O0002560,2024-01-28 09:48:00,S004,C001972,store
O0002561,2024-01-28 18:02:00,S029,C001734,store
O0002562,2024-01-28 15:18:00,S005,C001299,ecom
O0002563,2024-01-28 17:06:00,S011,C000125,store
O0002564,2024-01-28 14:39:00,S022,C001450,ecom
O0002565,2024-01-28 18:16:00,S026,C002013,ecom
O0002566,2024-01-28 14:08:00,S004,C000885,ecom
O0002567,2024-01-28 13:51:00,S018,C001964,store
O0002568,2024-01-28 09:23:00,S012,C000272,ecom
O0002569,2024-01-28 10:23:00,S010,C001508,ecom
O0002570,2024-01-28 11:34:00,S023,C000729,store
O0002571,2024-01-28 12:30:00,S006,C001379,store
O0002572,2024-01-28 16:30:00,S014,C001148,store
O0002573,2024-01-28 11:15:00,S029,C001080,store
O0002574,2024-01-28 12:47:00,S006,C000354,store
O0002575,2024-01-28 10:06:00,S011,C000318,ecom
O0002576,2024-01-28 14:51:00,S027,C002034,store
O0002577,2024-01-28 09:10:00,S011,C001710,ecom
O0002578,2024-01-28 13:56:00,S024,C001584,ecom
O0002579,2024-01-28 17:17:00,S026,C001593,store
O0002580,2024-01-28 19:12:00,S004,C002009,store
O0002581,2024-01-28 10:05:00,S018,C000948,store
O0002582,2024-01-28 15:29:00,S004,C002133,store
O0002583,2024-01-28 09:10:00,S030,C001708,ecom
O0002584,2024-01-28 11:19:00,S018,C002248,store
O0002585,2024-01-28 18:51:00,S005,C002276,ecom
O0002586,2024-01-28 09:30:00,S009,C002006,ecom
O0002587,2024-01-28 09:53:00,S010,C000971,store
O0002588,2024-01-28 14:05:00,S021,C000285,store
O0002589,2024-01-28 15:55:00,S028,C001849,ecom
O0002590,2024-01-28 09:56:00,S004,C000028,store
O0002591,2024-01-28 19:39:00,S006,C000372,store
O0002592,2024-01-28 10:04:00,S002,C000094,ecom
O0002593,2024-01-28 17:24:00,S001,C000308,ecom
O0002594,2024-01-28 10:51:00,S014,C001916,ecom
O0002595,2024-01-28 15:03:00,S004,C001093,ecom
O0002596,2024-01-28 09:53:00,S023,C000463,ecom
O0002597,2024-01-28 13:09:00,S018,C002030,store
O0002598,2024-01-28 15:41:00,S029,C001837,store
O0002599,2024-01-28 10:50:00,S026,C000486,store
O0002600,2024-01-28 17:28:00,S009,C001689,ecom
O0002601,2024-01-28 19:35:00,S010,C000708,ecom
O0002602,2024-01-28 14:03:00,S017,C000809,store
O0002603,2024-01-28 17:52:00,S008,C000736,store
O0002604,2024-01-28 09:25:00,S026,C001275,store
O0002605,2024-01-28 09:02:00,S015,C000537,store
O0002606,2024-01-28 20:15:00,S001,C002453,store
O0002607,2024-01-28 15:45:00,S028,C001667,store
O0002608,2024-01-28 15:59:00,S005,C000954,store
O0002609,2024-01-28 09:10:00,S008,C001966,ecom
O0002610,2024-01-28 10:18:00,S030,C000782,store
O0002611,2024-01-28 12:09:00,S013,C000561,ecom
O0002612,2024-01-28 17:32:00,S008,C001433,ecom
O0002613,2024-01-28 20:34:00,S028,C001662,ecom
O0002614,2024-01-28 15:19:00,S001,C002213,store
O0002615,2024-01-28 12:17:00,S016,C001948,store
O0002616,2024-01-28 11:38:00,S028,C000611,store
O0002617,2024-01-28 20:42:00,S017,C000373,store
O0002618,2024-01-28 19:27:00,S020,C002223,store
O0002619,2024-01-28 10:47:00,S010,C000231,ecom
O0002620,2024-01-28 13:40:00,S026,C000857,store
O0002621,2024-01-28 16:28:00,S028,C002416,store
O0002622,2024-01-28 19:43:00,S012,C000233,store
O0002623,2024-01-28 19:21:00,S023,C000839,store
O0002624,2024-01-28 12:19:00,S022,C000374,ecom
O0002625,2024-01-28 19:56:00,S003,C002376,store
O0002626,2024-01-28 15:05:00,S011,C001926,ecom
O0002627,2024-01-28 15:16:00,S014,C000999,ecom
O0002628,2024-01-28 14:29:00,S027,C000960,store
O0002629,2024-01-28 11:25:00,S005,C001174,store
O0002630,2024-01-28 18:47:00,S018,C002044,store
O0002631,2024-01-28 18:30:00,S016,C001679,ecom
O0002632,2024-01-28 17:25:00,S026,C001200,store
O0002633,2024-01-28 12:32:00,S020,C000070,ecom
O0002634,2024-01-28 15:30:00,S007,C002063,store
O0002635,2024-01-28 19:41:00,S018,C001186,store
O0002636,2024-01-28 12:56:00,S003,C001434,ecom
O0002637,2024-01-28 17:31:00,S027,C001362,store
O0002638,2024-01-28 13:19:00,S005,C000404,store
O0002639,2024-01-28 09:58:00,S012,C000673,store
O0002640,2024-01-28 14:00:00,S015,C002141,ecom
O0002641,2024-01-28 20:36:00,S001,C001472,ecom
O0002642,2024-01-28 09:43:00,S024,C000540,store
O0002643,2024-01-28 20:32:00,S009,C001716,store
O0002644,2024-01-28 11:51:00,S018,C002075,store
O0002645,2024-01-28 16:35:00,S006,C000462,ecom
O0002646,2024-01-28 19:14:00,S019,C001784,ecom
O0002647,2024-01-28 09:13:00,S030,C000435,ecom
O0002648,2024-01-29 10:21:00,S009,C001712,ecom
O0002649,2024-01-29 13:44:00,S011,C000050,ecom
O0002650,2024-01-29 11:14:00,S006,C000459,store
O0002651,2024-01-29 12:03:00,S012,C002334,store
O0002652,2024-01-29 12:43:00,S006,C001209,ecom
O0002653,2024-01-29 18:08:00,S027,C001847,store
O0002654,2024-01-29 13:56:00,S022,C000732,store
O0002655,2024-01-29 18:41:00,S001,C001208,ecom
O0002656,2024-01-29 10:26:00,S014,C001556,ecom
O0002657,2024-01-29 19:38:00,S002,C001214,store
O0002658,2024-01-29 18:30:00,S006,C001628,store
O0002659,2024-01-29 12:09:00,S001,C000919,store
O0002660,2024-01-29 20:28:00,S001,C002190,store
O0002661,2024-01-29 18:00:00,S006,C001179,store
O0002662,2024-01-29 20:23:00,S009,C001088,store
O0002663,2024-01-29 12:29:00,S015,C000727,store
O0002664,2024-01-29 20:13:00,S022,C002440,store
O0002665,2024-01-29 17:35:00,S003,C000417,store
O0002666,2024-01-29 11:30:00,S019,C000508,ecom
O0002667,2024-01-29 14:21:00,S016,C001651,ecom
O0002668,2024-01-29 15:41:00,S014,C002483,ecom
O0002669,2024-01-29 11:18:00,S006,C001165,ecom
O0002670,2024-01-29 20:04:00,S023,C000953,store
O0002671,2024-01-29 12:00:00,S021,C001791,store
O0002672,2024-01-29 19:50:00,S029,C001843,ecom
O0002673,2024-01-29 17:04:00,S006,C002356,ecom
O0002674,2024-01-29 14:34:00,S005,C000640,store
O0002675,2024-01-29 14:17:00,S017,C001544,store
O0002676,2024-01-29 12:40:00,S012,C001477,ecom
O0002677,2024-01-29 13:55:00,S011,C000369,store
O0002678,2024-01-29 12:28:00,S019,C001759,ecom
O0002679,2024-01-29 14:04:00,S009,C001879,store
O0002680,2024-01-29 11:31:00,S023,C000137,store
O0002681,2024-01-29 12:16:00,S006,C000881,store
O0002682,2024-01-29 18:31:00,S010,C001252,ecom
O0002683,2024-01-29 18:44:00,S009,C000571,ecom
O0002684,2024-01-29 09:40:00,S022,C000286,ecom
O0002685,2024-01-29 19:29:00,S015,C001693,store
O0002686,2024-01-29 18:53:00,S020,C002086,store
O0002687,2024-01-29 14:20:00,S009,C001443,store
O0002688,2024-01-29 09:29:00,S011,C001059,store
O0002689,2024-01-29 09:47:00,S011,C000077,ecom
O0002690,2024-01-29 11:21:00,S015,C000225,store
O0002691,2024-01-29 14:45:00,S022,C002235,ecom
O0002692,2024-01-29 12:48:00,S009,C000830,ecom
O0002693,2024-01-29 14:22:00,S004,C001180,store
O0002694,2024-01-29 13:46:00,S001,C000123,ecom
O0002695,2024-01-29 14:13:00,S020,C000971,store
O0002696,2024-01-29 09:26:00,S005,C002390,store
O0002697,2024-01-29 17:39:00,S013,C000439,ecom
O0002698,2024-01-29 10:19:00,S016,C000952,store
O0002699,2024-01-29 19:47:00,S003,C001001,ecom
O0002700,2024-01-29 12:00:00,S011,C000446,store
O0002701,2024-01-29 14:41:00,S021,C001007,store
O0002702,2024-01-29 12:33:00,S008,C000426,store
O0002703,2024-01-29 17:24:00,S020,C001981,ecom
O0002704,2024-01-29 10:14:00,S002,C001497,store
O0002705,2024-01-29 12:33:00,S020,C000856,ecom
O0002706,2024-01-29 09:56:00,S012,C000168,store
O0002707,2024-01-29 19:42:00,S013,C000304,store
O0002708,2024-01-29 16:42:00,S013,C000447,store
O0002709,2024-01-29 18:38:00,S015,C001923,ecom
O0002710,2024-01-29 15:21:00,S027,C001487,store
O0002711,2024-01-29 20:17:00,S018,C001672,store
O0002712,2024-01-29 18:54:00,S016,C000223,store
O0002713,2024-01-29 12:20:00,S007,C002435,ecom
O0002714,2024-01-29 12:39:00,S023,C002268,ecom
O0002715,2024-01-29 20:09:00,S005,C000274,ecom
O0002716,2024-01-29 10:03:00,S015,C001353,store
O0002717,2024-01-29 13:03:00,S019,C000733,store
O0002718,2024-01-29 09:30:00,S024,C000840,ecom
O0002719,2024-01-29 11:15:00,S029,C001606,ecom
O0002720,2024-01-29 09:58:00,S018,C001744,store
O0002721,2024-01-29 14:44:00,S001,C001312,store
O0002722,2024-01-29 20:06:00,S005,C002419,store
O0002723,2024-01-29 12:05:00,S017,C001714,ecom
O0002724,2024-01-29 12:04:00,S030,C001442,ecom
O0002725,2024-01-29 12:58:00,S005,C001184,store
O0002726,2024-01-29 10:31:00,S030,C001298,store
O0002727,2024-01-29 09:42:00,S005,C000420,ecom
O0002728,2024-01-29 15:27:00,S030,C000607,ecom
O0002729,2024-01-29 09:28:00,S020,C001052,store
O0002730,2024-01-29 17:57:00,S011,C001842,ecom
O0002731,2024-01-29 20:58:00,S010,C001242,store
O0002732,2024-01-29 17:13:00,S011,C000789,store
O0002733,2024-01-29 20:33:00,S009,C000540,ecom
O0002734,2024-01-29 20:53:00,S010,C001980,store
O0002735,2024-01-30 19:58:00,S005,C000697,store
O0002736,2024-01-30 20:12:00,S003,C001894,ecom
O0002737,2024-01-30 14:49:00,S030,C001105,ecom
O0002738,2024-01-30 12:22:00,S021,C000736,store
O0002739,2024-01-30 20:23:00,S008,C001725,store
O0002740,2024-01-30 17:38:00,S001,C001942,ecom
O0002741,2024-01-30 11:16:00,S012,C002007,ecom
O0002742,2024-01-30 09:17:00,S020,C001925,ecom
O0002743,2024-01-30 12:08:00,S008,C002488,store
O0002744,2024-01-30 14:43:00,S026,C001990,store
O0002745,2024-01-30 10:13:00,S018,C001346,ecom
O0002746,2024-01-30 16:27:00,S007,C000595,store
O0002747,2024-01-30 10:09:00,S021,C000833,store
O0002748,2024-01-30 12:24:00,S011,C000084,ecom
O0002749,2024-01-30 11:13:00,S020,C001594,store
O0002750,2024-01-30 19:25:00,S001,C002181,store
O0002751,2024-01-30 18:31:00,S023,C002201,store
O0002752,2024-01-30 19:32:00,S004,C002176,ecom
O0002753,2024-01-30 09:47:00,S015,C001502,store
O0002754,2024-01-30 18:24:00,S019,C002385,store
O0002755,2024-01-30 17:49:00,S025,C000820,store
O0002756,2024-01-30 17:54:00,S022,C001520,ecom
O0002757,2024-01-30 09:02:00,S004,C002132,store
O0002758,2024-01-30 18:24:00,S013,C001916,store
O0002759,2024-01-30 15:07:00,S026,C001488,store
O0002760,2024-01-30 13:41:00,S014,C002058,ecom
O0002761,2024-01-30 12:32:00,S013,C000042,store
O0002762,2024-01-30 12:36:00,S004,C000345,store
O0002763,2024-01-30 13:52:00,S015,C000876,ecom
O0002764,2024-01-30 14:51:00,S030,C000757,store
O0002765,2024-01-30 11:34:00,S007,C002110,ecom
O0002766,2024-01-30 16:54:00,S014,C001569,store
O0002767,2024-01-30 15:44:00,S028,C001533,ecom
O0002768,2024-01-30 20:00:00,S024,C001186,ecom
O0002769,2024-01-30 15:38:00,S030,C002244,store
O0002770,2024-01-30 15:47:00,S007,C000662,store
O0002771,2024-01-30 19:35:00,S007,C001524,store
O0002772,2024-01-30 19:53:00,S024,C002412,store
O0002773,2024-01-30 17:43:00,S027,C001645,store
O0002774,2024-01-30 15:20:00,S007,C001370,ecom
O0002775,2024-01-30 10:44:00,S026,C000545,ecom
O0002776,2024-01-30 10:20:00,S030,C002322,ecom
O0002777,2024-01-30 16:17:00,S003,C001959,store
O0002778,2024-01-30 20:34:00,S012,C000680,store
O0002779,2024-01-30 12:42:00,S004,C000064,store
O0002780,2024-01-30 17:15:00,S021,C001264,ecom
O0002781,2024-01-30 12:15:00,S010,C000010,store
O0002782,2024-01-30 20:02:00,S002,C000240,ecom
O0002783,2024-01-30 17:19:00,S004,C000228,store
O0002784,2024-01-30 12:06:00,S023,C000242,ecom
O0002785,2024-01-30 15:50:00,S012,C000321,store
O0002786,2024-01-30 15:44:00,S015,C000959,store
O0002787,2024-01-30 17:26:00,S015,C001703,store
O0002788,2024-01-30 15:04:00,S024,C001399,store
O0002789,2024-01-30 13:47:00,S018,C002282,ecom
O0002790,2024-01-30 18:18:00,S020,C000595,store
O0002791,2024-01-30 09:54:00,S027,C000227,store
O0002792,2024-01-30 18:27:00,S016,C001684,ecom
O0002793,2024-01-30 17:46:00,S002,C000394,store
O0002794,2024-01-30 10:43:00,S026,C001195,store
O0002795,2024-01-30 14:15:00,S005,C000795,store
O0002796,2024-01-30 09:37:00,S030,C002402,store
O0002797,2024-01-30 14:14:00,S027,C000346,ecom
O0002798,2024-01-30 11:31:00,S003,C000131,ecom
O0002799,2024-01-30 14:21:00,S026,C000203,store
O0002800,2024-01-30 17:19:00,S011,C001104,ecom
O0002801,2024-01-30 13:03:00,S026,C002280,ecom
O0002802,2024-01-30 16:12:00,S014,C001056,store
O0002803,2024-01-30 17:18:00,S001,C000549,ecom
O0002804,2024-01-30 20:10:00,S007,C000585,ecom
O0002805,2024-01-30 15:26:00,S002,C002081,store
O0002806,2024-01-30 09:57:00,S003,C001876,store
O0002807,2024-01-30 11:24:00,S027,C002063,store
O0002808,2024-01-30 09:57:00,S030,C001746,ecom
O0002809,2024-01-30 15:07:00,S004,C000908,store
O0002810,2024-01-30 19:59:00,S018,C001446,store
O0002811,2024-01-30 15:33:00,S027,C000202,store
O0002812,2024-01-30 13:26:00,S023,C001760,store
O0002813,2024-01-30 13:19:00,S024,C001674,store
O0002814,2024-01-30 09:27:00,S021,C000587,store
O0002815,2024-01-30 15:50:00,S008,C001510,ecom
O0002816,2024-01-30 20:56:00,S014,C001832,store
O0002817,2024-01-30 13:18:00,S011,C000985,ecom
O0002818,2024-01-30 16:33:00,S011,C001069,store
O0002819,2024-01-30 19:54:00,S025,C002233,store
O0002820,2024-01-30 18:57:00,S008,C000443,store
O0002821,2024-01-30 13:51:00,S024,C000664,store
O0002822,2024-01-30 18:50:00,S025,C001937,ecom
O0002823,2024-01-30 19:27:00,S025,C000397,ecom
O0002824,2024-01-30 09:41:00,S002,C002302,store
O0002825,2024-01-30 09:14:00,S004,C000122,store
O0002826,2024-01-30 15:06:00,S030,C000744,store
O0002827,2024-01-30 16:00:00,S020,C001056,store
O0002828,2024-01-30 13:18:00,S012,C001066,store
O0002829,2024-01-30 14:24:00,S007,C002196,store
O0002830,2024-01-30 15:25:00,S007,C000156,store
O0002831,2024-01-30 13:52:00,S007,C001519,store
O0002832,2024-01-30 14:18:00,S023,C000447,ecom
O0002833,2024-01-30 20:56:00,S021,C001956,ecom
O0002834,2024-01-30 15:43:00,S006,C001504,ecom
O0002835,2024-01-30 13:48:00,S026,C001761,store
O0002836,2024-01-30 14:36:00,S005,C000242,ecom
O0002837,2024-01-30 14:29:00,S004,C001708,store
O0002838,2024-01-30 16:48:00,S029,C001610,store
O0002839,2024-01-30 09:14:00,S003,C001383,store
O0002840,2024-01-30 15:02:00,S024,C000687,store
O0002841,2024-01-30 10:01:00,S014,C001971,ecom
O0002842,2024-01-30 19:09:00,S029,C001019,store
O0002843,2024-01-30 10:09:00,S009,C001079,store
O0002844,2024-01-30 13:04:00,S003,C001441,ecom
O0002845,2024-01-30 13:05:00,S005,C001698,store
O0002846,2024-01-30 20:46:00,S023,C002180,store
O0002847,2024-01-30 12:30:00,S014,C000572,ecom
O0002848,2024-01-30 13:07:00,S028,C000201,ecom
O0002849,2024-01-30 16:28:00,S023,C000869,ecom
O0002850,2024-01-30 16:18:00,S010,C001016,store
O0002851,2024-01-30 11:54:00,S016,C001807,store
O0002852,2024-01-30 20:50:00,S008,C001168,store
O0002853,2024-01-30 20:34:00,S029,C002470,store
O0002854,2024-01-30 20:19:00,S014,C000325,ecom
O0002855,2024-01-30 09:21:00,S023,C002109,store
O0002856,2024-01-30 11:15:00,S003,C001993,store
O0002857,2024-01-30 09:28:00,S021,C000378,ecom
O0002858,2024-01-30 15:11:00,S006,C002453,store
O0002859,2024-01-30 11:12:00,S028,C001542,store
O0002860,2024-01-30 11:25:00,S008,C000138,store
O0002861,2024-01-30 09:38:00,S019,C001166,store
O0002862,2024-01-30 18:39:00,S008,C001255,store
O0002863,2024-01-30 18:17:00,S028,C000563,store
O0002864,2024-01-30 14:13:00,S022,C000165,store
O0002865,2024-01-30 13:50:00,S030,C001250,store
O0002866,2024-01-30 12:18:00,S009,C001816,store
O0002867,2024-01-30 17:24:00,S021,C000910,ecom
O0002868,2024-01-31 15:21:00,S020,C001304,ecom
O0002869,2024-01-31 19:17:00,S011,C000127,ecom
O0002870,2024-01-31 16:48:00,S008,C001929,store
O0002871,2024-01-31 14:28:00,S024,C000912,store
O0002872,2024-01-31 15:15:00,S029,C000378,store
O0002873,2024-01-31 10:30:00,S021,C001948,ecom
O0002874,2024-01-31 15:18:00,S004,C002061,ecom
O0002875,2024-01-31 20:06:00,S027,C001283,store
O0002876,2024-01-31 19:14:00,S004,C002394,ecom
O0002877,2024-01-31 12:43:00,S023,C000964,ecom
O0002878,2024-01-31 18:04:00,S010,C001269,store
O0002879,2024-01-31 14:36:00,S028,C000860,store
O0002880,2024-01-31 10:10:00,S007,C000054,store
O0002881,2024-01-31 13:04:00,S009,C001409,store
O0002882,2024-01-31 14:03:00,S006,C001284,store
O0002883,2024-01-31 14:03:00,S004,C001323,store
O0002884,2024-01-31 20:57:00,S024,C002256,store
O0002885,2024-01-31 11:13:00,S007,C000459,store
O0002886,2024-01-31 11:00:00,S013,C000888,store
O0002887,2024-01-31 20:32:00,S002,C001022,ecom
O0002888,2024-01-31 18:45:00,S029,C002433,store
O0002889,2024-01-31 19:43:00,S016,C000778,store
O0002890,2024-01-31 17:34:00,S024,C001935,store
O0002891,2024-01-31 16:03:00,S003,C001725,store
O0002892,2024-01-31 14:14:00,S018,C000958,store
O0002893,2024-01-31 18:31:00,S017,C002097,store
O0002894,2024-01-31 19:30:00,S002,C001984,store
O0002895,2024-01-31 12:34:00,S023,C000683,ecom
O0002896,2024-01-31 09:51:00,S021,C000545,ecom
O0002897,2024-01-31 16:42:00,S024,C001463,store
O0002898,2024-01-31 12:44:00,S015,C000712,ecom
O0002899,2024-01-31 19:54:00,S003,C002303,store
O0002900,2024-01-31 13:55:00,S004,C000013,store
O0002901,2024-01-31 15:52:00,S015,C000381,store
O0002902,2024-01-31 11:54:00,S017,C001430,store
O0002903,2024-01-31 12:09:00,S025,C002499,store
O0002904,2024-01-31 15:25:00,S018,C000351,ecom
O0002905,2024-01-31 13:52:00,S007,C002189,ecom
O0002906,2024-01-31 14:41:00,S021,C002379,store
O0002907,2024-01-31 09:05:00,S013,C000084,ecom
O0002908,2024-01-31 19:45:00,S030,C002224,store
O0002909,2024-01-31 20:22:00,S026,C001035,store
O0002910,2024-01-31 17:31:00,S018,C001315,store
O0002911,2024-01-31 10:05:00,S008,C000083,store
O0002912,2024-01-31 14:13:00,S016,C002356,ecom
O0002913,2024-01-31 12:57:00,S002,C000680,store
O0002914,2024-01-31 19:34:00,S026,C000802,store
O0002915,2024-01-31 20:51:00,S027,C002272,store
O0002916,2024-01-31 11:46:00,S030,C001770,store
O0002917,2024-01-31 10:59:00,S009,C001194,ecom
O0002918,2024-01-31 16:01:00,S007,C000204,store
O0002919,2024-01-31 17:07:00,S023,C002220,ecom
O0002920,2024-01-31 09:02:00,S025,C002223,store
O0002921,2024-01-31 17:19:00,S015,C001428,store
O0002922,2024-01-31 12:11:00,S007,C000251,store
O0002923,2024-01-31 10:01:00,S014,C001612,ecom
O0002924,2024-01-31 17:21:00,S029,C001568,store
O0002925,2024-01-31 20:38:00,S002,C002214,ecom
O0002926,2024-01-31 14:58:00,S017,C001075,store
O0002927,2024-01-31 20:43:00,S030,C000700,store
O0002928,2024-01-31 12:27:00,S014,C000456,store
O0002929,2024-01-31 18:06:00,S017,C001854,ecom
O0002930,2024-01-31 12:28:00,S005,C000939,ecom
O0002931,2024-01-31 16:03:00,S023,C000713,ecom
O0002932,2024-01-31 14:11:00,S028,C000371,store
O0002933,2024-01-31 14:12:00,S006,C000555,store
O0002934,2024-01-31 16:38:00,S006,C001666,store
O0002935,2024-01-31 19:41:00,S018,C001259,store
O0002936,2024-01-31 17:58:00,S005,C000375,ecom
O0002937,2024-01-31 19:40:00,S021,C000121,ecom
O0002938,2024-01-31 12:11:00,S011,C001830,ecom
O0002939,2024-01-31 11:09:00,S012,C001780,store
O0002940,2024-01-31 11:31:00,S018,C001468,store
O0002941,2024-01-31 09:36:00,S030,C001563,ecom
O0002942,2024-01-31 19:39:00,S029,C001469,ecom
O0002943,2024-01-31 17:18:00,S017,C000586,store
O0002944,2024-01-31 17:11:00,S012,C001238,store
O0002945,2024-01-31 10:05:00,S010,C002219,ecom
O0002946,2024-01-31 18:11:00,S023,C001047,store
O0002947,2024-01-31 17:05:00,S022,C001638,store
O0002948,2024-01-31 20:21:00,S024,C001605,store
O0002949,2024-01-31 17:36:00,S030,C000200,store
O0002950,2024-01-31 11:22:00,S027,C001919,ecom
O0002951,2024-01-31 09:37:00,S005,C001386,ecom
O0002952,2024-01-31 16:22:00,S015,C002454,store
O0002953,2024-02-01 09:02:00,S027,C002031,store
O0002954,2024-02-01 10:57:00,S007,C000783,store
O0002955,2024-02-01 15:08:00,S013,C002231,store
O0002956,2024-02-01 18:12:00,S026,C002412,ecom
O0002957,2024-02-01 12:29:00,S010,C000600,store
O0002958,2024-02-01 11:16:00,S013,C001069,store
O0002959,2024-02-01 14:42:00,S013,C001949,store
O0002960,2024-02-01 18:11:00,S023,C002190,ecom
O0002961,2024-02-01 20:20:00,S013,C000818,ecom
O0002962,2024-02-01 15:14:00,S020,C000636,store
O0002963,2024-02-01 15:02:00,S025,C001558,ecom
O0002964,2024-02-01 17:05:00,S014,C001143,store
O0002965,2024-02-01 17:34:00,S027,C000272,ecom
O0002966,2024-02-01 15:01:00,S026,C000465,ecom
O0002967,2024-02-01 15:11:00,S014,C000503,store
O0002968,2024-02-01 20:18:00,S013,C001637,store
O0002969,2024-02-01 12:45:00,S027,C000290,store
O0002970,2024-02-01 16:00:00,S007,C000017,ecom
O0002971,2024-02-01 14:08:00,S005,C000815,ecom
O0002972,2024-02-01 10:58:00,S012,C000875,store
O0002973,2024-02-01 18:07:00,S026,C000686,ecom
O0002974,2024-02-01 09:48:00,S025,C000572,ecom
O0002975,2024-02-01 16:56:00,S017,C000908,store
O0002976,2024-02-01 09:59:00,S014,C000348,ecom
O0002977,2024-02-01 19:35:00,S030,C002076,ecom
O0002978,2024-02-01 18:16:00,S026,C000235,store
O0002979,2024-02-01 13:01:00,S024,C001651,store
O0002980,2024-02-01 17:58:00,S027,C000901,store
O0002981,2024-02-01 20:33:00,S028,C000241,store
O0002982,2024-02-01 10:47:00,S006,C000648,store
O0002983,2024-02-01 11:45:00,S024,C002302,store
O0002984,2024-02-01 19:10:00,S013,C002430,store
O0002985,2024-02-01 14:36:00,S020,C002009,ecom
O0002986,2024-02-01 17:21:00,S006,C000578,store
O0002987,2024-02-01 18:45:00,S024,C001915,ecom
O0002988,2024-02-01 19:08:00,S030,C001354,ecom
O0002989,2024-02-01 09:39:00,S009,C000734,ecom
O0002990,2024-02-01 20:13:00,S007,C002424,store
O0002991,2024-02-01 17:39:00,S024,C000068,ecom
O0002992,2024-02-01 19:46:00,S012,C002360,store
O0002993,2024-02-01 20:29:00,S002,C000277,store
O0002994,2024-02-01 18:29:00,S023,C002125,store
O0002995,2024-02-01 15:25:00,S005,C000059,ecom
O0002996,2024-02-01 12:08:00,S021,C001411,ecom
O0002997,2024-02-01 10:05:00,S014,C000798,store
O0002998,2024-02-01 18:39:00,S028,C001455,ecom
O0002999,2024-02-01 09:19:00,S011,C000746,ecom
O0003000,2024-02-01 16:51:00,S022,C000641,ecom
O0003001,2024-02-01 19:32:00,S028,C000446,store
O0003002,2024-02-01 17:24:00,S002,C000860,store
O0003003,2024-02-01 12:56:00,S021,C001776,store
O0003004,2024-02-01 16:10:00,S005,C001546,store
O0003005,2024-02-01 09:54:00,S020,C000906,ecom
O0003006,2024-02-01 11:29:00,S023,C000223,store
O0003007,2024-02-01 09:41:00,S008,C001316,store
O0003008,2024-02-01 10:03:00,S013,C000659,store
O0003009,2024-02-01 10:24:00,S019,C000157,store
O0003010,2024-02-01 20:17:00,S011,C001664,ecom
O0003011,2024-02-01 14:27:00,S011,C001546,store
O0003012,2024-02-01 13:31:00,S024,C002330,store
O0003013,2024-02-01 15:32:00,S025,C000110,ecom
O0003014,2024-02-01 19:12:00,S016,C000124,store
O0003015,2024-02-01 13:37:00,S006,C000983,store
O0003016,2024-02-01 12:45:00,S015,C001252,store
O0003017,2024-02-01 10:51:00,S027,C000481,ecom
O0003018,2024-02-01 17:21:00,S024,C000251,store
O0003019,2024-02-01 13:08:00,S006,C000921,ecom
O0003020,2024-02-01 11:08:00,S024,C000417,ecom
O0003021,2024-02-01 16:44:00,S011,C001541,store
O0003022,2024-02-01 17:18:00,S025,C001994,store
O0003023,2024-02-01 16:06:00,S021,C001126,ecom
O0003024,2024-02-01 13:41:00,S025,C000995,store
O0003025,2024-02-01 15:20:00,S011,C001022,store
O0003026,2024-02-01 12:05:00,S001,C000550,store
O0003027,2024-02-01 12:31:00,S004,C001593,store
O0003028,2024-02-01 19:42:00,S011,C002209,store
O0003029,2024-02-02 09:41:00,S009,C001841,ecom
O0003030,2024-02-02 13:49:00,S011,C000490,store
O0003031,2024-02-02 13:12:00,S021,C001239,store
O0003032,2024-02-02 11:07:00,S012,C000152,store
O0003033,2024-02-02 19:30:00,S009,C001534,store
O0003034,2024-02-02 11:38:00,S006,C001954,store
O0003035,2024-02-02 13:08:00,S021,C000705,ecom
O0003036,2024-02-02 20:39:00,S026,C002235,store
O0003037,2024-02-02 14:08:00,S020,C000773,store
O0003038,2024-02-02 12:24:00,S010,C000545,ecom
O0003039,2024-02-02 18:44:00,S025,C001689,store
O0003040,2024-02-02 10:17:00,S003,C001066,store
O0003041,2024-02-02 11:44:00,S029,C001472,store
O0003042,2024-02-02 12:48:00,S022,C001789,store
O0003043,2024-02-02 14:11:00,S014,C000744,store
O0003044,2024-02-02 14:49:00,S016,C000602,store
O0003045,2024-02-02 12:28:00,S029,C001263,store
O0003046,2024-02-02 18:55:00,S018,C001511,store
O0003047,2024-02-02 10:31:00,S011,C002337,store
O0003048,2024-02-02 20:05:00,S021,C002128,ecom
O0003049,2024-02-02 19:31:00,S020,C002219,ecom
O0003050,2024-02-02 11:03:00,S028,C001219,store
O0003051,2024-02-02 13:49:00,S011,C000503,store
O0003052,2024-02-02 15:02:00,S018,C000145,store
O0003053,2024-02-02 15:31:00,S019,C000515,store
O0003054,2024-02-02 12:20:00,S023,C001052,store
O0003055,2024-02-02 17:50:00,S001,C001743,store
O0003056,2024-02-02 19:39:00,S015,C001748,ecom
O0003057,2024-02-02 18:33:00,S004,C001267,ecom
O0003058,2024-02-02 19:24:00,S021,C000550,ecom
O0003059,2024-02-02 11:09:00,S003,C000767,ecom
O0003060,2024-02-02 10:53:00,S004,C001176,store
O0003061,2024-02-02 10:44:00,S005,C001396,store
O0003062,2024-02-02 20:38:00,S022,C001053,ecom
O0003063,2024-02-02 13:07:00,S028,C002282,ecom
O0003064,2024-02-02 15:04:00,S009,C000537,store
O0003065,2024-02-02 13:35:00,S020,C001557,store
O0003066,2024-02-02 11:35:00,S007,C002372,ecom
O0003067,2024-02-02 16:42:00,S018,C002352,store
O0003068,2024-02-02 20:12:00,S015,C002223,ecom
O0003069,2024-02-02 15:57:00,S006,C001970,store
O0003070,2024-02-02 18:00:00,S029,C001608,store
O0003071,2024-02-02 20:12:00,S030,C001279,store
O0003072,2024-02-02 11:07:00,S018,C001326,ecom
O0003073,2024-02-02 09:51:00,S015,C002032,store
O0003074,2024-02-02 09:04:00,S014,C000191,store
O0003075,2024-02-02 12:37:00,S009,C000894,store
O0003076,2024-02-02 16:46:00,S012,C001049,store
O0003077,2024-02-02 14:15:00,S013,C000831,store
O0003078,2024-02-02 20:24:00,S016,C002455,ecom
O0003079,2024-02-02 09:20:00,S020,C001956,store
O0003080,2024-02-02 11:35:00,S019,C000855,store
O0003081,2024-02-02 10:05:00,S014,C001652,store
O0003082,2024-02-02 16:07:00,S018,C002193,store
O0003083,2024-02-02 15:26:00,S012,C001440,ecom
O0003084,2024-02-02 16:29:00,S004,C002409,store
O0003085,2024-02-02 14:40:00,S004,C001117,store
O0003086,2024-02-02 20:36:00,S025,C000244,store
O0003087,2024-02-02 17:52:00,S007,C000084,store
O0003088,2024-02-02 10:58:00,S029,C001610,store
O0003089,2024-02-02 18:57:00,S022,C002108,store
O0003090,2024-02-02 14:42:00,S025,C000216,store
O0003091,2024-02-02 20:57:00,S011,C000085,store
O0003092,2024-02-02 10:28:00,S011,C001767,ecom
O0003093,2024-02-02 20:02:00,S024,C001907,ecom
O0003094,2024-02-02 18:40:00,S030,C000492,ecom
O0003095,2024-02-02 11:26:00,S019,C000314,ecom
O0003096,2024-02-02 11:30:00,S012,C000749,store
O0003097,2024-02-02 13:36:00,S028,C000146,store
O0003098,2024-02-02 19:02:00,S028,C001355,store
O0003099,2024-02-02 10:38:00,S010,C000915,store
O0003100,2024-02-02 18:22:00,S011,C001527,ecom
O0003101,2024-02-02 13:27:00,S019,C000835,store
O0003102,2024-02-02 18:24:00,S001,C000230,store
O0003103,2024-02-02 11:52:00,S027,C002084,store
O0003104,2024-02-02 17:21:00,S011,C002474,store
O0003105,2024-02-02 13:27:00,S018,C001794,ecom
O0003106,2024-02-02 19:08:00,S018,C001303,store
O0003107,2024-02-02 13:54:00,S025,C000732,store
O0003108,2024-02-02 17:47:00,S022,C001737,store
O0003109,2024-02-02 13:19:00,S017,C000725,store
O0003110,2024-02-02 12:18:00,S022,C000826,store
O0003111,2024-02-02 16:56:00,S011,C000053,store
O0003112,2024-02-02 19:01:00,S005,C000419,store
O0003113,2024-02-02 16:51:00,S011,C000772,store
O0003114,2024-02-02 13:50:00,S028,C000834,store
O0003115,2024-02-02 15:28:00,S004,C001037,ecom
O0003116,2024-02-02 13:22:00,S023,C002043,ecom
O0003117,2024-02-02 11:51:00,S023,C001130,ecom
O0003118,2024-02-02 15:31:00,S025,C000630,ecom
O0003119,2024-02-02 14:19:00,S026,C001665,store
O0003120,2024-02-02 16:44:00,S024,C001250,store
O0003121,2024-02-02 11:25:00,S015,C000475,store
O0003122,2024-02-02 20:20:00,S017,C000369,ecom
O0003123,2024-02-02 12:03:00,S028,C000134,store
O0003124,2024-02-02 11:17:00,S001,C001567,store
O0003125,2024-02-02 17:11:00,S018,C000751,ecom
O0003126,2024-02-02 15:37:00,S025,C000043,ecom
O0003127,2024-02-02 10:04:00,S001,C002406,store
O0003128,2024-02-03 18:50:00,S015,C000428,ecom
O0003129,2024-02-03 20:28:00,S011,C001498,ecom
O0003130,2024-02-03 14:17:00,S013,C000860,ecom
O0003131,2024-02-03 14:55:00,S020,C001549,store
O0003132,2024-02-03 15:55:00,S029,C002264,store
O0003133,2024-02-03 16:33:00,S027,C001582,store
O0003134,2024-02-03 12:16:00,S023,C001281,ecom
O0003135,2024-02-03 12:25:00,S026,C000204,store
O0003136,2024-02-03 14:32:00,S021,C000411,ecom
O0003137,2024-02-03 15:45:00,S028,C002301,store
O0003138,2024-02-03 14:37:00,S024,C002089,store
O0003139,2024-02-03 19:42:00,S018,C001050,ecom
O0003140,2024-02-03 17:08:00,S009,C001126,store
O0003141,2024-02-03 10:45:00,S026,C001017,store
O0003142,2024-02-03 12:01:00,S023,C001761,store
O0003143,2024-02-03 14:39:00,S011,C001000,ecom
O0003144,2024-02-03 19:54:00,S001,C001428,store
O0003145,2024-02-03 17:59:00,S028,C002385,store
O0003146,2024-02-03 10:10:00,S015,C002471,store
O0003147,2024-02-03 18:04:00,S001,C001368,ecom
O0003148,2024-02-03 18:41:00,S002,C001637,store
O0003149,2024-02-03 16:07:00,S027,C002235,store
O0003150,2024-02-03 11:51:00,S016,C000247,store
O0003151,2024-02-03 16:43:00,S015,C002440,store
O0003152,2024-02-03 14:13:00,S017,C001860,store
O0003153,2024-02-03 18:29:00,S012,C002314,ecom
O0003154,2024-02-03 19:10:00,S010,C002121,ecom
O0003155,2024-02-03 20:35:00,S011,C000193,store
O0003156,2024-02-03 12:05:00,S013,C001079,store
O0003157,2024-02-03 09:06:00,S026,C002371,store
O0003158,2024-02-03 11:35:00,S030,C002461,store
O0003159,2024-02-03 18:41:00,S023,C000495,store
O0003160,2024-02-03 14:54:00,S030,C000708,store
O0003161,2024-02-03 13:25:00,S023,C001483,store
O0003162,2024-02-03 09:29:00,S011,C000285,store
O0003163,2024-02-03 18:48:00,S016,C000464,ecom
O0003164,2024-02-03 12:07:00,S020,C001997,ecom
O0003165,2024-02-03 18:42:00,S022,C001523,ecom
O0003166,2024-02-03 17:13:00,S008,C000868,store
O0003167,2024-02-03 10:32:00,S015,C001745,store
O0003168,2024-02-03 18:31:00,S001,C002090,ecom
O0003169,2024-02-03 18:01:00,S009,C000195,store
O0003170,2024-02-03 20:05:00,S015,C002432,store
O0003171,2024-02-03 11:45:00,S019,C002099,store
O0003172,2024-02-03 20:31:00,S026,C001679,store
O0003173,2024-02-03 20:21:00,S014,C000110,ecom
O0003174,2024-02-03 16:41:00,S018,C002352,store
O0003175,2024-02-03 12:32:00,S010,C000787,store
O0003176,2024-02-03 14:39:00,S018,C001381,store
O0003177,2024-02-03 18:10:00,S014,C000268,ecom
O0003178,2024-02-03 12:46:00,S015,C001085,store
O0003179,2024-02-03 13:12:00,S005,C001410,store
O0003180,2024-02-03 16:00:00,S018,C001877,ecom
O0003181,2024-02-03 19:55:00,S007,C002181,store
O0003182,2024-02-03 16:57:00,S022,C002491,store
O0003183,2024-02-03 15:11:00,S010,C001776,ecom
O0003184,2024-02-03 16:21:00,S018,C000090,store
O0003185,2024-02-03 13:58:00,S019,C002002,store
O0003186,2024-02-03 20:33:00,S020,C001516,store
O0003187,2024-02-03 19:06:00,S028,C001464,ecom
O0003188,2024-02-03 18:57:00,S025,C001282,store
O0003189,2024-02-03 16:08:00,S015,C000815,ecom
O0003190,2024-02-03 16:57:00,S029,C000866,ecom
O0003191,2024-02-03 15:47:00,S011,C001198,store
O0003192,2024-02-03 16:46:00,S026,C000132,store
O0003193,2024-02-03 13:38:00,S017,C001965,ecom
O0003194,2024-02-03 13:53:00,S023,C000623,store
O0003195,2024-02-03 14:58:00,S015,C002423,ecom
O0003196,2024-02-03 18:24:00,S008,C001564,store
O0003197,2024-02-03 16:55:00,S028,C002483,store
O0003198,2024-02-03 11:07:00,S020,C002302,ecom
O0003199,2024-02-03 09:12:00,S020,C001429,ecom
O0003200,2024-02-03 10:12:00,S012,C000283,ecom
O0003201,2024-02-03 13:08:00,S015,C002433,ecom
O0003202,2024-02-03 15:40:00,S023,C002130,ecom
O0003203,2024-02-03 10:57:00,S026,C001356,store
O0003204,2024-02-03 18:24:00,S006,C000403,ecom
O0003205,2024-02-03 14:34:00,S021,C000078,ecom
O0003206,2024-02-03 15:36:00,S024,C002442,store
O0003207,2024-02-03 09:33:00,S011,C002161,store
O0003208,2024-02-03 17:49:00,S005,C001656,ecom
O0003209,2024-02-03 14:11:00,S002,C000812,store
O0003210,2024-02-03 15:49:00,S010,C000985,store
O0003211,2024-02-03 19:49:00,S020,C000202,ecom
O0003212,2024-02-03 12:46:00,S025,C000693,store
O0003213,2024-02-03 20:34:00,S029,C002121,ecom
O0003214,2024-02-03 12:55:00,S005,C001159,store
O0003215,2024-02-03 20:49:00,S009,C001156,store
O0003216,2024-02-03 16:58:00,S018,C002430,ecom
O0003217,2024-02-03 13:21:00,S011,C001140,ecom
O0003218,2024-02-03 18:53:00,S009,C000592,ecom
O0003219,2024-02-03 13:17:00,S015,C001271,ecom
O0003220,2024-02-03 14:12:00,S015,C001855,store
O0003221,2024-02-03 16:02:00,S002,C000948,ecom
O0003222,2024-02-03 18:44:00,S005,C001355,ecom
O0003223,2024-02-03 10:47:00,S017,C001599,ecom
O0003224,2024-02-03 14:25:00,S015,C000915,store
O0003225,2024-02-03 17:03:00,S007,C001783,store
O0003226,2024-02-03 16:44:00,S026,C001590,ecom
O0003227,2024-02-03 19:08:00,S007,C002244,store
O0003228,2024-02-03 19:30:00,S019,C001887,store
O0003229,2024-02-03 12:08:00,S020,C002059,ecom
O0003230,2024-02-03 15:44:00,S026,C001655,store
O0003231,2024-02-03 13:17:00,S027,C002160,ecom
O0003232,2024-02-03 20:39:00,S001,C001469,ecom
O0003233,2024-02-03 10:04:00,S025,C002427,store
O0003234,2024-02-03 15:28:00,S004,C000477,store
O0003235,2024-02-03 11:23:00,S029,C002290,store
O0003236,2024-02-03 11:18:00,S020,C002488,store
O0003237,2024-02-03 19:31:00,S019,C001511,store
O0003238,2024-02-03 18:24:00,S016,C001411,ecom
O0003239,2024-02-03 17:43:00,S015,C002213,store
O0003240,2024-02-03 14:10:00,S017,C002126,store
O0003241,2024-02-03 10:32:00,S011,C001239,store
O0003242,2024-02-03 09:29:00,S001,C000074,store
O0003243,2024-02-03 12:09:00,S024,C001431,ecom
O0003244,2024-02-03 18:57:00,S002,C001593,ecom
O0003245,2024-02-03 12:43:00,S028,C000854,store
O0003246,2024-02-03 11:07:00,S011,C001205,store
O0003247,2024-02-03 15:11:00,S027,C000683,store
O0003248,2024-02-03 10:48:00,S014,C000305,ecom
O0003249,2024-02-03 13:49:00,S013,C002407,ecom
O0003250,2024-02-03 16:03:00,S004,C001522,ecom
O0003251,2024-02-03 12:12:00,S015,C001029,ecom
O0003252,2024-02-03 15:13:00,S020,C002170,ecom
O0003253,2024-02-03 14:41:00,S014,C002456,store
O0003254,2024-02-04 16:21:00,S003,C002355,store
O0003255,2024-02-04 15:51:00,S010,C002014,store
O0003256,2024-02-04 17:02:00,S011,C000239,store
O0003257,2024-02-04 17:43:00,S019,C000924,store
O0003258,2024-02-04 19:58:00,S028,C001618,ecom
O0003259,2024-02-04 17:05:00,S008,C000184,ecom
O0003260,2024-02-04 17:42:00,S015,C001353,store
O0003261,2024-02-04 15:26:00,S022,C001545,ecom
O0003262,2024-02-04 15:20:00,S022,C001215,store
O0003263,2024-02-04 16:44:00,S020,C001741,ecom
O0003264,2024-02-04 09:24:00,S023,C002460,ecom
O0003265,2024-02-04 09:28:00,S002,C001504,store
O0003266,2024-02-04 20:44:00,S023,C001813,store
O0003267,2024-02-04 15:50:00,S004,C001541,store
O0003268,2024-02-04 09:38:00,S024,C001322,ecom
O0003269,2024-02-04 19:32:00,S024,C002448,store
O0003270,2024-02-04 20:32:00,S010,C001671,store
O0003271,2024-02-04 20:17:00,S017,C000532,ecom
O0003272,2024-02-04 10:58:00,S015,C001069,store
O0003273,2024-02-04 10:40:00,S024,C002467,ecom
O0003274,2024-02-04 17:11:00,S028,C001389,ecom
O0003275,2024-02-04 18:29:00,S019,C000670,store
O0003276,2024-02-04 20:57:00,S013,C002313,store
O0003277,2024-02-04 18:43:00,S022,C001106,store
O0003278,2024-02-04 18:54:00,S013,C002248,store
O0003279,2024-02-04 19:17:00,S009,C001571,store
O0003280,2024-02-04 17:22:00,S013,C001644,store
O0003281,2024-02-04 19:32:00,S028,C000018,ecom
O0003282,2024-02-04 11:33:00,S002,C001975,ecom
O0003283,2024-02-04 17:19:00,S012,C001316,store
O0003284,2024-02-04 17:20:00,S030,C000297,ecom
O0003285,2024-02-04 17:52:00,S003,C000592,store
O0003286,2024-02-04 18:42:00,S018,C000447,store
O0003287,2024-02-04 14:22:00,S014,C000703,ecom
O0003288,2024-02-04 10:25:00,S027,C000332,ecom
O0003289,2024-02-04 14:02:00,S015,C001851,store
O0003290,2024-02-04 09:51:00,S004,C002113,ecom
O0003291,2024-02-04 20:43:00,S015,C000487,store
O0003292,2024-02-04 13:48:00,S010,C000271,store
O0003293,2024-02-04 10:43:00,S016,C002472,store
O0003294,2024-02-04 14:12:00,S010,C001269,ecom
O0003295,2024-02-04 15:52:00,S017,C000051,store
O0003296,2024-02-04 17:38:00,S001,C000420,store
O0003297,2024-02-04 18:29:00,S020,C002237,store
O0003298,2024-02-04 09:22:00,S021,C002108,store
O0003299,2024-02-04 13:08:00,S013,C002460,ecom
O0003300,2024-02-04 14:03:00,S016,C000860,store
O0003301,2024-02-04 12:37:00,S015,C001013,store
O0003302,2024-02-04 09:34:00,S024,C001692,ecom
O0003303,2024-02-04 18:39:00,S025,C000501,store
O0003304,2024-02-04 13:46:00,S004,C000072,ecom
O0003305,2024-02-04 15:44:00,S023,C002152,store
O0003306,2024-02-04 18:25:00,S026,C002394,store
O0003307,2024-02-04 17:20:00,S029,C001872,store
O0003308,2024-02-04 12:19:00,S026,C000437,store
O0003309,2024-02-04 20:15:00,S019,C002012,ecom
O0003310,2024-02-04 17:12:00,S020,C000612,store
O0003311,2024-02-04 13:52:00,S015,C000451,store
O0003312,2024-02-04 10:23:00,S020,C000090,ecom
O0003313,2024-02-04 16:15:00,S015,C001644,store
O0003314,2024-02-04 15:06:00,S022,C002273,store
O0003315,2024-02-04 15:44:00,S017,C001875,ecom
O0003316,2024-02-04 15:10:00,S024,C000088,store
O0003317,2024-02-04 10:19:00,S021,C002423,ecom
O0003318,2024-02-04 16:15:00,S004,C000456,store
O0003319,2024-02-04 15:08:00,S006,C002387,ecom
O0003320,2024-02-04 09:40:00,S010,C000629,store
O0003321,2024-02-04 09:44:00,S026,C001174,store
O0003322,2024-02-04 09:27:00,S001,C000637,store
O0003323,2024-02-04 11:46:00,S023,C001364,store
O0003324,2024-02-04 09:28:00,S012,C000579,store
O0003325,2024-02-04 10:02:00,S016,C001303,ecom
O0003326,2024-02-04 13:15:00,S026,C002224,ecom
O0003327,2024-02-04 19:05:00,S023,C000660,store
O0003328,2024-02-04 10:06:00,S006,C000399,store
O0003329,2024-02-04 16:22:00,S027,C000274,ecom
O0003330,2024-02-04 14:38:00,S029,C000628,ecom
O0003331,2024-02-04 12:23:00,S014,C001568,store
O0003332,2024-02-04 12:13:00,S001,C000043,ecom
O0003333,2024-02-04 19:41:00,S012,C000468,store
O0003334,2024-02-04 17:40:00,S022,C000448,store
O0003335,2024-02-04 19:03:00,S023,C000074,store
O0003336,2024-02-04 18:09:00,S029,C001804,store
O0003337,2024-02-04 09:45:00,S013,C001699,store
O0003338,2024-02-04 12:30:00,S030,C001211,store
O0003339,2024-02-04 17:25:00,S011,C000757,store
O0003340,2024-02-04 13:49:00,S001,C001910,ecom
O0003341,2024-02-04 19:55:00,S005,C001267,store
O0003342,2024-02-04 13:12:00,S003,C000643,store
O0003343,2024-02-04 10:19:00,S027,C001391,store
O0003344,2024-02-04 12:43:00,S005,C002190,store
O0003345,2024-02-04 14:55:00,S020,C002197,ecom
O0003346,2024-02-04 15:48:00,S006,C002022,ecom
O0003347,2024-02-04 18:42:00,S012,C000434,store
O0003348,2024-02-04 16:43:00,S024,C001569,store
O0003349,2024-02-04 14:00:00,S002,C002031,ecom
O0003350,2024-02-04 13:52:00,S030,C001193,store
O0003351,2024-02-04 09:47:00,S019,C002309,store
O0003352,2024-02-04 09:08:00,S010,C000690,ecom
O0003353,2024-02-04 13:53:00,S017,C001795,store
O0003354,2024-02-04 11:18:00,S024,C002392,store
O0003355,2024-02-04 09:52:00,S001,C000198,ecom
O0003356,2024-02-04 10:56:00,S022,C002392,store
O0003357,2024-02-04 19:34:00,S028,C001662,store
O0003358,2024-02-04 12:42:00,S019,C001104,store
O0003359,2024-02-04 12:52:00,S028,C001111,store
O0003360,2024-02-04 10:47:00,S003,C001313,ecom
O0003361,2024-02-04 12:48:00,S022,C000416,store
O0003362,2024-02-04 19:43:00,S027,C001063,ecom
O0003363,2024-02-04 19:22:00,S005,C000927,store
O0003364,2024-02-04 11:37:00,S025,C000260,store
O0003365,2024-02-04 12:14:00,S002,C000588,ecom
O0003366,2024-02-04 19:20:00,S012,C000139,store
O0003367,2024-02-04 19:01:00,S010,C001482,store
O0003368,2024-02-04 10:17:00,S008,C000985,store
O0003369,2024-02-04 13:10:00,S003,C001935,store
O0003370,2024-02-04 12:29:00,S007,C000743,ecom
O0003371,2024-02-04 11:24:00,S030,C000701,store
O0003372,2024-02-04 11:32:00,S010,C000453,ecom
O0003373,2024-02-04 10:16:00,S002,C002133,store
O0003374,2024-02-04 14:33:00,S001,C001367,store
O0003375,2024-02-05 14:55:00,S006,C000734,store
O0003376,2024-02-05 19:13:00,S014,C001156,ecom
O0003377,2024-02-05 20:59:00,S027,C001710,ecom
O0003378,2024-02-05 19:54:00,S016,C000362,store
O0003379,2024-02-05 11:07:00,S020,C001722,ecom
O0003380,2024-02-05 09:41:00,S007,C000224,ecom
O0003381,2024-02-05 13:15:00,S028,C001340,store
O0003382,2024-02-05 17:24:00,S029,C001817,store
O0003383,2024-02-05 15:00:00,S027,C000346,store
O0003384,2024-02-05 15:04:00,S018,C000762,store
O0003385,2024-02-05 15:15:00,S007,C001269,store
O0003386,2024-02-05 11:04:00,S010,C000108,store
O0003387,2024-02-05 15:26:00,S015,C001688,ecom
O0003388,2024-02-05 14:05:00,S001,C001766,store
O0003389,2024-02-05 09:16:00,S030,C001866,store
O0003390,2024-02-05 18:40:00,S012,C001989,store
O0003391,2024-02-05 12:13:00,S024,C000617,store
O0003392,2024-02-05 15:34:00,S028,C000992,ecom
O0003393,2024-02-05 09:37:00,S014,C002040,store
O0003394,2024-02-05 20:20:00,S023,C000452,store
O0003395,2024-02-05 19:30:00,S027,C002457,store
O0003396,2024-02-05 16:46:00,S029,C000745,ecom
O0003397,2024-02-05 09:00:00,S027,C001990,ecom
O0003398,2024-02-05 13:34:00,S016,C002158,ecom
O0003399,2024-02-05 18:46:00,S009,C002253,store
O0003400,2024-02-05 09:03:00,S016,C001585,store
O0003401,2024-02-05 11:33:00,S026,C001238,store
O0003402,2024-02-05 20:11:00,S015,C001485,store
O0003403,2024-02-05 19:15:00,S026,C000052,ecom
O0003404,2024-02-05 13:17:00,S029,C001384,store
O0003405,2024-02-05 14:51:00,S009,C002499,ecom
O0003406,2024-02-05 19:50:00,S013,C001955,ecom
O0003407,2024-02-05 10:32:00,S006,C001158,store
O0003408,2024-02-05 14:42:00,S019,C001553,ecom
O0003409,2024-02-05 10:41:00,S011,C002257,ecom
O0003410,2024-02-05 09:19:00,S014,C000658,store
O0003411,2024-02-05 13:46:00,S026,C001136,store
O0003412,2024-02-05 11:47:00,S026,C001897,store
O0003413,2024-02-05 18:05:00,S006,C002033,ecom
O0003414,2024-02-05 17:15:00,S011,C000453,ecom
O0003415,2024-02-05 09:46:00,S016,C001435,store
O0003416,2024-02-05 20:43:00,S019,C000753,store
O0003417,2024-02-05 14:50:00,S011,C001710,store
O0003418,2024-02-05 19:35:00,S025,C000719,store
O0003419,2024-02-05 12:48:00,S006,C001874,store
O0003420,2024-02-05 18:06:00,S004,C000293,store
O0003421,2024-02-05 12:47:00,S007,C001439,store
O0003422,2024-02-05 11:20:00,S030,C002440,store
O0003423,2024-02-05 12:18:00,S025,C001794,store
O0003424,2024-02-05 19:56:00,S010,C000305,ecom
O0003425,2024-02-05 20:49:00,S025,C001951,store
O0003426,2024-02-05 17:13:00,S012,C001469,store
O0003427,2024-02-05 13:55:00,S004,C002223,store
O0003428,2024-02-05 09:50:00,S015,C000732,store
O0003429,2024-02-05 18:11:00,S006,C002122,store
O0003430,2024-02-05 13:15:00,S001,C000134,store
O0003431,2024-02-05 11:09:00,S016,C000254,store
O0003432,2024-02-05 13:42:00,S011,C000910,store
O0003433,2024-02-05 09:29:00,S016,C000606,ecom
O0003434,2024-02-05 19:14:00,S013,C000939,ecom
O0003435,2024-02-05 10:35:00,S012,C002500,store
O0003436,2024-02-05 19:25:00,S030,C001700,ecom
O0003437,2024-02-05 13:07:00,S011,C000148,store
O0003438,2024-02-05 11:18:00,S011,C002249,ecom
O0003439,2024-02-05 14:15:00,S004,C001869,store
O0003440,2024-02-05 15:42:00,S013,C000724,store
O0003441,2024-02-05 10:34:00,S011,C001986,store
O0003442,2024-02-05 10:04:00,S003,C001167,store
O0003443,2024-02-05 16:01:00,S001,C000824,store
O0003444,2024-02-05 19:47:00,S021,C001518,store
O0003445,2024-02-06 16:24:00,S014,C000441,ecom
O0003446,2024-02-06 16:39:00,S019,C000857,ecom
O0003447,2024-02-06 16:48:00,S019,C002006,store
O0003448,2024-02-06 12:44:00,S003,C001589,store
O0003449,2024-02-06 19:49:00,S028,C001267,ecom
O0003450,2024-02-06 18:36:00,S028,C002489,ecom
O0003451,2024-02-06 11:25:00,S009,C002342,store
O0003452,2024-02-06 20:53:00,S030,C001351,store
O0003453,2024-02-06 19:58:00,S030,C001261,ecom
O0003454,2024-02-06 16:36:00,S028,C000175,store
O0003455,2024-02-06 14:34:00,S003,C001707,store
O0003456,2024-02-06 11:06:00,S015,C000411,store
O0003457,2024-02-06 16:12:00,S015,C002029,store
O0003458,2024-02-06 13:50:00,S015,C001954,ecom
O0003459,2024-02-06 19:47:00,S019,C000845,ecom
O0003460,2024-02-06 13:13:00,S016,C000172,store
O0003461,2024-02-06 19:16:00,S006,C000731,store
O0003462,2024-02-06 15:32:00,S002,C000304,store
O0003463,2024-02-06 14:46:00,S005,C002022,ecom
O0003464,2024-02-06 11:17:00,S023,C000172,store
O0003465,2024-02-06 15:02:00,S001,C000156,store
O0003466,2024-02-06 12:38:00,S022,C000822,store
O0003467,2024-02-06 10:43:00,S014,C001631,store
O0003468,2024-02-06 19:06:00,S023,C000560,ecom
O0003469,2024-02-06 10:18:00,S009,C000428,store
O0003470,2024-02-06 16:27:00,S001,C002221,store
O0003471,2024-02-06 12:26:00,S013,C000709,store
O0003472,2024-02-06 16:05:00,S025,C000727,store
O0003473,2024-02-06 10:13:00,S006,C000238,store
O0003474,2024-02-06 20:17:00,S013,C000663,ecom
O0003475,2024-02-06 11:25:00,S007,C000090,ecom
O0003476,2024-02-06 18:15:00,S008,C001638,store
O0003477,2024-02-06 18:46:00,S020,C001024,ecom
O0003478,2024-02-06 20:29:00,S026,C000131,store
O0003479,2024-02-06 19:25:00,S009,C000547,store
O0003480,2024-02-06 17:18:00,S025,C001701,ecom
O0003481,2024-02-06 17:58:00,S025,C000610,ecom
O0003482,2024-02-06 16:11:00,S016,C002372,store
O0003483,2024-02-06 16:46:00,S002,C001054,store
O0003484,2024-02-06 16:12:00,S019,C000408,store
O0003485,2024-02-06 20:15:00,S015,C000492,store
O0003486,2024-02-06 11:42:00,S024,C002280,ecom
O0003487,2024-02-06 12:40:00,S030,C001957,ecom
O0003488,2024-02-06 13:20:00,S006,C001931,ecom
O0003489,2024-02-06 17:56:00,S022,C000254,store
O0003490,2024-02-06 09:42:00,S010,C001324,store
O0003491,2024-02-06 13:33:00,S019,C001217,store
O0003492,2024-02-06 14:40:00,S003,C000171,store
O0003493,2024-02-06 17:43:00,S018,C000982,store
O0003494,2024-02-06 10:47:00,S027,C002124,store
O0003495,2024-02-06 13:36:00,S014,C000461,ecom
O0003496,2024-02-06 18:58:00,S005,C000407,ecom
O0003497,2024-02-06 19:09:00,S006,C001278,store
O0003498,2024-02-06 10:56:00,S017,C000587,ecom
O0003499,2024-02-06 15:58:00,S002,C000640,store
O0003500,2024-02-06 13:24:00,S026,C000385,ecom
O0003501,2024-02-06 20:17:00,S003,C000405,store
O0003502,2024-02-06 20:14:00,S017,C000962,ecom
O0003503,2024-02-06 16:42:00,S014,C000695,ecom
O0003504,2024-02-06 13:53:00,S020,C000384,store
O0003505,2024-02-06 17:38:00,S024,C001042,store
O0003506,2024-02-06 09:27:00,S001,C000781,store
O0003507,2024-02-06 12:44:00,S009,C001708,ecom
O0003508,2024-02-06 11:33:00,S018,C002034,store
O0003509,2024-02-06 11:38:00,S014,C002126,store
O0003510,2024-02-06 17:49:00,S026,C000032,ecom
O0003511,2024-02-06 17:25:00,S011,C001592,ecom
O0003512,2024-02-06 14:56:00,S015,C001763,store
O0003513,2024-02-06 18:36:00,S006,C001591,store
O0003514,2024-02-06 17:49:00,S027,C000905,store
O0003515,2024-02-06 17:40:00,S010,C002304,ecom
O0003516,2024-02-06 10:16:00,S015,C002466,store
O0003517,2024-02-06 11:45:00,S029,C001101,store
O0003518,2024-02-06 11:23:00,S030,C001999,ecom
O0003519,2024-02-06 13:27:00,S019,C000658,store
O0003520,2024-02-06 19:15:00,S021,C000300,store
O0003521,2024-02-06 10:56:00,S028,C000280,store
O0003522,2024-02-06 16:54:00,S007,C000623,store
O0003523,2024-02-06 16:19:00,S024,C002358,store
O0003524,2024-02-06 19:44:00,S010,C002313,store
O0003525,2024-02-06 19:21:00,S020,C000105,store
O0003526,2024-02-06 10:57:00,S024,C000594,store
O0003527,2024-02-06 11:04:00,S001,C001484,ecom
O0003528,2024-02-06 19:01:00,S009,C000156,store
O0003529,2024-02-06 12:02:00,S025,C001105,store
O0003530,2024-02-06 09:01:00,S016,C000902,ecom
O0003531,2024-02-07 10:38:00,S030,C001848,ecom
O0003532,2024-02-07 11:52:00,S029,C002241,store
O0003533,2024-02-07 15:51:00,S010,C000320,store
O0003534,2024-02-07 12:50:00,S030,C001643,ecom
O0003535,2024-02-07 14:59:00,S003,C000027,store
O0003536,2024-02-07 17:06:00,S012,C002163,store
O0003537,2024-02-07 12:28:00,S022,C001010,store
O0003538,2024-02-07 18:37:00,S029,C000028,store
O0003539,2024-02-07 13:43:00,S010,C001289,ecom
O0003540,2024-02-07 12:02:00,S007,C001739,store
O0003541,2024-02-07 14:15:00,S029,C000081,store
O0003542,2024-02-07 20:10:00,S001,C001125,store
O0003543,2024-02-07 09:07:00,S024,C000433,ecom
O0003544,2024-02-07 15:06:00,S010,C001365,store
O0003545,2024-02-07 19:50:00,S015,C002259,store
O0003546,2024-02-07 19:13:00,S022,C000401,store
O0003547,2024-02-07 17:36:00,S022,C002182,ecom
O0003548,2024-02-07 20:59:00,S002,C002161,ecom
O0003549,2024-02-07 09:22:00,S025,C000803,store
O0003550,2024-02-07 10:44:00,S004,C000968,store
O0003551,2024-02-07 14:32:00,S013,C001068,store
O0003552,2024-02-07 17:14:00,S025,C001527,store
O0003553,2024-02-07 18:24:00,S023,C002042,store
O0003554,2024-02-07 20:46:00,S019,C001240,ecom
O0003555,2024-02-07 12:30:00,S001,C000062,store
O0003556,2024-02-07 15:12:00,S012,C001845,store
O0003557,2024-02-07 12:03:00,S009,C001539,store
O0003558,2024-02-07 13:00:00,S018,C001918,ecom
O0003559,2024-02-07 15:07:00,S012,C000770,store
O0003560,2024-02-07 12:21:00,S004,C000823,ecom
O0003561,2024-02-07 14:21:00,S030,C002476,ecom
O0003562,2024-02-07 17:20:00,S023,C002041,ecom
O0003563,2024-02-07 10:25:00,S008,C001223,store
O0003564,2024-02-07 13:25:00,S004,C001241,store
O0003565,2024-02-07 12:08:00,S011,C000023,store
O0003566,2024-02-07 20:47:00,S030,C000192,ecom
O0003567,2024-02-07 10:55:00,S010,C000435,ecom
O0003568,2024-02-07 09:34:00,S004,C001455,store
O0003569,2024-02-07 15:54:00,S019,C000611,ecom
O0003570,2024-02-07 15:20:00,S010,C001662,store
O0003571,2024-02-07 16:45:00,S022,C001434,ecom
O0003572,2024-02-07 15:33:00,S004,C002235,store
O0003573,2024-02-07 17:36:00,S016,C002204,store
O0003574,2024-02-07 16:31:00,S020,C001034,store
O0003575,2024-02-07 16:32:00,S021,C001321,ecom
O0003576,2024-02-07 16:05:00,S010,C001143,store
O0003577,2024-02-07 20:57:00,S003,C002432,store
O0003578,2024-02-07 10:19:00,S029,C000272,store
O0003579,2024-02-07 09:02:00,S022,C002374,store
O0003580,2024-02-07 16:09:00,S011,C001888,store
O0003581,2024-02-07 19:39:00,S009,C000151,store
O0003582,2024-02-07 18:44:00,S019,C000213,store
O0003583,2024-02-07 20:07:00,S014,C000859,ecom
O0003584,2024-02-07 10:22:00,S027,C001038,store
O0003585,2024-02-07 12:19:00,S009,C000098,ecom
O0003586,2024-02-07 17:04:00,S023,C000169,store
O0003587,2024-02-07 19:21:00,S023,C000512,store
O0003588,2024-02-07 10:21:00,S027,C000265,store
O0003589,2024-02-07 10:57:00,S001,C000658,store
O0003590,2024-02-07 10:35:00,S007,C002418,store
O0003591,2024-02-07 19:05:00,S007,C000273,store
O0003592,2024-02-07 17:49:00,S011,C001783,store
O0003593,2024-02-07 17:14:00,S014,C000095,ecom
O0003594,2024-02-07 10:07:00,S015,C002040,ecom
O0003595,2024-02-07 10:50:00,S003,C001664,store
O0003596,2024-02-07 12:54:00,S019,C000373,store
O0003597,2024-02-07 17:35:00,S007,C000542,ecom
O0003598,2024-02-07 15:13:00,S006,C002490,store
O0003599,2024-02-07 13:06:00,S002,C001855,store
O0003600,2024-02-07 18:46:00,S023,C001591,ecom
O0003601,2024-02-07 12:48:00,S016,C000362,store
O0003602,2024-02-07 14:56:00,S003,C002318,store
O0003603,2024-02-07 15:10:00,S002,C000066,store
O0003604,2024-02-07 16:44:00,S007,C001567,store
O0003605,2024-02-07 17:43:00,S004,C000520,ecom
O0003606,2024-02-07 14:27:00,S030,C002228,store
O0003607,2024-02-07 12:37:00,S013,C000953,store
O0003608,2024-02-07 15:39:00,S023,C000962,ecom
O0003609,2024-02-07 09:14:00,S025,C002092,ecom
O0003610,2024-02-07 10:51:00,S006,C000431,ecom
O0003611,2024-02-07 15:59:00,S008,C000353,ecom
O0003612,2024-02-07 10:43:00,S028,C000114,store
O0003613,2024-02-07 12:52:00,S025,C000360,ecom
O0003614,2024-02-07 10:51:00,S009,C002451,ecom
O0003615,2024-02-07 10:27:00,S001,C000790,store
O0003616,2024-02-07 13:33:00,S014,C000238,store
O0003617,2024-02-07 18:45:00,S005,C000563,store
O0003618,2024-02-07 09:45:00,S004,C000348,store
O0003619,2024-02-07 15:10:00,S012,C000961,ecom
O0003620,2024-02-07 14:29:00,S015,C000342,store
O0003621,2024-02-07 11:30:00,S021,C000185,ecom
O0003622,2024-02-07 18:56:00,S005,C001957,store
O0003623,2024-02-07 18:55:00,S019,C000873,store
O0003624,2024-02-07 12:35:00,S001,C002487,store
O0003625,2024-02-07 16:49:00,S029,C001990,store
O0003626,2024-02-07 20:36:00,S007,C000133,ecom
O0003627,2024-02-07 17:12:00,S013,C000718,store
O0003628,2024-02-07 19:33:00,S001,C000307,ecom
O0003629,2024-02-07 09:07:00,S021,C001408,ecom
O0003630,2024-02-07 16:19:00,S025,C001847,ecom
O0003631,2024-02-07 11:32:00,S023,C000839,store
O0003632,2024-02-08 11:29:00,S008,C000835,store
O0003633,2024-02-08 20:38:00,S014,C000906,ecom
O0003634,2024-02-08 17:14:00,S002,C002456,store
O0003635,2024-02-08 17:15:00,S001,C000397,ecom
O0003636,2024-02-08 12:17:00,S009,C002204,ecom
O0003637,2024-02-08 12:39:00,S011,C001774,store
O0003638,2024-02-08 16:11:00,S003,C002066,store
O0003639,2024-02-08 13:41:00,S004,C000603,store
O0003640,2024-02-08 11:52:00,S014,C001653,store
O0003641,2024-02-08 10:46:00,S003,C000698,ecom
O0003642,2024-02-08 09:47:00,S028,C000619,store
O0003643,2024-02-08 16:36:00,S016,C000267,store
O0003644,2024-02-08 10:57:00,S030,C001573,ecom
O0003645,2024-02-08 20:02:00,S029,C000877,store
O0003646,2024-02-08 13:53:00,S003,C000780,store
O0003647,2024-02-08 11:09:00,S029,C002116,store
O0003648,2024-02-08 15:38:00,S003,C001142,store
O0003649,2024-02-08 11:43:00,S002,C000534,ecom
O0003650,2024-02-08 20:43:00,S020,C001228,ecom
O0003651,2024-02-08 10:19:00,S009,C000627,store
O0003652,2024-02-08 17:06:00,S020,C001812,store
O0003653,2024-02-08 13:04:00,S018,C000553,store
O0003654,2024-02-08 20:11:00,S011,C001615,store
O0003655,2024-02-08 15:34:00,S005,C000641,store
O0003656,2024-02-08 20:10:00,S020,C002068,ecom
O0003657,2024-02-08 14:11:00,S020,C001651,ecom
O0003658,2024-02-08 14:19:00,S002,C000318,store
O0003659,2024-02-08 15:54:00,S029,C001083,store
O0003660,2024-02-08 12:37:00,S019,C000717,store
O0003661,2024-02-08 10:13:00,S028,C000465,store
O0003662,2024-02-08 20:21:00,S022,C000046,ecom
O0003663,2024-02-08 19:38:00,S025,C000055,ecom
O0003664,2024-02-08 11:23:00,S009,C000156,store
O0003665,2024-02-08 15:12:00,S025,C000869,store
O0003666,2024-02-08 10:25:00,S023,C001606,ecom
O0003667,2024-02-08 19:15:00,S024,C002291,ecom
O0003668,2024-02-08 09:53:00,S001,C001782,store
O0003669,2024-02-08 12:33:00,S012,C000643,ecom
O0003670,2024-02-08 10:34:00,S030,C001547,store
O0003671,2024-02-08 16:06:00,S027,C001783,store
O0003672,2024-02-08 12:38:00,S014,C001903,ecom
O0003673,2024-02-08 11:47:00,S009,C001795,store
O0003674,2024-02-08 11:55:00,S029,C000629,store
O0003675,2024-02-08 11:22:00,S026,C001009,ecom
O0003676,2024-02-08 10:44:00,S017,C001335,store
O0003677,2024-02-08 11:23:00,S030,C001822,store
O0003678,2024-02-08 18:06:00,S008,C001077,ecom
O0003679,2024-02-08 15:34:00,S002,C001021,ecom
O0003680,2024-02-08 09:11:00,S008,C000431,ecom
O0003681,2024-02-08 20:48:00,S003,C000218,store
O0003682,2024-02-08 18:19:00,S006,C000437,store
O0003683,2024-02-08 10:44:00,S008,C002311,store
O0003684,2024-02-08 20:32:00,S012,C000374,ecom
O0003685,2024-02-08 15:36:00,S029,C000573,store
O0003686,2024-02-08 17:24:00,S027,C001715,ecom
O0003687,2024-02-08 17:12:00,S026,C002199,store
O0003688,2024-02-08 14:57:00,S022,C000756,ecom
O0003689,2024-02-08 13:29:00,S007,C000224,ecom
O0003690,2024-02-08 10:33:00,S019,C000437,store
O0003691,2024-02-08 13:33:00,S006,C002469,store
O0003692,2024-02-08 13:19:00,S014,C000787,ecom
O0003693,2024-02-08 18:34:00,S013,C000131,store
O0003694,2024-02-08 14:12:00,S011,C001819,ecom
O0003695,2024-02-08 15:51:00,S021,C002429,store
O0003696,2024-02-08 10:24:00,S007,C000572,ecom
O0003697,2024-02-08 10:35:00,S022,C002099,ecom
O0003698,2024-02-08 10:07:00,S008,C000703,ecom
O0003699,2024-02-08 15:14:00,S010,C000221,store
O0003700,2024-02-08 16:16:00,S014,C001734,store
O0003701,2024-02-08 10:53:00,S019,C000833,ecom
O0003702,2024-02-08 18:15:00,S016,C002314,ecom
O0003703,2024-02-08 11:03:00,S028,C001783,store
O0003704,2024-02-08 14:04:00,S025,C000861,store
O0003705,2024-02-08 09:24:00,S018,C000078,ecom
O0003706,2024-02-08 15:26:00,S025,C001015,store
O0003707,2024-02-08 10:53:00,S007,C000245,store
O0003708,2024-02-08 17:22:00,S022,C000723,store
O0003709,2024-02-08 12:36:00,S006,C002339,store
O0003710,2024-02-08 19:00:00,S004,C001878,ecom
O0003711,2024-02-08 16:00:00,S020,C002116,store
O0003712,2024-02-08 17:00:00,S022,C001154,ecom
O0003713,2024-02-08 19:57:00,S007,C000630,store
O0003714,2024-02-08 10:39:00,S007,C001340,store
O0003715,2024-02-08 12:42:00,S020,C002439,store
O0003716,2024-02-08 14:02:00,S017,C002296,ecom
O0003717,2024-02-08 18:03:00,S015,C001265,ecom
O0003718,2024-02-08 18:30:00,S025,C001923,store
O0003719,2024-02-08 14:32:00,S004,C001936,store
O0003720,2024-02-08 10:22:00,S012,C002163,store
O0003721,2024-02-08 15:41:00,S012,C000828,store
O0003722,2024-02-08 13:42:00,S022,C002357,store
O0003723,2024-02-08 17:32:00,S020,C000011,ecom
O0003724,2024-02-08 19:10:00,S029,C001260,store
O0003725,2024-02-08 12:59:00,S028,C001222,ecom
O0003726,2024-02-08 17:45:00,S026,C002212,ecom
O0003727,2024-02-08 17:31:00,S026,C001596,ecom
O0003728,2024-02-08 13:24:00,S014,C002166,store
O0003729,2024-02-08 16:56:00,S020,C002209,store
O0003730,2024-02-08 18:43:00,S007,C001670,store
O0003731,2024-02-08 13:57:00,S015,C002477,store
O0003732,2024-02-08 20:33:00,S021,C002049,ecom
O0003733,2024-02-08 18:18:00,S006,C001947,ecom
O0003734,2024-02-08 13:39:00,S005,C001662,ecom
O0003735,2024-02-08 11:41:00,S018,C002042,ecom
O0003736,2024-02-08 10:36:00,S018,C001498,store
O0003737,2024-02-08 13:25:00,S016,C000100,ecom
O0003738,2024-02-08 16:50:00,S018,C001665,store
O0003739,2024-02-09 17:03:00,S012,C001330,ecom
O0003740,2024-02-09 17:06:00,S029,C000795,store
O0003741,2024-02-09 18:13:00,S020,C000229,store
O0003742,2024-02-09 13:47:00,S003,C001307,store
O0003743,2024-02-09 20:18:00,S018,C000903,store
O0003744,2024-02-09 10:13:00,S028,C001715,ecom
O0003745,2024-02-09 12:05:00,S012,C000749,store
O0003746,2024-02-09 11:24:00,S030,C001737,ecom
O0003747,2024-02-09 20:10:00,S017,C000397,store
O0003748,2024-02-09 13:07:00,S002,C000052,store
O0003749,2024-02-09 09:47:00,S008,C001509,store
O0003750,2024-02-09 15:38:00,S022,C001321,ecom
O0003751,2024-02-09 13:12:00,S026,C001727,store
O0003752,2024-02-09 20:05:00,S026,C000499,ecom
O0003753,2024-02-09 19:17:00,S022,C000018,store
O0003754,2024-02-09 19:02:00,S020,C000720,ecom
O0003755,2024-02-09 11:28:00,S016,C001871,ecom
O0003756,2024-02-09 09:41:00,S029,C002312,ecom
O0003757,2024-02-09 14:14:00,S017,C001307,ecom
O0003758,2024-02-09 12:07:00,S007,C002401,store
O0003759,2024-02-09 18:32:00,S024,C000850,ecom
O0003760,2024-02-09 17:15:00,S025,C000846,ecom
O0003761,2024-02-09 16:19:00,S006,C002433,store
O0003762,2024-02-09 14:32:00,S016,C001028,store
O0003763,2024-02-09 13:34:00,S028,C001858,ecom
O0003764,2024-02-09 13:40:00,S001,C001884,store
O0003765,2024-02-09 14:56:00,S019,C000267,ecom
O0003766,2024-02-09 10:48:00,S028,C000562,store
O0003767,2024-02-09 09:15:00,S006,C000531,store
O0003768,2024-02-09 15:07:00,S023,C000817,store
O0003769,2024-02-09 16:03:00,S023,C000401,store
O0003770,2024-02-09 18:36:00,S015,C002349,store
O0003771,2024-02-09 12:46:00,S028,C001461,store
O0003772,2024-02-09 19:35:00,S029,C001261,ecom
O0003773,2024-02-09 12:00:00,S015,C000929,store
O0003774,2024-02-09 19:12:00,S025,C001072,ecom
O0003775,2024-02-09 16:15:00,S017,C002102,store
O0003776,2024-02-09 09:27:00,S006,C000132,ecom
O0003777,2024-02-09 12:21:00,S027,C002361,store
O0003778,2024-02-09 11:30:00,S012,C001939,ecom
O0003779,2024-02-09 12:02:00,S013,C002320,store
O0003780,2024-02-09 10:28:00,S011,C002105,store
O0003781,2024-02-09 15:15:00,S010,C000744,ecom
O0003782,2024-02-09 10:37:00,S026,C000320,ecom
O0003783,2024-02-09 09:51:00,S010,C000794,store
O0003784,2024-02-09 10:08:00,S005,C002166,store
O0003785,2024-02-09 15:42:00,S016,C000328,store
O0003786,2024-02-09 10:49:00,S029,C002462,store
O0003787,2024-02-09 14:01:00,S001,C002035,ecom
O0003788,2024-02-09 11:26:00,S013,C000841,ecom
O0003789,2024-02-09 12:44:00,S023,C001892,store
O0003790,2024-02-09 14:25:00,S023,C000380,store
O0003791,2024-02-09 09:53:00,S025,C000844,ecom
O0003792,2024-02-09 09:02:00,S022,C000596,store
O0003793,2024-02-09 16:15:00,S008,C000950,ecom
O0003794,2024-02-09 14:54:00,S027,C000132,ecom
O0003795,2024-02-09 20:29:00,S025,C001138,store
O0003796,2024-02-09 18:03:00,S027,C001850,ecom
O0003797,2024-02-09 14:43:00,S027,C002061,ecom
O0003798,2024-02-09 12:16:00,S012,C001933,store
O0003799,2024-02-09 17:42:00,S026,C000820,ecom
O0003800,2024-02-09 18:59:00,S022,C000744,store
O0003801,2024-02-09 18:04:00,S008,C002072,ecom
O0003802,2024-02-09 16:31:00,S004,C000209,ecom
O0003803,2024-02-09 12:00:00,S010,C001136,ecom
O0003804,2024-02-09 16:39:00,S030,C001245,store
O0003805,2024-02-09 14:38:00,S022,C001068,ecom
O0003806,2024-02-09 18:30:00,S004,C001398,store
O0003807,2024-02-09 14:40:00,S028,C001016,store
O0003808,2024-02-09 18:57:00,S009,C000723,ecom
O0003809,2024-02-09 11:25:00,S004,C002014,store
O0003810,2024-02-09 15:51:00,S024,C001317,ecom
O0003811,2024-02-09 11:22:00,S022,C001716,store
O0003812,2024-02-09 10:32:00,S001,C002048,store
O0003813,2024-02-09 11:41:00,S008,C001461,store
O0003814,2024-02-09 10:50:00,S016,C002072,store
O0003815,2024-02-09 15:00:00,S019,C000916,store
O0003816,2024-02-09 19:58:00,S012,C000750,store
O0003817,2024-02-09 14:38:00,S005,C001833,store
O0003818,2024-02-09 17:22:00,S028,C000807,ecom
O0003819,2024-02-09 18:29:00,S003,C001188,store
O0003820,2024-02-09 20:48:00,S007,C001465,store
O0003821,2024-02-09 12:40:00,S025,C002305,store
O0003822,2024-02-09 11:55:00,S005,C001486,ecom
O0003823,2024-02-09 16:05:00,S018,C002018,store
O0003824,2024-02-09 11:17:00,S019,C001013,ecom
O0003825,2024-02-09 18:59:00,S024,C002448,ecom
O0003826,2024-02-09 13:12:00,S025,C000494,store
O0003827,2024-02-09 10:13:00,S017,C000605,store
O0003828,2024-02-09 18:30:00,S028,C000841,store
O0003829,2024-02-09 19:02:00,S010,C002206,store
O0003830,2024-02-09 18:45:00,S019,C000126,store
O0003831,2024-02-09 14:43:00,S020,C001643,store
O0003832,2024-02-09 16:20:00,S007,C001434,ecom
O0003833,2024-02-10 20:47:00,S014,C000348,store
O0003834,2024-02-10 11:05:00,S027,C001670,store
O0003835,2024-02-10 20:08:00,S008,C000887,store
O0003836,2024-02-10 14:56:00,S021,C000865,store
O0003837,2024-02-10 14:46:00,S018,C001665,store
O0003838,2024-02-10 17:06:00,S010,C001032,ecom
O0003839,2024-02-10 17:00:00,S003,C002372,store
O0003840,2024-02-10 20:48:00,S019,C000570,store
O0003841,2024-02-10 09:50:00,S014,C000643,ecom
O0003842,2024-02-10 20:48:00,S011,C001833,store
O0003843,2024-02-10 16:16:00,S021,C001628,store
O0003844,2024-02-10 15:23:00,S002,C001495,store
O0003845,2024-02-10 20:57:00,S028,C001817,store
O0003846,2024-02-10 14:54:00,S028,C001674,ecom
O0003847,2024-02-10 16:04:00,S006,C001430,store
O0003848,2024-02-10 15:15:00,S009,C002474,ecom
O0003849,2024-02-10 20:52:00,S005,C000343,store
O0003850,2024-02-10 19:48:00,S024,C000404,ecom
O0003851,2024-02-10 14:49:00,S001,C001013,ecom
O0003852,2024-02-10 13:30:00,S012,C001040,store
O0003853,2024-02-10 10:56:00,S015,C002478,store
O0003854,2024-02-10 18:25:00,S006,C001174,store
O0003855,2024-02-10 10:10:00,S018,C002401,store
O0003856,2024-02-10 19:10:00,S002,C001302,ecom
O0003857,2024-02-10 18:11:00,S029,C000687,store
O0003858,2024-02-10 11:51:00,S015,C001385,store
O0003859,2024-02-10 11:47:00,S009,C000956,store
O0003860,2024-02-10 19:19:00,S028,C002138,store
O0003861,2024-02-10 11:53:00,S023,C000060,store
O0003862,2024-02-10 11:01:00,S008,C000138,store
O0003863,2024-02-10 12:15:00,S002,C001189,store
O0003864,2024-02-10 13:21:00,S017,C002407,store
O0003865,2024-02-10 20:47:00,S028,C002299,ecom
O0003866,2024-02-10 15:22:00,S024,C001493,ecom
O0003867,2024-02-10 10:59:00,S005,C000558,ecom
O0003868,2024-02-10 14:54:00,S023,C000098,store
O0003869,2024-02-10 14:25:00,S017,C000999,store
O0003870,2024-02-10 18:27:00,S030,C001632,store
O0003871,2024-02-10 15:21:00,S029,C002163,store
O0003872,2024-02-10 09:03:00,S007,C002157,store
O0003873,2024-02-10 18:06:00,S027,C000251,ecom
O0003874,2024-02-10 14:28:00,S007,C000355,ecom
O0003875,2024-02-10 09:28:00,S015,C001796,ecom
O0003876,2024-02-10 17:54:00,S005,C001045,store
O0003877,2024-02-10 16:58:00,S017,C000212,ecom
O0003878,2024-02-10 09:59:00,S010,C000981,store
O0003879,2024-02-10 09:47:00,S021,C002458,ecom
O0003880,2024-02-10 18:25:00,S016,C002250,store
O0003881,2024-02-10 18:20:00,S017,C001526,store
O0003882,2024-02-10 13:03:00,S015,C000193,store
O0003883,2024-02-10 15:19:00,S009,C000088,store
O0003884,2024-02-10 12:43:00,S016,C001582,store
O0003885,2024-02-10 15:12:00,S030,C001261,store
O0003886,2024-02-10 10:47:00,S028,C000530,store
O0003887,2024-02-10 10:48:00,S009,C000323,ecom
O0003888,2024-02-10 14:45:00,S004,C000074,store
O0003889,2024-02-10 16:11:00,S013,C000020,store
O0003890,2024-02-10 16:37:00,S016,C000590,store
O0003891,2024-02-10 11:46:00,S010,C001582,store
O0003892,2024-02-10 09:30:00,S003,C001300,store
O0003893,2024-02-10 15:34:00,S016,C002183,ecom
O0003894,2024-02-10 17:57:00,S005,C002216,ecom
O0003895,2024-02-10 10:26:00,S030,C001873,ecom
O0003896,2024-02-10 17:41:00,S020,C000090,ecom
O0003897,2024-02-10 18:01:00,S027,C000173,store
O0003898,2024-02-10 19:15:00,S020,C000390,ecom
O0003899,2024-02-10 19:10:00,S021,C002424,ecom
O0003900,2024-02-10 14:24:00,S018,C000850,ecom
O0003901,2024-02-10 18:31:00,S005,C001730,store
O0003902,2024-02-10 18:25:00,S005,C000983,store
O0003903,2024-02-10 11:34:00,S014,C000169,store
O0003904,2024-02-10 19:38:00,S020,C000291,ecom
O0003905,2024-02-10 15:37:00,S015,C000006,ecom
O0003906,2024-02-10 18:32:00,S003,C000148,ecom
O0003907,2024-02-10 16:51:00,S005,C002232,store
O0003908,2024-02-10 10:23:00,S028,C000344,ecom
O0003909,2024-02-10 09:00:00,S005,C002416,store
O0003910,2024-02-10 17:18:00,S020,C001584,store
O0003911,2024-02-10 19:29:00,S029,C002451,ecom
O0003912,2024-02-10 10:24:00,S029,C000025,ecom
O0003913,2024-02-10 20:28:00,S030,C000806,store
O0003914,2024-02-10 11:39:00,S011,C001243,store
O0003915,2024-02-10 12:25:00,S019,C002142,ecom
O0003916,2024-02-10 12:47:00,S025,C000492,ecom
O0003917,2024-02-10 15:04:00,S001,C000567,store
O0003918,2024-02-10 17:00:00,S020,C001820,store
O0003919,2024-02-10 14:30:00,S029,C000142,store
O0003920,2024-02-10 11:50:00,S006,C000945,ecom
O0003921,2024-02-10 11:02:00,S008,C000608,store
O0003922,2024-02-10 10:33:00,S022,C001780,ecom
O0003923,2024-02-10 16:37:00,S011,C000153,store
O0003924,2024-02-10 09:42:00,S012,C001063,ecom
O0003925,2024-02-10 20:44:00,S010,C001217,store
O0003926,2024-02-10 10:40:00,S021,C001001,store
O0003927,2024-02-10 15:39:00,S025,C000515,ecom
O0003928,2024-02-10 18:39:00,S027,C001534,ecom
O0003929,2024-02-10 09:33:00,S027,C001006,ecom
O0003930,2024-02-10 16:05:00,S011,C001590,ecom
O0003931,2024-02-10 14:58:00,S017,C001153,store
O0003932,2024-02-10 11:04:00,S026,C002419,store
O0003933,2024-02-10 20:55:00,S027,C002079,store
O0003934,2024-02-10 16:41:00,S003,C001262,store
O0003935,2024-02-10 19:13:00,S022,C000917,store
O0003936,2024-02-10 14:31:00,S024,C001039,store
O0003937,2024-02-10 18:05:00,S020,C002134,ecom
O0003938,2024-02-10 11:09:00,S023,C000199,ecom
O0003939,2024-02-10 10:38:00,S027,C001865,store
O0003940,2024-02-10 10:05:00,S013,C001996,store
O0003941,2024-02-10 18:31:00,S017,C001201,store
O0003942,2024-02-10 13:40:00,S018,C002094,store
O0003943,2024-02-10 13:44:00,S025,C002386,store
O0003944,2024-02-10 12:58:00,S006,C002423,store
O0003945,2024-02-10 18:42:00,S024,C000753,store
O0003946,2024-02-10 20:43:00,S006,C001091,store
O0003947,2024-02-10 13:57:00,S005,C002340,ecom
O0003948,2024-02-10 16:32:00,S004,C002228,store
O0003949,2024-02-10 09:06:00,S014,C000990,store
O0003950,2024-02-10 15:09:00,S007,C002116,store
O0003951,2024-02-10 14:55:00,S029,C001368,ecom
O0003952,2024-02-10 15:37:00,S016,C001147,store
O0003953,2024-02-10 11:34:00,S003,C000429,store
O0003954,2024-02-10 15:04:00,S020,C002066,store
O0003955,2024-02-10 11:11:00,S001,C000516,store
O0003956,2024-02-10 19:41:00,S009,C002215,store
O0003957,2024-02-10 14:57:00,S005,C000437,store
O0003958,2024-02-10 14:58:00,S007,C000811,ecom
O0003959,2024-02-10 14:34:00,S018,C000932,store
O0003960,2024-02-10 19:41:00,S010,C000791,store
O0003961,2024-02-10 18:34:00,S029,C002482,store
O0003962,2024-02-10 14:35:00,S024,C001831,ecom
O0003963,2024-02-10 18:48:00,S005,C000536,ecom
O0003964,2024-02-10 18:05:00,S011,C001383,ecom
O0003965,2024-02-10 18:32:00,S020,C002182,store
O0003966,2024-02-10 20:31:00,S020,C001923,store
O0003967,2024-02-11 11:53:00,S006,C002278,store
O0003968,2024-02-11 11:30:00,S004,C000590,store
O0003969,2024-02-11 13:28:00,S017,C000653,ecom
O0003970,2024-02-11 14:23:00,S005,C002239,ecom
O0003971,2024-02-11 12:09:00,S024,C002397,store
O0003972,2024-02-11 18:21:00,S001,C001900,store
O0003973,2024-02-11 10:56:00,S028,C002171,ecom
O0003974,2024-02-11 12:45:00,S021,C001080,ecom
O0003975,2024-02-11 18:59:00,S007,C000076,store
O0003976,2024-02-11 19:38:00,S020,C001107,store
O0003977,2024-02-11 17:54:00,S001,C000214,store
O0003978,2024-02-11 09:02:00,S025,C002443,store
O0003979,2024-02-11 12:43:00,S024,C002207,store
O0003980,2024-02-11 16:18:00,S014,C000341,store
O0003981,2024-02-11 09:15:00,S010,C000572,store
O0003982,2024-02-11 15:05:00,S005,C001752,store
O0003983,2024-02-11 10:19:00,S028,C001277,store
O0003984,2024-02-11 09:16:00,S027,C000689,store
O0003985,2024-02-11 15:14:00,S011,C002370,store
O0003986,2024-02-11 11:35:00,S021,C001148,store
O0003987,2024-02-11 20:04:00,S023,C001875,store
O0003988,2024-02-11 15:08:00,S019,C002080,ecom
O0003989,2024-02-11 13:03:00,S006,C002113,store
O0003990,2024-02-11 16:42:00,S021,C000848,ecom
O0003991,2024-02-11 18:55:00,S014,C002111,ecom
O0003992,2024-02-11 15:11:00,S004,C002451,store
O0003993,2024-02-11 18:57:00,S025,C002225,store
O0003994,2024-02-11 19:37:00,S004,C000058,ecom
O0003995,2024-02-11 15:54:00,S026,C001466,ecom
O0003996,2024-02-11 10:18:00,S008,C001032,ecom
O0003997,2024-02-11 14:15:00,S002,C000493,store
O0003998,2024-02-11 12:18:00,S013,C001757,ecom
O0003999,2024-02-11 12:28:00,S006,C000650,ecom
O0004000,2024-02-11 09:30:00,S022,C002025,store
O0004001,2024-02-11 14:26:00,S017,C001552,store
O0004002,2024-02-11 14:49:00,S006,C001703,ecom
O0004003,2024-02-11 14:18:00,S024,C001464,ecom
O0004004,2024-02-11 14:06:00,S002,C000427,store
O0004005,2024-02-11 19:09:00,S027,C001258,store
O0004006,2024-02-11 20:43:00,S018,C000668,store
O0004007,2024-02-11 09:28:00,S027,C001655,ecom
O0004008,2024-02-11 12:46:00,S012,C000080,store
O0004009,2024-02-11 19:12:00,S016,C001015,store
O0004010,2024-02-11 09:02:00,S021,C000364,ecom
O0004011,2024-02-11 16:54:00,S005,C001221,store
O0004012,2024-02-11 15:20:00,S007,C001375,store
O0004013,2024-02-11 14:08:00,S026,C001216,store
O0004014,2024-02-11 14:33:00,S013,C002199,store
O0004015,2024-02-11 09:20:00,S026,C000454,ecom
O0004016,2024-02-11 15:03:00,S005,C002265,ecom
O0004017,2024-02-11 18:12:00,S010,C001924,ecom
O0004018,2024-02-11 19:45:00,S019,C002231,store
O0004019,2024-02-11 17:19:00,S008,C002104,store
O0004020,2024-02-11 15:03:00,S006,C000033,store
O0004021,2024-02-11 15:33:00,S004,C000177,store
O0004022,2024-02-11 12:17:00,S010,C000897,store
O0004023,2024-02-11 15:34:00,S003,C001521,ecom
O0004024,2024-02-11 18:58:00,S004,C000196,store
O0004025,2024-02-11 12:23:00,S003,C000310,ecom
O0004026,2024-02-11 14:16:00,S024,C000966,store
O0004027,2024-02-11 13:27:00,S011,C000485,store
O0004028,2024-02-11 19:18:00,S001,C001416,ecom
O0004029,2024-02-11 14:50:00,S001,C001467,store
O0004030,2024-02-11 13:31:00,S019,C000075,store
O0004031,2024-02-11 14:05:00,S029,C001927,store
O0004032,2024-02-11 11:29:00,S016,C000961,ecom
O0004033,2024-02-11 18:41:00,S006,C000706,store
O0004034,2024-02-11 14:01:00,S019,C002046,ecom
O0004035,2024-02-11 12:26:00,S005,C001696,store
O0004036,2024-02-11 19:49:00,S004,C001513,store
O0004037,2024-02-11 19:54:00,S023,C000659,store
O0004038,2024-02-11 12:19:00,S006,C000913,store
O0004039,2024-02-11 12:04:00,S008,C001145,store
O0004040,2024-02-11 12:24:00,S027,C000874,store
O0004041,2024-02-11 16:26:00,S005,C000125,store
O0004042,2024-02-11 11:25:00,S013,C000337,store
O0004043,2024-02-11 20:40:00,S024,C000398,store
O0004044,2024-02-11 12:45:00,S010,C000924,store
O0004045,2024-02-11 16:06:00,S025,C002093,ecom
O0004046,2024-02-11 13:08:00,S002,C001215,store
O0004047,2024-02-11 09:55:00,S018,C000203,store
O0004048,2024-02-11 19:31:00,S002,C002118,ecom
O0004049,2024-02-11 20:28:00,S005,C001101,ecom
O0004050,2024-02-11 18:50:00,S012,C001225,store
O0004051,2024-02-11 12:32:00,S030,C001074,store
O0004052,2024-02-11 10:47:00,S011,C000395,store
O0004053,2024-02-11 17:43:00,S019,C001484,store
O0004054,2024-02-11 20:07:00,S025,C002453,ecom
O0004055,2024-02-11 18:47:00,S026,C001147,store
O0004056,2024-02-11 15:17:00,S022,C001918,store
O0004057,2024-02-11 13:06:00,S004,C000339,store
O0004058,2024-02-11 14:00:00,S015,C001056,store
O0004059,2024-02-11 09:30:00,S022,C001202,store
O0004060,2024-02-11 13:49:00,S003,C000466,store
O0004061,2024-02-11 16:10:00,S023,C001884,store
O0004062,2024-02-11 15:22:00,S017,C001438,store
O0004063,2024-02-11 14:47:00,S016,C000848,store
O0004064,2024-02-11 14:48:00,S030,C002405,store
O0004065,2024-02-11 09:04:00,S024,C002159,store
O0004066,2024-02-11 19:22:00,S028,C000654,ecom
O0004067,2024-02-11 19:07:00,S021,C000189,store
O0004068,2024-02-11 16:21:00,S024,C002115,store
O0004069,2024-02-11 17:35:00,S005,C001419,ecom
O0004070,2024-02-11 20:26:00,S008,C000721,ecom
O0004071,2024-02-11 12:15:00,S003,C001571,ecom
O0004072,2024-02-11 11:08:00,S011,C001341,ecom
O0004073,2024-02-11 18:17:00,S015,C001801,ecom
O0004074,2024-02-11 13:33:00,S013,C001640,store
O0004075,2024-02-11 19:24:00,S013,C001451,ecom
O0004076,2024-02-11 10:32:00,S030,C000174,store
O0004077,2024-02-11 16:59:00,S023,C000897,ecom
O0004078,2024-02-11 13:38:00,S010,C001421,ecom
O0004079,2024-02-11 20:35:00,S017,C002209,store
O0004080,2024-02-11 11:40:00,S009,C000928,ecom
O0004081,2024-02-11 12:56:00,S018,C000699,store
O0004082,2024-02-11 09:58:00,S003,C001697,store
O0004083,2024-02-11 20:59:00,S005,C000902,ecom
O0004084,2024-02-11 11:28:00,S002,C001487,store
O0004085,2024-02-11 14:28:00,S012,C000556,store
O0004086,2024-02-11 19:06:00,S028,C001567,store
O0004087,2024-02-11 15:32:00,S024,C001222,ecom
O0004088,2024-02-11 10:15:00,S026,C001470,store
O0004089,2024-02-11 10:03:00,S001,C000469,store
O0004090,2024-02-11 11:29:00,S010,C000038,ecom
O0004091,2024-02-11 15:58:00,S010,C000811,store
O0004092,2024-02-11 16:16:00,S020,C001207,ecom
O0004093,2024-02-11 15:05:00,S018,C000254,store
O0004094,2024-02-11 12:20:00,S020,C001499,store
O0004095,2024-02-11 19:30:00,S017,C001445,store
O0004096,2024-02-11 10:21:00,S018,C000166,ecom
O0004097,2024-02-11 16:53:00,S019,C000955,store
O0004098,2024-02-11 14:28:00,S021,C000356,store
O0004099,2024-02-11 17:50:00,S022,C002315,store
O0004100,2024-02-11 13:14:00,S005,C002018,store
O0004101,2024-02-11 18:19:00,S018,C001253,store
O0004102,2024-02-11 13:39:00,S001,C000835,store
O0004103,2024-02-11 17:48:00,S026,C000818,ecom
O0004104,2024-02-11 11:37:00,S030,C000738,ecom
O0004105,2024-02-11 10:32:00,S017,C000829,store
O0004106,2024-02-11 12:51:00,S030,C002083,ecom
O0004107,2024-02-11 20:21:00,S007,C000893,ecom
O0004108,2024-02-11 17:31:00,S030,C001381,store
O0004109,2024-02-11 16:40:00,S009,C001381,store
O0004110,2024-02-12 16:07:00,S005,C001002,store
O0004111,2024-02-12 17:35:00,S007,C001025,ecom
O0004112,2024-02-12 16:15:00,S006,C000122,ecom
O0004113,2024-02-12 14:10:00,S028,C001817,store
O0004114,2024-02-12 18:22:00,S002,C001033,ecom
O0004115,2024-02-12 09:00:00,S003,C002162,store
O0004116,2024-02-12 15:11:00,S008,C002343,store
O0004117,2024-02-12 18:59:00,S019,C000145,store
O0004118,2024-02-12 15:14:00,S006,C001246,ecom
O0004119,2024-02-12 19:35:00,S006,C000700,store
O0004120,2024-02-12 13:02:00,S012,C000121,ecom
O0004121,2024-02-12 20:17:00,S017,C001313,store
O0004122,2024-02-12 10:53:00,S011,C000911,ecom
O0004123,2024-02-12 14:40:00,S030,C002022,store
O0004124,2024-02-12 11:53:00,S014,C002069,ecom
O0004125,2024-02-12 14:22:00,S019,C000317,ecom
O0004126,2024-02-12 09:43:00,S029,C001305,store
O0004127,2024-02-12 20:00:00,S007,C000011,ecom
O0004128,2024-02-12 17:33:00,S018,C002093,ecom
O0004129,2024-02-12 17:33:00,S020,C001617,store
O0004130,2024-02-12 19:23:00,S024,C002025,store
O0004131,2024-02-12 13:19:00,S024,C000747,store
O0004132,2024-02-12 16:53:00,S011,C000108,ecom
O0004133,2024-02-12 17:56:00,S012,C002245,store
O0004134,2024-02-12 12:15:00,S026,C001834,store
O0004135,2024-02-12 15:50:00,S026,C001853,store
O0004136,2024-02-12 16:31:00,S022,C000273,store
O0004137,2024-02-12 10:15:00,S024,C001200,ecom
O0004138,2024-02-12 19:44:00,S004,C000865,ecom
O0004139,2024-02-12 20:05:00,S002,C000168,ecom
O0004140,2024-02-12 11:36:00,S013,C000420,store
O0004141,2024-02-12 10:33:00,S021,C000559,ecom
O0004142,2024-02-12 13:10:00,S017,C001595,store
O0004143,2024-02-12 20:15:00,S019,C000161,store
O0004144,2024-02-12 19:00:00,S013,C000511,ecom
O0004145,2024-02-12 11:15:00,S025,C000496,store
O0004146,2024-02-12 16:31:00,S006,C001656,store
O0004147,2024-02-12 16:15:00,S006,C000216,ecom
O0004148,2024-02-12 12:00:00,S026,C002382,store
O0004149,2024-02-12 12:28:00,S011,C001294,store
O0004150,2024-02-12 16:48:00,S005,C001517,ecom
O0004151,2024-02-12 14:50:00,S003,C001800,store
O0004152,2024-02-12 20:53:00,S027,C000422,ecom
O0004153,2024-02-12 11:43:00,S028,C000854,ecom
O0004154,2024-02-12 19:38:00,S013,C002336,store
O0004155,2024-02-12 20:08:00,S016,C002194,store
O0004156,2024-02-12 10:01:00,S019,C001651,ecom
O0004157,2024-02-12 20:17:00,S027,C000257,ecom
O0004158,2024-02-12 17:35:00,S001,C000970,store
O0004159,2024-02-12 20:42:00,S025,C001923,store
O0004160,2024-02-12 12:17:00,S013,C000581,store
O0004161,2024-02-12 20:26:00,S017,C001864,store
O0004162,2024-02-12 17:29:00,S027,C001881,ecom
O0004163,2024-02-12 20:59:00,S008,C000610,ecom
O0004164,2024-02-12 13:15:00,S003,C002326,ecom
O0004165,2024-02-12 13:40:00,S003,C001255,ecom
O0004166,2024-02-12 13:06:00,S016,C002241,ecom
O0004167,2024-02-12 11:24:00,S029,C001107,store
O0004168,2024-02-12 09:48:00,S007,C001831,store
O0004169,2024-02-12 09:32:00,S003,C000037,ecom
O0004170,2024-02-12 09:03:00,S030,C002484,store
O0004171,2024-02-12 09:42:00,S006,C000834,store
O0004172,2024-02-12 10:41:00,S004,C000094,ecom
O0004173,2024-02-12 09:05:00,S005,C000503,ecom
O0004174,2024-02-12 14:17:00,S004,C001560,store
O0004175,2024-02-12 09:05:00,S003,C000404,store
O0004176,2024-02-12 16:40:00,S020,C001557,store
O0004177,2024-02-12 20:01:00,S028,C001400,store
O0004178,2024-02-12 18:08:00,S024,C001853,store
O0004179,2024-02-12 18:55:00,S003,C001588,ecom
O0004180,2024-02-12 09:07:00,S007,C002106,ecom
O0004181,2024-02-12 17:05:00,S003,C001987,store
O0004182,2024-02-12 16:30:00,S016,C000472,store
O0004183,2024-02-12 13:13:00,S030,C001509,store
O0004184,2024-02-12 09:19:00,S004,C001209,store
O0004185,2024-02-12 14:06:00,S022,C000327,ecom
O0004186,2024-02-12 18:01:00,S015,C002335,store
O0004187,2024-02-12 19:47:00,S009,C000118,store
O0004188,2024-02-12 14:09:00,S027,C000531,ecom
O0004189,2024-02-12 12:34:00,S011,C001982,ecom
O0004190,2024-02-12 10:04:00,S022,C000364,store
O0004191,2024-02-12 09:59:00,S003,C002233,store
O0004192,2024-02-12 09:32:00,S001,C000730,ecom
O0004193,2024-02-12 19:54:00,S009,C000820,ecom
O0004194,2024-02-12 16:24:00,S030,C001411,store
O0004195,2024-02-12 10:24:00,S024,C001844,ecom
O0004196,2024-02-12 14:14:00,S017,C002425,store
O0004197,2024-02-12 17:35:00,S021,C001833,ecom
O0004198,2024-02-12 19:08:00,S008,C000291,store
O0004199,2024-02-12 13:15:00,S012,C002067,ecom
O0004200,2024-02-12 14:26:00,S026,C001624,store
O0004201,2024-02-12 20:08:00,S026,C002201,store
O0004202,2024-02-12 09:47:00,S010,C000042,store
O0004203,2024-02-12 20:35:00,S015,C001628,ecom
O0004204,2024-02-12 19:18:00,S006,C001102,ecom
O0004205,2024-02-12 15:16:00,S020,C001516,ecom
O0004206,2024-02-12 14:35:00,S016,C002492,store
O0004207,2024-02-12 19:03:00,S027,C002313,store
O0004208,2024-02-12 11:39:00,S006,C001746,ecom
O0004209,2024-02-13 09:43:00,S026,C000631,ecom
O0004210,2024-02-13 14:55:00,S022,C000968,store
O0004211,2024-02-13 15:22:00,S025,C000501,store
O0004212,2024-02-13 17:33:00,S017,C000433,ecom
O0004213,2024-02-13 11:56:00,S009,C001844,ecom
O0004214,2024-02-13 09:30:00,S016,C000599,store
O0004215,2024-02-13 19:48:00,S017,C000942,store
O0004216,2024-02-13 11:16:00,S023,C000261,ecom
O0004217,2024-02-13 12:14:00,S021,C001280,ecom
O0004218,2024-02-13 11:38:00,S024,C000164,ecom
O0004219,2024-02-13 17:25:00,S024,C000830,store
O0004220,2024-02-13 17:10:00,S027,C002477,ecom
O0004221,2024-02-13 19:23:00,S004,C001555,store
O0004222,2024-02-13 20:17:00,S028,C002277,ecom
O0004223,2024-02-13 18:10:00,S015,C001861,store
O0004224,2024-02-13 13:13:00,S009,C001175,store
O0004225,2024-02-13 18:39:00,S020,C000015,store
O0004226,2024-02-13 13:51:00,S018,C000703,store
O0004227,2024-02-13 11:52:00,S015,C000802,ecom
O0004228,2024-02-13 12:22:00,S008,C002231,store
O0004229,2024-02-13 14:39:00,S008,C001738,store
O0004230,2024-02-13 20:41:00,S015,C000562,store
O0004231,2024-02-13 10:37:00,S023,C001300,store
O0004232,2024-02-13 10:09:00,S010,C000432,store
O0004233,2024-02-13 18:12:00,S005,C001609,ecom
O0004234,2024-02-13 14:24:00,S021,C002171,store
O0004235,2024-02-13 18:26:00,S020,C001805,ecom
O0004236,2024-02-13 15:52:00,S024,C001601,store
O0004237,2024-02-13 19:20:00,S012,C000118,ecom
O0004238,2024-02-13 16:59:00,S028,C001242,ecom
O0004239,2024-02-13 11:48:00,S022,C001267,store
O0004240,2024-02-13 18:50:00,S012,C000712,store
O0004241,2024-02-13 11:09:00,S017,C000820,ecom
O0004242,2024-02-13 13:16:00,S026,C001167,ecom
O0004243,2024-02-13 16:55:00,S020,C001649,store
O0004244,2024-02-13 13:06:00,S030,C002259,ecom
O0004245,2024-02-13 09:21:00,S009,C000330,store
O0004246,2024-02-13 16:07:00,S008,C002432,store
O0004247,2024-02-13 16:53:00,S010,C001641,store
O0004248,2024-02-13 14:04:00,S001,C002370,ecom
O0004249,2024-02-13 12:15:00,S029,C001927,store
O0004250,2024-02-13 15:31:00,S022,C002150,ecom
O0004251,2024-02-13 20:59:00,S017,C000088,store
O0004252,2024-02-13 09:35:00,S017,C002386,store
O0004253,2024-02-13 18:06:00,S010,C002077,store
O0004254,2024-02-13 13:14:00,S022,C002500,store
O0004255,2024-02-13 15:00:00,S011,C001594,ecom
O0004256,2024-02-13 11:28:00,S011,C000610,ecom
O0004257,2024-02-13 20:18:00,S026,C001019,store
O0004258,2024-02-13 11:10:00,S007,C000002,ecom
O0004259,2024-02-13 11:10:00,S024,C001435,store
O0004260,2024-02-13 11:54:00,S007,C000427,ecom
O0004261,2024-02-13 14:48:00,S018,C001103,store
O0004262,2024-02-13 16:06:00,S001,C001720,store
O0004263,2024-02-13 09:07:00,S012,C000767,store
O0004264,2024-02-13 17:53:00,S024,C001333,store
O0004265,2024-02-13 19:57:00,S007,C000763,store
O0004266,2024-02-13 19:11:00,S001,C000281,ecom
O0004267,2024-02-13 13:48:00,S014,C002382,store
O0004268,2024-02-13 14:29:00,S010,C001423,store
O0004269,2024-02-13 20:05:00,S022,C001460,store
O0004270,2024-02-13 20:07:00,S013,C002406,store
O0004271,2024-02-13 19:09:00,S022,C001588,store
O0004272,2024-02-13 15:31:00,S008,C000665,ecom
O0004273,2024-02-13 18:25:00,S012,C001132,ecom
O0004274,2024-02-13 17:49:00,S022,C002418,ecom
O0004275,2024-02-13 11:40:00,S002,C001853,store
O0004276,2024-02-13 13:06:00,S018,C000823,ecom
O0004277,2024-02-13 14:26:00,S013,C002076,ecom
O0004278,2024-02-13 17:33:00,S027,C000473,ecom
O0004279,2024-02-13 09:36:00,S027,C002038,store
O0004280,2024-02-13 17:55:00,S018,C002375,ecom
O0004281,2024-02-13 18:56:00,S003,C001476,store
O0004282,2024-02-13 19:05:00,S016,C001991,store
O0004283,2024-02-13 13:22:00,S018,C001547,store
O0004284,2024-02-13 11:25:00,S024,C001403,store
O0004285,2024-02-13 13:00:00,S008,C001736,store
O0004286,2024-02-13 13:44:00,S021,C000509,ecom
O0004287,2024-02-13 17:51:00,S024,C001622,store
O0004288,2024-02-13 10:47:00,S022,C000712,store
O0004289,2024-02-13 14:46:00,S026,C001350,ecom
O0004290,2024-02-13 10:27:00,S015,C000109,ecom
O0004291,2024-02-13 17:26:00,S026,C000117,store
O0004292,2024-02-13 15:58:00,S001,C000598,store
O0004293,2024-02-13 10:10:00,S013,C000320,ecom
O0004294,2024-02-13 15:09:00,S004,C000660,store
O0004295,2024-02-13 09:40:00,S008,C001023,store
O0004296,2024-02-13 12:11:00,S003,C001486,store
O0004297,2024-02-13 18:53:00,S007,C000183,ecom
O0004298,2024-02-13 10:18:00,S003,C000694,ecom
O0004299,2024-02-13 16:06:00,S001,C001980,ecom
O0004300,2024-02-13 09:19:00,S025,C001420,store
O0004301,2024-02-13 12:47:00,S025,C000398,store
O0004302,2024-02-13 17:24:00,S015,C001060,store
O0004303,2024-02-13 19:35:00,S017,C000785,store
O0004304,2024-02-13 12:25:00,S007,C002218,ecom
O0004305,2024-02-13 13:51:00,S024,C002133,store
O0004306,2024-02-13 10:25:00,S023,C000976,store
O0004307,2024-02-13 14:36:00,S010,C001224,ecom
O0004308,2024-02-13 20:02:00,S030,C001809,ecom
O0004309,2024-02-14 12:35:00,S005,C000170,store
O0004310,2024-02-14 16:05:00,S013,C001905,store
O0004311,2024-02-14 19:18:00,S011,C001169,ecom
O0004312,2024-02-14 20:00:00,S027,C002186,store
O0004313,2024-02-14 18:22:00,S027,C000477,ecom
O0004314,2024-02-14 11:09:00,S012,C001977,store
O0004315,2024-02-14 09:37:00,S001,C001656,ecom
O0004316,2024-02-14 15:06:00,S021,C000577,ecom
O0004317,2024-02-14 11:47:00,S021,C001959,store
O0004318,2024-02-14 17:01:00,S021,C000696,store
O0004319,2024-02-14 09:01:00,S002,C001474,store
O0004320,2024-02-14 19:32:00,S030,C000103,ecom
O0004321,2024-02-14 16:05:00,S026,C001479,ecom
O0004322,2024-02-14 09:44:00,S028,C002001,store
O0004323,2024-02-14 12:46:00,S024,C001367,store
O0004324,2024-02-14 19:49:00,S011,C001449,store
O0004325,2024-02-14 19:32:00,S008,C001785,ecom
O0004326,2024-02-14 12:02:00,S014,C001644,store
O0004327,2024-02-14 17:37:00,S009,C001252,store
O0004328,2024-02-14 11:40:00,S005,C001769,store
O0004329,2024-02-14 19:58:00,S026,C002229,ecom
O0004330,2024-02-14 12:01:00,S013,C000884,store
O0004331,2024-02-14 20:34:00,S014,C000767,store
O0004332,2024-02-14 12:08:00,S024,C000787,store
O0004333,2024-02-14 16:28:00,S022,C000374,ecom
O0004334,2024-02-14 10:50:00,S010,C001804,ecom
O0004335,2024-02-14 13:33:00,S009,C000534,store
O0004336,2024-02-14 09:19:00,S029,C000057,store
O0004337,2024-02-14 13:07:00,S008,C001837,ecom
O0004338,2024-02-14 09:01:00,S024,C001168,store
O0004339,2024-02-14 17:27:00,S028,C001322,ecom
O0004340,2024-02-14 15:39:00,S024,C002206,store
O0004341,2024-02-14 12:17:00,S020,C002413,store
O0004342,2024-02-14 15:26:00,S015,C000479,store
O0004343,2024-02-14 18:30:00,S028,C001274,store
O0004344,2024-02-14 13:22:00,S019,C001505,store
O0004345,2024-02-14 10:14:00,S004,C001589,ecom
O0004346,2024-02-14 09:43:00,S012,C002220,store
O0004347,2024-02-14 20:48:00,S008,C001032,store
O0004348,2024-02-14 13:57:00,S002,C001676,store
O0004349,2024-02-14 10:34:00,S004,C001165,store
O0004350,2024-02-14 11:37:00,S022,C001072,store
O0004351,2024-02-14 18:44:00,S026,C002402,store
O0004352,2024-02-14 10:38:00,S026,C000178,store
O0004353,2024-02-14 16:09:00,S027,C002482,store
O0004354,2024-02-14 16:55:00,S024,C001111,ecom
O0004355,2024-02-14 16:21:00,S017,C001252,ecom
O0004356,2024-02-14 13:23:00,S006,C000233,store
O0004357,2024-02-14 17:11:00,S002,C000269,store
O0004358,2024-02-14 16:24:00,S023,C001020,ecom
O0004359,2024-02-14 14:20:00,S028,C002255,store
O0004360,2024-02-14 09:59:00,S020,C000330,store
O0004361,2024-02-14 16:29:00,S005,C001614,ecom
O0004362,2024-02-14 20:09:00,S011,C000273,store
O0004363,2024-02-14 15:06:00,S015,C001971,store
O0004364,2024-02-14 11:51:00,S010,C002357,ecom
O0004365,2024-02-14 16:59:00,S014,C000523,store
O0004366,2024-02-14 09:49:00,S015,C000599,store
O0004367,2024-02-14 10:19:00,S005,C002133,store
O0004368,2024-02-14 10:47:00,S026,C001509,ecom
O0004369,2024-02-14 16:39:00,S024,C001991,ecom
O0004370,2024-02-14 19:45:00,S010,C000450,store
O0004371,2024-02-14 11:16:00,S002,C000330,store
O0004372,2024-02-14 09:07:00,S004,C001676,ecom
O0004373,2024-02-14 10:31:00,S020,C002469,ecom
O0004374,2024-02-14 09:43:00,S013,C001230,store
O0004375,2024-02-14 09:20:00,S006,C000094,store
O0004376,2024-02-14 13:04:00,S012,C001247,ecom
O0004377,2024-02-14 20:39:00,S022,C001557,store
O0004378,2024-02-14 12:39:00,S028,C000017,ecom
O0004379,2024-02-14 11:19:00,S019,C001421,store
O0004380,2024-02-14 11:04:00,S025,C001010,store
O0004381,2024-02-14 13:56:00,S030,C001893,ecom
O0004382,2024-02-14 12:48:00,S004,C000401,ecom
O0004383,2024-02-14 17:42:00,S011,C000375,store
O0004384,2024-02-14 20:50:00,S002,C001121,ecom
O0004385,2024-02-14 16:49:00,S012,C000868,store
O0004386,2024-02-14 10:36:00,S006,C001426,store
O0004387,2024-02-14 13:02:00,S015,C002172,ecom
O0004388,2024-02-14 11:44:00,S023,C000575,ecom
O0004389,2024-02-14 20:06:00,S007,C002473,store
O0004390,2024-02-14 12:02:00,S014,C001581,ecom
O0004391,2024-02-14 17:51:00,S024,C001758,ecom
O0004392,2024-02-14 13:50:00,S022,C002136,ecom
O0004393,2024-02-14 16:55:00,S012,C002175,ecom
O0004394,2024-02-14 14:30:00,S005,C001354,ecom
O0004395,2024-02-14 09:29:00,S012,C001664,ecom
O0004396,2024-02-14 10:23:00,S025,C002175,store
O0004397,2024-02-14 11:39:00,S019,C001959,store
O0004398,2024-02-14 12:56:00,S022,C000047,store
O0004399,2024-02-14 16:59:00,S019,C002413,ecom
O0004400,2024-02-14 12:17:00,S010,C001406,store
O0004401,2024-02-14 15:08:00,S006,C001179,store
O0004402,2024-02-14 20:06:00,S013,C002116,ecom
O0004403,2024-02-14 20:26:00,S016,C002434,ecom
O0004404,2024-02-15 11:12:00,S019,C002218,store
O0004405,2024-02-15 16:45:00,S011,C001800,store
O0004406,2024-02-15 18:28:00,S015,C002280,store
O0004407,2024-02-15 10:56:00,S012,C000792,ecom
O0004408,2024-02-15 13:57:00,S013,C001293,store
O0004409,2024-02-15 17:03:00,S001,C000735,store
O0004410,2024-02-15 16:46:00,S021,C000975,store
O0004411,2024-02-15 18:41:00,S022,C001766,store
O0004412,2024-02-15 15:41:00,S013,C002068,ecom
O0004413,2024-02-15 17:45:00,S010,C000187,store
O0004414,2024-02-15 13:51:00,S012,C000311,ecom
O0004415,2024-02-15 17:38:00,S004,C001306,ecom
O0004416,2024-02-15 12:06:00,S029,C000235,store
O0004417,2024-02-15 19:22:00,S014,C001958,ecom
O0004418,2024-02-15 20:34:00,S006,C001995,ecom
O0004419,2024-02-15 16:26:00,S018,C002498,ecom
O0004420,2024-02-15 12:53:00,S015,C000869,ecom
O0004421,2024-02-15 19:01:00,S011,C000253,ecom
O0004422,2024-02-15 18:57:00,S010,C001759,store
O0004423,2024-02-15 16:13:00,S001,C001573,ecom
O0004424,2024-02-15 12:32:00,S021,C000118,store
O0004425,2024-02-15 20:28:00,S012,C000485,store
O0004426,2024-02-15 10:17:00,S013,C001692,ecom
O0004427,2024-02-15 11:00:00,S029,C000745,store
O0004428,2024-02-15 14:15:00,S005,C001916,store
O0004429,2024-02-15 15:39:00,S013,C002254,ecom
O0004430,2024-02-15 09:18:00,S007,C002266,store
O0004431,2024-02-15 10:05:00,S022,C001039,store
O0004432,2024-02-15 15:36:00,S012,C002077,store
O0004433,2024-02-15 12:04:00,S029,C000976,ecom
O0004434,2024-02-15 18:43:00,S007,C001001,store
O0004435,2024-02-15 17:48:00,S018,C000889,store
O0004436,2024-02-15 14:57:00,S005,C000097,store
O0004437,2024-02-15 14:57:00,S021,C002357,store
O0004438,2024-02-15 17:11:00,S004,C001352,store
O0004439,2024-02-15 12:59:00,S029,C001218,ecom
O0004440,2024-02-15 09:48:00,S016,C000307,store
O0004441,2024-02-15 19:10:00,S008,C000328,store
O0004442,2024-02-15 11:26:00,S011,C002041,store
O0004443,2024-02-15 13:44:00,S005,C001160,ecom
O0004444,2024-02-15 17:29:00,S030,C001752,store
O0004445,2024-02-15 12:38:00,S008,C000830,store
O0004446,2024-02-15 19:19:00,S023,C000217,ecom
O0004447,2024-02-15 17:34:00,S020,C002382,store
O0004448,2024-02-15 17:06:00,S001,C000449,store
O0004449,2024-02-15 15:34:00,S015,C001603,store
O0004450,2024-02-15 18:42:00,S012,C001619,store
O0004451,2024-02-15 14:33:00,S009,C000444,store
O0004452,2024-02-15 13:58:00,S007,C000544,store
O0004453,2024-02-15 14:13:00,S011,C001189,store
O0004454,2024-02-15 16:43:00,S030,C000735,ecom
O0004455,2024-02-15 14:01:00,S006,C000366,store
O0004456,2024-02-15 16:40:00,S030,C001262,ecom
O0004457,2024-02-15 19:16:00,S018,C002247,ecom
O0004458,2024-02-15 17:44:00,S026,C001775,store
O0004459,2024-02-15 10:47:00,S014,C000827,ecom
O0004460,2024-02-15 09:02:00,S027,C000253,store
O0004461,2024-02-15 18:25:00,S012,C000415,ecom
O0004462,2024-02-15 18:30:00,S010,C000276,ecom
O0004463,2024-02-15 09:34:00,S017,C001793,store
O0004464,2024-02-15 16:28:00,S011,C002074,ecom
O0004465,2024-02-15 15:27:00,S015,C002169,ecom
O0004466,2024-02-15 14:13:00,S022,C001048,store
O0004467,2024-02-15 20:12:00,S009,C002349,store
O0004468,2024-02-15 15:09:00,S010,C001537,store
O0004469,2024-02-15 11:33:00,S027,C000396,store
O0004470,2024-02-15 16:53:00,S030,C000126,store
O0004471,2024-02-15 15:20:00,S004,C001430,store
O0004472,2024-02-15 18:41:00,S017,C000421,store
O0004473,2024-02-15 12:48:00,S025,C001686,store
O0004474,2024-02-15 10:25:00,S029,C001359,ecom
O0004475,2024-02-15 09:28:00,S029,C002374,store
O0004476,2024-02-15 09:05:00,S018,C002264,ecom
O0004477,2024-02-15 19:09:00,S027,C001333,store
O0004478,2024-02-15 17:13:00,S003,C000411,ecom
O0004479,2024-02-15 12:07:00,S007,C001904,ecom
O0004480,2024-02-15 16:08:00,S006,C000331,ecom
O0004481,2024-02-15 15:20:00,S020,C001869,ecom
O0004482,2024-02-15 11:42:00,S023,C002498,store
O0004483,2024-02-15 20:34:00,S008,C000935,store
O0004484,2024-02-15 17:38:00,S015,C000881,store
O0004485,2024-02-15 20:35:00,S016,C001485,store
O0004486,2024-02-15 19:23:00,S025,C000614,store
O0004487,2024-02-15 10:36:00,S027,C002499,ecom
O0004488,2024-02-16 17:16:00,S006,C001283,ecom
O0004489,2024-02-16 17:38:00,S006,C000908,store
O0004490,2024-02-16 18:42:00,S030,C000432,ecom
O0004491,2024-02-16 19:36:00,S026,C002022,store
O0004492,2024-02-16 11:24:00,S008,C002160,store
O0004493,2024-02-16 10:22:00,S025,C001039,ecom
O0004494,2024-02-16 19:43:00,S008,C000611,ecom
O0004495,2024-02-16 13:05:00,S025,C000297,store
O0004496,2024-02-16 18:23:00,S018,C001128,store
O0004497,2024-02-16 12:14:00,S013,C002486,ecom
O0004498,2024-02-16 18:17:00,S019,C001061,ecom
O0004499,2024-02-16 18:44:00,S022,C000497,store
O0004500,2024-02-16 10:01:00,S012,C001760,store
O0004501,2024-02-16 12:52:00,S028,C001275,ecom
O0004502,2024-02-16 09:29:00,S021,C000021,store
O0004503,2024-02-16 16:07:00,S002,C001049,store
O0004504,2024-02-16 13:10:00,S006,C001137,store
O0004505,2024-02-16 10:47:00,S013,C000441,store
O0004506,2024-02-16 14:43:00,S022,C000511,ecom
O0004507,2024-02-16 11:10:00,S003,C000986,store
O0004508,2024-02-16 12:49:00,S024,C000389,ecom
O0004509,2024-02-16 19:18:00,S005,C000300,ecom
O0004510,2024-02-16 12:57:00,S012,C000278,ecom
O0004511,2024-02-16 09:37:00,S014,C000542,ecom
O0004512,2024-02-16 18:49:00,S018,C000707,store
O0004513,2024-02-16 15:28:00,S014,C001863,store
O0004514,2024-02-16 19:16:00,S027,C000502,store
O0004515,2024-02-16 10:05:00,S006,C001492,ecom
O0004516,2024-02-16 10:31:00,S011,C000184,store
O0004517,2024-02-16 17:13:00,S002,C001314,ecom
O0004518,2024-02-16 16:43:00,S020,C000534,store
O0004519,2024-02-16 17:43:00,S009,C001470,store
O0004520,2024-02-16 20:19:00,S014,C001187,ecom
O0004521,2024-02-16 19:31:00,S020,C001881,store
O0004522,2024-02-16 20:49:00,S030,C002447,store
O0004523,2024-02-16 13:12:00,S010,C001206,store
O0004524,2024-02-16 11:52:00,S011,C000567,ecom
O0004525,2024-02-16 19:14:00,S015,C000795,store
O0004526,2024-02-16 10:13:00,S009,C001620,store
O0004527,2024-02-16 19:02:00,S014,C000267,store
O0004528,2024-02-16 16:32:00,S015,C002307,ecom
O0004529,2024-02-16 11:53:00,S003,C002339,store
O0004530,2024-02-16 13:14:00,S003,C000529,ecom
O0004531,2024-02-16 18:22:00,S022,C001960,store
O0004532,2024-02-16 16:42:00,S019,C001399,store
O0004533,2024-02-16 16:47:00,S023,C001333,store
O0004534,2024-02-16 12:54:00,S028,C000209,store
O0004535,2024-02-16 12:38:00,S030,C000986,store
O0004536,2024-02-16 12:08:00,S003,C000095,store
O0004537,2024-02-16 13:17:00,S024,C001902,store
O0004538,2024-02-16 17:46:00,S023,C000049,ecom
O0004539,2024-02-16 17:18:00,S004,C001452,ecom
O0004540,2024-02-16 19:54:00,S013,C001523,ecom
O0004541,2024-02-16 19:39:00,S022,C001292,store
O0004542,2024-02-16 11:55:00,S010,C002002,store
O0004543,2024-02-16 14:50:00,S030,C000073,store
O0004544,2024-02-16 13:17:00,S030,C000054,store
O0004545,2024-02-16 17:33:00,S010,C002381,store
O0004546,2024-02-16 12:57:00,S008,C001891,store
O0004547,2024-02-16 10:10:00,S023,C001006,ecom
O0004548,2024-02-16 11:24:00,S006,C002131,ecom
O0004549,2024-02-16 12:25:00,S027,C002320,ecom
O0004550,2024-02-16 17:10:00,S003,C000181,store
O0004551,2024-02-16 20:38:00,S009,C000590,store
O0004552,2024-02-16 09:22:00,S011,C002134,store
O0004553,2024-02-16 15:11:00,S015,C002202,ecom
O0004554,2024-02-16 11:53:00,S013,C000306,ecom
O0004555,2024-02-16 16:09:00,S006,C000200,store
O0004556,2024-02-16 12:38:00,S027,C000681,store
O0004557,2024-02-16 15:16:00,S019,C000441,ecom
O0004558,2024-02-16 19:12:00,S026,C001034,ecom
O0004559,2024-02-16 15:46:00,S013,C000742,ecom
O0004560,2024-02-16 19:46:00,S007,C000270,store
O0004561,2024-02-16 13:31:00,S013,C000076,store
O0004562,2024-02-17 09:29:00,S030,C000975,store
O0004563,2024-02-17 20:51:00,S014,C002267,store
O0004564,2024-02-17 14:58:00,S013,C002241,ecom
O0004565,2024-02-17 15:27:00,S006,C000229,store
O0004566,2024-02-17 12:15:00,S014,C000073,store
O0004567,2024-02-17 13:11:00,S019,C002299,ecom
O0004568,2024-02-17 18:44:00,S021,C000546,store
O0004569,2024-02-17 17:46:00,S003,C001121,store
O0004570,2024-02-17 17:22:00,S011,C001704,store
O0004571,2024-02-17 16:58:00,S014,C001785,store
O0004572,2024-02-17 10:28:00,S011,C002457,store
O0004573,2024-02-17 19:29:00,S013,C000122,store
O0004574,2024-02-17 13:42:00,S006,C002274,store
O0004575,2024-02-17 14:19:00,S009,C000323,store
O0004576,2024-02-17 09:59:00,S027,C000299,ecom
O0004577,2024-02-17 12:22:00,S027,C000908,store
O0004578,2024-02-17 19:58:00,S013,C002266,ecom
O0004579,2024-02-17 18:21:00,S007,C002316,store
O0004580,2024-02-17 17:02:00,S022,C001507,ecom
O0004581,2024-02-17 13:12:00,S025,C001985,store
O0004582,2024-02-17 14:35:00,S004,C001792,ecom
O0004583,2024-02-17 09:25:00,S013,C000706,ecom
O0004584,2024-02-17 15:36:00,S025,C001670,ecom
O0004585,2024-02-17 11:12:00,S005,C001151,store
O0004586,2024-02-17 14:27:00,S020,C001135,store
O0004587,2024-02-17 11:45:00,S013,C000657,store
O0004588,2024-02-17 19:26:00,S006,C000180,ecom
O0004589,2024-02-17 16:36:00,S005,C001638,ecom
O0004590,2024-02-17 19:31:00,S006,C000021,store
O0004591,2024-02-17 14:30:00,S018,C000654,store
O0004592,2024-02-17 20:30:00,S027,C001540,ecom
O0004593,2024-02-17 15:53:00,S003,C000075,ecom
O0004594,2024-02-17 12:46:00,S008,C000628,store
O0004595,2024-02-17 18:31:00,S019,C001763,store
O0004596,2024-02-17 12:10:00,S029,C002422,store
O0004597,2024-02-17 18:33:00,S030,C000014,store
O0004598,2024-02-17 11:00:00,S026,C000976,store
O0004599,2024-02-17 19:56:00,S013,C000558,store
O0004600,2024-02-17 18:11:00,S018,C001488,ecom
O0004601,2024-02-17 12:03:00,S025,C002480,store
O0004602,2024-02-17 13:49:00,S015,C000804,ecom
O0004603,2024-02-17 12:22:00,S026,C001556,store
O0004604,2024-02-17 14:47:00,S020,C001140,ecom
O0004605,2024-02-17 18:00:00,S020,C001715,store
O0004606,2024-02-17 15:17:00,S024,C002344,store
O0004607,2024-02-17 14:16:00,S013,C001413,store
O0004608,2024-02-17 09:42:00,S022,C001398,ecom
O0004609,2024-02-17 13:57:00,S020,C000423,ecom
O0004610,2024-02-17 12:34:00,S021,C000521,store
O0004611,2024-02-17 13:34:00,S030,C000813,store
O0004612,2024-02-17 19:33:00,S025,C000157,store
O0004613,2024-02-17 11:03:00,S029,C001803,store
O0004614,2024-02-17 19:25:00,S015,C000220,store
O0004615,2024-02-17 10:48:00,S012,C000479,store
O0004616,2024-02-17 20:18:00,S019,C001045,store
O0004617,2024-02-17 12:08:00,S002,C001550,ecom
O0004618,2024-02-17 20:44:00,S018,C000327,ecom
O0004619,2024-02-17 20:34:00,S016,C002115,store
O0004620,2024-02-17 14:48:00,S025,C001201,ecom
O0004621,2024-02-17 20:48:00,S003,C002180,ecom
O0004622,2024-02-17 10:10:00,S007,C000764,store
O0004623,2024-02-17 20:00:00,S030,C001293,ecom
O0004624,2024-02-17 13:25:00,S028,C001169,store
O0004625,2024-02-17 20:20:00,S017,C001474,store
O0004626,2024-02-17 13:25:00,S018,C000281,store
O0004627,2024-02-17 14:59:00,S003,C000116,store
O0004628,2024-02-17 17:37:00,S026,C001257,store
O0004629,2024-02-17 13:15:00,S009,C001842,store
O0004630,2024-02-17 15:48:00,S016,C002013,ecom
O0004631,2024-02-17 14:12:00,S010,C002320,ecom
O0004632,2024-02-17 13:54:00,S006,C002435,store
O0004633,2024-02-17 18:09:00,S024,C001348,ecom
O0004634,2024-02-17 10:07:00,S008,C001626,store
O0004635,2024-02-17 20:36:00,S008,C000603,ecom
O0004636,2024-02-17 20:32:00,S029,C002206,store
O0004637,2024-02-17 13:41:00,S005,C001297,ecom
O0004638,2024-02-17 17:40:00,S025,C000003,store
O0004639,2024-02-17 18:42:00,S007,C000474,store
O0004640,2024-02-17 20:46:00,S013,C000312,store
O0004641,2024-02-17 13:10:00,S024,C000406,store
O0004642,2024-02-17 13:49:00,S029,C001757,ecom
O0004643,2024-02-17 14:34:00,S005,C001818,store
O0004644,2024-02-17 15:39:00,S027,C001180,ecom
O0004645,2024-02-17 19:01:00,S028,C001375,store
O0004646,2024-02-17 19:33:00,S027,C000818,store
O0004647,2024-02-17 09:27:00,S027,C000641,store
O0004648,2024-02-17 16:31:00,S024,C001596,store
O0004649,2024-02-17 14:38:00,S016,C000127,ecom
O0004650,2024-02-17 13:50:00,S001,C000080,store
O0004651,2024-02-17 17:13:00,S016,C001453,ecom
O0004652,2024-02-17 10:27:00,S017,C000493,ecom
O0004653,2024-02-17 10:05:00,S022,C000057,store
O0004654,2024-02-17 17:19:00,S010,C001232,store
O0004655,2024-02-17 12:56:00,S010,C000320,store
O0004656,2024-02-17 13:12:00,S003,C000506,store
O0004657,2024-02-17 19:52:00,S020,C000848,store
O0004658,2024-02-17 11:30:00,S020,C001285,ecom
O0004659,2024-02-17 20:58:00,S018,C000378,ecom
O0004660,2024-02-17 15:06:00,S014,C000428,store
O0004661,2024-02-17 19:59:00,S006,C000269,store
O0004662,2024-02-17 20:28:00,S028,C001799,store
O0004663,2024-02-17 18:54:00,S017,C000908,ecom
O0004664,2024-02-17 17:28:00,S028,C001250,store
O0004665,2024-02-17 18:13:00,S027,C000441,store
O0004666,2024-02-17 18:11:00,S021,C001562,ecom
O0004667,2024-02-17 18:35:00,S015,C002404,ecom
O0004668,2024-02-17 17:56:00,S003,C000730,store
O0004669,2024-02-17 10:40:00,S007,C001163,store
O0004670,2024-02-17 19:44:00,S022,C001868,store
O0004671,2024-02-17 19:51:00,S029,C001899,store
O0004672,2024-02-17 18:06:00,S024,C000688,ecom
O0004673,2024-02-17 14:18:00,S009,C000397,ecom
O0004674,2024-02-17 15:23:00,S023,C001191,ecom
O0004675,2024-02-17 18:40:00,S020,C001922,ecom
O0004676,2024-02-17 13:03:00,S004,C001970,store
O0004677,2024-02-17 14:13:00,S005,C001520,ecom
O0004678,2024-02-17 17:56:00,S003,C001965,store
O0004679,2024-02-17 09:16:00,S027,C000134,ecom
O0004680,2024-02-17 09:03:00,S014,C000591,ecom
O0004681,2024-02-17 19:47:00,S030,C001457,store
O0004682,2024-02-17 12:47:00,S023,C002077,store
O0004683,2024-02-17 09:38:00,S017,C000297,ecom
O0004684,2024-02-18 17:21:00,S006,C000785,store
O0004685,2024-02-18 12:37:00,S001,C002075,store
O0004686,2024-02-18 11:44:00,S008,C001036,ecom
O0004687,2024-02-18 11:09:00,S006,C001713,ecom
O0004688,2024-02-18 19:49:00,S028,C000411,store
O0004689,2024-02-18 09:16:00,S024,C000062,ecom
O0004690,2024-02-18 18:08:00,S003,C001695,store
O0004691,2024-02-18 09:13:00,S026,C000589,ecom
O0004692,2024-02-18 17:07:00,S010,C000826,ecom
O0004693,2024-02-18 10:34:00,S025,C000933,ecom
O0004694,2024-02-18 16:23:00,S018,C002468,store
O0004695,2024-02-18 16:42:00,S016,C001052,store
O0004696,2024-02-18 10:28:00,S016,C001282,store
O0004697,2024-02-18 13:19:00,S018,C002167,ecom
O0004698,2024-02-18 14:53:00,S015,C000801,store
O0004699,2024-02-18 20:49:00,S006,C001355,store
O0004700,2024-02-18 13:47:00,S017,C000099,ecom
O0004701,2024-02-18 18:26:00,S008,C000541,store
O0004702,2024-02-18 12:44:00,S015,C000087,ecom
O0004703,2024-02-18 11:01:00,S017,C001673,ecom
O0004704,2024-02-18 19:15:00,S014,C001436,store
O0004705,2024-02-18 12:36:00,S016,C000775,store
O0004706,2024-02-18 09:24:00,S018,C000028,ecom
O0004707,2024-02-18 13:40:00,S030,C000779,store
O0004708,2024-02-18 12:55:00,S001,C001652,store
O0004709,2024-02-18 17:55:00,S006,C000625,ecom
O0004710,2024-02-18 09:42:00,S014,C002467,ecom
O0004711,2024-02-18 11:53:00,S023,C001804,store
O0004712,2024-02-18 14:06:00,S021,C001886,ecom
O0004713,2024-02-18 14:22:00,S007,C000291,store
O0004714,2024-02-18 19:32:00,S006,C000321,store
O0004715,2024-02-18 11:41:00,S004,C001918,store
O0004716,2024-02-18 20:21:00,S029,C000986,store
O0004717,2024-02-18 19:08:00,S022,C000545,ecom
O0004718,2024-02-18 19:35:00,S022,C001321,store
O0004719,2024-02-18 10:16:00,S003,C001484,ecom
O0004720,2024-02-18 14:23:00,S006,C000753,store
O0004721,2024-02-18 18:39:00,S022,C002380,ecom
O0004722,2024-02-18 11:57:00,S010,C000250,store
O0004723,2024-02-18 14:06:00,S026,C001880,store
O0004724,2024-02-18 10:26:00,S001,C000183,store
O0004725,2024-02-18 17:24:00,S019,C002137,store
O0004726,2024-02-18 17:31:00,S019,C001089,store
O0004727,2024-02-18 20:57:00,S028,C001911,store
O0004728,2024-02-18 20:22:00,S017,C002047,store
O0004729,2024-02-18 19:27:00,S024,C001464,ecom
O0004730,2024-02-18 09:39:00,S002,C002251,store
O0004731,2024-02-18 12:31:00,S020,C001606,store
O0004732,2024-02-18 09:42:00,S016,C001910,store
O0004733,2024-02-18 14:01:00,S008,C000075,store
O0004734,2024-02-18 15:07:00,S019,C002258,ecom
O0004735,2024-02-18 20:56:00,S009,C002235,store
O0004736,2024-02-18 09:39:00,S005,C001181,ecom
O0004737,2024-02-18 09:47:00,S015,C001586,store
O0004738,2024-02-18 20:39:00,S013,C001685,ecom
O0004739,2024-02-18 17:49:00,S014,C001665,store
O0004740,2024-02-18 12:57:00,S019,C001040,store
O0004741,2024-02-18 20:07:00,S005,C000902,store
O0004742,2024-02-18 15:46:00,S028,C000532,ecom
O0004743,2024-02-18 13:05:00,S016,C000654,store
O0004744,2024-02-18 18:45:00,S013,C002279,store
O0004745,2024-02-18 14:04:00,S027,C001175,store
O0004746,2024-02-18 14:31:00,S026,C002269,ecom
O0004747,2024-02-18 11:47:00,S005,C001722,ecom
O0004748,2024-02-18 10:41:00,S012,C001664,store
O0004749,2024-02-18 11:49:00,S010,C002335,ecom
O0004750,2024-02-18 12:28:00,S006,C000709,ecom
O0004751,2024-02-18 17:54:00,S015,C000904,ecom
O0004752,2024-02-18 17:26:00,S010,C000796,store
O0004753,2024-02-18 12:09:00,S021,C001219,store
O0004754,2024-02-18 20:03:00,S024,C001160,store
O0004755,2024-02-18 09:15:00,S017,C000517,store
O0004756,2024-02-18 09:26:00,S006,C001281,store
O0004757,2024-02-18 11:03:00,S021,C000346,ecom
O0004758,2024-02-18 11:04:00,S027,C002357,store
O0004759,2024-02-18 14:19:00,S025,C000581,ecom
O0004760,2024-02-18 09:24:00,S024,C001837,store
O0004761,2024-02-18 19:12:00,S028,C000718,ecom
O0004762,2024-02-18 15:20:00,S028,C000706,store
O0004763,2024-02-18 14:51:00,S015,C001998,store
O0004764,2024-02-18 09:34:00,S015,C001820,store
O0004765,2024-02-18 10:10:00,S012,C002141,store
O0004766,2024-02-18 11:30:00,S026,C000305,store
O0004767,2024-02-18 15:35:00,S017,C000875,store
O0004768,2024-02-18 12:03:00,S016,C001309,store
O0004769,2024-02-18 20:57:00,S030,C000439,store
O0004770,2024-02-18 19:35:00,S003,C000957,ecom
O0004771,2024-02-18 20:44:00,S025,C001655,store
O0004772,2024-02-18 15:24:00,S009,C001207,store
O0004773,2024-02-18 13:31:00,S027,C002405,ecom
O0004774,2024-02-18 10:04:00,S010,C001262,store
O0004775,2024-02-18 15:01:00,S004,C000841,ecom
O0004776,2024-02-18 15:36:00,S027,C002195,store
O0004777,2024-02-18 09:42:00,S021,C002262,ecom
O0004778,2024-02-18 19:16:00,S016,C000926,store
O0004779,2024-02-18 11:04:00,S011,C000537,ecom
O0004780,2024-02-18 14:15:00,S021,C001117,store
O0004781,2024-02-18 14:48:00,S018,C001798,store
O0004782,2024-02-18 09:02:00,S005,C002267,store
O0004783,2024-02-18 15:35:00,S003,C002424,store
O0004784,2024-02-18 20:50:00,S001,C002235,store
O0004785,2024-02-18 09:01:00,S009,C000102,store
O0004786,2024-02-18 09:58:00,S007,C002315,store
O0004787,2024-02-18 11:39:00,S021,C002135,store
O0004788,2024-02-18 16:03:00,S024,C000213,store
O0004789,2024-02-18 11:09:00,S017,C002484,store
O0004790,2024-02-18 14:40:00,S021,C001447,ecom
O0004791,2024-02-18 19:41:00,S030,C002094,store
O0004792,2024-02-18 11:53:00,S023,C001806,store
O0004793,2024-02-18 17:55:00,S020,C001345,ecom
O0004794,2024-02-18 11:16:00,S014,C002482,store
O0004795,2024-02-18 12:41:00,S023,C001831,store
O0004796,2024-02-18 10:40:00,S005,C001067,store
O0004797,2024-02-18 15:51:00,S016,C000875,store
O0004798,2024-02-18 17:16:00,S021,C001964,store
O0004799,2024-02-18 20:35:00,S003,C000420,store
O0004800,2024-02-18 19:36:00,S008,C002011,store
O0004801,2024-02-18 20:02:00,S004,C000659,store
O0004802,2024-02-18 09:10:00,S005,C000180,store
O0004803,2024-02-19 20:38:00,S025,C000836,store
O0004804,2024-02-19 11:19:00,S018,C001433,store
O0004805,2024-02-19 10:09:00,S029,C001435,store
O0004806,2024-02-19 10:21:00,S030,C000717,ecom
O0004807,2024-02-19 11:26:00,S010,C000931,ecom
O0004808,2024-02-19 12:45:00,S011,C001260,store
O0004809,2024-02-19 12:57:00,S004,C000388,ecom
O0004810,2024-02-19 17:49:00,S028,C000350,store
O0004811,2024-02-19 19:15:00,S018,C000611,ecom
O0004812,2024-02-19 17:44:00,S019,C001352,store
O0004813,2024-02-19 18:33:00,S022,C001471,store
O0004814,2024-02-19 11:59:00,S009,C001277,store
O0004815,2024-02-19 14:49:00,S010,C000347,store
O0004816,2024-02-19 20:10:00,S013,C000754,store
O0004817,2024-02-19 11:53:00,S012,C002109,store
O0004818,2024-02-19 12:01:00,S021,C002031,ecom
O0004819,2024-02-19 19:54:00,S004,C000689,ecom
O0004820,2024-02-19 17:31:00,S018,C001899,ecom
O0004821,2024-02-19 12:35:00,S028,C001127,store
O0004822,2024-02-19 12:44:00,S021,C002096,ecom
O0004823,2024-02-19 19:07:00,S009,C001048,ecom
O0004824,2024-02-19 11:11:00,S011,C002459,store
O0004825,2024-02-19 12:23:00,S027,C002198,store
O0004826,2024-02-19 18:14:00,S008,C000892,store
O0004827,2024-02-19 17:05:00,S026,C000404,ecom
O0004828,2024-02-19 12:19:00,S023,C000160,store
O0004829,2024-02-19 09:25:00,S022,C000611,store
O0004830,2024-02-19 15:00:00,S006,C002281,store
O0004831,2024-02-19 17:59:00,S009,C000316,ecom
O0004832,2024-02-19 20:25:00,S030,C000870,store
O0004833,2024-02-19 16:01:00,S003,C001394,ecom
O0004834,2024-02-19 18:29:00,S020,C001383,store
O0004835,2024-02-19 13:03:00,S020,C000876,ecom
O0004836,2024-02-19 16:15:00,S014,C001440,store
O0004837,2024-02-19 17:08:00,S011,C000194,store
O0004838,2024-02-19 11:26:00,S014,C000105,store
O0004839,2024-02-19 20:01:00,S022,C001674,ecom
O0004840,2024-02-19 11:45:00,S030,C001233,store
O0004841,2024-02-19 18:54:00,S025,C000982,store
O0004842,2024-02-19 09:38:00,S002,C001693,store
O0004843,2024-02-19 11:47:00,S007,C000180,store
O0004844,2024-02-19 19:50:00,S016,C002189,store
O0004845,2024-02-19 12:13:00,S029,C002106,store
O0004846,2024-02-19 16:50:00,S015,C000199,store
O0004847,2024-02-19 17:53:00,S002,C001653,store
O0004848,2024-02-19 12:46:00,S009,C000674,store
O0004849,2024-02-19 15:13:00,S029,C001864,store
O0004850,2024-02-19 19:39:00,S007,C001741,store
O0004851,2024-02-19 18:41:00,S013,C000049,store
O0004852,2024-02-19 10:48:00,S022,C001719,store
O0004853,2024-02-19 10:12:00,S007,C002103,ecom
O0004854,2024-02-19 20:57:00,S012,C001756,ecom
O0004855,2024-02-19 17:58:00,S012,C000373,ecom
O0004856,2024-02-19 18:54:00,S026,C000687,store
O0004857,2024-02-19 16:21:00,S012,C001319,store
O0004858,2024-02-19 18:12:00,S019,C000483,store
O0004859,2024-02-19 10:05:00,S002,C000415,ecom
O0004860,2024-02-19 13:10:00,S013,C001198,store
O0004861,2024-02-19 09:47:00,S011,C002290,store
O0004862,2024-02-19 11:59:00,S018,C002039,ecom
O0004863,2024-02-19 12:39:00,S010,C001939,store
O0004864,2024-02-19 13:04:00,S006,C000531,store
O0004865,2024-02-19 18:12:00,S028,C001352,ecom
O0004866,2024-02-19 16:53:00,S012,C000466,ecom
O0004867,2024-02-19 10:26:00,S019,C000350,ecom
O0004868,2024-02-19 14:51:00,S023,C001551,ecom
O0004869,2024-02-19 19:32:00,S006,C001424,store
O0004870,2024-02-19 09:58:00,S025,C001311,ecom
O0004871,2024-02-19 14:33:00,S024,C001414,store
O0004872,2024-02-19 18:36:00,S001,C000339,ecom
O0004873,2024-02-19 10:08:00,S026,C002361,store
O0004874,2024-02-19 11:57:00,S024,C001290,ecom
O0004875,2024-02-19 09:48:00,S026,C001397,store
O0004876,2024-02-19 10:59:00,S001,C001240,ecom
O0004877,2024-02-19 11:24:00,S002,C002018,store
O0004878,2024-02-19 12:00:00,S024,C002472,store
O0004879,2024-02-19 19:04:00,S008,C001406,store
O0004880,2024-02-19 14:32:00,S020,C001738,ecom
O0004881,2024-02-19 19:02:00,S029,C002059,store
O0004882,2024-02-19 17:50:00,S015,C000643,ecom
O0004883,2024-02-19 19:14:00,S006,C002102,store
O0004884,2024-02-19 11:47:00,S021,C001469,store
O0004885,2024-02-19 17:45:00,S019,C000298,store
O0004886,2024-02-19 16:32:00,S026,C002027,ecom
O0004887,2024-02-19 14:44:00,S020,C002109,store
O0004888,2024-02-19 19:48:00,S021,C000563,ecom
O0004889,2024-02-19 13:08:00,S002,C002274,ecom
O0004890,2024-02-20 12:14:00,S001,C000388,store
O0004891,2024-02-20 09:33:00,S001,C001815,ecom
O0004892,2024-02-20 12:39:00,S018,C001352,store
O0004893,2024-02-20 10:59:00,S009,C001063,store
O0004894,2024-02-20 16:23:00,S011,C000881,ecom
O0004895,2024-02-20 11:42:00,S019,C002376,ecom
O0004896,2024-02-20 19:32:00,S027,C000407,store
O0004897,2024-02-20 13:37:00,S002,C000572,store
O0004898,2024-02-20 14:45:00,S015,C002071,ecom
O0004899,2024-02-20 12:31:00,S022,C001717,store
O0004900,2024-02-20 15:49:00,S021,C002462,store
O0004901,2024-02-20 09:39:00,S021,C002278,store
O0004902,2024-02-20 12:13:00,S004,C002094,ecom
O0004903,2024-02-20 12:30:00,S009,C000981,ecom
O0004904,2024-02-20 11:25:00,S022,C001626,store
O0004905,2024-02-20 15:38:00,S007,C002223,store
O0004906,2024-02-20 15:31:00,S025,C001087,store
O0004907,2024-02-20 15:26:00,S030,C000804,ecom
O0004908,2024-02-20 14:00:00,S002,C002367,store
O0004909,2024-02-20 12:15:00,S008,C000235,ecom
O0004910,2024-02-20 19:35:00,S019,C002388,store
O0004911,2024-02-20 18:13:00,S030,C002307,store
O0004912,2024-02-20 10:02:00,S005,C000385,store
O0004913,2024-02-20 17:00:00,S002,C001988,store
O0004914,2024-02-20 15:19:00,S022,C002098,store
O0004915,2024-02-20 15:48:00,S006,C001756,store
O0004916,2024-02-20 16:28:00,S003,C001581,store
O0004917,2024-02-20 17:43:00,S008,C000767,store
O0004918,2024-02-20 18:05:00,S005,C000649,ecom
O0004919,2024-02-20 19:32:00,S014,C002085,store
O0004920,2024-02-20 15:48:00,S023,C002228,ecom
O0004921,2024-02-20 19:25:00,S002,C000388,store
O0004922,2024-02-20 09:22:00,S001,C002055,store
O0004923,2024-02-20 18:27:00,S030,C001861,store
O0004924,2024-02-20 14:53:00,S025,C002296,store
O0004925,2024-02-20 13:53:00,S015,C001220,store
O0004926,2024-02-20 15:01:00,S005,C001997,store
O0004927,2024-02-20 12:21:00,S021,C001009,store
O0004928,2024-02-20 09:24:00,S013,C000216,store
O0004929,2024-02-20 16:24:00,S011,C000423,ecom
O0004930,2024-02-20 12:23:00,S015,C001467,store
O0004931,2024-02-20 16:47:00,S017,C000407,store
O0004932,2024-02-20 17:15:00,S027,C001393,store
O0004933,2024-02-20 13:11:00,S004,C001352,ecom
O0004934,2024-02-20 13:50:00,S013,C002460,ecom
O0004935,2024-02-20 19:01:00,S012,C002218,store
O0004936,2024-02-20 20:22:00,S024,C002318,store
O0004937,2024-02-20 15:57:00,S016,C001503,ecom
O0004938,2024-02-20 15:17:00,S029,C000010,ecom
O0004939,2024-02-20 12:22:00,S022,C002017,store
O0004940,2024-02-20 19:33:00,S016,C000402,store
O0004941,2024-02-20 18:39:00,S025,C002021,store
O0004942,2024-02-20 15:40:00,S011,C002103,store
O0004943,2024-02-20 16:22:00,S003,C000476,store
O0004944,2024-02-20 11:42:00,S008,C001897,store
O0004945,2024-02-20 15:15:00,S004,C002331,ecom
O0004946,2024-02-20 20:25:00,S010,C000692,store
O0004947,2024-02-20 10:56:00,S028,C001024,store
O0004948,2024-02-20 15:10:00,S001,C002375,ecom
O0004949,2024-02-20 14:37:00,S024,C000138,ecom
O0004950,2024-02-20 13:02:00,S010,C000547,store
O0004951,2024-02-21 09:50:00,S013,C000097,store
O0004952,2024-02-21 14:14:00,S015,C001070,store
O0004953,2024-02-21 15:15:00,S026,C000152,ecom
O0004954,2024-02-21 13:11:00,S012,C000217,store
O0004955,2024-02-21 14:52:00,S022,C001066,store
O0004956,2024-02-21 16:58:00,S004,C002070,ecom
O0004957,2024-02-21 13:56:00,S005,C000844,ecom
O0004958,2024-02-21 13:02:00,S022,C000637,store
O0004959,2024-02-21 13:34:00,S026,C001502,ecom
O0004960,2024-02-21 12:58:00,S003,C000831,ecom
O0004961,2024-02-21 10:42:00,S015,C002399,ecom
O0004962,2024-02-21 18:52:00,S028,C001477,ecom
O0004963,2024-02-21 13:04:00,S013,C001724,store
O0004964,2024-02-21 11:04:00,S008,C002026,store
O0004965,2024-02-21 12:48:00,S017,C000649,store
O0004966,2024-02-21 15:28:00,S030,C002005,store
O0004967,2024-02-21 17:14:00,S009,C002402,store
O0004968,2024-02-21 13:55:00,S001,C000608,ecom
O0004969,2024-02-21 10:48:00,S001,C000297,store
O0004970,2024-02-21 19:02:00,S018,C001649,store
O0004971,2024-02-21 19:55:00,S015,C000670,store
O0004972,2024-02-21 09:18:00,S001,C002441,store
O0004973,2024-02-21 15:11:00,S010,C000932,store
O0004974,2024-02-21 17:18:00,S010,C001054,store
O0004975,2024-02-21 20:34:00,S008,C000648,ecom
O0004976,2024-02-21 19:08:00,S021,C002007,store
O0004977,2024-02-21 15:12:00,S026,C001540,store
O0004978,2024-02-21 19:00:00,S010,C000556,ecom
O0004979,2024-02-21 14:24:00,S014,C001755,ecom
O0004980,2024-02-21 18:02:00,S014,C001389,store
O0004981,2024-02-21 11:31:00,S028,C002276,store
O0004982,2024-02-21 20:05:00,S011,C001985,store
O0004983,2024-02-21 15:34:00,S023,C002016,store
O0004984,2024-02-21 09:55:00,S014,C001297,ecom
O0004985,2024-02-21 12:53:00,S025,C001151,store
O0004986,2024-02-21 16:26:00,S007,C002155,ecom
O0004987,2024-02-21 18:25:00,S029,C002488,store
O0004988,2024-02-21 13:20:00,S011,C001250,store
O0004989,2024-02-21 15:32:00,S015,C001736,ecom
O0004990,2024-02-21 16:26:00,S020,C001518,store
O0004991,2024-02-21 18:10:00,S018,C001997,store
O0004992,2024-02-21 17:13:00,S006,C001483,ecom
O0004993,2024-02-21 14:44:00,S002,C002295,store
O0004994,2024-02-21 20:31:00,S009,C001393,store
O0004995,2024-02-21 19:03:00,S016,C001718,store
O0004996,2024-02-21 13:33:00,S001,C001885,store
O0004997,2024-02-21 20:09:00,S001,C000473,store
O0004998,2024-02-21 09:57:00,S029,C001797,store
O0004999,2024-02-21 11:00:00,S017,C000384,store
O0005000,2024-02-21 15:08:00,S021,C000772,store
O0005001,2024-02-21 09:20:00,S016,C001882,store
O0005002,2024-02-21 12:40:00,S015,C001350,store
O0005003,2024-02-21 16:45:00,S012,C000395,store
O0005004,2024-02-21 10:30:00,S001,C001899,store
O0005005,2024-02-21 11:47:00,S003,C000192,store
O0005006,2024-02-21 16:27:00,S013,C000289,store
O0005007,2024-02-21 16:05:00,S003,C001154,ecom
O0005008,2024-02-21 17:26:00,S011,C000555,store
O0005009,2024-02-21 13:26:00,S024,C001227,ecom
O0005010,2024-02-21 19:10:00,S017,C002178,ecom
O0005011,2024-02-21 09:37:00,S005,C002468,ecom
O0005012,2024-02-21 19:48:00,S007,C000271,store
O0005013,2024-02-21 13:47:00,S014,C001610,store
O0005014,2024-02-21 12:18:00,S029,C000547,store
O0005015,2024-02-21 17:56:00,S011,C000424,store
O0005016,2024-02-21 15:16:00,S023,C001951,store
O0005017,2024-02-21 13:49:00,S029,C002116,store
O0005018,2024-02-21 19:14:00,S015,C001483,store
O0005019,2024-02-21 15:25:00,S016,C000591,ecom
O0005020,2024-02-21 20:12:00,S018,C000957,store
O0005021,2024-02-21 16:56:00,S021,C000886,store
O0005022,2024-02-21 20:59:00,S030,C001071,store
O0005023,2024-02-21 14:33:00,S013,C001144,ecom
O0005024,2024-02-21 10:25:00,S005,C000794,store
O0005025,2024-02-21 16:52:00,S023,C000735,store
O0005026,2024-02-21 13:35:00,S012,C001267,store
O0005027,2024-02-21 13:52:00,S014,C001758,ecom
O0005028,2024-02-21 17:52:00,S019,C000496,store
O0005029,2024-02-21 13:06:00,S028,C001518,ecom
O0005030,2024-02-21 10:31:00,S019,C001869,store
O0005031,2024-02-21 19:37:00,S028,C000836,ecom
O0005032,2024-02-21 16:41:00,S007,C001807,ecom
O0005033,2024-02-21 11:42:00,S013,C000899,store
O0005034,2024-02-21 11:41:00,S004,C000168,ecom
O0005035,2024-02-21 17:36:00,S012,C001974,ecom
O0005036,2024-02-21 12:55:00,S019,C002119,ecom
O0005037,2024-02-21 17:14:00,S016,C001636,store
O0005038,2024-02-22 12:14:00,S005,C002249,ecom
O0005039,2024-02-22 18:17:00,S007,C001093,store
O0005040,2024-02-22 09:04:00,S010,C000909,store
O0005041,2024-02-22 12:15:00,S011,C001241,store
O0005042,2024-02-22 15:59:00,S009,C001181,ecom
O0005043,2024-02-22 10:50:00,S003,C001010,store
O0005044,2024-02-22 19:36:00,S024,C002353,store
O0005045,2024-02-22 19:46:00,S030,C001402,ecom
O0005046,2024-02-22 09:48:00,S016,C001904,ecom
O0005047,2024-02-22 13:25:00,S022,C002408,store
O0005048,2024-02-22 10:55:00,S019,C000671,store
O0005049,2024-02-22 10:49:00,S029,C000667,store
O0005050,2024-02-22 13:29:00,S025,C000453,ecom
O0005051,2024-02-22 18:19:00,S021,C000811,ecom
O0005052,2024-02-22 12:43:00,S026,C000834,store
O0005053,2024-02-22 09:16:00,S011,C001014,store
O0005054,2024-02-22 20:21:00,S004,C000899,store
O0005055,2024-02-22 18:35:00,S001,C002414,store
O0005056,2024-02-22 09:06:00,S019,C001345,store
O0005057,2024-02-22 12:10:00,S021,C000089,ecom
O0005058,2024-02-22 13:37:00,S007,C002202,store
O0005059,2024-02-22 12:26:00,S016,C002430,ecom
O0005060,2024-02-22 10:53:00,S016,C002396,ecom
O0005061,2024-02-22 15:41:00,S019,C001745,store
O0005062,2024-02-22 12:13:00,S020,C001461,ecom
O0005063,2024-02-22 11:11:00,S013,C000060,ecom
O0005064,2024-02-22 19:20:00,S029,C000463,ecom
O0005065,2024-02-22 11:53:00,S025,C000340,store
O0005066,2024-02-22 09:32:00,S027,C001388,store
O0005067,2024-02-22 20:44:00,S014,C001082,store
O0005068,2024-02-22 09:49:00,S008,C000132,ecom
O0005069,2024-02-22 11:49:00,S022,C001530,store
O0005070,2024-02-22 17:01:00,S008,C001518,store
O0005071,2024-02-22 12:10:00,S011,C002230,store
O0005072,2024-02-22 19:46:00,S002,C000248,ecom
O0005073,2024-02-22 19:45:00,S027,C000347,ecom
O0005074,2024-02-22 10:30:00,S006,C002242,store
O0005075,2024-02-22 18:44:00,S024,C002320,store
O0005076,2024-02-22 10:59:00,S010,C000848,ecom
O0005077,2024-02-22 20:08:00,S014,C000918,ecom
O0005078,2024-02-22 19:16:00,S016,C001663,store
O0005079,2024-02-22 15:36:00,S017,C001428,store
O0005080,2024-02-22 14:58:00,S027,C000548,store
O0005081,2024-02-22 19:12:00,S006,C002098,store
O0005082,2024-02-22 17:56:00,S027,C000023,ecom
O0005083,2024-02-22 20:00:00,S001,C001526,ecom
O0005084,2024-02-22 09:28:00,S019,C001765,store
O0005085,2024-02-22 15:22:00,S011,C000228,store
O0005086,2024-02-22 17:16:00,S025,C002218,store
O0005087,2024-02-22 15:06:00,S017,C002288,ecom
O0005088,2024-02-22 13:53:00,S011,C000204,store
O0005089,2024-02-22 09:57:00,S029,C000677,store
O0005090,2024-02-22 15:56:00,S007,C000206,ecom
O0005091,2024-02-22 17:35:00,S021,C002048,store
O0005092,2024-02-22 16:55:00,S010,C000433,store
O0005093,2024-02-22 10:53:00,S014,C000581,store
O0005094,2024-02-22 14:36:00,S012,C002392,store
O0005095,2024-02-22 15:52:00,S005,C000582,store
O0005096,2024-02-22 19:08:00,S008,C001635,ecom
O0005097,2024-02-22 13:40:00,S025,C002331,store
O0005098,2024-02-23 17:52:00,S027,C000188,store
O0005099,2024-02-23 15:25:00,S011,C002001,store
O0005100,2024-02-23 10:44:00,S021,C002229,store
O0005101,2024-02-23 18:52:00,S020,C001874,store
O0005102,2024-02-23 15:54:00,S021,C001103,store
O0005103,2024-02-23 18:13:00,S009,C000972,store
O0005104,2024-02-23 09:15:00,S010,C002228,ecom
O0005105,2024-02-23 20:30:00,S015,C001058,store
O0005106,2024-02-23 13:38:00,S019,C001374,store
O0005107,2024-02-23 12:59:00,S007,C001137,store
O0005108,2024-02-23 13:45:00,S026,C000082,store
O0005109,2024-02-23 18:42:00,S015,C002441,store
O0005110,2024-02-23 19:51:00,S002,C000092,store
O0005111,2024-02-23 11:27:00,S002,C000998,store
O0005112,2024-02-23 18:11:00,S020,C001896,store
O0005113,2024-02-23 09:42:00,S003,C001936,store
O0005114,2024-02-23 15:07:00,S022,C001165,store
O0005115,2024-02-23 10:03:00,S005,C001672,ecom
O0005116,2024-02-23 12:41:00,S004,C001378,store
O0005117,2024-02-23 19:15:00,S008,C001901,store
O0005118,2024-02-23 09:59:00,S010,C001236,store
O0005119,2024-02-23 12:39:00,S027,C001879,store
O0005120,2024-02-23 16:35:00,S009,C000128,store
O0005121,2024-02-23 10:29:00,S016,C000129,store
O0005122,2024-02-23 12:34:00,S014,C001146,store
O0005123,2024-02-23 17:28:00,S028,C001816,store
O0005124,2024-02-23 09:06:00,S006,C002147,store
O0005125,2024-02-23 14:32:00,S004,C000450,ecom
O0005126,2024-02-23 15:52:00,S002,C001002,store
O0005127,2024-02-23 17:36:00,S009,C002024,store
O0005128,2024-02-23 10:14:00,S030,C001833,store
O0005129,2024-02-23 18:28:00,S026,C000203,store
O0005130,2024-02-23 12:43:00,S012,C000289,store
O0005131,2024-02-23 09:33:00,S005,C001446,ecom
O0005132,2024-02-23 16:10:00,S007,C000631,ecom
O0005133,2024-02-23 15:48:00,S008,C000754,store
O0005134,2024-02-23 13:41:00,S001,C000050,store
O0005135,2024-02-23 19:06:00,S015,C001688,store
O0005136,2024-02-23 15:34:00,S018,C001074,ecom
O0005137,2024-02-23 16:25:00,S026,C001761,store
O0005138,2024-02-23 14:20:00,S011,C001175,ecom
O0005139,2024-02-23 15:07:00,S025,C000090,store
O0005140,2024-02-23 20:33:00,S014,C001303,store
O0005141,2024-02-23 09:27:00,S023,C001069,ecom
O0005142,2024-02-23 20:09:00,S026,C000874,store
O0005143,2024-02-23 12:04:00,S029,C000866,ecom
O0005144,2024-02-23 16:20:00,S029,C000567,store
O0005145,2024-02-23 13:20:00,S027,C002083,store
O0005146,2024-02-23 14:37:00,S017,C001690,store
O0005147,2024-02-23 12:26:00,S015,C001392,store
O0005148,2024-02-23 16:37:00,S024,C002315,store
O0005149,2024-02-23 13:24:00,S010,C000547,ecom
O0005150,2024-02-23 18:51:00,S024,C001682,store
O0005151,2024-02-23 09:38:00,S017,C000318,ecom
O0005152,2024-02-23 11:45:00,S008,C002301,store
O0005153,2024-02-23 11:32:00,S016,C002196,store
O0005154,2024-02-23 20:41:00,S013,C002382,store
O0005155,2024-02-23 18:38:00,S010,C001546,store
O0005156,2024-02-23 10:18:00,S027,C002177,store
O0005157,2024-02-23 13:41:00,S030,C001594,ecom
O0005158,2024-02-23 16:09:00,S003,C000825,ecom
O0005159,2024-02-23 12:10:00,S016,C001193,ecom
O0005160,2024-02-23 09:31:00,S028,C001934,store
O0005161,2024-02-23 17:28:00,S003,C000697,ecom
O0005162,2024-02-23 10:39:00,S019,C000839,store
O0005163,2024-02-23 12:14:00,S015,C001321,ecom
O0005164,2024-02-23 20:43:00,S028,C001790,store
O0005165,2024-02-23 09:45:00,S005,C000053,ecom
O0005166,2024-02-23 12:48:00,S009,C001522,ecom
O0005167,2024-02-23 14:00:00,S003,C001754,ecom
O0005168,2024-02-23 09:22:00,S014,C000840,store
O0005169,2024-02-23 14:40:00,S011,C001113,store
O0005170,2024-02-23 13:21:00,S012,C000729,store
O0005171,2024-02-23 12:01:00,S010,C000183,ecom
O0005172,2024-02-23 18:42:00,S018,C000400,ecom
O0005173,2024-02-23 18:12:00,S005,C001875,store
O0005174,2024-02-23 13:46:00,S022,C001979,store
O0005175,2024-02-23 16:55:00,S003,C001487,store
O0005176,2024-02-23 14:32:00,S021,C001788,store
O0005177,2024-02-24 19:02:00,S014,C001263,store
O0005178,2024-02-24 17:47:00,S020,C001341,store
O0005179,2024-02-24 10:51:00,S015,C001965,store
O0005180,2024-02-24 19:34:00,S028,C000164,store
O0005181,2024-02-24 11:34:00,S020,C000245,store
O0005182,2024-02-24 15:57:00,S016,C000093,store
O0005183,2024-02-24 15:44:00,S008,C002488,ecom
O0005184,2024-02-24 18:09:00,S024,C001659,store
O0005185,2024-02-24 15:37:00,S004,C001625,store
O0005186,2024-02-24 12:48:00,S019,C001671,store
O0005187,2024-02-24 10:12:00,S022,C000211,store
O0005188,2024-02-24 20:03:00,S016,C001377,store
O0005189,2024-02-24 17:16:00,S004,C002382,store
O0005190,2024-02-24 11:54:00,S005,C000325,store
O0005191,2024-02-24 10:12:00,S008,C001618,store
O0005192,2024-02-24 16:35:00,S027,C001815,ecom
O0005193,2024-02-24 20:23:00,S006,C001293,ecom
O0005194,2024-02-24 12:06:00,S030,C002383,store
O0005195,2024-02-24 16:11:00,S028,C001707,store
O0005196,2024-02-24 15:30:00,S006,C000081,ecom
O0005197,2024-02-24 17:38:00,S003,C001708,store
O0005198,2024-02-24 17:55:00,S006,C001961,store
O0005199,2024-02-24 09:48:00,S010,C002024,store
O0005200,2024-02-24 19:55:00,S019,C000544,store
O0005201,2024-02-24 11:42:00,S010,C000296,ecom
O0005202,2024-02-24 13:30:00,S014,C000795,store
O0005203,2024-02-24 20:02:00,S014,C001480,store
O0005204,2024-02-24 12:26:00,S002,C000515,ecom
O0005205,2024-02-24 20:27:00,S020,C001365,ecom
O0005206,2024-02-24 13:19:00,S002,C001680,store
O0005207,2024-02-24 18:05:00,S005,C001118,ecom
O0005208,2024-02-24 16:07:00,S017,C000910,ecom
O0005209,2024-02-24 16:27:00,S014,C001098,ecom
O0005210,2024-02-24 10:55:00,S014,C000461,store
O0005211,2024-02-24 10:30:00,S023,C000210,ecom
O0005212,2024-02-24 10:30:00,S022,C000493,store
O0005213,2024-02-24 12:30:00,S006,C001103,ecom
O0005214,2024-02-24 17:56:00,S013,C001481,store
O0005215,2024-02-24 20:16:00,S013,C002268,ecom
O0005216,2024-02-24 16:35:00,S023,C002498,store
O0005217,2024-02-24 17:48:00,S026,C000656,store
O0005218,2024-02-24 16:14:00,S018,C001349,store
O0005219,2024-02-24 11:43:00,S021,C000738,store
O0005220,2024-02-24 19:11:00,S023,C000031,ecom
O0005221,2024-02-24 11:17:00,S001,C000363,store
O0005222,2024-02-24 16:01:00,S012,C001032,ecom
O0005223,2024-02-24 13:57:00,S005,C001310,ecom
O0005224,2024-02-24 16:52:00,S015,C000876,store
O0005225,2024-02-24 13:21:00,S006,C002334,ecom
O0005226,2024-02-24 12:32:00,S010,C000923,store
O0005227,2024-02-24 13:35:00,S007,C001494,store
O0005228,2024-02-24 14:12:00,S024,C002162,ecom
O0005229,2024-02-24 19:03:00,S024,C000864,ecom
O0005230,2024-02-24 16:38:00,S009,C002237,store
O0005231,2024-02-24 10:19:00,S004,C002409,store
O0005232,2024-02-24 18:24:00,S001,C001140,ecom
O0005233,2024-02-24 18:18:00,S002,C000790,store
O0005234,2024-02-24 18:52:00,S019,C002227,ecom
O0005235,2024-02-24 11:42:00,S001,C000109,ecom
O0005236,2024-02-24 15:33:00,S025,C001780,ecom
O0005237,2024-02-24 20:05:00,S016,C001952,store
O0005238,2024-02-24 10:06:00,S024,C001029,ecom
O0005239,2024-02-24 09:11:00,S006,C000799,store
O0005240,2024-02-24 14:05:00,S011,C000948,store
O0005241,2024-02-24 13:40:00,S013,C000035,store
O0005242,2024-02-24 11:33:00,S002,C000492,store
O0005243,2024-02-24 17:09:00,S024,C002362,ecom
O0005244,2024-02-24 11:40:00,S004,C000607,ecom
O0005245,2024-02-24 16:05:00,S015,C001316,ecom
O0005246,2024-02-24 13:04:00,S010,C001032,store
O0005247,2024-02-24 11:43:00,S009,C001768,store
O0005248,2024-02-24 16:56:00,S017,C000142,ecom
O0005249,2024-02-24 12:43:00,S020,C001097,store
O0005250,2024-02-24 12:54:00,S004,C001953,ecom
O0005251,2024-02-24 14:26:00,S016,C002400,ecom
O0005252,2024-02-24 18:43:00,S009,C000095,store
O0005253,2024-02-24 12:16:00,S019,C001609,store
O0005254,2024-02-24 18:06:00,S029,C000278,store
O0005255,2024-02-24 19:36:00,S027,C000489,ecom
O0005256,2024-02-24 11:24:00,S027,C002359,ecom
O0005257,2024-02-24 12:54:00,S016,C002299,store
O0005258,2024-02-24 10:18:00,S003,C001907,ecom
O0005259,2024-02-24 16:27:00,S008,C000690,store
O0005260,2024-02-24 18:55:00,S009,C002199,ecom
O0005261,2024-02-24 16:11:00,S030,C001131,store
O0005262,2024-02-24 10:05:00,S021,C000709,store
O0005263,2024-02-24 14:00:00,S003,C001236,ecom
O0005264,2024-02-24 16:47:00,S025,C001231,store
O0005265,2024-02-24 09:21:00,S006,C000324,ecom
O0005266,2024-02-24 20:09:00,S013,C001247,store
O0005267,2024-02-24 14:34:00,S008,C001798,store
O0005268,2024-02-24 12:30:00,S020,C001907,store
O0005269,2024-02-24 11:24:00,S003,C002013,ecom
O0005270,2024-02-24 14:37:00,S017,C000554,ecom
O0005271,2024-02-24 13:57:00,S009,C000296,store
O0005272,2024-02-24 12:43:00,S020,C000740,store
O0005273,2024-02-24 14:17:00,S025,C001920,ecom
O0005274,2024-02-24 17:37:00,S006,C001622,store
O0005275,2024-02-24 16:03:00,S024,C001330,store
O0005276,2024-02-24 13:02:00,S010,C001443,store
O0005277,2024-02-24 14:21:00,S017,C000453,store
O0005278,2024-02-24 12:10:00,S021,C001868,store
O0005279,2024-02-24 19:20:00,S024,C001618,ecom
O0005280,2024-02-24 13:40:00,S004,C000241,store
O0005281,2024-02-24 18:44:00,S028,C001899,ecom
O0005282,2024-02-24 12:54:00,S029,C001332,store
O0005283,2024-02-24 19:17:00,S028,C000845,store
O0005284,2024-02-24 15:20:00,S008,C001305,store
O0005285,2024-02-24 13:37:00,S023,C000480,ecom
O0005286,2024-02-24 17:03:00,S028,C001286,ecom
O0005287,2024-02-24 20:15:00,S006,C001498,store
O0005288,2024-02-24 17:50:00,S004,C000593,store
O0005289,2024-02-24 12:10:00,S007,C000378,store
O0005290,2024-02-24 18:54:00,S026,C002305,ecom
O0005291,2024-02-24 09:45:00,S025,C000489,store
O0005292,2024-02-24 16:06:00,S005,C001564,ecom
O0005293,2024-02-24 20:14:00,S004,C000911,store
O0005294,2024-02-24 11:31:00,S029,C001727,store
O0005295,2024-02-24 17:51:00,S018,C000185,store
O0005296,2024-02-24 18:23:00,S013,C000577,ecom
O0005297,2024-02-24 19:57:00,S021,C001492,ecom
O0005298,2024-02-24 17:39:00,S008,C000275,store
O0005299,2024-02-24 19:09:00,S030,C000122,store
O0005300,2024-02-24 14:07:00,S029,C001511,store
O0005301,2024-02-24 11:19:00,S003,C000032,ecom
O0005302,2024-02-24 19:15:00,S027,C000755,ecom
O0005303,2024-02-24 16:56:00,S022,C002082,store
O0005304,2024-02-24 14:34:00,S002,C000391,ecom
O0005305,2024-02-24 17:47:00,S008,C001411,store
O0005306,2024-02-24 14:33:00,S022,C002457,store
O0005307,2024-02-24 10:13:00,S013,C001053,store
O0005308,2024-02-24 09:00:00,S027,C000113,store
O0005309,2024-02-24 19:41:00,S014,C002242,store
O0005310,2024-02-24 10:52:00,S012,C001780,store
O0005311,2024-02-24 13:53:00,S009,C002230,ecom
O0005312,2024-02-24 14:07:00,S005,C000507,store
O0005313,2024-02-24 17:57:00,S002,C001308,ecom
O0005314,2024-02-24 13:44:00,S029,C000839,store
O0005315,2024-02-24 16:53:00,S003,C000907,store
O0005316,2024-02-24 09:25:00,S007,C001875,ecom
O0005317,2024-02-24 11:57:00,S014,C001562,store
O0005318,2024-02-24 10:20:00,S025,C001071,store
O0005319,2024-02-24 12:52:00,S020,C002299,store
O0005320,2024-02-24 16:44:00,S018,C000044,store
O0005321,2024-02-24 20:47:00,S027,C000126,store
O0005322,2024-02-24 09:04:00,S003,C000390,ecom
O0005323,2024-02-24 14:45:00,S025,C000377,ecom
O0005324,2024-02-24 13:14:00,S025,C000462,store
O0005325,2024-02-25 17:31:00,S007,C001180,ecom
O0005326,2024-02-25 20:59:00,S005,C001250,store
O0005327,2024-02-25 20:11:00,S001,C001850,store
O0005328,2024-02-25 10:32:00,S001,C002466,ecom
O0005329,2024-02-25 11:46:00,S003,C001312,store
O0005330,2024-02-25 16:35:00,S005,C002492,store
O0005331,2024-02-25 17:55:00,S021,C001310,store
O0005332,2024-02-25 16:03:00,S028,C002129,store
O0005333,2024-02-25 09:52:00,S019,C001541,ecom
O0005334,2024-02-25 20:10:00,S002,C000286,ecom
O0005335,2024-02-25 11:04:00,S029,C001217,ecom
O0005336,2024-02-25 19:15:00,S028,C001212,ecom
O0005337,2024-02-25 20:27:00,S030,C000830,ecom
O0005338,2024-02-25 19:23:00,S025,C001364,store
O0005339,2024-02-25 14:48:00,S028,C001076,ecom
O0005340,2024-02-25 17:16:00,S030,C002057,store
O0005341,2024-02-25 12:48:00,S025,C001180,store
O0005342,2024-02-25 16:20:00,S010,C001359,store
O0005343,2024-02-25 16:37:00,S002,C001202,store
O0005344,2024-02-25 16:15:00,S004,C001212,store
O0005345,2024-02-25 13:35:00,S013,C000942,store
O0005346,2024-02-25 20:29:00,S016,C001197,ecom
O0005347,2024-02-25 17:41:00,S022,C001106,store
O0005348,2024-02-25 12:03:00,S019,C000820,store
O0005349,2024-02-25 09:14:00,S016,C000358,ecom
O0005350,2024-02-25 14:13:00,S008,C000526,store
O0005351,2024-02-25 09:35:00,S030,C002333,store
O0005352,2024-02-25 09:01:00,S023,C000193,store
O0005353,2024-02-25 17:59:00,S028,C000052,store
O0005354,2024-02-25 13:32:00,S015,C000756,store
O0005355,2024-02-25 09:28:00,S002,C001461,store
O0005356,2024-02-25 09:59:00,S016,C002373,store
O0005357,2024-02-25 18:14:00,S011,C001604,store
O0005358,2024-02-25 10:44:00,S023,C001714,store
O0005359,2024-02-25 20:46:00,S013,C002453,store
O0005360,2024-02-25 11:57:00,S019,C000698,store
O0005361,2024-02-25 17:45:00,S004,C002381,store
O0005362,2024-02-25 12:42:00,S015,C002001,store
O0005363,2024-02-25 17:50:00,S010,C002226,ecom
O0005364,2024-02-25 13:37:00,S014,C001382,ecom
O0005365,2024-02-25 10:54:00,S027,C002279,store
O0005366,2024-02-25 12:58:00,S015,C000276,ecom
O0005367,2024-02-25 10:54:00,S029,C002447,ecom
O0005368,2024-02-25 14:32:00,S029,C000389,ecom
O0005369,2024-02-25 16:10:00,S001,C000044,store
O0005370,2024-02-25 13:52:00,S025,C000902,store
O0005371,2024-02-25 16:57:00,S022,C000628,ecom
O0005372,2024-02-25 13:34:00,S030,C000477,ecom
O0005373,2024-02-25 18:18:00,S016,C000019,ecom
O0005374,2024-02-25 09:04:00,S019,C002312,store
O0005375,2024-02-25 16:45:00,S030,C001443,ecom
O0005376,2024-02-25 19:14:00,S021,C000471,store
O0005377,2024-02-25 18:02:00,S019,C001020,store
O0005378,2024-02-25 11:50:00,S011,C000565,store
O0005379,2024-02-25 18:08:00,S005,C000274,ecom
O0005380,2024-02-25 15:40:00,S001,C001824,ecom
O0005381,2024-02-25 18:27:00,S020,C000603,store
O0005382,2024-02-25 17:39:00,S013,C001419,store
O0005383,2024-02-25 16:17:00,S014,C000352,store
O0005384,2024-02-25 13:33:00,S013,C000588,store
O0005385,2024-02-25 12:14:00,S020,C001431,ecom
O0005386,2024-02-25 13:55:00,S015,C001502,store
O0005387,2024-02-25 11:25:00,S019,C002498,ecom
O0005388,2024-02-25 19:34:00,S006,C001352,store
O0005389,2024-02-25 16:16:00,S019,C002381,ecom
O0005390,2024-02-25 10:29:00,S028,C001594,store
O0005391,2024-02-25 14:30:00,S029,C000683,store
O0005392,2024-02-25 15:55:00,S001,C002268,store
O0005393,2024-02-25 10:57:00,S018,C000767,store
O0005394,2024-02-25 10:58:00,S022,C001135,ecom
O0005395,2024-02-25 18:52:00,S020,C000632,store
O0005396,2024-02-25 12:33:00,S007,C002382,store
O0005397,2024-02-25 09:58:00,S010,C000145,store
O0005398,2024-02-25 19:58:00,S027,C002296,store
O0005399,2024-02-25 15:46:00,S028,C001408,store
O0005400,2024-02-25 09:07:00,S022,C001461,store
O0005401,2024-02-25 14:25:00,S011,C001844,store
O0005402,2024-02-25 19:25:00,S029,C001536,store
O0005403,2024-02-25 10:08:00,S009,C002101,ecom
O0005404,2024-02-25 16:47:00,S013,C002220,store
O0005405,2024-02-25 13:31:00,S001,C001458,store
O0005406,2024-02-25 19:57:00,S003,C001095,store
O0005407,2024-02-25 17:38:00,S004,C001703,ecom
O0005408,2024-02-25 09:42:00,S001,C000790,ecom
O0005409,2024-02-25 15:56:00,S004,C001009,store
O0005410,2024-02-25 20:22:00,S020,C000049,ecom
O0005411,2024-02-25 10:15:00,S005,C002441,store
O0005412,2024-02-25 11:05:00,S009,C002072,ecom
O0005413,2024-02-25 16:38:00,S030,C000285,store
O0005414,2024-02-25 18:04:00,S012,C001323,store
O0005415,2024-02-25 16:47:00,S024,C001240,store
O0005416,2024-02-25 17:10:00,S025,C001603,store
O0005417,2024-02-25 14:26:00,S022,C001391,ecom
O0005418,2024-02-25 16:40:00,S029,C000408,ecom
O0005419,2024-02-25 18:10:00,S020,C000919,store
O0005420,2024-02-25 16:05:00,S015,C000743,store
O0005421,2024-02-25 09:50:00,S017,C002301,store
O0005422,2024-02-25 11:28:00,S007,C000876,store
O0005423,2024-02-25 17:17:00,S010,C001264,ecom
O0005424,2024-02-25 11:44:00,S028,C000275,store
O0005425,2024-02-25 16:22:00,S014,C000912,ecom
O0005426,2024-02-25 19:48:00,S009,C002040,store
O0005427,2024-02-25 12:28:00,S003,C002290,store
O0005428,2024-02-25 09:16:00,S006,C000811,ecom
O0005429,2024-02-25 16:25:00,S006,C000179,ecom
O0005430,2024-02-25 13:01:00,S019,C001208,ecom
O0005431,2024-02-25 10:26:00,S014,C002091,store
O0005432,2024-02-25 19:57:00,S013,C001636,ecom
O0005433,2024-02-25 09:32:00,S012,C001761,store
O0005434,2024-02-25 19:11:00,S001,C000600,store
O0005435,2024-02-25 13:51:00,S019,C000835,store
O0005436,2024-02-25 19:41:00,S009,C002496,store
O0005437,2024-02-25 11:07:00,S012,C000314,ecom
O0005438,2024-02-25 14:01:00,S002,C000484,ecom
O0005439,2024-02-25 17:43:00,S028,C001466,store
O0005440,2024-02-25 19:40:00,S001,C002112,store
O0005441,2024-02-25 13:24:00,S020,C000257,store
O0005442,2024-02-25 19:39:00,S003,C000876,ecom
O0005443,2024-02-25 09:53:00,S001,C002477,store
O0005444,2024-02-25 11:32:00,S007,C001600,store
O0005445,2024-02-25 12:59:00,S019,C000022,store
O0005446,2024-02-25 20:33:00,S010,C000644,store
O0005447,2024-02-25 10:20:00,S022,C000118,store
O0005448,2024-02-25 13:04:00,S002,C001454,store
O0005449,2024-02-25 13:56:00,S008,C001735,store
O0005450,2024-02-25 15:04:00,S021,C001174,store
O0005451,2024-02-25 12:15:00,S019,C002467,store
O0005452,2024-02-25 11:11:00,S013,C002435,ecom
O0005453,2024-02-25 14:17:00,S010,C001022,store
O0005454,2024-02-25 11:44:00,S012,C002311,ecom
O0005455,2024-02-25 12:07:00,S006,C000640,ecom
O0005456,2024-02-25 15:22:00,S004,C002031,ecom
O0005457,2024-02-25 13:47:00,S028,C000457,store
O0005458,2024-02-25 19:29:00,S010,C000464,store
O0005459,2024-02-25 11:09:00,S026,C000334,ecom
O0005460,2024-02-25 17:34:00,S005,C000635,store
O0005461,2024-02-25 17:08:00,S030,C001067,store
O0005462,2024-02-25 09:54:00,S007,C001371,ecom
O0005463,2024-02-25 09:49:00,S008,C001572,store
O0005464,2024-02-25 13:14:00,S017,C000640,store
O0005465,2024-02-25 17:49:00,S013,C000635,store
O0005466,2024-02-25 16:36:00,S014,C002392,store
O0005467,2024-02-25 15:15:00,S017,C001369,ecom
O0005468,2024-02-25 20:55:00,S003,C001292,store
O0005469,2024-02-25 16:40:00,S026,C000928,store
O0005470,2024-02-25 17:31:00,S016,C001057,store
O0005471,2024-02-26 20:14:00,S023,C000013,store
O0005472,2024-02-26 20:13:00,S028,C001912,ecom
O0005473,2024-02-26 14:17:00,S024,C000625,store
O0005474,2024-02-26 17:23:00,S004,C002276,store
O0005475,2024-02-26 16:47:00,S011,C002439,store
O0005476,2024-02-26 19:20:00,S021,C001329,store
O0005477,2024-02-26 18:29:00,S014,C001848,store
O0005478,2024-02-26 15:32:00,S026,C000506,store
O0005479,2024-02-26 11:38:00,S003,C001157,store
O0005480,2024-02-26 09:12:00,S018,C000591,store
O0005481,2024-02-26 17:37:00,S003,C002006,store
O0005482,2024-02-26 16:08:00,S028,C000184,store
O0005483,2024-02-26 19:36:00,S004,C001382,ecom
O0005484,2024-02-26 15:56:00,S014,C001309,ecom
O0005485,2024-02-26 16:29:00,S025,C001139,store
O0005486,2024-02-26 09:42:00,S003,C001604,store
O0005487,2024-02-26 09:00:00,S019,C002198,store
O0005488,2024-02-26 12:45:00,S023,C001656,ecom
O0005489,2024-02-26 15:33:00,S008,C000539,store
O0005490,2024-02-26 14:25:00,S018,C001802,ecom
O0005491,2024-02-26 20:12:00,S013,C001534,store
O0005492,2024-02-26 18:19:00,S017,C001577,store
O0005493,2024-02-26 16:34:00,S004,C002140,store
O0005494,2024-02-26 17:15:00,S002,C002295,store
O0005495,2024-02-26 18:03:00,S006,C002471,ecom
O0005496,2024-02-26 16:51:00,S030,C000710,ecom
O0005497,2024-02-26 09:04:00,S009,C000490,store
O0005498,2024-02-26 18:39:00,S005,C001201,store
O0005499,2024-02-26 19:15:00,S009,C000518,store
O0005500,2024-02-26 10:36:00,S013,C002491,store
O0005501,2024-02-26 20:21:00,S022,C002285,ecom
O0005502,2024-02-26 15:59:00,S007,C000932,store
O0005503,2024-02-26 12:22:00,S023,C001001,ecom
O0005504,2024-02-26 11:20:00,S004,C000455,ecom
O0005505,2024-02-26 14:05:00,S006,C001019,store
O0005506,2024-02-26 12:59:00,S008,C002427,store
O0005507,2024-02-26 09:15:00,S003,C002232,store
O0005508,2024-02-26 17:45:00,S026,C001814,ecom
O0005509,2024-02-26 14:51:00,S011,C000977,ecom
O0005510,2024-02-26 12:08:00,S008,C002206,store
O0005511,2024-02-26 17:18:00,S005,C000139,ecom
O0005512,2024-02-26 18:51:00,S029,C002015,ecom
O0005513,2024-02-26 14:03:00,S028,C001420,ecom
O0005514,2024-02-26 13:04:00,S024,C001285,ecom
O0005515,2024-02-26 17:38:00,S017,C001679,store
O0005516,2024-02-26 11:50:00,S026,C001566,store
O0005517,2024-02-26 20:46:00,S002,C000204,ecom
O0005518,2024-02-26 18:53:00,S015,C000397,ecom
O0005519,2024-02-26 10:22:00,S010,C002260,store
O0005520,2024-02-26 11:54:00,S025,C001498,store
O0005521,2024-02-26 11:33:00,S029,C002287,store
O0005522,2024-02-26 17:08:00,S020,C002467,store
O0005523,2024-02-26 14:02:00,S006,C000171,store
O0005524,2024-02-26 19:22:00,S011,C002282,store
O0005525,2024-02-26 12:25:00,S007,C000120,store
O0005526,2024-02-26 20:56:00,S024,C002174,store
O0005527,2024-02-26 19:51:00,S004,C000831,ecom
O0005528,2024-02-26 13:02:00,S022,C000675,ecom
O0005529,2024-02-26 14:01:00,S001,C000247,store
O0005530,2024-02-26 20:27:00,S027,C000983,store
O0005531,2024-02-26 16:12:00,S015,C002400,store
O0005532,2024-02-26 20:37:00,S004,C000308,store
O0005533,2024-02-26 10:13:00,S028,C001342,ecom
O0005534,2024-02-26 19:26:00,S020,C002030,store
O0005535,2024-02-26 18:32:00,S030,C001339,store
O0005536,2024-02-26 10:28:00,S020,C000826,store
O0005537,2024-02-26 10:18:00,S006,C002421,ecom
O0005538,2024-02-26 20:27:00,S001,C002379,store
O0005539,2024-02-26 11:00:00,S020,C001052,ecom
O0005540,2024-02-26 15:55:00,S021,C000387,store
O0005541,2024-02-26 16:06:00,S004,C001722,ecom
O0005542,2024-02-26 19:33:00,S004,C000565,store
O0005543,2024-02-26 18:59:00,S012,C000746,ecom
O0005544,2024-02-26 13:20:00,S015,C000669,ecom
O0005545,2024-02-26 13:16:00,S019,C001002,ecom
O0005546,2024-02-26 15:31:00,S007,C000441,store
O0005547,2024-02-26 18:00:00,S027,C000445,store
O0005548,2024-02-26 13:26:00,S024,C001167,ecom
O0005549,2024-02-26 14:58:00,S017,C002399,ecom
O0005550,2024-02-26 15:17:00,S012,C000513,ecom
O0005551,2024-02-26 20:03:00,S012,C000317,ecom
O0005552,2024-02-26 16:26:00,S009,C000380,store
O0005553,2024-02-26 10:47:00,S024,C000846,store
O0005554,2024-02-26 19:06:00,S006,C001529,store
O0005555,2024-02-26 14:55:00,S012,C000291,store
O0005556,2024-02-26 14:55:00,S003,C001256,store
O0005557,2024-02-26 18:09:00,S006,C000096,store
O0005558,2024-02-26 12:24:00,S018,C002359,store
O0005559,2024-02-26 13:26:00,S029,C001736,ecom
O0005560,2024-02-26 10:19:00,S005,C001985,store
O0005561,2024-02-26 11:10:00,S028,C001105,ecom
O0005562,2024-02-26 20:18:00,S002,C001391,store
O0005563,2024-02-26 10:00:00,S028,C001603,store
O0005564,2024-02-26 15:32:00,S014,C002071,store
O0005565,2024-02-26 13:01:00,S018,C000422,ecom
O0005566,2024-02-26 16:10:00,S026,C000322,ecom
O0005567,2024-02-26 09:27:00,S002,C002121,ecom
O0005568,2024-02-26 09:22:00,S020,C001416,store
O0005569,2024-02-26 15:16:00,S028,C002406,ecom
O0005570,2024-02-26 18:06:00,S011,C002113,ecom
O0005571,2024-02-26 17:31:00,S020,C001838,store
O0005572,2024-02-26 13:01:00,S021,C000412,store
O0005573,2024-02-26 18:08:00,S019,C000496,store
O0005574,2024-02-26 10:53:00,S014,C001607,store
O0005575,2024-02-26 17:54:00,S026,C000595,store
O0005576,2024-02-26 20:38:00,S024,C001170,ecom
O0005577,2024-02-26 10:22:00,S021,C000141,store
O0005578,2024-02-26 12:10:00,S010,C001346,store
O0005579,2024-02-26 20:57:00,S017,C001312,ecom
O0005580,2024-02-26 15:55:00,S018,C002104,ecom
O0005581,2024-02-26 17:04:00,S021,C000657,ecom
O0005582,2024-02-26 16:12:00,S003,C001967,store
O0005583,2024-02-26 16:58:00,S023,C002204,store
O0005584,2024-02-26 18:18:00,S022,C001819,ecom
O0005585,2024-02-26 17:59:00,S030,C001609,ecom
O0005586,2024-02-26 15:43:00,S016,C000953,store
O0005587,2024-02-26 19:46:00,S028,C001270,ecom
O0005588,2024-02-26 12:17:00,S023,C000345,ecom
O0005589,2024-02-26 12:23:00,S017,C000541,store
O0005590,2024-02-26 10:07:00,S019,C002456,store
O0005591,2024-02-26 18:30:00,S027,C000035,store
O0005592,2024-02-27 13:58:00,S013,C002472,store
O0005593,2024-02-27 17:42:00,S015,C000805,ecom
O0005594,2024-02-27 14:00:00,S015,C000935,store
O0005595,2024-02-27 15:11:00,S014,C000432,store
O0005596,2024-02-27 13:42:00,S025,C000852,store
O0005597,2024-02-27 13:16:00,S017,C000896,store
O0005598,2024-02-27 19:50:00,S012,C000979,store
O0005599,2024-02-27 15:12:00,S019,C000344,store
O0005600,2024-02-27 20:12:00,S009,C000107,store
O0005601,2024-02-27 10:19:00,S004,C001202,store
O0005602,2024-02-27 12:13:00,S016,C000371,store
O0005603,2024-02-27 10:46:00,S029,C001641,ecom
O0005604,2024-02-27 09:41:00,S027,C000152,ecom
O0005605,2024-02-27 14:26:00,S015,C001071,ecom
O0005606,2024-02-27 13:45:00,S010,C002293,store
O0005607,2024-02-27 15:07:00,S014,C001968,store
O0005608,2024-02-27 12:17:00,S002,C001984,store
O0005609,2024-02-27 10:07:00,S022,C002179,store
O0005610,2024-02-27 20:38:00,S004,C000768,store
O0005611,2024-02-27 11:27:00,S007,C000737,ecom
O0005612,2024-02-27 16:21:00,S017,C000717,store
O0005613,2024-02-27 15:01:00,S009,C000574,store
O0005614,2024-02-27 18:31:00,S015,C001970,store
O0005615,2024-02-27 20:28:00,S017,C001822,store
O0005616,2024-02-27 11:26:00,S024,C001809,store
O0005617,2024-02-27 12:58:00,S026,C001258,store
O0005618,2024-02-27 19:35:00,S019,C001056,ecom
O0005619,2024-02-27 19:41:00,S024,C000528,store
O0005620,2024-02-27 20:08:00,S022,C000463,store
O0005621,2024-02-27 18:23:00,S002,C000895,store
O0005622,2024-02-27 15:32:00,S018,C001887,store
O0005623,2024-02-27 11:59:00,S025,C001375,store
O0005624,2024-02-27 17:04:00,S027,C001156,store
O0005625,2024-02-27 13:33:00,S005,C002067,ecom
O0005626,2024-02-27 15:20:00,S027,C000719,ecom
O0005627,2024-02-27 20:27:00,S014,C000935,ecom
O0005628,2024-02-27 15:30:00,S016,C001590,store
O0005629,2024-02-27 12:22:00,S010,C002396,store
O0005630,2024-02-27 20:01:00,S029,C001380,store
O0005631,2024-02-27 12:35:00,S024,C001147,ecom
O0005632,2024-02-27 13:27:00,S018,C000202,store
O0005633,2024-02-27 19:48:00,S021,C000559,store
O0005634,2024-02-27 16:43:00,S019,C002174,store
O0005635,2024-02-27 10:25:00,S007,C001670,store
O0005636,2024-02-27 19:21:00,S001,C000196,store
O0005637,2024-02-27 19:47:00,S011,C001441,ecom
O0005638,2024-02-27 14:29:00,S002,C001719,ecom
O0005639,2024-02-27 19:06:00,S006,C001896,store
O0005640,2024-02-27 15:52:00,S024,C001689,store
O0005641,2024-02-27 13:38:00,S017,C001501,store
O0005642,2024-02-27 12:06:00,S022,C001750,ecom
O0005643,2024-02-27 13:30:00,S004,C000396,store
O0005644,2024-02-27 11:22:00,S009,C002417,ecom
O0005645,2024-02-27 11:25:00,S029,C000394,store
O0005646,2024-02-27 12:41:00,S001,C002213,store
O0005647,2024-02-27 09:22:00,S024,C000515,ecom
O0005648,2024-02-27 12:19:00,S001,C001038,ecom
O0005649,2024-02-27 18:50:00,S004,C001483,store
O0005650,2024-02-27 15:38:00,S025,C002037,ecom
O0005651,2024-02-27 19:08:00,S005,C001340,store
O0005652,2024-02-27 16:10:00,S007,C001080,store
O0005653,2024-02-27 10:16:00,S009,C002178,store
O0005654,2024-02-27 19:35:00,S024,C001540,ecom
O0005655,2024-02-27 12:39:00,S024,C002191,store
O0005656,2024-02-27 16:25:00,S012,C000566,ecom
O0005657,2024-02-27 09:04:00,S004,C001711,store
O0005658,2024-02-27 19:02:00,S002,C000708,store
O0005659,2024-02-27 20:14:00,S009,C002482,ecom
O0005660,2024-02-27 12:18:00,S006,C001201,ecom
O0005661,2024-02-27 14:44:00,S026,C000626,ecom
O0005662,2024-02-27 10:51:00,S024,C000900,store
O0005663,2024-02-27 17:15:00,S015,C002277,store
O0005664,2024-02-27 16:22:00,S028,C000208,ecom
O0005665,2024-02-27 18:29:00,S026,C001604,ecom
O0005666,2024-02-27 20:22:00,S008,C002419,ecom
O0005667,2024-02-27 14:29:00,S014,C000996,store
O0005668,2024-02-27 10:35:00,S005,C000477,store
O0005669,2024-02-27 09:22:00,S006,C001080,store
O0005670,2024-02-27 10:35:00,S016,C001661,ecom
O0005671,2024-02-27 11:43:00,S020,C000806,ecom
O0005672,2024-02-27 12:23:00,S004,C001203,ecom
O0005673,2024-02-27 15:51:00,S008,C000930,store
O0005674,2024-02-27 17:02:00,S017,C000251,store
O0005675,2024-02-27 20:31:00,S011,C000462,ecom
O0005676,2024-02-27 11:51:00,S023,C000938,ecom
O0005677,2024-02-27 18:20:00,S012,C001677,ecom
O0005678,2024-02-27 17:38:00,S009,C002085,store
O0005679,2024-02-27 10:49:00,S019,C001067,store
O0005680,2024-02-27 17:37:00,S005,C000076,store
O0005681,2024-02-27 13:25:00,S003,C000282,ecom
O0005682,2024-02-27 20:34:00,S008,C000240,store
O0005683,2024-02-27 09:21:00,S030,C002180,ecom
O0005684,2024-02-27 18:40:00,S009,C002357,store
O0005685,2024-02-27 09:42:00,S023,C000385,ecom
O0005686,2024-02-27 09:56:00,S012,C000595,ecom
O0005687,2024-02-27 20:26:00,S004,C001030,store
O0005688,2024-02-27 14:16:00,S017,C000122,ecom
O0005689,2024-02-27 13:56:00,S016,C001305,store
O0005690,2024-02-27 13:35:00,S024,C000830,ecom
O0005691,2024-02-27 15:01:00,S005,C000805,store
O0005692,2024-02-27 12:33:00,S023,C000442,store
O0005693,2024-02-27 19:47:00,S019,C001810,store
O0005694,2024-02-27 11:01:00,S012,C001114,store
O0005695,2024-02-27 15:29:00,S013,C002090,store
O0005696,2024-02-27 17:16:00,S008,C000067,store
O0005697,2024-02-27 13:33:00,S010,C001549,ecom
O0005698,2024-02-27 10:00:00,S023,C000506,ecom
O0005699,2024-02-27 12:42:00,S024,C001605,store
O0005700,2024-02-27 14:34:00,S005,C000678,store
O0005701,2024-02-27 15:28:00,S010,C001739,ecom
O0005702,2024-02-28 15:20:00,S004,C002187,ecom
O0005703,2024-02-28 14:30:00,S027,C000886,ecom
O0005704,2024-02-28 09:56:00,S024,C002166,store
O0005705,2024-02-28 14:30:00,S012,C000123,store
O0005706,2024-02-28 19:05:00,S023,C001599,store
O0005707,2024-02-28 14:06:00,S028,C001976,store
O0005708,2024-02-28 15:29:00,S004,C000426,store
O0005709,2024-02-28 14:30:00,S011,C000088,store
O0005710,2024-02-28 20:15:00,S030,C001755,ecom
O0005711,2024-02-28 10:59:00,S011,C000142,store
O0005712,2024-02-28 10:04:00,S012,C001469,ecom
O0005713,2024-02-28 14:20:00,S017,C000734,store
O0005714,2024-02-28 16:34:00,S020,C000705,ecom
O0005715,2024-02-28 10:48:00,S002,C001201,store
O0005716,2024-02-28 11:38:00,S002,C000962,ecom
O0005717,2024-02-28 10:28:00,S001,C001665,store
O0005718,2024-02-28 12:32:00,S029,C001806,store
O0005719,2024-02-28 13:38:00,S006,C000876,store
O0005720,2024-02-28 14:41:00,S011,C001372,ecom
O0005721,2024-02-28 19:35:00,S017,C001858,store
O0005722,2024-02-28 19:54:00,S019,C001466,store
O0005723,2024-02-28 15:09:00,S002,C001002,store
O0005724,2024-02-28 20:05:00,S004,C001653,ecom
O0005725,2024-02-28 19:13:00,S006,C002039,ecom
O0005726,2024-02-28 17:38:00,S019,C000006,store
O0005727,2024-02-28 09:09:00,S005,C002449,store
O0005728,2024-02-28 17:39:00,S021,C000539,store
O0005729,2024-02-28 16:17:00,S011,C002074,ecom
O0005730,2024-02-28 17:51:00,S010,C002359,store
O0005731,2024-02-28 16:54:00,S001,C000773,ecom
O0005732,2024-02-28 15:10:00,S026,C000442,store
O0005733,2024-02-28 16:15:00,S025,C000396,store
O0005734,2024-02-28 17:22:00,S010,C001620,store
O0005735,2024-02-28 20:17:00,S020,C000683,store
O0005736,2024-02-28 11:16:00,S023,C000811,ecom
O0005737,2024-02-28 11:02:00,S009,C000621,store
O0005738,2024-02-28 15:33:00,S017,C001038,store
O0005739,2024-02-28 09:55:00,S015,C000505,ecom
O0005740,2024-02-28 12:35:00,S021,C001133,ecom
O0005741,2024-02-28 18:05:00,S025,C000188,ecom
O0005742,2024-02-28 16:23:00,S025,C002340,store
O0005743,2024-02-28 09:15:00,S021,C001671,ecom
O0005744,2024-02-28 15:42:00,S007,C001914,ecom
O0005745,2024-02-28 17:11:00,S006,C000099,store
O0005746,2024-02-28 16:12:00,S029,C000237,store
O0005747,2024-02-28 20:31:00,S001,C000885,store
O0005748,2024-02-28 09:02:00,S024,C001563,store
O0005749,2024-02-28 17:10:00,S029,C000732,store
O0005750,2024-02-28 09:59:00,S017,C000383,store
O0005751,2024-02-28 11:19:00,S012,C000289,store
O0005752,2024-02-28 18:49:00,S022,C000966,store
O0005753,2024-02-28 18:57:00,S003,C000799,store
O0005754,2024-02-28 17:08:00,S006,C000481,ecom
O0005755,2024-02-28 15:17:00,S027,C000808,store
O0005756,2024-02-28 14:04:00,S028,C001145,ecom
O0005757,2024-02-28 11:09:00,S016,C000234,ecom
O0005758,2024-02-28 13:20:00,S016,C001501,store
O0005759,2024-02-28 16:57:00,S006,C000552,store
O0005760,2024-02-28 13:27:00,S009,C000482,store
O0005761,2024-02-28 20:21:00,S016,C000951,store
O0005762,2024-02-28 09:30:00,S020,C001434,ecom
O0005763,2024-02-28 12:25:00,S021,C001720,ecom
O0005764,2024-02-28 19:16:00,S030,C001489,ecom
O0005765,2024-02-28 09:22:00,S012,C001732,store
O0005766,2024-02-28 18:14:00,S010,C001424,store
O0005767,2024-02-28 16:15:00,S030,C000832,store
O0005768,2024-02-28 14:19:00,S009,C002315,store
O0005769,2024-02-28 18:01:00,S025,C002216,ecom
O0005770,2024-02-28 13:21:00,S026,C001047,store
O0005771,2024-02-28 18:52:00,S011,C001688,store
O0005772,2024-02-28 15:06:00,S001,C001355,store
O0005773,2024-02-28 14:40:00,S029,C000158,store
O0005774,2024-02-28 14:17:00,S005,C001715,store
O0005775,2024-02-28 15:43:00,S005,C002463,store
O0005776,2024-02-28 11:55:00,S018,C001478,ecom
O0005777,2024-02-28 15:37:00,S016,C000976,store
O0005778,2024-02-28 18:22:00,S021,C001387,ecom
O0005779,2024-02-28 18:12:00,S003,C002441,store
O0005780,2024-02-29 16:20:00,S025,C000173,ecom
O0005781,2024-02-29 17:21:00,S027,C001069,store
O0005782,2024-02-29 09:43:00,S008,C000612,store
O0005783,2024-02-29 17:56:00,S007,C000478,store
O0005784,2024-02-29 11:54:00,S017,C001287,ecom
O0005785,2024-02-29 11:36:00,S013,C001509,store
O0005786,2024-02-29 12:15:00,S030,C000938,store
O0005787,2024-02-29 14:48:00,S009,C001449,store
O0005788,2024-02-29 11:43:00,S014,C000670,ecom
O0005789,2024-02-29 14:22:00,S002,C000110,ecom
O0005790,2024-02-29 10:55:00,S013,C000450,store
O0005791,2024-02-29 09:47:00,S018,C000819,store
O0005792,2024-02-29 10:39:00,S018,C001765,ecom
O0005793,2024-02-29 10:00:00,S029,C000689,store
O0005794,2024-02-29 18:15:00,S027,C001088,store
O0005795,2024-02-29 09:09:00,S014,C001066,ecom
O0005796,2024-02-29 19:07:00,S029,C001454,store
O0005797,2024-02-29 17:17:00,S014,C001123,store
O0005798,2024-02-29 20:35:00,S020,C000455,ecom
O0005799,2024-02-29 14:49:00,S021,C000217,ecom
O0005800,2024-02-29 09:07:00,S011,C000898,store
O0005801,2024-02-29 19:18:00,S007,C000272,ecom
O0005802,2024-02-29 13:48:00,S007,C002048,ecom
O0005803,2024-02-29 16:57:00,S018,C001867,store
O0005804,2024-02-29 12:17:00,S029,C002258,ecom
O0005805,2024-02-29 18:09:00,S006,C000161,store
O0005806,2024-02-29 16:12:00,S012,C001460,ecom
O0005807,2024-02-29 17:05:00,S011,C001182,ecom
O0005808,2024-02-29 10:39:00,S001,C000949,store
O0005809,2024-02-29 18:14:00,S027,C000378,store
O0005810,2024-02-29 11:09:00,S019,C000912,ecom
O0005811,2024-02-29 10:30:00,S015,C001254,store
O0005812,2024-02-29 18:19:00,S025,C001478,store
O0005813,2024-02-29 10:53:00,S024,C000519,store
O0005814,2024-02-29 10:21:00,S029,C000601,store
O0005815,2024-02-29 11:22:00,S026,C001146,ecom
O0005816,2024-02-29 12:10:00,S025,C000537,ecom
O0005817,2024-02-29 11:32:00,S019,C001399,store
O0005818,2024-02-29 16:05:00,S024,C000316,store
O0005819,2024-02-29 11:17:00,S026,C001232,store
O0005820,2024-02-29 12:48:00,S003,C001387,ecom
O0005821,2024-02-29 11:12:00,S011,C000592,store
O0005822,2024-02-29 13:03:00,S009,C001903,store
O0005823,2024-02-29 12:10:00,S006,C000690,store
O0005824,2024-02-29 14:59:00,S030,C002260,ecom
O0005825,2024-02-29 10:30:00,S010,C000381,ecom
O0005826,2024-02-29 13:34:00,S002,C000811,store
O0005827,2024-02-29 16:37:00,S022,C001756,store
O0005828,2024-02-29 18:19:00,S017,C000027,store
O0005829,2024-02-29 18:36:00,S013,C002211,store
O0005830,2024-02-29 15:28:00,S022,C002316,store
O0005831,2024-02-29 17:26:00,S029,C002132,store
O0005832,2024-02-29 19:40:00,S027,C002191,store
O0005833,2024-02-29 14:47:00,S028,C002475,store
O0005834,2024-02-29 17:45:00,S007,C001671,ecom
O0005835,2024-02-29 14:36:00,S014,C002321,store
O0005836,2024-02-29 12:39:00,S023,C001560,store
O0005837,2024-02-29 18:03:00,S011,C001017,store
O0005838,2024-02-29 15:49:00,S006,C001022,store
O0005839,2024-02-29 18:07:00,S007,C002162,store
O0005840,2024-02-29 19:35:00,S018,C000739,store
O0005841,2024-02-29 20:32:00,S012,C000812,ecom
O0005842,2024-02-29 19:41:00,S018,C002046,store
O0005843,2024-02-29 13:18:00,S013,C001164,ecom
O0005844,2024-02-29 16:43:00,S007,C000345,ecom
O0005845,2024-02-29 14:59:00,S018,C001254,store
O0005846,2024-02-29 13:27:00,S024,C001963,store
O0005847,2024-02-29 15:15:00,S021,C000077,store
O0005848,2024-02-29 16:03:00,S013,C000786,store
O0005849,2024-02-29 09:39:00,S012,C001337,store
O0005850,2024-02-29 13:06:00,S004,C001559,store
O0005851,2024-02-29 13:44:00,S013,C000797,store
O0005852,2024-02-29 12:57:00,S017,C001327,ecom
O0005853,2024-02-29 11:34:00,S024,C001951,store
O0005854,2024-02-29 13:59:00,S022,C000884,ecom
O0005855,2024-02-29 18:11:00,S006,C001714,store
O0005856,2024-02-29 16:29:00,S011,C001445,ecom
O0005857,2024-02-29 10:07:00,S012,C002281,ecom
O0005858,2024-02-29 17:42:00,S020,C000498,store
O0005859,2024-02-29 17:00:00,S020,C000215,store
O0005860,2024-02-29 16:55:00,S024,C000127,store
O0005861,2024-02-29 14:53:00,S002,C001186,ecom
O0005862,2024-02-29 15:34:00,S009,C001626,store
O0005863,2024-02-29 15:42:00,S028,C002253,store
O0005864,2024-02-29 17:41:00,S008,C002016,store
O0005865,2024-02-29 09:17:00,S011,C002440,ecom
O0005866,2024-02-29 18:26:00,S030,C002139,store
O0005867,2024-02-29 11:05:00,S030,C002007,store
O0005868,2024-02-29 15:10:00,S027,C000747,store
O0005869,2024-02-29 10:24:00,S002,C000478,store
O0005870,2024-02-29 20:49:00,S003,C000752,store
O0005871,2024-02-29 09:30:00,S001,C002162,store
O0005872,2024-02-29 15:29:00,S014,C000435,store
O0005873,2024-02-29 14:49:00,S011,C000066,store
O0005874,2024-03-01 10:58:00,S003,C000589,store
O0005875,2024-03-01 16:12:00,S023,C000762,store
O0005876,2024-03-01 16:20:00,S008,C000006,store
O0005877,2024-03-01 18:44:00,S017,C001703,ecom
O0005878,2024-03-01 16:53:00,S003,C002184,ecom
O0005879,2024-03-01 16:59:00,S015,C002202,store
O0005880,2024-03-01 17:49:00,S006,C001556,ecom
O0005881,2024-03-01 16:11:00,S030,C002479,ecom
O0005882,2024-03-01 12:50:00,S007,C000523,store
O0005883,2024-03-01 18:52:00,S007,C000396,ecom
O0005884,2024-03-01 17:53:00,S004,C001688,store
O0005885,2024-03-01 11:07:00,S002,C001309,ecom
O0005886,2024-03-01 10:20:00,S011,C000193,store
O0005887,2024-03-01 16:33:00,S025,C001533,store
O0005888,2024-03-01 20:03:00,S009,C001063,store
O0005889,2024-03-01 18:04:00,S002,C000447,store
O0005890,2024-03-01 17:40:00,S025,C000229,store
O0005891,2024-03-01 20:49:00,S009,C001202,ecom
O0005892,2024-03-01 12:46:00,S016,C000366,store
O0005893,2024-03-01 17:05:00,S021,C000147,ecom
O0005894,2024-03-01 20:07:00,S018,C002156,ecom
O0005895,2024-03-01 11:27:00,S012,C002354,store
O0005896,2024-03-01 20:54:00,S016,C001347,store
O0005897,2024-03-01 16:15:00,S009,C002409,store
O0005898,2024-03-01 14:44:00,S023,C001964,store
O0005899,2024-03-01 13:18:00,S007,C000048,store
O0005900,2024-03-01 09:02:00,S008,C000234,ecom
O0005901,2024-03-01 12:38:00,S008,C002119,store
O0005902,2024-03-01 14:03:00,S001,C001807,store
O0005903,2024-03-01 14:15:00,S010,C000376,store
O0005904,2024-03-01 12:44:00,S003,C000323,store
O0005905,2024-03-01 15:02:00,S027,C002437,store
O0005906,2024-03-01 18:24:00,S028,C000120,store
O0005907,2024-03-01 15:27:00,S020,C000128,store
O0005908,2024-03-01 12:30:00,S023,C001393,ecom
O0005909,2024-03-01 18:30:00,S028,C001066,ecom
O0005910,2024-03-01 13:03:00,S030,C002029,store
O0005911,2024-03-01 20:59:00,S025,C001092,store
O0005912,2024-03-01 13:50:00,S030,C000871,ecom
O0005913,2024-03-01 09:03:00,S012,C001413,store
O0005914,2024-03-01 12:57:00,S008,C000641,ecom
O0005915,2024-03-01 14:19:00,S005,C000303,store
O0005916,2024-03-01 13:51:00,S029,C001733,store
O0005917,2024-03-01 19:40:00,S017,C000517,store
O0005918,2024-03-01 19:11:00,S012,C000424,store
O0005919,2024-03-01 17:01:00,S011,C002339,store
O0005920,2024-03-01 14:54:00,S007,C000369,store
O0005921,2024-03-01 11:11:00,S006,C001637,store
O0005922,2024-03-01 11:27:00,S030,C001273,store
O0005923,2024-03-01 09:47:00,S030,C000838,ecom
O0005924,2024-03-01 20:00:00,S030,C000929,store
O0005925,2024-03-01 11:02:00,S016,C002261,store
O0005926,2024-03-01 09:36:00,S022,C001239,store
O0005927,2024-03-01 13:24:00,S026,C000284,store
O0005928,2024-03-01 09:36:00,S004,C001548,store
O0005929,2024-03-01 19:50:00,S007,C002170,ecom
O0005930,2024-03-01 10:06:00,S020,C001110,store
O0005931,2024-03-01 11:18:00,S015,C001061,store
O0005932,2024-03-01 19:34:00,S019,C001987,ecom
O0005933,2024-03-01 13:29:00,S021,C000882,store
O0005934,2024-03-01 11:35:00,S006,C001096,store
O0005935,2024-03-01 14:00:00,S011,C001322,store
O0005936,2024-03-01 14:44:00,S027,C001413,store
O0005937,2024-03-01 16:17:00,S030,C000935,store
O0005938,2024-03-01 20:35:00,S018,C000882,store
O0005939,2024-03-01 10:30:00,S027,C001469,ecom
O0005940,2024-03-01 19:41:00,S021,C001560,ecom
O0005941,2024-03-01 18:36:00,S014,C002365,store
O0005942,2024-03-01 18:33:00,S024,C001102,store
O0005943,2024-03-01 19:25:00,S009,C001192,store
O0005944,2024-03-01 12:37:00,S014,C000412,store
O0005945,2024-03-01 17:28:00,S030,C001521,ecom
O0005946,2024-03-01 17:03:00,S011,C001134,ecom
O0005947,2024-03-01 19:28:00,S017,C000804,store
O0005948,2024-03-01 17:46:00,S028,C000784,ecom
O0005949,2024-03-01 20:57:00,S022,C001307,store
O0005950,2024-03-01 12:31:00,S002,C000211,store
O0005951,2024-03-01 18:58:00,S016,C001497,store
O0005952,2024-03-01 13:32:00,S003,C001106,store
O0005953,2024-03-01 18:30:00,S019,C001943,store
O0005954,2024-03-01 17:22:00,S020,C002139,store
O0005955,2024-03-01 20:35:00,S010,C000761,ecom
O0005956,2024-03-01 18:04:00,S014,C000773,ecom
O0005957,2024-03-02 09:40:00,S014,C001332,store
O0005958,2024-03-02 15:01:00,S005,C001560,store
O0005959,2024-03-02 16:32:00,S016,C001094,ecom
O0005960,2024-03-02 09:11:00,S022,C002367,store
O0005961,2024-03-02 13:47:00,S004,C000129,store
O0005962,2024-03-02 17:24:00,S029,C001347,store
O0005963,2024-03-02 18:21:00,S015,C000466,ecom
O0005964,2024-03-02 20:33:00,S019,C001150,ecom
O0005965,2024-03-02 09:35:00,S007,C000843,ecom
O0005966,2024-03-02 13:41:00,S006,C000131,store
O0005967,2024-03-02 11:32:00,S029,C001925,store
O0005968,2024-03-02 09:04:00,S026,C002499,ecom
O0005969,2024-03-02 09:40:00,S028,C000634,store
O0005970,2024-03-02 13:53:00,S028,C002018,store
O0005971,2024-03-02 14:13:00,S017,C000927,store
O0005972,2024-03-02 19:17:00,S018,C002335,store
O0005973,2024-03-02 10:32:00,S008,C000575,store
O0005974,2024-03-02 16:01:00,S020,C000383,store
O0005975,2024-03-02 17:13:00,S024,C001687,ecom
O0005976,2024-03-02 14:18:00,S022,C001941,store
O0005977,2024-03-02 12:46:00,S023,C002182,ecom
O0005978,2024-03-02 10:34:00,S001,C000915,store
O0005979,2024-03-02 16:21:00,S015,C001055,ecom
O0005980,2024-03-02 17:08:00,S025,C001325,ecom
O0005981,2024-03-02 20:45:00,S004,C002248,store
O0005982,2024-03-02 15:10:00,S003,C001656,store
O0005983,2024-03-02 11:55:00,S020,C001203,store
O0005984,2024-03-02 17:23:00,S004,C000211,store
O0005985,2024-03-02 15:48:00,S027,C000926,ecom
O0005986,2024-03-02 15:55:00,S017,C000824,ecom
O0005987,2024-03-02 12:20:00,S024,C000703,store
O0005988,2024-03-02 13:38:00,S012,C001921,store
O0005989,2024-03-02 10:58:00,S011,C001334,store
O0005990,2024-03-02 13:06:00,S011,C000119,store
O0005991,2024-03-02 10:43:00,S008,C000851,ecom
O0005992,2024-03-02 09:56:00,S027,C000396,ecom
O0005993,2024-03-02 20:04:00,S017,C002191,ecom
O0005994,2024-03-02 19:31:00,S009,C001028,store
O0005995,2024-03-02 12:46:00,S017,C002243,store
O0005996,2024-03-02 12:36:00,S027,C001002,store
O0005997,2024-03-02 11:12:00,S025,C001606,ecom
O0005998,2024-03-02 17:40:00,S002,C001920,store
O0005999,2024-03-02 16:40:00,S013,C000263,ecom
O0006000,2024-03-02 19:48:00,S008,C002248,store
O0006001,2024-03-02 16:33:00,S020,C002255,store
O0006002,2024-03-02 13:39:00,S022,C001182,store
O0006003,2024-03-02 15:56:00,S010,C000198,ecom
O0006004,2024-03-02 09:16:00,S016,C001000,store
O0006005,2024-03-02 10:05:00,S021,C000152,store
O0006006,2024-03-02 16:45:00,S006,C000605,ecom
O0006007,2024-03-02 12:49:00,S007,C002418,ecom
O0006008,2024-03-02 15:01:00,S020,C001961,store
O0006009,2024-03-02 10:35:00,S021,C001562,ecom
O0006010,2024-03-02 14:24:00,S029,C002330,store
O0006011,2024-03-02 20:30:00,S015,C000642,store
O0006012,2024-03-02 10:04:00,S011,C001460,ecom
O0006013,2024-03-02 10:38:00,S029,C002360,store
O0006014,2024-03-02 09:56:00,S008,C000028,store
O0006015,2024-03-02 11:02:00,S026,C002274,ecom
O0006016,2024-03-02 11:47:00,S018,C002370,ecom
O0006017,2024-03-02 16:40:00,S016,C000810,store
O0006018,2024-03-02 09:20:00,S029,C001787,ecom
O0006019,2024-03-02 13:06:00,S027,C001022,ecom
O0006020,2024-03-02 16:52:00,S027,C000950,store
O0006021,2024-03-02 19:36:00,S025,C002348,store
O0006022,2024-03-02 20:36:00,S008,C001182,ecom
O0006023,2024-03-02 13:51:00,S028,C001332,store
O0006024,2024-03-02 16:47:00,S010,C000963,store
O0006025,2024-03-02 17:44:00,S012,C000068,store
O0006026,2024-03-02 17:20:00,S005,C002210,store
O0006027,2024-03-02 13:45:00,S017,C001330,ecom
O0006028,2024-03-02 16:51:00,S003,C000174,store
O0006029,2024-03-02 19:34:00,S028,C001374,store
O0006030,2024-03-02 13:51:00,S008,C001849,store
O0006031,2024-03-02 16:22:00,S028,C001133,store
O0006032,2024-03-02 14:36:00,S003,C000547,ecom
O0006033,2024-03-02 10:44:00,S020,C000562,store
O0006034,2024-03-02 10:08:00,S016,C000899,store
O0006035,2024-03-02 19:57:00,S016,C002100,store
O0006036,2024-03-02 13:05:00,S001,C001025,store
O0006037,2024-03-02 12:04:00,S014,C000056,store
O0006038,2024-03-02 19:23:00,S014,C002167,store
O0006039,2024-03-02 18:46:00,S004,C000266,store
O0006040,2024-03-02 11:08:00,S019,C000657,ecom
O0006041,2024-03-02 16:38:00,S003,C002260,ecom
O0006042,2024-03-02 19:41:00,S030,C002029,store
O0006043,2024-03-02 17:14:00,S026,C001428,store
O0006044,2024-03-02 19:55:00,S018,C002274,ecom
O0006045,2024-03-02 15:13:00,S023,C000469,ecom
O0006046,2024-03-02 09:28:00,S012,C002389,ecom
O0006047,2024-03-02 14:01:00,S011,C002118,store
O0006048,2024-03-02 17:38:00,S022,C000188,store
O0006049,2024-03-02 16:50:00,S007,C001767,store
O0006050,2024-03-02 16:29:00,S010,C000859,store
O0006051,2024-03-02 19:58:00,S021,C002089,store
O0006052,2024-03-02 18:51:00,S029,C001182,store
O0006053,2024-03-02 11:30:00,S019,C000554,ecom
O0006054,2024-03-03 14:49:00,S004,C001771,store
O0006055,2024-03-03 17:31:00,S022,C001875,ecom
O0006056,2024-03-03 12:45:00,S009,C000325,store
O0006057,2024-03-03 16:24:00,S014,C002119,store
O0006058,2024-03-03 17:39:00,S015,C001793,store
O0006059,2024-03-03 19:13:00,S024,C001154,store
O0006060,2024-03-03 16:59:00,S020,C000064,store
O0006061,2024-03-03 13:51:00,S017,C001554,ecom
O0006062,2024-03-03 10:10:00,S002,C001180,store
O0006063,2024-03-03 11:34:00,S015,C002128,store
O0006064,2024-03-03 12:40:00,S029,C001060,ecom
O0006065,2024-03-03 14:43:00,S025,C002458,ecom
O0006066,2024-03-03 09:40:00,S005,C001368,store
O0006067,2024-03-03 16:07:00,S008,C000180,ecom
O0006068,2024-03-03 09:00:00,S009,C001612,store
O0006069,2024-03-03 11:23:00,S004,C001144,store
O0006070,2024-03-03 20:11:00,S003,C002419,store
O0006071,2024-03-03 10:56:00,S004,C000281,store
O0006072,2024-03-03 12:37:00,S002,C000655,store
O0006073,2024-03-03 09:44:00,S013,C001959,store
O0006074,2024-03-03 18:17:00,S023,C001965,ecom
O0006075,2024-03-03 15:00:00,S010,C001330,store
O0006076,2024-03-03 20:39:00,S023,C000929,store
O0006077,2024-03-03 17:53:00,S015,C000878,ecom
O0006078,2024-03-03 17:39:00,S026,C000654,ecom
O0006079,2024-03-03 11:21:00,S011,C000696,ecom
O0006080,2024-03-03 10:50:00,S023,C001068,store
O0006081,2024-03-03 16:14:00,S017,C001475,store
O0006082,2024-03-03 18:59:00,S018,C000306,ecom
O0006083,2024-03-03 11:22:00,S006,C000010,store
O0006084,2024-03-03 17:16:00,S015,C000299,store
O0006085,2024-03-03 18:44:00,S026,C000180,ecom
O0006086,2024-03-03 11:51:00,S003,C000771,ecom
O0006087,2024-03-03 14:38:00,S028,C002489,ecom
O0006088,2024-03-03 12:34:00,S005,C002080,store
O0006089,2024-03-03 09:09:00,S012,C002344,store
O0006090,2024-03-03 18:51:00,S001,C000792,store
O0006091,2024-03-03 15:01:00,S005,C000980,ecom
O0006092,2024-03-03 18:31:00,S002,C000608,ecom
O0006093,2024-03-03 12:51:00,S008,C000402,store
O0006094,2024-03-03 18:08:00,S014,C001320,store
O0006095,2024-03-03 10:52:00,S018,C000715,store
O0006096,2024-03-03 20:54:00,S003,C001256,store
O0006097,2024-03-03 16:59:00,S030,C000160,store
O0006098,2024-03-03 10:45:00,S009,C001279,store
O0006099,2024-03-03 19:50:00,S013,C001303,ecom
O0006100,2024-03-03 18:30:00,S011,C001545,store
O0006101,2024-03-03 14:52:00,S019,C001032,store
O0006102,2024-03-03 09:10:00,S010,C001680,store
O0006103,2024-03-03 18:55:00,S011,C002359,store
O0006104,2024-03-03 12:37:00,S008,C001196,store
O0006105,2024-03-03 14:00:00,S018,C002236,store
O0006106,2024-03-03 19:44:00,S008,C000200,store
O0006107,2024-03-03 16:18:00,S001,C001126,store
O0006108,2024-03-03 17:56:00,S028,C000906,store
O0006109,2024-03-03 17:08:00,S030,C000148,store
O0006110,2024-03-03 19:10:00,S019,C001576,store
O0006111,2024-03-03 13:18:00,S030,C002305,store
O0006112,2024-03-03 20:27:00,S001,C001228,ecom
O0006113,2024-03-03 16:30:00,S028,C001694,ecom
O0006114,2024-03-03 09:22:00,S003,C002407,store
O0006115,2024-03-03 17:20:00,S002,C002276,ecom
O0006116,2024-03-03 10:57:00,S022,C001699,ecom
O0006117,2024-03-03 17:06:00,S025,C001733,ecom
O0006118,2024-03-03 10:08:00,S019,C001757,ecom
O0006119,2024-03-03 20:26:00,S010,C002487,store
O0006120,2024-03-03 18:37:00,S006,C000207,store
O0006121,2024-03-03 19:27:00,S025,C002368,store
O0006122,2024-03-03 15:08:00,S005,C001890,ecom
O0006123,2024-03-03 14:14:00,S021,C001919,store
O0006124,2024-03-03 12:32:00,S029,C001488,ecom
O0006125,2024-03-03 15:38:00,S016,C000310,ecom
O0006126,2024-03-03 09:05:00,S028,C000363,ecom
O0006127,2024-03-03 15:19:00,S013,C000012,ecom
O0006128,2024-03-03 11:07:00,S024,C001984,store
O0006129,2024-03-03 10:25:00,S009,C000617,store
O0006130,2024-03-03 12:27:00,S014,C001061,store
O0006131,2024-03-03 18:40:00,S009,C001957,store
O0006132,2024-03-03 19:21:00,S026,C002089,store
O0006133,2024-03-03 09:29:00,S003,C001056,ecom
O0006134,2024-03-03 16:58:00,S007,C000642,store
O0006135,2024-03-03 13:16:00,S020,C000823,store
O0006136,2024-03-03 16:46:00,S028,C001436,store
O0006137,2024-03-03 20:30:00,S001,C001850,store
O0006138,2024-03-03 14:05:00,S011,C001197,store
O0006139,2024-03-03 15:38:00,S005,C001836,ecom
O0006140,2024-03-03 15:49:00,S009,C002334,store
O0006141,2024-03-03 13:44:00,S014,C001399,store
O0006142,2024-03-03 15:59:00,S019,C000577,store
O0006143,2024-03-03 15:53:00,S023,C001869,store
O0006144,2024-03-03 16:12:00,S009,C002306,store
O0006145,2024-03-03 10:53:00,S026,C001782,ecom
O0006146,2024-03-03 15:09:00,S021,C001513,store
O0006147,2024-03-03 10:08:00,S011,C000882,store
O0006148,2024-03-03 19:20:00,S022,C000382,ecom
O0006149,2024-03-03 18:04:00,S013,C002333,ecom
O0006150,2024-03-03 10:34:00,S015,C001828,store
O0006151,2024-03-03 18:52:00,S021,C001792,store
O0006152,2024-03-03 15:32:00,S021,C001005,ecom
O0006153,2024-03-03 10:01:00,S011,C000422,store
O0006154,2024-03-03 12:35:00,S009,C001953,ecom
O0006155,2024-03-03 16:26:00,S012,C001929,store
O0006156,2024-03-03 16:29:00,S025,C002037,store
O0006157,2024-03-03 16:55:00,S020,C002376,ecom
O0006158,2024-03-03 15:24:00,S006,C000503,ecom
O0006159,2024-03-03 18:47:00,S024,C001717,store
O0006160,2024-03-03 10:40:00,S027,C002108,store
O0006161,2024-03-03 09:24:00,S009,C000555,store
O0006162,2024-03-03 17:15:00,S029,C001177,store
O0006163,2024-03-03 09:37:00,S021,C001201,ecom
O0006164,2024-03-03 19:36:00,S021,C000214,store
O0006165,2024-03-03 17:40:00,S009,C001783,store
O0006166,2024-03-03 10:05:00,S022,C001700,store
O0006167,2024-03-03 13:51:00,S003,C000431,store
O0006168,2024-03-03 11:54:00,S016,C000419,ecom
O0006169,2024-03-03 16:59:00,S008,C000302,store
O0006170,2024-03-03 09:50:00,S013,C000247,store
O0006171,2024-03-03 15:30:00,S007,C002334,ecom
O0006172,2024-03-03 20:59:00,S011,C002253,ecom
O0006173,2024-03-04 09:22:00,S010,C002373,ecom
O0006174,2024-03-04 13:18:00,S016,C001122,store
O0006175,2024-03-04 19:05:00,S018,C002172,store
O0006176,2024-03-04 11:08:00,S016,C001512,store
O0006177,2024-03-04 15:11:00,S008,C001275,store
O0006178,2024-03-04 17:44:00,S001,C001535,store
O0006179,2024-03-04 15:53:00,S003,C000796,store
O0006180,2024-03-04 19:43:00,S003,C000788,store
O0006181,2024-03-04 12:53:00,S023,C000803,store
O0006182,2024-03-04 14:22:00,S029,C001363,store
O0006183,2024-03-04 12:05:00,S006,C001284,ecom
O0006184,2024-03-04 12:44:00,S005,C001782,ecom
O0006185,2024-03-04 20:12:00,S017,C001106,store
O0006186,2024-03-04 18:04:00,S026,C002085,store
O0006187,2024-03-04 11:48:00,S009,C000215,ecom
O0006188,2024-03-04 10:22:00,S023,C000345,store
O0006189,2024-03-04 12:40:00,S009,C001482,store
O0006190,2024-03-04 09:01:00,S019,C002171,store
O0006191,2024-03-04 12:26:00,S027,C000507,ecom
O0006192,2024-03-04 10:56:00,S005,C001931,ecom
O0006193,2024-03-04 18:18:00,S027,C000359,store
O0006194,2024-03-04 19:38:00,S025,C002266,ecom
O0006195,2024-03-04 17:53:00,S012,C001981,store
O0006196,2024-03-04 11:38:00,S001,C000639,store
O0006197,2024-03-04 09:55:00,S006,C001973,ecom
O0006198,2024-03-04 11:52:00,S001,C002375,store
O0006199,2024-03-04 18:01:00,S028,C002181,ecom
O0006200,2024-03-04 13:37:00,S011,C000866,store
O0006201,2024-03-04 17:51:00,S027,C001938,store
O0006202,2024-03-04 16:02:00,S002,C002202,store
O0006203,2024-03-04 17:48:00,S015,C001581,ecom
O0006204,2024-03-04 19:18:00,S021,C001883,store
O0006205,2024-03-04 18:08:00,S017,C000448,store
O0006206,2024-03-04 14:41:00,S012,C001089,ecom
O0006207,2024-03-04 14:59:00,S028,C000011,ecom
O0006208,2024-03-04 14:08:00,S011,C000299,ecom
O0006209,2024-03-04 19:12:00,S025,C000283,ecom
O0006210,2024-03-04 13:30:00,S006,C000930,ecom
O0006211,2024-03-04 20:35:00,S011,C000708,store
O0006212,2024-03-04 18:47:00,S030,C001632,store
O0006213,2024-03-04 19:18:00,S017,C001907,store
O0006214,2024-03-04 19:53:00,S003,C000894,store
O0006215,2024-03-04 10:50:00,S022,C000900,store
O0006216,2024-03-04 15:44:00,S027,C000275,ecom
O0006217,2024-03-04 10:55:00,S022,C000075,store
O0006218,2024-03-04 16:10:00,S005,C002009,store
O0006219,2024-03-04 16:30:00,S008,C001123,ecom
O0006220,2024-03-04 11:48:00,S015,C000421,ecom
O0006221,2024-03-04 17:17:00,S006,C000948,store
O0006222,2024-03-04 20:56:00,S009,C001421,store
O0006223,2024-03-04 18:54:00,S006,C001901,store
O0006224,2024-03-04 11:49:00,S005,C002485,store
O0006225,2024-03-04 15:45:00,S021,C000586,ecom
O0006226,2024-03-04 17:41:00,S006,C001618,ecom
O0006227,2024-03-04 19:22:00,S005,C001974,store
O0006228,2024-03-05 12:02:00,S012,C000981,store
O0006229,2024-03-05 19:37:00,S029,C002061,ecom
O0006230,2024-03-05 19:50:00,S003,C001003,ecom
O0006231,2024-03-05 19:45:00,S011,C001590,store
O0006232,2024-03-05 19:34:00,S011,C002115,ecom
O0006233,2024-03-05 12:37:00,S018,C001005,store
O0006234,2024-03-05 17:37:00,S014,C001656,store
O0006235,2024-03-05 17:17:00,S028,C000273,ecom
O0006236,2024-03-05 13:13:00,S004,C001959,store
O0006237,2024-03-05 17:49:00,S019,C001127,store
O0006238,2024-03-05 13:55:00,S009,C001458,store
O0006239,2024-03-05 09:44:00,S004,C001060,ecom
O0006240,2024-03-05 20:40:00,S017,C001049,ecom
O0006241,2024-03-05 19:43:00,S007,C002481,store
O0006242,2024-03-05 13:49:00,S005,C002022,ecom
O0006243,2024-03-05 11:39:00,S005,C000019,store
O0006244,2024-03-05 17:52:00,S006,C001140,ecom
O0006245,2024-03-05 11:03:00,S009,C000456,store
O0006246,2024-03-05 10:31:00,S016,C001095,store
O0006247,2024-03-05 11:14:00,S026,C000785,store
O0006248,2024-03-05 19:05:00,S026,C000855,ecom
O0006249,2024-03-05 14:14:00,S024,C001858,store
O0006250,2024-03-05 15:22:00,S022,C001804,ecom
O0006251,2024-03-05 15:25:00,S007,C000445,store
O0006252,2024-03-05 17:03:00,S023,C002489,store
O0006253,2024-03-05 11:13:00,S026,C001175,store
O0006254,2024-03-05 20:03:00,S021,C001009,ecom
O0006255,2024-03-05 16:05:00,S004,C002073,store
O0006256,2024-03-05 13:53:00,S016,C002406,store
O0006257,2024-03-05 15:12:00,S024,C002288,store
O0006258,2024-03-05 17:43:00,S008,C001791,store
O0006259,2024-03-05 20:24:00,S023,C001620,ecom
O0006260,2024-03-05 16:26:00,S026,C000514,store
O0006261,2024-03-05 19:26:00,S015,C000164,store
O0006262,2024-03-05 20:34:00,S029,C001928,store
O0006263,2024-03-05 15:56:00,S012,C002309,store
O0006264,2024-03-05 11:10:00,S010,C002278,store
O0006265,2024-03-05 14:28:00,S024,C000297,store
O0006266,2024-03-05 20:51:00,S016,C000186,store
O0006267,2024-03-05 12:07:00,S024,C000056,store
O0006268,2024-03-05 19:17:00,S024,C001948,store
O0006269,2024-03-05 10:15:00,S003,C001262,store
O0006270,2024-03-05 16:06:00,S013,C000919,store
O0006271,2024-03-05 12:18:00,S010,C000211,store
O0006272,2024-03-05 10:13:00,S012,C001488,store
O0006273,2024-03-05 16:46:00,S015,C000229,store
O0006274,2024-03-05 09:55:00,S010,C000167,store
O0006275,2024-03-05 14:22:00,S005,C002151,store
O0006276,2024-03-05 18:03:00,S029,C000750,ecom
O0006277,2024-03-05 12:58:00,S018,C001395,store
O0006278,2024-03-05 11:40:00,S005,C002479,ecom
O0006279,2024-03-05 20:52:00,S026,C001967,store
O0006280,2024-03-05 14:30:00,S006,C002149,store
O0006281,2024-03-05 11:43:00,S013,C001116,store
O0006282,2024-03-05 10:01:00,S004,C002475,store
O0006283,2024-03-05 15:55:00,S028,C000036,ecom
O0006284,2024-03-05 12:18:00,S009,C001806,store
O0006285,2024-03-05 12:42:00,S028,C000236,store
O0006286,2024-03-06 12:45:00,S013,C000690,store
O0006287,2024-03-06 09:56:00,S006,C001614,ecom
O0006288,2024-03-06 11:50:00,S004,C002213,ecom
O0006289,2024-03-06 18:36:00,S006,C002432,store
O0006290,2024-03-06 19:54:00,S007,C001497,ecom
O0006291,2024-03-06 14:07:00,S019,C001518,store
O0006292,2024-03-06 11:40:00,S024,C001164,store
O0006293,2024-03-06 10:01:00,S002,C001857,ecom
O0006294,2024-03-06 14:42:00,S007,C002243,ecom
O0006295,2024-03-06 11:44:00,S007,C000557,ecom
O0006296,2024-03-06 15:40:00,S023,C001207,store
O0006297,2024-03-06 19:09:00,S012,C000065,ecom
O0006298,2024-03-06 15:40:00,S019,C000621,store
O0006299,2024-03-06 10:29:00,S029,C000194,store
O0006300,2024-03-06 19:55:00,S001,C001898,ecom
O0006301,2024-03-06 09:42:00,S010,C000235,ecom
O0006302,2024-03-06 11:17:00,S020,C000899,store
O0006303,2024-03-06 19:12:00,S020,C000993,store
O0006304,2024-03-06 11:06:00,S024,C001110,ecom
O0006305,2024-03-06 16:29:00,S023,C001712,store
O0006306,2024-03-06 17:45:00,S007,C001566,store
O0006307,2024-03-06 13:37:00,S025,C000847,ecom
O0006308,2024-03-06 17:54:00,S023,C001771,ecom
O0006309,2024-03-06 19:23:00,S026,C000372,ecom
O0006310,2024-03-06 13:09:00,S022,C000505,store
O0006311,2024-03-06 17:51:00,S012,C000156,store
O0006312,2024-03-06 10:57:00,S023,C000146,store
O0006313,2024-03-06 16:50:00,S026,C002499,ecom
O0006314,2024-03-06 16:12:00,S015,C001575,store
O0006315,2024-03-06 15:00:00,S021,C002036,ecom
O0006316,2024-03-06 09:35:00,S009,C000613,ecom
O0006317,2024-03-06 20:53:00,S012,C001306,ecom
O0006318,2024-03-06 10:39:00,S020,C000524,ecom
O0006319,2024-03-06 12:49:00,S002,C000182,ecom
O0006320,2024-03-06 09:28:00,S012,C001370,ecom
O0006321,2024-03-06 19:58:00,S010,C001891,store
O0006322,2024-03-06 12:18:00,S018,C001946,store
O0006323,2024-03-06 15:29:00,S010,C001481,store
O0006324,2024-03-06 11:46:00,S001,C001088,ecom
O0006325,2024-03-06 10:29:00,S020,C002463,store
O0006326,2024-03-06 14:26:00,S021,C002083,store
O0006327,2024-03-06 20:33:00,S018,C001329,ecom
O0006328,2024-03-06 20:36:00,S026,C002314,store
O0006329,2024-03-06 10:57:00,S021,C002063,store
O0006330,2024-03-06 13:12:00,S017,C001277,ecom
O0006331,2024-03-06 20:12:00,S016,C001923,store
O0006332,2024-03-06 16:21:00,S015,C002311,ecom
O0006333,2024-03-06 10:42:00,S027,C001992,store
O0006334,2024-03-06 20:53:00,S030,C001121,store
O0006335,2024-03-06 17:34:00,S018,C000187,store
O0006336,2024-03-06 20:12:00,S021,C000878,store
O0006337,2024-03-06 20:18:00,S004,C001337,store
O0006338,2024-03-06 09:51:00,S018,C001589,store
O0006339,2024-03-06 10:53:00,S012,C000904,store
O0006340,2024-03-06 20:59:00,S006,C001948,store
O0006341,2024-03-06 18:04:00,S001,C000914,store
O0006342,2024-03-06 20:10:00,S007,C000186,store
O0006343,2024-03-06 11:43:00,S014,C001524,store
O0006344,2024-03-06 19:12:00,S006,C000625,store
O0006345,2024-03-06 17:08:00,S003,C001694,store
O0006346,2024-03-06 17:17:00,S016,C001487,store
O0006347,2024-03-06 16:03:00,S016,C002499,ecom
O0006348,2024-03-06 17:57:00,S006,C001447,store
O0006349,2024-03-06 14:34:00,S018,C001428,store
O0006350,2024-03-06 17:34:00,S025,C001419,store
O0006351,2024-03-06 18:26:00,S024,C000611,ecom
O0006352,2024-03-06 14:41:00,S004,C000597,ecom
O0006353,2024-03-06 19:23:00,S006,C000280,store
O0006354,2024-03-06 09:53:00,S024,C000102,ecom
O0006355,2024-03-06 17:38:00,S030,C001068,store
O0006356,2024-03-06 09:57:00,S010,C001822,store
O0006357,2024-03-06 13:11:00,S001,C000450,store
O0006358,2024-03-06 11:45:00,S010,C001623,store
O0006359,2024-03-06 18:25:00,S030,C001411,ecom
O0006360,2024-03-06 20:54:00,S023,C000484,store
O0006361,2024-03-06 14:25:00,S004,C000753,ecom
O0006362,2024-03-06 13:45:00,S010,C000595,store
O0006363,2024-03-06 18:23:00,S026,C000787,ecom
O0006364,2024-03-06 14:53:00,S022,C000263,store
O0006365,2024-03-06 16:48:00,S015,C000385,store
O0006366,2024-03-06 19:37:00,S009,C000506,store
O0006367,2024-03-06 09:56:00,S021,C001213,ecom
O0006368,2024-03-06 19:40:00,S023,C000029,ecom
O0006369,2024-03-06 13:59:00,S014,C000222,ecom
O0006370,2024-03-06 20:10:00,S017,C000459,store
O0006371,2024-03-06 17:45:00,S005,C002176,ecom
O0006372,2024-03-06 20:18:00,S004,C001496,store
O0006373,2024-03-06 15:12:00,S022,C001168,store
O0006374,2024-03-06 11:55:00,S002,C001477,ecom
O0006375,2024-03-06 20:06:00,S004,C002143,ecom
O0006376,2024-03-06 19:51:00,S004,C002266,store
O0006377,2024-03-06 13:08:00,S023,C001213,store
O0006378,2024-03-06 15:47:00,S016,C000522,ecom
O0006379,2024-03-07 11:40:00,S006,C000665,store
O0006380,2024-03-07 15:14:00,S007,C000826,store
O0006381,2024-03-07 12:55:00,S030,C002234,ecom
O0006382,2024-03-07 15:46:00,S012,C001620,store
O0006383,2024-03-07 16:36:00,S020,C000608,store
O0006384,2024-03-07 19:16:00,S021,C002096,store
O0006385,2024-03-07 15:54:00,S026,C000743,ecom
O0006386,2024-03-07 09:10:00,S022,C002076,store
O0006387,2024-03-07 16:47:00,S009,C001770,store
O0006388,2024-03-07 17:52:00,S001,C001101,store
O0006389,2024-03-07 20:54:00,S008,C000205,store
O0006390,2024-03-07 18:30:00,S010,C001470,store
O0006391,2024-03-07 13:12:00,S018,C002342,store
O0006392,2024-03-07 15:43:00,S026,C001792,store
O0006393,2024-03-07 20:10:00,S019,C000130,ecom
O0006394,2024-03-07 12:24:00,S002,C000077,store
O0006395,2024-03-07 15:13:00,S002,C000995,store
O0006396,2024-03-07 13:40:00,S028,C000602,ecom
O0006397,2024-03-07 16:12:00,S013,C002077,ecom
O0006398,2024-03-07 12:40:00,S013,C001678,store
O0006399,2024-03-07 11:20:00,S005,C001133,store
O0006400,2024-03-07 18:12:00,S019,C001103,store
O0006401,2024-03-07 19:46:00,S008,C001783,ecom
O0006402,2024-03-07 15:47:00,S019,C001800,store
O0006403,2024-03-07 09:48:00,S019,C000839,store
O0006404,2024-03-07 13:52:00,S020,C000551,store
O0006405,2024-03-07 09:06:00,S014,C002190,store
O0006406,2024-03-07 16:46:00,S021,C001101,ecom
O0006407,2024-03-07 19:05:00,S023,C000036,ecom
O0006408,2024-03-07 15:15:00,S002,C000229,store
O0006409,2024-03-07 12:02:00,S028,C001956,ecom
O0006410,2024-03-07 12:18:00,S019,C001622,ecom
O0006411,2024-03-07 20:46:00,S005,C001380,store
O0006412,2024-03-07 12:56:00,S017,C001930,ecom
O0006413,2024-03-07 11:07:00,S015,C000950,ecom
O0006414,2024-03-07 15:50:00,S018,C001911,ecom
O0006415,2024-03-07 20:06:00,S012,C001428,ecom
O0006416,2024-03-07 10:12:00,S021,C001756,ecom
O0006417,2024-03-07 13:27:00,S025,C000442,ecom
O0006418,2024-03-07 10:06:00,S022,C001733,ecom
O0006419,2024-03-07 10:30:00,S013,C000002,store
O0006420,2024-03-07 20:31:00,S021,C002422,store
O0006421,2024-03-07 20:14:00,S005,C000446,ecom
O0006422,2024-03-07 18:57:00,S018,C002397,store
O0006423,2024-03-07 16:51:00,S023,C002480,store
O0006424,2024-03-07 12:16:00,S010,C001492,store
O0006425,2024-03-07 15:05:00,S012,C001680,store
O0006426,2024-03-07 09:17:00,S023,C000881,ecom
O0006427,2024-03-07 19:45:00,S027,C000233,ecom
O0006428,2024-03-07 12:00:00,S026,C000787,store
O0006429,2024-03-07 11:39:00,S006,C002369,store
O0006430,2024-03-07 20:33:00,S019,C000329,store
O0006431,2024-03-07 17:19:00,S004,C001324,store
O0006432,2024-03-07 19:54:00,S011,C001312,store
O0006433,2024-03-07 19:39:00,S024,C002434,ecom
O0006434,2024-03-07 16:50:00,S005,C000915,ecom
O0006435,2024-03-07 13:15:00,S026,C000537,store
O0006436,2024-03-07 16:35:00,S007,C000818,ecom
O0006437,2024-03-07 15:04:00,S030,C000685,ecom
O0006438,2024-03-07 09:56:00,S016,C000180,store
O0006439,2024-03-07 09:38:00,S020,C001844,store
O0006440,2024-03-07 12:14:00,S030,C000822,store
O0006441,2024-03-07 18:30:00,S010,C001707,ecom
O0006442,2024-03-08 19:35:00,S020,C002233,ecom
O0006443,2024-03-08 16:37:00,S003,C002430,store
O0006444,2024-03-08 14:15:00,S029,C000595,ecom
O0006445,2024-03-08 09:19:00,S002,C000654,store
O0006446,2024-03-08 14:07:00,S009,C000996,store
O0006447,2024-03-08 20:31:00,S002,C001440,store
O0006448,2024-03-08 20:46:00,S014,C000988,store
O0006449,2024-03-08 18:40:00,S024,C000162,store
O0006450,2024-03-08 20:35:00,S021,C001021,ecom
O0006451,2024-03-08 20:51:00,S021,C001232,store
O0006452,2024-03-08 11:44:00,S030,C000023,store
O0006453,2024-03-08 09:14:00,S030,C001182,store
O0006454,2024-03-08 20:42:00,S001,C001445,store
O0006455,2024-03-08 19:26:00,S012,C000348,store
O0006456,2024-03-08 13:27:00,S006,C001686,ecom
O0006457,2024-03-08 10:03:00,S012,C001579,store
O0006458,2024-03-08 17:11:00,S025,C001612,ecom
O0006459,2024-03-08 13:21:00,S001,C000026,store
O0006460,2024-03-08 18:04:00,S010,C000569,ecom
O0006461,2024-03-08 16:07:00,S022,C001059,ecom
O0006462,2024-03-08 16:53:00,S002,C001606,store
O0006463,2024-03-08 16:40:00,S010,C000984,store
O0006464,2024-03-08 10:05:00,S011,C000816,ecom
O0006465,2024-03-08 09:03:00,S014,C002322,ecom
O0006466,2024-03-08 12:59:00,S027,C002201,ecom
O0006467,2024-03-08 15:14:00,S023,C001471,store
O0006468,2024-03-08 19:29:00,S030,C001446,ecom
O0006469,2024-03-08 19:39:00,S010,C001100,store
O0006470,2024-03-08 11:06:00,S001,C001425,store
O0006471,2024-03-08 17:23:00,S014,C001778,ecom
O0006472,2024-03-08 14:11:00,S004,C002416,store
O0006473,2024-03-08 11:32:00,S021,C000392,ecom
O0006474,2024-03-08 11:28:00,S014,C002106,store
O0006475,2024-03-08 10:36:00,S009,C002499,store
O0006476,2024-03-08 17:57:00,S018,C001830,store
O0006477,2024-03-08 10:10:00,S013,C002475,store
O0006478,2024-03-08 15:06:00,S013,C001074,store
O0006479,2024-03-08 19:36:00,S021,C000913,store
O0006480,2024-03-08 15:01:00,S029,C002008,store
O0006481,2024-03-08 17:14:00,S014,C001049,store
O0006482,2024-03-08 13:30:00,S004,C000833,ecom
O0006483,2024-03-08 19:39:00,S004,C001189,store
O0006484,2024-03-08 13:02:00,S012,C000428,store
O0006485,2024-03-08 18:26:00,S002,C000740,store
O0006486,2024-03-08 14:31:00,S005,C002296,store
O0006487,2024-03-08 19:03:00,S026,C001219,store
O0006488,2024-03-08 20:10:00,S016,C001174,store
O0006489,2024-03-08 12:47:00,S017,C000334,ecom
O0006490,2024-03-08 18:27:00,S016,C001570,ecom
O0006491,2024-03-08 19:27:00,S022,C000434,store
O0006492,2024-03-08 19:46:00,S006,C000930,store
O0006493,2024-03-08 20:54:00,S018,C001536,store
O0006494,2024-03-08 10:00:00,S028,C001902,store
O0006495,2024-03-08 20:44:00,S004,C002379,store
O0006496,2024-03-08 16:43:00,S026,C001025,store
O0006497,2024-03-08 17:03:00,S026,C001007,ecom
O0006498,2024-03-08 12:20:00,S004,C000999,store
O0006499,2024-03-08 20:44:00,S006,C000821,ecom
O0006500,2024-03-09 13:55:00,S012,C001336,store
O0006501,2024-03-09 10:56:00,S015,C001174,ecom
O0006502,2024-03-09 11:23:00,S020,C000999,store
O0006503,2024-03-09 13:44:00,S007,C001142,store
O0006504,2024-03-09 19:52:00,S012,C002346,store
O0006505,2024-03-09 09:47:00,S021,C002475,store
O0006506,2024-03-09 18:08:00,S003,C002203,store
O0006507,2024-03-09 18:08:00,S015,C001639,store
O0006508,2024-03-09 15:55:00,S028,C001204,store
O0006509,2024-03-09 12:00:00,S016,C000985,store
O0006510,2024-03-09 15:04:00,S024,C000555,store
O0006511,2024-03-09 20:45:00,S023,C002190,store
O0006512,2024-03-09 18:32:00,S005,C000224,store
O0006513,2024-03-09 18:58:00,S001,C001122,store
O0006514,2024-03-09 19:26:00,S010,C001607,ecom
O0006515,2024-03-09 09:50:00,S017,C000954,store
O0006516,2024-03-09 20:34:00,S007,C002134,store
O0006517,2024-03-09 13:02:00,S015,C000569,store
O0006518,2024-03-09 19:22:00,S015,C001157,ecom
O0006519,2024-03-09 11:04:00,S017,C001312,store
O0006520,2024-03-09 15:54:00,S023,C000599,ecom
O0006521,2024-03-09 18:18:00,S014,C000803,store
O0006522,2024-03-09 11:13:00,S011,C001810,store
O0006523,2024-03-09 20:58:00,S025,C001102,ecom
O0006524,2024-03-09 14:00:00,S022,C000453,ecom
O0006525,2024-03-09 20:46:00,S019,C000034,ecom
O0006526,2024-03-09 15:01:00,S006,C000702,store
O0006527,2024-03-09 16:02:00,S023,C001330,ecom
O0006528,2024-03-09 09:53:00,S023,C002471,store
O0006529,2024-03-09 10:16:00,S029,C000894,ecom
O0006530,2024-03-09 18:44:00,S014,C001720,store
O0006531,2024-03-09 16:42:00,S028,C001101,store
O0006532,2024-03-09 14:38:00,S020,C000393,store
O0006533,2024-03-09 10:09:00,S017,C000374,store
O0006534,2024-03-09 12:46:00,S009,C001182,store
O0006535,2024-03-09 16:09:00,S015,C000225,ecom
O0006536,2024-03-09 17:22:00,S013,C000832,ecom
O0006537,2024-03-09 16:09:00,S015,C002095,store
O0006538,2024-03-09 19:44:00,S011,C001065,store
O0006539,2024-03-09 09:17:00,S019,C000606,ecom
O0006540,2024-03-09 19:39:00,S011,C002433,store
O0006541,2024-03-09 17:21:00,S011,C000094,ecom
O0006542,2024-03-09 17:49:00,S019,C000358,store
O0006543,2024-03-09 17:04:00,S028,C001668,store
O0006544,2024-03-09 09:47:00,S015,C000943,store
O0006545,2024-03-09 14:07:00,S007,C000456,store
O0006546,2024-03-09 11:46:00,S028,C000039,store
O0006547,2024-03-09 10:09:00,S027,C001894,ecom
O0006548,2024-03-09 09:28:00,S024,C002134,ecom
O0006549,2024-03-09 18:32:00,S014,C001471,ecom
O0006550,2024-03-09 16:48:00,S027,C002000,store
O0006551,2024-03-09 10:39:00,S017,C001645,store
O0006552,2024-03-09 11:47:00,S010,C001096,ecom
O0006553,2024-03-09 09:31:00,S015,C000843,store
O0006554,2024-03-09 09:24:00,S004,C000257,store
O0006555,2024-03-09 09:17:00,S022,C000733,ecom
O0006556,2024-03-09 10:33:00,S007,C001388,store
O0006557,2024-03-09 20:14:00,S024,C001200,store
O0006558,2024-03-09 09:12:00,S001,C000169,store
O0006559,2024-03-09 14:17:00,S019,C001964,store
O0006560,2024-03-09 12:35:00,S026,C002069,store
O0006561,2024-03-09 15:29:00,S002,C000532,store
O0006562,2024-03-09 18:06:00,S003,C001348,store
O0006563,2024-03-09 17:53:00,S020,C000928,ecom
O0006564,2024-03-09 09:50:00,S010,C002150,ecom
O0006565,2024-03-09 16:06:00,S021,C000129,store
O0006566,2024-03-09 10:58:00,S020,C001405,store
O0006567,2024-03-09 20:33:00,S019,C001297,store
O0006568,2024-03-09 20:53:00,S021,C002287,store
O0006569,2024-03-09 18:30:00,S026,C000794,store
O0006570,2024-03-09 15:17:00,S024,C000484,store
O0006571,2024-03-09 14:40:00,S020,C001852,store
O0006572,2024-03-09 12:17:00,S003,C002138,ecom
O0006573,2024-03-09 14:26:00,S029,C000924,ecom
O0006574,2024-03-09 11:17:00,S011,C001085,ecom
O0006575,2024-03-09 12:49:00,S006,C001682,store
O0006576,2024-03-09 15:16:00,S009,C000967,store
O0006577,2024-03-09 18:07:00,S016,C002191,ecom
O0006578,2024-03-09 11:22:00,S020,C000326,store
O0006579,2024-03-09 11:01:00,S005,C002447,ecom
O0006580,2024-03-09 14:50:00,S029,C002209,ecom
O0006581,2024-03-09 19:53:00,S020,C000534,store
O0006582,2024-03-09 10:33:00,S019,C001560,ecom
O0006583,2024-03-09 16:32:00,S024,C000990,ecom
O0006584,2024-03-09 19:53:00,S017,C002306,store
O0006585,2024-03-09 09:21:00,S006,C001947,ecom
O0006586,2024-03-09 12:19:00,S023,C000804,store
O0006587,2024-03-09 10:47:00,S013,C002047,store
O0006588,2024-03-09 16:47:00,S028,C000980,store
O0006589,2024-03-09 15:22:00,S026,C000074,store
O0006590,2024-03-09 12:29:00,S024,C001484,ecom
O0006591,2024-03-09 15:58:00,S026,C001476,store
O0006592,2024-03-09 11:29:00,S006,C000320,ecom
O0006593,2024-03-09 13:44:00,S020,C002183,store
O0006594,2024-03-09 20:38:00,S019,C000831,store
O0006595,2024-03-09 11:54:00,S005,C001950,store
O0006596,2024-03-09 11:05:00,S024,C000294,store
O0006597,2024-03-09 18:02:00,S030,C002201,store
O0006598,2024-03-09 18:55:00,S020,C001779,ecom
O0006599,2024-03-09 19:19:00,S030,C002146,store
O0006600,2024-03-09 13:50:00,S018,C000360,store
O0006601,2024-03-09 10:45:00,S018,C000918,ecom
O0006602,2024-03-09 15:16:00,S009,C001336,store
O0006603,2024-03-09 13:12:00,S023,C000347,store
O0006604,2024-03-09 13:16:00,S011,C002345,store
O0006605,2024-03-09 11:46:00,S017,C001207,store
O0006606,2024-03-09 16:25:00,S009,C001103,ecom
O0006607,2024-03-09 19:00:00,S027,C001322,ecom
O0006608,2024-03-09 18:18:00,S019,C000600,store
O0006609,2024-03-09 12:33:00,S029,C000975,ecom
O0006610,2024-03-09 14:52:00,S024,C000906,store
O0006611,2024-03-09 12:28:00,S016,C002165,ecom
O0006612,2024-03-09 12:17:00,S004,C000372,store
O0006613,2024-03-09 17:50:00,S007,C001779,store
O0006614,2024-03-09 19:28:00,S030,C000641,ecom
O0006615,2024-03-09 17:23:00,S002,C000765,store
O0006616,2024-03-09 17:36:00,S011,C000534,store
O0006617,2024-03-09 11:40:00,S027,C002334,store
O0006618,2024-03-09 10:24:00,S028,C001282,store
O0006619,2024-03-09 09:23:00,S007,C002178,store
O0006620,2024-03-09 16:44:00,S001,C001846,store
O0006621,2024-03-09 10:01:00,S012,C000014,ecom
O0006622,2024-03-09 19:09:00,S001,C001886,store
O0006623,2024-03-09 13:01:00,S030,C001343,store
O0006624,2024-03-09 09:42:00,S004,C002093,store
O0006625,2024-03-09 09:38:00,S004,C000333,store
O0006626,2024-03-09 09:10:00,S030,C001402,ecom
O0006627,2024-03-09 19:17:00,S023,C000302,ecom
O0006628,2024-03-09 15:59:00,S028,C001177,store
O0006629,2024-03-10 15:26:00,S027,C001535,store
O0006630,2024-03-10 19:50:00,S025,C000326,store
O0006631,2024-03-10 09:38:00,S022,C002053,store
O0006632,2024-03-10 18:21:00,S021,C001444,store
O0006633,2024-03-10 12:58:00,S016,C000971,store
O0006634,2024-03-10 14:44:00,S029,C001309,ecom
O0006635,2024-03-10 20:41:00,S014,C000935,store
O0006636,2024-03-10 14:37:00,S002,C000986,ecom
O0006637,2024-03-10 20:40:00,S012,C000417,ecom
O0006638,2024-03-10 19:12:00,S012,C001762,ecom
O0006639,2024-03-10 17:28:00,S018,C001350,store
O0006640,2024-03-10 10:02:00,S001,C001957,store
O0006641,2024-03-10 16:38:00,S022,C002147,store
O0006642,2024-03-10 18:46:00,S020,C001960,store
O0006643,2024-03-10 19:27:00,S029,C002429,ecom
O0006644,2024-03-10 18:34:00,S025,C001468,ecom
O0006645,2024-03-10 14:47:00,S011,C001616,ecom
O0006646,2024-03-10 13:13:00,S002,C001709,store
O0006647,2024-03-10 19:31:00,S028,C002066,store
O0006648,2024-03-10 15:10:00,S009,C002065,store
O0006649,2024-03-10 10:22:00,S017,C001482,ecom
O0006650,2024-03-10 09:47:00,S015,C001258,store
O0006651,2024-03-10 14:13:00,S012,C000852,store
O0006652,2024-03-10 18:04:00,S008,C000031,store
O0006653,2024-03-10 10:17:00,S001,C002241,ecom
O0006654,2024-03-10 10:51:00,S016,C000590,ecom
O0006655,2024-03-10 09:20:00,S004,C000281,ecom
O0006656,2024-03-10 12:28:00,S008,C000303,store
O0006657,2024-03-10 15:09:00,S022,C000686,store
O0006658,2024-03-10 11:07:00,S023,C000249,ecom
O0006659,2024-03-10 10:00:00,S001,C001315,store
O0006660,2024-03-10 09:07:00,S024,C001277,ecom
O0006661,2024-03-10 16:46:00,S005,C001943,ecom
O0006662,2024-03-10 13:18:00,S002,C001009,store
O0006663,2024-03-10 20:21:00,S015,C000289,store
O0006664,2024-03-10 13:39:00,S011,C002465,ecom
O0006665,2024-03-10 15:39:00,S010,C002270,ecom
O0006666,2024-03-10 11:02:00,S011,C002322,store
O0006667,2024-03-10 19:03:00,S013,C001519,ecom
O0006668,2024-03-10 12:59:00,S011,C001330,store
O0006669,2024-03-10 16:38:00,S005,C001237,store
O0006670,2024-03-10 09:55:00,S025,C002308,store
O0006671,2024-03-10 20:08:00,S009,C000334,store
O0006672,2024-03-10 12:10:00,S021,C001815,store
O0006673,2024-03-10 11:32:00,S015,C001589,ecom
O0006674,2024-03-10 11:03:00,S004,C001969,store
O0006675,2024-03-10 20:36:00,S021,C000732,store
O0006676,2024-03-10 13:40:00,S030,C000849,ecom
O0006677,2024-03-10 18:07:00,S027,C001621,ecom
O0006678,2024-03-10 16:08:00,S012,C000669,store
O0006679,2024-03-10 20:11:00,S001,C001812,store
O0006680,2024-03-10 11:10:00,S030,C001477,ecom
O0006681,2024-03-10 16:36:00,S006,C001194,ecom
O0006682,2024-03-10 18:33:00,S004,C002044,store
O0006683,2024-03-10 19:10:00,S030,C001757,store
O0006684,2024-03-10 12:48:00,S011,C000600,store
O0006685,2024-03-10 16:46:00,S029,C001157,store
O0006686,2024-03-10 20:15:00,S018,C002162,store
O0006687,2024-03-10 16:44:00,S002,C000485,store
O0006688,2024-03-10 16:44:00,S029,C002207,ecom
O0006689,2024-03-10 12:30:00,S002,C000022,store
O0006690,2024-03-10 13:59:00,S008,C001667,store
O0006691,2024-03-10 16:21:00,S030,C001771,store
O0006692,2024-03-10 19:18:00,S011,C000018,store
O0006693,2024-03-10 11:35:00,S012,C001737,store
O0006694,2024-03-10 14:37:00,S025,C001987,store
O0006695,2024-03-10 19:27:00,S026,C000179,store
O0006696,2024-03-10 18:05:00,S007,C000382,store
O0006697,2024-03-10 11:29:00,S029,C001073,store
O0006698,2024-03-10 14:44:00,S028,C001047,store
O0006699,2024-03-10 20:42:00,S010,C000414,ecom
O0006700,2024-03-10 19:00:00,S021,C000284,ecom
O0006701,2024-03-10 19:45:00,S005,C000648,store
O0006702,2024-03-10 13:02:00,S005,C001546,ecom
O0006703,2024-03-10 15:23:00,S021,C000663,store
O0006704,2024-03-10 11:11:00,S025,C001905,store
O0006705,2024-03-10 09:08:00,S008,C001248,store
O0006706,2024-03-10 16:24:00,S002,C001283,store
O0006707,2024-03-10 19:48:00,S001,C002483,store
O0006708,2024-03-10 19:51:00,S027,C002418,ecom
O0006709,2024-03-10 13:42:00,S024,C001975,store
O0006710,2024-03-10 13:18:00,S015,C000256,ecom
O0006711,2024-03-10 20:40:00,S006,C001697,ecom
O0006712,2024-03-10 18:09:00,S005,C000651,store
O0006713,2024-03-10 11:58:00,S025,C000024,ecom
O0006714,2024-03-10 17:10:00,S006,C000158,store
O0006715,2024-03-10 18:38:00,S014,C002337,store
O0006716,2024-03-10 15:38:00,S026,C001675,store
O0006717,2024-03-10 18:48:00,S016,C001070,ecom
O0006718,2024-03-10 15:23:00,S008,C001098,store
O0006719,2024-03-10 11:36:00,S013,C001973,store
O0006720,2024-03-10 14:49:00,S007,C000744,store
O0006721,2024-03-10 11:56:00,S002,C002330,store
O0006722,2024-03-10 17:00:00,S017,C000181,ecom
O0006723,2024-03-10 11:32:00,S020,C001220,store
O0006724,2024-03-10 11:39:00,S004,C000203,store
O0006725,2024-03-10 19:34:00,S009,C001480,store
O0006726,2024-03-10 15:31:00,S021,C000671,store
O0006727,2024-03-10 18:10:00,S003,C001084,store
O0006728,2024-03-10 12:48:00,S019,C002212,store
O0006729,2024-03-10 14:58:00,S024,C002126,store
O0006730,2024-03-10 19:39:00,S002,C000686,ecom
O0006731,2024-03-10 14:17:00,S004,C000503,ecom
O0006732,2024-03-10 13:15:00,S024,C002341,ecom
O0006733,2024-03-10 20:40:00,S009,C001503,ecom
O0006734,2024-03-10 20:16:00,S017,C000376,ecom
O0006735,2024-03-10 12:00:00,S016,C000574,store
O0006736,2024-03-10 19:01:00,S027,C001172,store
O0006737,2024-03-10 17:02:00,S027,C000590,ecom
O0006738,2024-03-10 18:42:00,S009,C001909,ecom
O0006739,2024-03-11 17:26:00,S017,C001196,store
O0006740,2024-03-11 12:44:00,S030,C002498,store
O0006741,2024-03-11 13:10:00,S021,C001013,store
O0006742,2024-03-11 14:38:00,S013,C002456,store
O0006743,2024-03-11 10:08:00,S009,C000458,store
O0006744,2024-03-11 11:05:00,S018,C001927,store
O0006745,2024-03-11 14:49:00,S012,C000147,ecom
O0006746,2024-03-11 20:47:00,S018,C001567,store
O0006747,2024-03-11 12:01:00,S008,C000862,store
O0006748,2024-03-11 17:25:00,S020,C001787,store
O0006749,2024-03-11 10:35:00,S012,C001100,ecom
O0006750,2024-03-11 17:58:00,S008,C002010,ecom
O0006751,2024-03-11 09:36:00,S008,C001489,store
O0006752,2024-03-11 09:46:00,S017,C002497,store
O0006753,2024-03-11 09:09:00,S005,C001756,ecom
O0006754,2024-03-11 19:31:00,S021,C000447,store
O0006755,2024-03-11 19:50:00,S011,C000444,store
O0006756,2024-03-11 10:26:00,S011,C000737,store
O0006757,2024-03-11 17:06:00,S030,C001107,store
O0006758,2024-03-11 12:06:00,S016,C000919,ecom
O0006759,2024-03-11 15:53:00,S015,C000469,ecom
O0006760,2024-03-11 12:39:00,S029,C001698,store
O0006761,2024-03-11 16:06:00,S022,C000372,store
O0006762,2024-03-11 09:29:00,S016,C000653,store
O0006763,2024-03-11 13:07:00,S001,C000506,store
O0006764,2024-03-11 11:59:00,S003,C000623,ecom
O0006765,2024-03-11 13:50:00,S027,C000683,store
O0006766,2024-03-11 14:31:00,S026,C001891,store
O0006767,2024-03-11 17:42:00,S019,C002478,store
O0006768,2024-03-11 17:59:00,S029,C001824,store
O0006769,2024-03-11 15:35:00,S026,C001268,store
O0006770,2024-03-11 18:17:00,S002,C000473,store
O0006771,2024-03-11 19:12:00,S018,C001205,ecom
O0006772,2024-03-11 14:37:00,S013,C002280,store
O0006773,2024-03-11 14:42:00,S010,C001963,ecom
O0006774,2024-03-11 18:48:00,S011,C000226,store
O0006775,2024-03-11 14:28:00,S021,C000514,ecom
O0006776,2024-03-11 12:13:00,S020,C000651,store
O0006777,2024-03-11 19:28:00,S015,C001173,store
O0006778,2024-03-11 12:25:00,S004,C001339,ecom
O0006779,2024-03-11 17:48:00,S013,C000421,ecom
O0006780,2024-03-11 09:40:00,S023,C001935,store
O0006781,2024-03-11 11:25:00,S020,C001186,ecom
O0006782,2024-03-11 10:20:00,S019,C000733,ecom
O0006783,2024-03-11 09:23:00,S016,C001540,ecom
O0006784,2024-03-11 12:54:00,S019,C001835,store
O0006785,2024-03-11 19:03:00,S009,C001093,ecom
O0006786,2024-03-11 15:00:00,S011,C000557,store
O0006787,2024-03-11 14:29:00,S014,C000357,store
O0006788,2024-03-11 17:17:00,S002,C001423,store
O0006789,2024-03-11 16:58:00,S007,C001692,store
O0006790,2024-03-11 16:02:00,S015,C000362,store
O0006791,2024-03-11 11:52:00,S008,C002220,store
O0006792,2024-03-11 19:20:00,S012,C001902,ecom
O0006793,2024-03-11 11:17:00,S015,C000451,ecom
O0006794,2024-03-11 18:04:00,S007,C001098,store
O0006795,2024-03-11 19:57:00,S022,C002057,ecom
O0006796,2024-03-11 15:46:00,S024,C000408,ecom
O0006797,2024-03-11 12:46:00,S006,C000963,ecom
O0006798,2024-03-11 18:40:00,S029,C002010,store
O0006799,2024-03-11 16:54:00,S008,C001639,ecom
O0006800,2024-03-11 19:49:00,S014,C001119,ecom
O0006801,2024-03-11 14:52:00,S015,C000231,ecom
O0006802,2024-03-11 19:43:00,S023,C001942,store
O0006803,2024-03-11 13:53:00,S001,C000541,ecom
O0006804,2024-03-11 11:15:00,S015,C001646,store
O0006805,2024-03-11 11:07:00,S018,C002245,store
O0006806,2024-03-11 17:19:00,S007,C001077,store
O0006807,2024-03-11 19:00:00,S015,C001755,ecom
O0006808,2024-03-11 15:42:00,S001,C000868,ecom
O0006809,2024-03-11 13:01:00,S006,C000598,store
O0006810,2024-03-11 19:31:00,S022,C001998,store
O0006811,2024-03-11 13:11:00,S007,C001503,ecom
O0006812,2024-03-11 10:48:00,S021,C001624,store
O0006813,2024-03-11 10:59:00,S024,C000658,store
O0006814,2024-03-11 12:06:00,S001,C000847,store
O0006815,2024-03-11 20:37:00,S001,C000004,store
O0006816,2024-03-11 11:11:00,S023,C000175,ecom
O0006817,2024-03-11 16:13:00,S002,C000770,ecom
O0006818,2024-03-11 18:24:00,S016,C001026,ecom
O0006819,2024-03-11 15:51:00,S025,C002033,store
O0006820,2024-03-11 10:11:00,S023,C002069,ecom
O0006821,2024-03-12 14:25:00,S015,C001872,store
O0006822,2024-03-12 20:11:00,S024,C000780,store
O0006823,2024-03-12 19:49:00,S008,C001601,store
O0006824,2024-03-12 09:04:00,S029,C000047,store
O0006825,2024-03-12 14:55:00,S014,C002254,store
O0006826,2024-03-12 16:13:00,S015,C000046,store
O0006827,2024-03-12 09:19:00,S020,C002429,ecom
O0006828,2024-03-12 10:53:00,S011,C001012,store
O0006829,2024-03-12 17:58:00,S029,C000989,store
O0006830,2024-03-12 09:41:00,S007,C001243,store
O0006831,2024-03-12 10:20:00,S019,C001533,store
O0006832,2024-03-12 18:38:00,S022,C001826,store
O0006833,2024-03-12 15:12:00,S030,C000125,store
O0006834,2024-03-12 14:00:00,S028,C001210,ecom
O0006835,2024-03-12 14:12:00,S002,C000169,ecom
O0006836,2024-03-12 19:09:00,S025,C001922,store
O0006837,2024-03-12 17:23:00,S005,C002341,store
O0006838,2024-03-12 14:42:00,S009,C000566,ecom
O0006839,2024-03-12 15:39:00,S011,C001866,store
O0006840,2024-03-12 20:53:00,S002,C000519,ecom
O0006841,2024-03-12 14:54:00,S019,C001112,store
O0006842,2024-03-12 11:59:00,S020,C002469,store
O0006843,2024-03-12 14:24:00,S024,C002378,store
O0006844,2024-03-12 19:09:00,S021,C002484,store
O0006845,2024-03-12 15:16:00,S015,C000966,store
O0006846,2024-03-12 13:41:00,S021,C000711,store
O0006847,2024-03-12 20:25:00,S022,C000332,ecom
O0006848,2024-03-12 12:07:00,S024,C000671,ecom
O0006849,2024-03-12 10:01:00,S014,C001614,store
O0006850,2024-03-12 17:46:00,S029,C001075,ecom
O0006851,2024-03-12 09:39:00,S011,C002325,store
O0006852,2024-03-12 11:14:00,S019,C002189,store
O0006853,2024-03-12 15:05:00,S018,C001922,store
O0006854,2024-03-12 12:52:00,S002,C001907,store
O0006855,2024-03-12 19:09:00,S002,C001644,ecom
O0006856,2024-03-12 20:35:00,S010,C002029,store
O0006857,2024-03-12 11:47:00,S016,C001701,ecom
O0006858,2024-03-12 16:13:00,S017,C002199,ecom
O0006859,2024-03-12 09:20:00,S027,C001610,store
O0006860,2024-03-12 20:11:00,S003,C000658,store
O0006861,2024-03-12 19:49:00,S009,C001630,store
O0006862,2024-03-12 17:00:00,S002,C001209,store
O0006863,2024-03-12 10:51:00,S027,C000602,ecom
O0006864,2024-03-12 16:26:00,S006,C000920,store
O0006865,2024-03-12 18:18:00,S001,C002038,ecom
O0006866,2024-03-12 14:24:00,S002,C001523,store
O0006867,2024-03-12 18:35:00,S001,C001241,store
O0006868,2024-03-12 12:24:00,S001,C000688,store
O0006869,2024-03-12 16:13:00,S002,C002243,store
O0006870,2024-03-12 13:29:00,S016,C001758,store
O0006871,2024-03-12 19:23:00,S025,C001564,store
O0006872,2024-03-12 17:38:00,S004,C002235,ecom
O0006873,2024-03-12 11:57:00,S011,C000095,store
O0006874,2024-03-12 18:36:00,S022,C000546,ecom
O0006875,2024-03-12 09:42:00,S026,C000210,store
O0006876,2024-03-12 16:43:00,S023,C002306,ecom
O0006877,2024-03-12 18:04:00,S001,C000220,store
O0006878,2024-03-12 14:25:00,S015,C000076,store
O0006879,2024-03-12 20:39:00,S003,C000675,store
O0006880,2024-03-12 20:23:00,S005,C001540,ecom
O0006881,2024-03-12 17:31:00,S023,C002442,ecom
O0006882,2024-03-12 09:34:00,S027,C001790,store
O0006883,2024-03-12 18:16:00,S020,C000198,store
O0006884,2024-03-12 17:53:00,S004,C000678,store
O0006885,2024-03-12 13:11:00,S023,C002424,ecom
O0006886,2024-03-12 18:47:00,S010,C000455,store
O0006887,2024-03-12 19:12:00,S019,C000795,store
O0006888,2024-03-12 15:24:00,S009,C001989,store
O0006889,2024-03-12 20:52:00,S029,C001169,store
O0006890,2024-03-12 16:35:00,S015,C000696,ecom
O0006891,2024-03-12 10:29:00,S026,C000352,store
O0006892,2024-03-12 10:23:00,S017,C002135,store
O0006893,2024-03-12 09:15:00,S020,C001170,store
O0006894,2024-03-12 17:54:00,S006,C002037,store
O0006895,2024-03-12 10:59:00,S030,C000014,store
O0006896,2024-03-12 20:28:00,S024,C000644,ecom
O0006897,2024-03-12 17:29:00,S019,C001606,ecom
O0006898,2024-03-12 17:58:00,S030,C001698,store
O0006899,2024-03-12 15:37:00,S019,C002012,store
O0006900,2024-03-12 20:56:00,S010,C002122,store
O0006901,2024-03-12 18:52:00,S012,C000238,store
O0006902,2024-03-12 10:45:00,S010,C000880,ecom
O0006903,2024-03-12 10:52:00,S008,C000420,ecom
O0006904,2024-03-12 13:08:00,S001,C001033,store
O0006905,2024-03-12 10:41:00,S027,C001900,store
O0006906,2024-03-12 17:39:00,S023,C002144,store
O0006907,2024-03-12 17:13:00,S011,C002070,store
O0006908,2024-03-12 09:25:00,S017,C000097,store
O0006909,2024-03-12 10:02:00,S023,C001884,ecom
O0006910,2024-03-12 09:34:00,S014,C000245,store
O0006911,2024-03-12 17:37:00,S027,C000389,store
O0006912,2024-03-12 17:47:00,S022,C002221,store
O0006913,2024-03-12 19:48:00,S024,C000153,ecom
O0006914,2024-03-12 13:25:00,S017,C001170,store
O0006915,2024-03-12 15:17:00,S006,C002272,store
O0006916,2024-03-12 13:32:00,S015,C002122,store
O0006917,2024-03-12 14:02:00,S025,C000132,store
O0006918,2024-03-12 16:37:00,S017,C000997,ecom
O0006919,2024-03-12 09:56:00,S025,C002484,ecom
O0006920,2024-03-12 13:05:00,S018,C001093,store
O0006921,2024-03-12 11:33:00,S014,C000358,ecom
O0006922,2024-03-12 20:37:00,S020,C001415,store
O0006923,2024-03-12 11:03:00,S012,C000702,store
O0006924,2024-03-12 12:17:00,S007,C000475,ecom
O0006925,2024-03-12 16:29:00,S022,C002428,store
O0006926,2024-03-12 13:47:00,S002,C001561,ecom
O0006927,2024-03-12 15:20:00,S002,C001036,store
O0006928,2024-03-12 10:24:00,S024,C002089,store
O0006929,2024-03-13 09:13:00,S017,C001724,store
O0006930,2024-03-13 15:17:00,S017,C000560,ecom
O0006931,2024-03-13 13:57:00,S002,C002296,ecom
O0006932,2024-03-13 12:12:00,S030,C001627,ecom
O0006933,2024-03-13 19:06:00,S027,C000644,store
O0006934,2024-03-13 16:57:00,S004,C000352,store
O0006935,2024-03-13 11:15:00,S028,C000284,ecom
O0006936,2024-03-13 12:40:00,S003,C000378,store
O0006937,2024-03-13 17:33:00,S019,C002499,store
O0006938,2024-03-13 13:47:00,S002,C000025,ecom
O0006939,2024-03-13 20:24:00,S012,C000172,ecom
O0006940,2024-03-13 12:18:00,S004,C000827,ecom
O0006941,2024-03-13 18:07:00,S027,C001464,ecom
O0006942,2024-03-13 13:48:00,S008,C000151,store
O0006943,2024-03-13 20:46:00,S003,C001569,ecom
O0006944,2024-03-13 13:08:00,S011,C001264,store
O0006945,2024-03-13 17:20:00,S002,C001081,store
O0006946,2024-03-13 11:21:00,S010,C001139,store
O0006947,2024-03-13 20:11:00,S011,C000437,store
O0006948,2024-03-13 20:23:00,S017,C000532,ecom
O0006949,2024-03-13 19:43:00,S003,C000340,store
O0006950,2024-03-13 19:36:00,S020,C000597,store
O0006951,2024-03-13 19:53:00,S006,C000908,ecom
O0006952,2024-03-13 19:38:00,S020,C000863,store
O0006953,2024-03-13 10:10:00,S025,C001451,ecom
O0006954,2024-03-13 14:04:00,S016,C001781,store
O0006955,2024-03-13 20:35:00,S021,C001618,store
O0006956,2024-03-13 13:33:00,S019,C002277,store
O0006957,2024-03-13 19:49:00,S013,C001176,store
O0006958,2024-03-13 13:50:00,S017,C000487,store
O0006959,2024-03-13 10:03:00,S003,C002109,store
O0006960,2024-03-13 19:49:00,S022,C001729,store
O0006961,2024-03-13 09:27:00,S025,C002014,store
O0006962,2024-03-13 15:39:00,S023,C000025,store
O0006963,2024-03-13 14:19:00,S012,C000768,ecom
O0006964,2024-03-13 09:50:00,S024,C002243,store
O0006965,2024-03-13 14:25:00,S018,C001907,store
O0006966,2024-03-13 15:36:00,S018,C001868,ecom
O0006967,2024-03-13 14:58:00,S014,C002194,store
O0006968,2024-03-13 19:17:00,S023,C001036,store
O0006969,2024-03-13 14:16:00,S025,C000076,store
O0006970,2024-03-13 14:15:00,S025,C001930,ecom
O0006971,2024-03-13 11:08:00,S022,C002178,ecom
O0006972,2024-03-13 17:44:00,S006,C000004,ecom
O0006973,2024-03-13 15:21:00,S010,C002001,store
O0006974,2024-03-13 20:20:00,S007,C000850,ecom
O0006975,2024-03-13 19:12:00,S028,C001058,store
O0006976,2024-03-13 11:59:00,S016,C000826,ecom
O0006977,2024-03-13 20:16:00,S006,C001346,store
O0006978,2024-03-13 17:14:00,S020,C002009,store
O0006979,2024-03-13 18:23:00,S007,C000577,store
O0006980,2024-03-13 14:11:00,S018,C002129,store
O0006981,2024-03-13 18:39:00,S022,C000807,ecom
O0006982,2024-03-13 10:38:00,S023,C000320,store
O0006983,2024-03-13 15:33:00,S007,C000129,ecom
O0006984,2024-03-13 14:15:00,S023,C000462,ecom
O0006985,2024-03-13 15:32:00,S021,C000278,store
O0006986,2024-03-13 14:59:00,S026,C000608,store
O0006987,2024-03-13 17:45:00,S008,C000603,ecom
O0006988,2024-03-13 09:07:00,S029,C001289,ecom
O0006989,2024-03-13 13:40:00,S011,C000242,store
O0006990,2024-03-13 10:17:00,S011,C001213,ecom
O0006991,2024-03-13 11:48:00,S004,C002478,store
O0006992,2024-03-13 12:21:00,S027,C000358,store
O0006993,2024-03-13 14:22:00,S019,C001530,store
O0006994,2024-03-13 17:45:00,S026,C001190,ecom
O0006995,2024-03-13 15:48:00,S029,C001864,store
O0006996,2024-03-13 18:36:00,S022,C001260,store
O0006997,2024-03-13 17:40:00,S030,C001652,store
O0006998,2024-03-13 18:30:00,S013,C001055,ecom
O0006999,2024-03-13 16:15:00,S020,C001415,store
O0007000,2024-03-13 15:35:00,S029,C001162,ecom
O0007001,2024-03-13 15:43:00,S028,C001091,ecom
O0007002,2024-03-13 16:37:00,S013,C002283,store
O0007003,2024-03-13 15:47:00,S009,C001748,ecom
O0007004,2024-03-13 11:25:00,S010,C000702,store
O0007005,2024-03-13 09:51:00,S008,C002444,ecom
O0007006,2024-03-13 09:29:00,S008,C001051,store
O0007007,2024-03-13 11:01:00,S007,C002310,ecom
O0007008,2024-03-13 15:54:00,S001,C001885,store
O0007009,2024-03-13 20:36:00,S020,C001510,store
O0007010,2024-03-13 13:55:00,S014,C002056,store
O0007011,2024-03-13 09:31:00,S026,C001099,ecom
O0007012,2024-03-13 15:34:00,S011,C000664,ecom
O0007013,2024-03-13 19:05:00,S009,C002203,store
O0007014,2024-03-13 12:44:00,S026,C002136,ecom
O0007015,2024-03-13 09:46:00,S001,C002074,store
O0007016,2024-03-13 10:04:00,S012,C002198,store
O0007017,2024-03-13 17:02:00,S008,C001815,store
O0007018,2024-03-13 09:00:00,S010,C000053,store
O0007019,2024-03-13 16:29:00,S020,C000308,store
O0007020,2024-03-13 10:43:00,S029,C000759,store
O0007021,2024-03-13 15:34:00,S001,C001572,store
O0007022,2024-03-13 18:27:00,S002,C001849,ecom
O0007023,2024-03-13 09:41:00,S019,C000980,store
O0007024,2024-03-13 19:18:00,S029,C000042,store
O0007025,2024-03-13 13:38:00,S004,C001908,store
O0007026,2024-03-13 17:31:00,S030,C001660,store
O0007027,2024-03-13 10:25:00,S012,C000990,store
O0007028,2024-03-13 09:08:00,S026,C000373,store
O0007029,2024-03-13 15:01:00,S011,C000608,ecom
O0007030,2024-03-13 19:32:00,S018,C001879,store
O0007031,2024-03-13 17:46:00,S010,C001635,store
O0007032,2024-03-13 18:50:00,S026,C000237,ecom
O0007033,2024-03-13 14:26:00,S003,C000267,store
O0007034,2024-03-13 16:29:00,S016,C000009,store
O0007035,2024-03-13 16:34:00,S009,C000162,store
O0007036,2024-03-13 17:41:00,S011,C000067,store
O0007037,2024-03-13 11:00:00,S019,C001254,ecom
O0007038,2024-03-13 20:42:00,S028,C001727,store
O0007039,2024-03-13 16:21:00,S014,C002255,ecom
O0007040,2024-03-13 15:41:00,S001,C000789,store
O0007041,2024-03-13 14:05:00,S019,C000827,store
O0007042,2024-03-13 12:49:00,S019,C002046,store
O0007043,2024-03-13 18:40:00,S010,C001671,store
O0007044,2024-03-13 16:56:00,S020,C000012,store
O0007045,2024-03-13 12:33:00,S026,C001391,ecom
O0007046,2024-03-13 15:57:00,S005,C002473,ecom
O0007047,2024-03-13 10:14:00,S016,C002232,ecom
O0007048,2024-03-13 14:47:00,S025,C002198,store
O0007049,2024-03-13 15:39:00,S010,C002230,store
O0007050,2024-03-13 11:22:00,S009,C001491,store
O0007051,2024-03-14 16:09:00,S020,C001839,store
O0007052,2024-03-14 18:53:00,S029,C002113,store
O0007053,2024-03-14 18:17:00,S030,C001491,store
O0007054,2024-03-14 16:05:00,S006,C001144,store
O0007055,2024-03-14 12:47:00,S027,C000232,store
O0007056,2024-03-14 15:50:00,S015,C002171,ecom
O0007057,2024-03-14 18:25:00,S004,C001169,store
O0007058,2024-03-14 13:24:00,S020,C002441,store
O0007059,2024-03-14 09:35:00,S019,C000745,store
O0007060,2024-03-14 10:12:00,S002,C000740,store
O0007061,2024-03-14 14:47:00,S018,C001047,store
O0007062,2024-03-14 13:58:00,S004,C001099,store
O0007063,2024-03-14 20:18:00,S009,C001245,store
O0007064,2024-03-14 11:15:00,S012,C000179,store
O0007065,2024-03-14 15:44:00,S021,C001939,store
O0007066,2024-03-14 18:58:00,S005,C001504,ecom
O0007067,2024-03-14 13:52:00,S022,C000480,ecom
O0007068,2024-03-14 20:50:00,S019,C000234,store
O0007069,2024-03-14 16:45:00,S023,C000187,ecom
O0007070,2024-03-14 10:28:00,S012,C002052,store
O0007071,2024-03-14 12:19:00,S005,C001432,ecom
O0007072,2024-03-14 18:04:00,S014,C000217,ecom
O0007073,2024-03-14 18:46:00,S025,C000187,store
O0007074,2024-03-14 09:20:00,S018,C001533,store
O0007075,2024-03-14 15:22:00,S029,C000899,ecom
O0007076,2024-03-14 19:27:00,S015,C001160,store
O0007077,2024-03-14 14:43:00,S011,C000934,store
O0007078,2024-03-14 15:03:00,S007,C000025,store
O0007079,2024-03-14 15:48:00,S018,C001626,store
O0007080,2024-03-14 14:57:00,S029,C001108,store
O0007081,2024-03-14 12:58:00,S027,C001509,store
O0007082,2024-03-14 19:55:00,S013,C000583,store
O0007083,2024-03-14 12:10:00,S017,C000911,ecom
O0007084,2024-03-14 18:30:00,S016,C000755,store
O0007085,2024-03-14 09:28:00,S023,C001409,store
O0007086,2024-03-14 12:37:00,S012,C000351,ecom
O0007087,2024-03-14 18:43:00,S016,C002470,store
O0007088,2024-03-14 17:42:00,S026,C000001,store
O0007089,2024-03-14 19:18:00,S019,C002367,store
O0007090,2024-03-14 11:16:00,S008,C001684,ecom
O0007091,2024-03-14 09:17:00,S009,C001436,store
O0007092,2024-03-14 20:10:00,S014,C000760,ecom
O0007093,2024-03-14 12:06:00,S027,C001793,ecom
O0007094,2024-03-14 16:53:00,S025,C002063,ecom
O0007095,2024-03-14 16:17:00,S030,C002353,store
O0007096,2024-03-14 13:47:00,S029,C000360,ecom
O0007097,2024-03-14 16:53:00,S017,C000915,store
O0007098,2024-03-14 18:18:00,S006,C000342,store
O0007099,2024-03-14 09:54:00,S026,C000145,ecom
O0007100,2024-03-14 09:35:00,S016,C000983,store
O0007101,2024-03-14 15:05:00,S024,C000442,store
O0007102,2024-03-14 18:59:00,S026,C000551,store
O0007103,2024-03-14 10:32:00,S004,C002087,store
O0007104,2024-03-14 09:19:00,S018,C000325,ecom
O0007105,2024-03-14 20:38:00,S030,C000415,store
O0007106,2024-03-14 14:14:00,S028,C002343,ecom
O0007107,2024-03-14 10:20:00,S030,C002232,store
O0007108,2024-03-14 12:41:00,S019,C002266,store
O0007109,2024-03-14 13:59:00,S010,C001177,ecom
O0007110,2024-03-14 16:13:00,S005,C001498,ecom
O0007111,2024-03-14 09:39:00,S024,C000097,store
O0007112,2024-03-14 15:50:00,S028,C002326,store
O0007113,2024-03-14 20:07:00,S014,C001110,ecom
O0007114,2024-03-14 18:03:00,S025,C001690,store
O0007115,2024-03-14 10:03:00,S007,C001027,ecom
O0007116,2024-03-14 17:46:00,S020,C002486,store
O0007117,2024-03-14 10:14:00,S022,C000767,store
O0007118,2024-03-14 18:28:00,S018,C000308,ecom
O0007119,2024-03-14 19:49:00,S004,C001475,store
O0007120,2024-03-14 19:49:00,S017,C001422,store
O0007121,2024-03-14 12:00:00,S024,C002157,store
O0007122,2024-03-14 19:30:00,S009,C001779,ecom
O0007123,2024-03-14 19:05:00,S008,C000816,store
O0007124,2024-03-14 09:15:00,S009,C001399,store
O0007125,2024-03-14 20:07:00,S005,C001462,store
O0007126,2024-03-14 20:16:00,S019,C001794,store
O0007127,2024-03-14 12:15:00,S024,C001607,store
O0007128,2024-03-14 19:06:00,S004,C002339,ecom
O0007129,2024-03-15 10:12:00,S009,C002123,store
O0007130,2024-03-15 16:49:00,S014,C000017,ecom
O0007131,2024-03-15 13:37:00,S015,C001758,store
O0007132,2024-03-15 20:39:00,S018,C000055,store
O0007133,2024-03-15 12:12:00,S028,C001306,store
O0007134,2024-03-15 09:22:00,S011,C000308,store
O0007135,2024-03-15 09:04:00,S007,C000622,store
O0007136,2024-03-15 20:18:00,S022,C001596,ecom
O0007137,2024-03-15 15:16:00,S011,C000388,ecom
O0007138,2024-03-15 13:53:00,S030,C000022,ecom
O0007139,2024-03-15 19:55:00,S022,C001764,store
O0007140,2024-03-15 18:13:00,S016,C002245,store
O0007141,2024-03-15 16:54:00,S012,C000510,store
O0007142,2024-03-15 10:33:00,S026,C001216,ecom
O0007143,2024-03-15 18:09:00,S026,C001291,store
O0007144,2024-03-15 18:47:00,S017,C001216,store
O0007145,2024-03-15 11:38:00,S004,C000588,store
O0007146,2024-03-15 11:07:00,S002,C000177,store
O0007147,2024-03-15 14:00:00,S001,C000184,store
O0007148,2024-03-15 09:30:00,S003,C000609,store
O0007149,2024-03-15 10:10:00,S008,C000041,ecom
O0007150,2024-03-15 18:25:00,S027,C001252,ecom
O0007151,2024-03-15 19:13:00,S024,C001976,store
O0007152,2024-03-15 11:55:00,S027,C002213,ecom
O0007153,2024-03-15 17:31:00,S020,C002275,store
O0007154,2024-03-15 13:40:00,S026,C000804,store
O0007155,2024-03-15 13:15:00,S030,C000548,ecom
O0007156,2024-03-15 20:12:00,S008,C000194,ecom
O0007157,2024-03-15 20:58:00,S022,C000667,store
O0007158,2024-03-15 17:26:00,S014,C000842,ecom
O0007159,2024-03-15 20:06:00,S021,C000750,store
O0007160,2024-03-15 13:08:00,S026,C000843,store
O0007161,2024-03-15 18:56:00,S013,C000548,ecom
O0007162,2024-03-15 15:40:00,S011,C000520,ecom
O0007163,2024-03-15 12:41:00,S013,C001339,store
O0007164,2024-03-15 17:59:00,S019,C000301,store
O0007165,2024-03-15 19:11:00,S024,C002181,ecom
O0007166,2024-03-15 17:55:00,S007,C000038,ecom
O0007167,2024-03-15 20:46:00,S023,C000463,store
O0007168,2024-03-15 11:23:00,S007,C000398,store
O0007169,2024-03-15 10:56:00,S007,C002033,store
O0007170,2024-03-15 14:35:00,S007,C000454,ecom
O0007171,2024-03-15 13:14:00,S009,C002279,store
O0007172,2024-03-15 09:57:00,S019,C001097,store
O0007173,2024-03-15 09:08:00,S020,C001786,store
O0007174,2024-03-15 18:15:00,S020,C001345,store
O0007175,2024-03-15 10:55:00,S009,C000085,ecom
O0007176,2024-03-15 17:47:00,S013,C000663,store
O0007177,2024-03-15 16:44:00,S017,C001022,ecom
O0007178,2024-03-15 15:47:00,S005,C002090,store
O0007179,2024-03-15 12:06:00,S014,C000127,store
O0007180,2024-03-15 16:23:00,S012,C002237,ecom
O0007181,2024-03-15 15:40:00,S022,C001582,ecom
O0007182,2024-03-15 13:05:00,S008,C002406,ecom
O0007183,2024-03-15 19:35:00,S015,C002000,store
O0007184,2024-03-15 10:13:00,S016,C000401,store
O0007185,2024-03-15 11:39:00,S001,C000875,store
O0007186,2024-03-15 17:19:00,S016,C000109,store
O0007187,2024-03-15 11:22:00,S008,C000960,ecom
O0007188,2024-03-15 15:47:00,S007,C000758,store
O0007189,2024-03-15 20:27:00,S023,C002322,store
O0007190,2024-03-15 09:50:00,S006,C001164,store
O0007191,2024-03-15 14:57:00,S003,C001487,store
O0007192,2024-03-15 15:10:00,S029,C002353,store
O0007193,2024-03-15 17:30:00,S020,C000409,store
O0007194,2024-03-15 09:47:00,S024,C000619,store
O0007195,2024-03-15 12:18:00,S007,C001022,store
O0007196,2024-03-15 19:35:00,S012,C002407,store
O0007197,2024-03-15 17:49:00,S018,C001374,store
O0007198,2024-03-15 13:53:00,S009,C002471,store
O0007199,2024-03-15 17:06:00,S005,C001868,ecom
O0007200,2024-03-15 16:52:00,S019,C001102,store
O0007201,2024-03-15 16:10:00,S016,C000804,store
O0007202,2024-03-15 19:03:00,S020,C001264,store
O0007203,2024-03-15 12:34:00,S014,C002036,store
O0007204,2024-03-15 13:49:00,S025,C000566,ecom
O0007205,2024-03-15 18:58:00,S006,C001754,store
O0007206,2024-03-15 14:30:00,S007,C001865,ecom
O0007207,2024-03-15 19:57:00,S027,C002358,store
O0007208,2024-03-15 19:33:00,S011,C001144,store
O0007209,2024-03-15 13:00:00,S018,C000088,store
O0007210,2024-03-15 17:00:00,S007,C000683,ecom
O0007211,2024-03-15 16:52:00,S027,C001064,store
O0007212,2024-03-15 20:17:00,S006,C001386,store
O0007213,2024-03-15 20:13:00,S018,C001136,store
O0007214,2024-03-15 10:33:00,S016,C001167,store
O0007215,2024-03-15 15:57:00,S001,C001235,ecom
O0007216,2024-03-15 19:50:00,S007,C001617,ecom
O0007217,2024-03-15 14:34:00,S012,C002394,store
O0007218,2024-03-15 15:19:00,S015,C000480,store
O0007219,2024-03-15 14:46:00,S003,C000471,store
O0007220,2024-03-15 15:16:00,S020,C002024,store
O0007221,2024-03-15 11:35:00,S013,C002183,store
O0007222,2024-03-15 13:53:00,S012,C001745,ecom
O0007223,2024-03-15 19:55:00,S001,C001940,store
O0007224,2024-03-16 19:30:00,S025,C000533,store
O0007225,2024-03-16 11:18:00,S017,C001537,store
O0007226,2024-03-16 20:24:00,S030,C001956,store
O0007227,2024-03-16 17:44:00,S020,C002280,store
O0007228,2024-03-16 09:10:00,S006,C000117,store
O0007229,2024-03-16 11:27:00,S019,C000385,store
O0007230,2024-03-16 18:20:00,S002,C000708,ecom
O0007231,2024-03-16 16:41:00,S012,C001911,store
O0007232,2024-03-16 09:31:00,S018,C000540,store
O0007233,2024-03-16 15:14:00,S016,C001538,ecom
O0007234,2024-03-16 19:52:00,S007,C002243,store
O0007235,2024-03-16 11:34:00,S025,C000816,store
O0007236,2024-03-16 13:18:00,S020,C001027,ecom
O0007237,2024-03-16 13:11:00,S015,C001259,store
O0007238,2024-03-16 16:28:00,S022,C002128,store
O0007239,2024-03-16 13:47:00,S014,C002234,ecom
O0007240,2024-03-16 10:46:00,S012,C000179,store
O0007241,2024-03-16 13:40:00,S029,C001190,store
O0007242,2024-03-16 10:24:00,S006,C001559,ecom
O0007243,2024-03-16 14:18:00,S002,C001549,store
O0007244,2024-03-16 13:58:00,S020,C002203,store
O0007245,2024-03-16 16:37:00,S026,C000107,ecom
O0007246,2024-03-16 16:40:00,S001,C000702,ecom
O0007247,2024-03-16 17:09:00,S028,C000228,ecom
O0007248,2024-03-16 09:00:00,S002,C002022,store
O0007249,2024-03-16 19:10:00,S030,C002249,ecom
O0007250,2024-03-16 19:50:00,S003,C000298,store
O0007251,2024-03-16 20:44:00,S015,C001419,store
O0007252,2024-03-16 16:43:00,S012,C001323,store
O0007253,2024-03-16 12:19:00,S003,C000704,store
O0007254,2024-03-16 15:58:00,S001,C001046,store
O0007255,2024-03-16 13:19:00,S020,C001424,store
O0007256,2024-03-16 14:36:00,S005,C001992,ecom
O0007257,2024-03-16 15:35:00,S026,C001849,store
O0007258,2024-03-16 09:54:00,S025,C000739,ecom
O0007259,2024-03-16 16:39:00,S029,C002228,store
O0007260,2024-03-16 10:53:00,S002,C000410,store
O0007261,2024-03-16 13:55:00,S030,C001505,store
O0007262,2024-03-16 13:39:00,S015,C001501,store
O0007263,2024-03-16 19:18:00,S025,C002299,store
O0007264,2024-03-16 09:00:00,S003,C001107,store
O0007265,2024-03-16 16:30:00,S014,C001009,store
O0007266,2024-03-16 14:26:00,S003,C001112,ecom
O0007267,2024-03-16 17:13:00,S011,C000074,ecom
O0007268,2024-03-16 14:36:00,S011,C001855,store
O0007269,2024-03-16 14:55:00,S020,C000382,ecom
O0007270,2024-03-16 15:55:00,S019,C001045,store
O0007271,2024-03-16 16:35:00,S002,C000244,ecom
O0007272,2024-03-16 10:44:00,S018,C001653,store
O0007273,2024-03-16 20:34:00,S019,C002175,store
O0007274,2024-03-16 10:47:00,S002,C001282,store
O0007275,2024-03-16 17:34:00,S001,C001653,store
O0007276,2024-03-16 12:41:00,S014,C000787,ecom
O0007277,2024-03-16 16:47:00,S004,C002500,store
O0007278,2024-03-16 20:02:00,S018,C001836,store
O0007279,2024-03-16 20:40:00,S008,C000431,store
O0007280,2024-03-16 09:34:00,S008,C001356,store
O0007281,2024-03-16 13:11:00,S012,C000892,ecom
O0007282,2024-03-16 20:49:00,S024,C001633,ecom
O0007283,2024-03-16 18:03:00,S026,C001426,ecom
O0007284,2024-03-16 10:38:00,S024,C000174,store
O0007285,2024-03-16 10:58:00,S004,C000652,store
O0007286,2024-03-16 19:59:00,S006,C001260,store
O0007287,2024-03-16 11:55:00,S011,C000255,store
O0007288,2024-03-16 15:04:00,S017,C001025,store
O0007289,2024-03-16 15:36:00,S030,C001198,ecom
O0007290,2024-03-16 17:01:00,S004,C002204,ecom
O0007291,2024-03-16 19:32:00,S020,C001611,store
O0007292,2024-03-16 11:59:00,S001,C002056,store
O0007293,2024-03-16 13:25:00,S004,C002269,store
O0007294,2024-03-16 17:48:00,S001,C001016,store
O0007295,2024-03-16 11:57:00,S024,C002386,store
O0007296,2024-03-16 09:44:00,S026,C000163,store
O0007297,2024-03-16 20:17:00,S014,C001009,ecom
O0007298,2024-03-16 16:46:00,S008,C000044,store
O0007299,2024-03-16 17:01:00,S013,C001583,ecom
O0007300,2024-03-16 12:04:00,S008,C001341,store
O0007301,2024-03-16 17:46:00,S028,C001418,store
O0007302,2024-03-16 17:28:00,S019,C000928,store
O0007303,2024-03-16 18:39:00,S003,C001873,store
O0007304,2024-03-16 18:45:00,S019,C000331,store
O0007305,2024-03-16 20:23:00,S004,C001829,ecom
O0007306,2024-03-16 15:15:00,S030,C000112,store
O0007307,2024-03-16 12:32:00,S026,C000849,ecom
O0007308,2024-03-16 09:43:00,S013,C001657,ecom
O0007309,2024-03-16 15:47:00,S008,C002074,store
O0007310,2024-03-16 13:37:00,S005,C002170,ecom
O0007311,2024-03-16 20:28:00,S008,C000015,store
O0007312,2024-03-16 09:12:00,S011,C001169,store
O0007313,2024-03-16 18:50:00,S005,C001422,ecom
O0007314,2024-03-16 11:25:00,S027,C001442,ecom
O0007315,2024-03-16 15:45:00,S014,C001087,store
O0007316,2024-03-16 11:32:00,S027,C000481,store
O0007317,2024-03-16 12:10:00,S017,C000421,store
O0007318,2024-03-16 18:45:00,S024,C002431,store
O0007319,2024-03-16 14:47:00,S008,C000520,ecom
O0007320,2024-03-16 18:50:00,S002,C002262,ecom
O0007321,2024-03-16 15:50:00,S025,C001434,store
O0007322,2024-03-16 09:29:00,S011,C002365,store
O0007323,2024-03-16 12:54:00,S025,C002185,store
O0007324,2024-03-16 11:18:00,S003,C001169,store
O0007325,2024-03-16 16:47:00,S023,C001498,ecom
O0007326,2024-03-16 13:45:00,S022,C000491,ecom
O0007327,2024-03-16 14:30:00,S013,C001031,store
O0007328,2024-03-16 11:02:00,S017,C001202,ecom
O0007329,2024-03-16 15:52:00,S022,C001591,ecom
O0007330,2024-03-16 20:36:00,S005,C001578,store
O0007331,2024-03-16 16:31:00,S013,C002121,store
O0007332,2024-03-16 19:25:00,S007,C001062,store
O0007333,2024-03-16 15:26:00,S005,C002283,store
O0007334,2024-03-16 16:51:00,S012,C001545,ecom
O0007335,2024-03-16 09:05:00,S011,C001571,store
O0007336,2024-03-16 19:42:00,S022,C000994,store
O0007337,2024-03-16 16:32:00,S022,C001026,store
O0007338,2024-03-16 16:51:00,S007,C001265,store
O0007339,2024-03-16 18:22:00,S010,C002194,store
O0007340,2024-03-16 19:13:00,S009,C001844,store
O0007341,2024-03-16 15:33:00,S020,C001493,store
O0007342,2024-03-16 15:25:00,S027,C002334,store
O0007343,2024-03-16 18:58:00,S013,C000756,store
O0007344,2024-03-16 17:25:00,S016,C000956,store
O0007345,2024-03-16 17:50:00,S014,C000418,store
O0007346,2024-03-16 17:04:00,S007,C000843,store
O0007347,2024-03-16 16:20:00,S027,C000351,store
O0007348,2024-03-16 09:51:00,S014,C001631,store
O0007349,2024-03-16 16:14:00,S004,C000042,store
O0007350,2024-03-16 13:52:00,S021,C000978,ecom
O0007351,2024-03-16 14:51:00,S007,C002159,store
O0007352,2024-03-16 18:23:00,S005,C000856,ecom
O0007353,2024-03-16 17:33:00,S005,C002244,ecom
O0007354,2024-03-16 11:51:00,S029,C002328,store
O0007355,2024-03-16 15:10:00,S024,C000920,store
O0007356,2024-03-16 15:00:00,S018,C001747,store
O0007357,2024-03-16 19:14:00,S029,C001896,ecom
O0007358,2024-03-16 20:03:00,S012,C000805,store
O0007359,2024-03-16 14:09:00,S013,C002236,store
O0007360,2024-03-16 09:45:00,S007,C000376,ecom
O0007361,2024-03-17 17:20:00,S002,C000998,store
O0007362,2024-03-17 09:28:00,S030,C002270,store
O0007363,2024-03-17 12:23:00,S030,C001621,store
O0007364,2024-03-17 12:26:00,S016,C000687,store
O0007365,2024-03-17 17:10:00,S027,C000607,store
O0007366,2024-03-17 20:43:00,S003,C000410,store
O0007367,2024-03-17 09:39:00,S030,C000480,store
O0007368,2024-03-17 11:57:00,S011,C000909,store
O0007369,2024-03-17 18:41:00,S015,C000521,store
O0007370,2024-03-17 13:32:00,S019,C002093,store
O0007371,2024-03-17 19:20:00,S008,C000302,store
O0007372,2024-03-17 18:33:00,S009,C002448,store
O0007373,2024-03-17 09:36:00,S030,C000514,store
O0007374,2024-03-17 14:41:00,S002,C000650,ecom
O0007375,2024-03-17 17:47:00,S016,C001453,store
O0007376,2024-03-17 09:54:00,S002,C000893,store
O0007377,2024-03-17 17:24:00,S023,C000567,ecom
O0007378,2024-03-17 16:46:00,S019,C000143,ecom
O0007379,2024-03-17 14:21:00,S001,C001964,ecom
O0007380,2024-03-17 18:28:00,S021,C001460,ecom
O0007381,2024-03-17 15:12:00,S005,C000037,store
O0007382,2024-03-17 12:44:00,S030,C000547,ecom
O0007383,2024-03-17 18:57:00,S005,C000480,ecom
O0007384,2024-03-17 17:23:00,S017,C000459,store
O0007385,2024-03-17 10:10:00,S003,C002284,ecom
O0007386,2024-03-17 09:47:00,S016,C000306,store
O0007387,2024-03-17 20:46:00,S003,C000008,ecom
O0007388,2024-03-17 18:50:00,S013,C002243,store
O0007389,2024-03-17 16:14:00,S009,C000892,store
O0007390,2024-03-17 14:24:00,S009,C001716,store
O0007391,2024-03-17 13:50:00,S016,C002372,store
O0007392,2024-03-17 11:23:00,S008,C001825,store
O0007393,2024-03-17 11:52:00,S029,C002060,store
O0007394,2024-03-17 18:39:00,S016,C000733,store
O0007395,2024-03-17 10:07:00,S002,C000681,store
O0007396,2024-03-17 17:04:00,S011,C001468,store
O0007397,2024-03-17 18:19:00,S022,C000885,store
O0007398,2024-03-17 18:54:00,S014,C000169,store
O0007399,2024-03-17 09:11:00,S004,C000847,store
O0007400,2024-03-17 10:30:00,S014,C001324,ecom
O0007401,2024-03-17 16:05:00,S028,C000823,store
O0007402,2024-03-17 09:25:00,S016,C000611,store
O0007403,2024-03-17 20:27:00,S025,C000497,store
O0007404,2024-03-17 16:36:00,S009,C000764,ecom
O0007405,2024-03-17 19:18:00,S030,C000668,store
O0007406,2024-03-17 15:53:00,S003,C001876,store
O0007407,2024-03-17 12:12:00,S029,C002101,store
O0007408,2024-03-17 14:03:00,S022,C001666,ecom
O0007409,2024-03-17 17:00:00,S001,C001948,store
O0007410,2024-03-17 12:12:00,S008,C001049,ecom
O0007411,2024-03-17 13:57:00,S003,C002400,ecom
O0007412,2024-03-17 15:10:00,S019,C000773,ecom
O0007413,2024-03-17 20:16:00,S022,C001264,ecom
O0007414,2024-03-17 20:08:00,S030,C000699,store
O0007415,2024-03-17 10:56:00,S016,C001404,store
O0007416,2024-03-17 20:02:00,S028,C002436,store
O0007417,2024-03-17 16:08:00,S026,C001078,store
O0007418,2024-03-17 15:47:00,S008,C002027,store
O0007419,2024-03-17 13:16:00,S023,C000761,ecom
O0007420,2024-03-17 18:56:00,S030,C001197,store
O0007421,2024-03-17 15:00:00,S014,C002301,ecom
O0007422,2024-03-17 18:07:00,S018,C001320,store
O0007423,2024-03-17 13:34:00,S030,C000279,store
O0007424,2024-03-17 17:29:00,S004,C000411,ecom
O0007425,2024-03-17 09:41:00,S023,C001292,store
O0007426,2024-03-17 09:21:00,S020,C001173,store
O0007427,2024-03-17 11:28:00,S025,C000427,store
O0007428,2024-03-17 12:33:00,S004,C000659,ecom
O0007429,2024-03-17 10:35:00,S019,C002298,ecom
O0007430,2024-03-17 11:02:00,S025,C001127,ecom
O0007431,2024-03-17 10:07:00,S005,C001187,store
O0007432,2024-03-17 20:01:00,S028,C001102,ecom
O0007433,2024-03-17 16:48:00,S012,C001261,store
O0007434,2024-03-17 19:29:00,S014,C000526,store
O0007435,2024-03-17 12:39:00,S011,C001553,store
O0007436,2024-03-17 19:01:00,S007,C001966,ecom
O0007437,2024-03-17 10:00:00,S012,C001642,ecom
O0007438,2024-03-17 13:08:00,S019,C000985,store
O0007439,2024-03-17 15:24:00,S023,C002000,ecom
O0007440,2024-03-17 13:05:00,S003,C001111,store
O0007441,2024-03-17 17:41:00,S007,C000190,ecom
O0007442,2024-03-17 09:24:00,S008,C000266,ecom
O0007443,2024-03-17 17:35:00,S018,C002404,store
O0007444,2024-03-17 20:21:00,S025,C000920,ecom
O0007445,2024-03-17 13:21:00,S009,C002358,store
O0007446,2024-03-17 09:38:00,S011,C000445,store
O0007447,2024-03-17 14:16:00,S030,C001978,store
O0007448,2024-03-17 15:37:00,S012,C002316,store
O0007449,2024-03-17 18:21:00,S009,C001457,store
O0007450,2024-03-17 15:24:00,S022,C001471,store
O0007451,2024-03-17 09:31:00,S022,C002393,store
O0007452,2024-03-17 09:15:00,S004,C001137,store
O0007453,2024-03-17 17:13:00,S018,C000909,store
O0007454,2024-03-17 16:58:00,S022,C000555,store
O0007455,2024-03-18 10:49:00,S020,C000522,store
O0007456,2024-03-18 11:02:00,S026,C000817,store
O0007457,2024-03-18 20:21:00,S027,C000954,store
O0007458,2024-03-18 16:11:00,S018,C002324,store
O0007459,2024-03-18 09:57:00,S006,C001072,store
O0007460,2024-03-18 12:43:00,S009,C001609,store
O0007461,2024-03-18 16:37:00,S008,C000079,ecom
O0007462,2024-03-18 20:04:00,S011,C000395,ecom
O0007463,2024-03-18 11:25:00,S015,C000893,store
O0007464,2024-03-18 19:05:00,S012,C000438,store
O0007465,2024-03-18 13:46:00,S024,C000217,ecom
O0007466,2024-03-18 14:14:00,S026,C000614,store
O0007467,2024-03-18 17:39:00,S022,C002006,store
O0007468,2024-03-18 12:28:00,S019,C001358,store
O0007469,2024-03-18 20:11:00,S024,C001855,ecom
O0007470,2024-03-18 16:34:00,S008,C001540,ecom
O0007471,2024-03-18 11:26:00,S022,C000446,store
O0007472,2024-03-18 12:16:00,S010,C000440,ecom
O0007473,2024-03-18 09:20:00,S020,C001724,store
O0007474,2024-03-18 15:19:00,S003,C002434,store
O0007475,2024-03-18 16:05:00,S016,C001881,store
O0007476,2024-03-18 18:30:00,S022,C000751,store
O0007477,2024-03-18 11:55:00,S017,C000233,store
O0007478,2024-03-18 13:11:00,S022,C002007,ecom
O0007479,2024-03-18 13:56:00,S006,C001377,store
O0007480,2024-03-18 14:11:00,S029,C000594,store
O0007481,2024-03-18 15:17:00,S029,C000528,ecom
O0007482,2024-03-18 20:02:00,S026,C000543,store
O0007483,2024-03-18 20:56:00,S016,C001443,ecom
O0007484,2024-03-18 10:40:00,S020,C000670,store
O0007485,2024-03-18 12:12:00,S018,C000257,store
O0007486,2024-03-18 14:19:00,S030,C000936,store
O0007487,2024-03-18 17:51:00,S009,C000143,ecom
O0007488,2024-03-18 09:44:00,S002,C000402,store
O0007489,2024-03-18 09:45:00,S029,C002071,store
O0007490,2024-03-18 12:29:00,S029,C001258,store
O0007491,2024-03-18 16:19:00,S026,C002400,store
O0007492,2024-03-18 19:51:00,S013,C001554,ecom
O0007493,2024-03-18 13:27:00,S006,C000031,store
O0007494,2024-03-18 12:49:00,S027,C001372,ecom
O0007495,2024-03-18 13:47:00,S006,C000302,ecom
O0007496,2024-03-18 16:48:00,S005,C000075,ecom
O0007497,2024-03-18 20:56:00,S026,C002188,store
O0007498,2024-03-18 16:04:00,S024,C000265,store
O0007499,2024-03-18 11:14:00,S026,C001681,store
O0007500,2024-03-18 12:48:00,S028,C001143,store
O0007501,2024-03-18 09:44:00,S010,C000489,store
O0007502,2024-03-18 17:38:00,S008,C000975,ecom
O0007503,2024-03-18 19:32:00,S029,C000311,store
O0007504,2024-03-18 11:50:00,S030,C000166,ecom
O0007505,2024-03-18 09:00:00,S021,C001966,ecom
O0007506,2024-03-18 12:55:00,S008,C002428,store
O0007507,2024-03-18 10:49:00,S030,C000976,ecom
O0007508,2024-03-18 17:49:00,S030,C000196,ecom
O0007509,2024-03-18 12:55:00,S009,C002438,store
O0007510,2024-03-18 12:02:00,S010,C001455,store
O0007511,2024-03-18 09:50:00,S028,C000267,store
O0007512,2024-03-18 20:08:00,S022,C002009,ecom
O0007513,2024-03-18 15:10:00,S023,C001679,store
O0007514,2024-03-18 15:17:00,S030,C000858,ecom
O0007515,2024-03-18 13:51:00,S009,C000128,ecom
O0007516,2024-03-18 16:36:00,S008,C002339,store
O0007517,2024-03-18 12:39:00,S008,C000497,store
O0007518,2024-03-18 11:00:00,S016,C002443,store
O0007519,2024-03-18 14:14:00,S017,C000622,store
O0007520,2024-03-18 13:03:00,S026,C001014,ecom
O0007521,2024-03-18 10:47:00,S008,C002305,ecom
O0007522,2024-03-18 12:28:00,S024,C000139,ecom
O0007523,2024-03-18 16:08:00,S001,C000167,ecom
O0007524,2024-03-18 10:32:00,S025,C000095,store
O0007525,2024-03-18 16:20:00,S023,C000317,store
O0007526,2024-03-18 09:46:00,S007,C001180,store
O0007527,2024-03-18 20:50:00,S018,C002496,ecom
O0007528,2024-03-18 11:09:00,S003,C000334,ecom
O0007529,2024-03-18 10:55:00,S029,C001695,store
O0007530,2024-03-18 19:03:00,S018,C002400,ecom
O0007531,2024-03-18 10:25:00,S016,C001547,store
O0007532,2024-03-18 19:59:00,S018,C002424,store
O0007533,2024-03-18 15:02:00,S028,C001520,ecom
O0007534,2024-03-18 16:16:00,S005,C002098,store
O0007535,2024-03-18 15:42:00,S005,C000399,ecom
O0007536,2024-03-18 09:59:00,S019,C000659,store
O0007537,2024-03-18 20:18:00,S007,C001291,ecom
O0007538,2024-03-18 19:38:00,S022,C000937,store
O0007539,2024-03-18 19:50:00,S003,C000647,store
O0007540,2024-03-18 18:43:00,S006,C000606,ecom
O0007541,2024-03-18 10:36:00,S005,C001677,store
O0007542,2024-03-18 17:26:00,S006,C000814,ecom
O0007543,2024-03-18 20:24:00,S009,C002273,ecom
O0007544,2024-03-18 18:37:00,S028,C001286,store
O0007545,2024-03-18 13:25:00,S012,C000790,store
O0007546,2024-03-18 12:35:00,S008,C002144,store
O0007547,2024-03-18 14:58:00,S028,C001046,ecom
O0007548,2024-03-18 20:01:00,S027,C000686,store
O0007549,2024-03-18 17:39:00,S013,C001486,store
O0007550,2024-03-18 12:57:00,S016,C001161,store
O0007551,2024-03-18 11:59:00,S016,C002222,store
O0007552,2024-03-18 13:27:00,S003,C002092,ecom
O0007553,2024-03-18 11:15:00,S014,C002403,store
O0007554,2024-03-18 20:07:00,S019,C002026,store
O0007555,2024-03-18 12:10:00,S021,C001979,ecom
O0007556,2024-03-18 09:26:00,S025,C001941,ecom
O0007557,2024-03-18 16:05:00,S005,C002410,store
O0007558,2024-03-18 16:07:00,S020,C000376,store
O0007559,2024-03-18 20:12:00,S012,C001052,store
O0007560,2024-03-18 10:59:00,S010,C001197,store
O0007561,2024-03-18 11:35:00,S012,C000231,store
O0007562,2024-03-18 18:06:00,S017,C001627,store
O0007563,2024-03-18 18:12:00,S025,C002226,store
O0007564,2024-03-19 12:43:00,S015,C001597,store
O0007565,2024-03-19 15:09:00,S012,C000298,store
O0007566,2024-03-19 11:44:00,S015,C002315,store
O0007567,2024-03-19 16:09:00,S011,C002447,ecom
O0007568,2024-03-19 16:56:00,S002,C000688,ecom
O0007569,2024-03-19 20:46:00,S007,C001387,ecom
O0007570,2024-03-19 11:20:00,S024,C000648,store
O0007571,2024-03-19 12:37:00,S019,C001499,store
O0007572,2024-03-19 18:58:00,S029,C000072,store
O0007573,2024-03-19 20:46:00,S021,C000527,store
O0007574,2024-03-19 15:26:00,S012,C001770,store
O0007575,2024-03-19 18:31:00,S020,C000446,ecom
O0007576,2024-03-19 13:42:00,S027,C000734,store
O0007577,2024-03-19 11:29:00,S006,C001300,store
O0007578,2024-03-19 09:35:00,S011,C002304,ecom
O0007579,2024-03-19 20:59:00,S018,C000003,ecom
O0007580,2024-03-19 20:43:00,S011,C000382,store
O0007581,2024-03-19 15:05:00,S023,C002407,store
O0007582,2024-03-19 20:53:00,S011,C001487,store
O0007583,2024-03-19 15:50:00,S014,C000037,store
O0007584,2024-03-19 20:13:00,S030,C001050,store
O0007585,2024-03-19 10:18:00,S001,C001182,ecom
O0007586,2024-03-19 10:38:00,S012,C001526,store
O0007587,2024-03-19 18:59:00,S010,C002241,store
O0007588,2024-03-19 18:42:00,S025,C000875,store
O0007589,2024-03-19 11:43:00,S014,C000876,store
O0007590,2024-03-19 17:51:00,S011,C000883,store
O0007591,2024-03-19 15:44:00,S016,C002226,store
O0007592,2024-03-19 13:53:00,S018,C001196,store
O0007593,2024-03-19 19:48:00,S024,C000055,store
O0007594,2024-03-19 09:27:00,S021,C001914,store
O0007595,2024-03-19 19:52:00,S026,C001434,store
O0007596,2024-03-19 16:41:00,S002,C001687,ecom
O0007597,2024-03-19 17:27:00,S028,C001746,store
O0007598,2024-03-19 16:45:00,S020,C000858,store
O0007599,2024-03-19 13:38:00,S019,C001717,store
O0007600,2024-03-19 15:41:00,S008,C002377,ecom
O0007601,2024-03-19 20:36:00,S016,C001683,store
O0007602,2024-03-19 20:13:00,S006,C000592,store
O0007603,2024-03-19 10:04:00,S022,C000878,store
O0007604,2024-03-19 11:58:00,S008,C002051,ecom
O0007605,2024-03-19 10:12:00,S020,C000515,ecom
O0007606,2024-03-19 12:05:00,S007,C000839,store
O0007607,2024-03-19 15:41:00,S009,C000632,ecom
O0007608,2024-03-19 20:03:00,S027,C000859,ecom
O0007609,2024-03-19 12:19:00,S020,C000290,store
O0007610,2024-03-19 10:08:00,S028,C001328,store
O0007611,2024-03-19 20:48:00,S004,C000336,store
O0007612,2024-03-19 17:55:00,S022,C000400,store
O0007613,2024-03-19 14:07:00,S001,C000884,store
O0007614,2024-03-19 18:34:00,S004,C001239,store
O0007615,2024-03-19 13:15:00,S003,C001873,store
O0007616,2024-03-19 10:17:00,S012,C001051,store
O0007617,2024-03-19 12:52:00,S028,C000489,store
O0007618,2024-03-19 18:59:00,S012,C000243,ecom
O0007619,2024-03-19 14:34:00,S010,C000028,ecom
O0007620,2024-03-19 09:00:00,S007,C001276,store
O0007621,2024-03-19 12:40:00,S013,C000350,store
O0007622,2024-03-19 19:43:00,S020,C002462,ecom
O0007623,2024-03-19 20:40:00,S013,C002198,store
O0007624,2024-03-19 19:09:00,S007,C001124,store
O0007625,2024-03-19 11:09:00,S002,C002065,ecom
O0007626,2024-03-19 09:23:00,S004,C000563,ecom
O0007627,2024-03-19 09:21:00,S018,C002142,store
O0007628,2024-03-19 12:37:00,S009,C000137,ecom
O0007629,2024-03-19 19:52:00,S009,C001235,ecom
O0007630,2024-03-19 11:49:00,S021,C002051,store
O0007631,2024-03-19 09:02:00,S021,C000536,store
O0007632,2024-03-19 11:39:00,S013,C000461,ecom
O0007633,2024-03-19 16:45:00,S019,C002371,ecom
O0007634,2024-03-19 15:29:00,S003,C001010,ecom
O0007635,2024-03-19 13:41:00,S021,C002311,store
O0007636,2024-03-19 15:46:00,S005,C001086,store
O0007637,2024-03-19 15:40:00,S022,C001434,store
O0007638,2024-03-19 17:17:00,S017,C001549,store
O0007639,2024-03-19 13:06:00,S022,C001444,store
O0007640,2024-03-19 13:04:00,S024,C001794,store
O0007641,2024-03-19 15:12:00,S006,C001187,store
O0007642,2024-03-19 11:20:00,S022,C001657,store
O0007643,2024-03-19 15:32:00,S029,C000192,store
O0007644,2024-03-19 13:25:00,S016,C000539,ecom
O0007645,2024-03-19 20:06:00,S012,C001798,ecom
O0007646,2024-03-19 18:05:00,S013,C002432,store
O0007647,2024-03-19 13:36:00,S016,C000528,store
O0007648,2024-03-19 09:48:00,S011,C000910,ecom
O0007649,2024-03-19 11:02:00,S009,C001010,ecom
O0007650,2024-03-19 15:02:00,S012,C001714,store
O0007651,2024-03-19 14:51:00,S021,C002251,store
O0007652,2024-03-19 17:48:00,S024,C000146,store
O0007653,2024-03-19 20:35:00,S028,C001899,store
O0007654,2024-03-19 10:14:00,S028,C002494,store
O0007655,2024-03-19 15:10:00,S015,C000801,ecom
O0007656,2024-03-19 14:18:00,S015,C000096,store
O0007657,2024-03-19 19:42:00,S010,C001526,store
O0007658,2024-03-19 12:01:00,S017,C001354,ecom
O0007659,2024-03-19 10:16:00,S019,C001018,store
O0007660,2024-03-19 20:21:00,S030,C002012,store
O0007661,2024-03-19 14:18:00,S014,C001335,store
O0007662,2024-03-19 11:08:00,S021,C002484,store
O0007663,2024-03-19 13:19:00,S021,C001012,store
O0007664,2024-03-19 18:29:00,S028,C001139,ecom
O0007665,2024-03-19 17:50:00,S020,C001834,store
O0007666,2024-03-19 10:17:00,S027,C002488,ecom
O0007667,2024-03-19 18:03:00,S026,C002031,store
O0007668,2024-03-19 19:18:00,S006,C000952,store
O0007669,2024-03-19 11:19:00,S008,C000869,store
O0007670,2024-03-20 17:06:00,S003,C002478,ecom
O0007671,2024-03-20 17:52:00,S030,C001881,store
O0007672,2024-03-20 19:43:00,S021,C001371,store
O0007673,2024-03-20 10:01:00,S020,C000672,store
O0007674,2024-03-20 19:57:00,S025,C000520,store
O0007675,2024-03-20 15:13:00,S005,C001861,ecom
O0007676,2024-03-20 11:05:00,S025,C000143,ecom
O0007677,2024-03-20 10:42:00,S016,C001676,ecom
O0007678,2024-03-20 09:58:00,S002,C000821,ecom
O0007679,2024-03-20 14:01:00,S024,C001355,store
O0007680,2024-03-20 19:53:00,S017,C001632,store
O0007681,2024-03-20 19:34:00,S014,C002434,store
O0007682,2024-03-20 20:59:00,S007,C000880,store
O0007683,2024-03-20 16:09:00,S013,C001872,store
O0007684,2024-03-20 19:47:00,S015,C001245,store
O0007685,2024-03-20 20:44:00,S008,C000980,store
O0007686,2024-03-20 12:08:00,S007,C000150,store
O0007687,2024-03-20 13:53:00,S004,C000430,store
O0007688,2024-03-20 11:00:00,S017,C002198,store
O0007689,2024-03-20 12:51:00,S027,C000714,store
O0007690,2024-03-20 20:20:00,S016,C000552,ecom
O0007691,2024-03-20 12:07:00,S007,C002468,ecom
O0007692,2024-03-20 11:07:00,S021,C000277,store
O0007693,2024-03-20 18:17:00,S021,C001913,store
O0007694,2024-03-20 13:40:00,S002,C002052,store
O0007695,2024-03-20 13:21:00,S002,C000523,store
O0007696,2024-03-20 15:57:00,S015,C000760,ecom
O0007697,2024-03-20 09:23:00,S005,C001670,store
O0007698,2024-03-20 10:33:00,S009,C000836,store
O0007699,2024-03-20 16:50:00,S028,C000806,ecom
O0007700,2024-03-20 11:55:00,S005,C000132,ecom
O0007701,2024-03-20 15:09:00,S015,C000589,store
O0007702,2024-03-20 13:48:00,S003,C002098,store
O0007703,2024-03-20 13:45:00,S030,C000020,store
O0007704,2024-03-20 15:47:00,S030,C002050,ecom
O0007705,2024-03-20 10:11:00,S010,C001694,store
O0007706,2024-03-20 09:42:00,S020,C001851,store
O0007707,2024-03-20 20:32:00,S026,C000538,ecom
O0007708,2024-03-20 20:10:00,S009,C000567,store
O0007709,2024-03-20 13:30:00,S020,C001709,store
O0007710,2024-03-20 18:03:00,S007,C001430,store
O0007711,2024-03-20 18:16:00,S008,C002066,store
O0007712,2024-03-20 19:33:00,S029,C001401,store
O0007713,2024-03-20 09:19:00,S022,C000037,store
O0007714,2024-03-20 13:50:00,S026,C000141,ecom
O0007715,2024-03-20 12:12:00,S028,C001814,ecom
O0007716,2024-03-20 13:39:00,S021,C001980,ecom
O0007717,2024-03-20 16:17:00,S013,C002132,ecom
O0007718,2024-03-20 09:00:00,S005,C001311,ecom
O0007719,2024-03-20 17:56:00,S014,C000784,store
O0007720,2024-03-20 17:19:00,S020,C001146,store
O0007721,2024-03-20 11:07:00,S016,C001543,store
O0007722,2024-03-20 10:53:00,S010,C000460,ecom
O0007723,2024-03-20 09:20:00,S029,C000788,store
O0007724,2024-03-20 10:26:00,S022,C001586,store
O0007725,2024-03-20 13:24:00,S011,C001117,store
O0007726,2024-03-20 13:43:00,S014,C001791,store
O0007727,2024-03-20 13:09:00,S002,C000419,store
O0007728,2024-03-20 12:36:00,S008,C000655,ecom
O0007729,2024-03-20 09:04:00,S014,C000894,store
O0007730,2024-03-20 12:10:00,S025,C001100,ecom
O0007731,2024-03-20 12:55:00,S009,C000131,store
O0007732,2024-03-20 09:18:00,S007,C001795,ecom
O0007733,2024-03-20 19:25:00,S022,C000055,ecom
O0007734,2024-03-20 10:27:00,S022,C000428,store
O0007735,2024-03-20 09:58:00,S029,C001018,ecom
O0007736,2024-03-20 16:34:00,S028,C000599,store
O0007737,2024-03-20 14:09:00,S024,C001968,ecom
O0007738,2024-03-20 20:22:00,S013,C000744,ecom
O0007739,2024-03-20 10:40:00,S025,C000045,store
O0007740,2024-03-20 09:20:00,S014,C001238,store
O0007741,2024-03-20 10:25:00,S009,C001637,store
O0007742,2024-03-20 20:57:00,S026,C002240,ecom
O0007743,2024-03-20 19:17:00,S015,C001111,ecom
O0007744,2024-03-20 19:19:00,S030,C000715,ecom
O0007745,2024-03-20 12:59:00,S010,C001216,store
O0007746,2024-03-20 19:05:00,S017,C000205,ecom
O0007747,2024-03-20 11:47:00,S001,C001773,store
O0007748,2024-03-20 09:44:00,S021,C001947,store
O0007749,2024-03-20 15:39:00,S014,C002320,store
O0007750,2024-03-20 12:24:00,S005,C002030,store
O0007751,2024-03-20 17:06:00,S010,C001296,store
O0007752,2024-03-20 09:55:00,S026,C001235,store
O0007753,2024-03-20 13:59:00,S026,C001328,ecom
O0007754,2024-03-20 11:03:00,S026,C000903,store
O0007755,2024-03-20 13:47:00,S010,C001897,ecom
O0007756,2024-03-20 13:56:00,S015,C000097,store
O0007757,2024-03-20 16:06:00,S007,C001571,ecom
O0007758,2024-03-20 14:19:00,S012,C002230,ecom
O0007759,2024-03-20 18:19:00,S029,C000454,ecom
O0007760,2024-03-20 10:46:00,S017,C001357,store
O0007761,2024-03-20 11:39:00,S022,C002091,store
O0007762,2024-03-20 13:19:00,S017,C001477,ecom
O0007763,2024-03-20 13:19:00,S003,C002018,ecom
O0007764,2024-03-20 12:50:00,S005,C001417,store
O0007765,2024-03-21 10:48:00,S024,C000833,ecom
O0007766,2024-03-21 16:33:00,S002,C002180,store
O0007767,2024-03-21 10:07:00,S009,C001247,ecom
O0007768,2024-03-21 16:43:00,S022,C001885,store
O0007769,2024-03-21 18:19:00,S024,C000411,store
O0007770,2024-03-21 10:57:00,S003,C001375,ecom
O0007771,2024-03-21 19:47:00,S015,C002471,ecom
O0007772,2024-03-21 20:25:00,S024,C000254,store
O0007773,2024-03-21 15:42:00,S005,C002426,ecom
O0007774,2024-03-21 11:00:00,S025,C001801,ecom
O0007775,2024-03-21 11:15:00,S009,C001019,ecom
O0007776,2024-03-21 12:50:00,S023,C001062,store
O0007777,2024-03-21 20:59:00,S017,C001992,store
O0007778,2024-03-21 09:26:00,S014,C001770,ecom
O0007779,2024-03-21 15:46:00,S004,C002415,ecom
O0007780,2024-03-21 11:11:00,S028,C000678,ecom
O0007781,2024-03-21 18:29:00,S001,C000013,store
O0007782,2024-03-21 13:17:00,S013,C000445,store
O0007783,2024-03-21 15:21:00,S019,C001274,store
O0007784,2024-03-21 15:56:00,S022,C002266,ecom
O0007785,2024-03-21 17:01:00,S014,C000834,store
O0007786,2024-03-21 15:08:00,S005,C002166,ecom
O0007787,2024-03-21 11:35:00,S010,C002101,store
O0007788,2024-03-21 15:21:00,S030,C000651,store
O0007789,2024-03-21 14:08:00,S018,C001623,store
O0007790,2024-03-21 09:23:00,S010,C000388,store
O0007791,2024-03-21 18:01:00,S024,C000183,ecom
O0007792,2024-03-21 16:53:00,S015,C000934,store
O0007793,2024-03-21 11:13:00,S001,C002129,store
O0007794,2024-03-21 09:10:00,S020,C001081,store
O0007795,2024-03-21 14:33:00,S023,C000244,store
O0007796,2024-03-21 12:49:00,S026,C000199,ecom
O0007797,2024-03-21 15:33:00,S027,C000294,ecom
O0007798,2024-03-21 16:20:00,S008,C000423,store
O0007799,2024-03-21 13:24:00,S026,C002500,store
O0007800,2024-03-21 16:49:00,S027,C000195,store
O0007801,2024-03-21 12:38:00,S018,C001411,store
O0007802,2024-03-21 11:27:00,S024,C001618,ecom
O0007803,2024-03-21 20:36:00,S017,C002388,store
O0007804,2024-03-21 20:54:00,S026,C001107,store
O0007805,2024-03-21 14:43:00,S002,C000096,ecom
O0007806,2024-03-21 14:40:00,S007,C001652,store
O0007807,2024-03-21 18:20:00,S024,C002224,store
O0007808,2024-03-21 16:02:00,S011,C001364,store
O0007809,2024-03-21 20:46:00,S006,C000303,ecom
O0007810,2024-03-21 16:25:00,S004,C001383,store
O0007811,2024-03-21 19:57:00,S009,C000628,store
O0007812,2024-03-21 19:52:00,S025,C002109,ecom
O0007813,2024-03-21 17:59:00,S023,C001281,store
O0007814,2024-03-21 17:22:00,S015,C000760,store
O0007815,2024-03-21 13:39:00,S025,C002004,store
O0007816,2024-03-21 19:40:00,S028,C001805,ecom
O0007817,2024-03-21 10:38:00,S006,C000141,ecom
O0007818,2024-03-21 19:37:00,S029,C000093,store
O0007819,2024-03-21 13:12:00,S023,C001152,store
O0007820,2024-03-21 12:53:00,S020,C002478,store
O0007821,2024-03-21 10:44:00,S002,C000463,store
O0007822,2024-03-21 17:57:00,S013,C002471,store
O0007823,2024-03-21 17:15:00,S008,C002456,store
O0007824,2024-03-21 10:25:00,S028,C001944,ecom
O0007825,2024-03-21 19:23:00,S009,C001490,ecom
O0007826,2024-03-21 10:29:00,S022,C001716,store
O0007827,2024-03-21 18:50:00,S030,C002445,ecom
O0007828,2024-03-21 15:32:00,S026,C000587,ecom
O0007829,2024-03-21 18:08:00,S029,C000640,ecom
O0007830,2024-03-21 18:17:00,S030,C000937,store
O0007831,2024-03-21 13:22:00,S013,C002446,ecom
O0007832,2024-03-21 14:43:00,S025,C001409,ecom
O0007833,2024-03-21 11:01:00,S008,C002042,ecom
O0007834,2024-03-21 11:42:00,S023,C000738,store
O0007835,2024-03-21 10:54:00,S020,C001728,store
O0007836,2024-03-21 15:03:00,S018,C001157,store
O0007837,2024-03-21 11:28:00,S011,C000850,ecom
O0007838,2024-03-21 09:50:00,S021,C001569,ecom
O0007839,2024-03-21 17:43:00,S021,C002007,ecom
O0007840,2024-03-21 20:28:00,S026,C001051,ecom
O0007841,2024-03-21 15:10:00,S018,C002418,ecom
O0007842,2024-03-21 18:34:00,S006,C001458,store
O0007843,2024-03-21 18:01:00,S019,C001051,store
O0007844,2024-03-21 18:35:00,S005,C000545,store
O0007845,2024-03-21 15:49:00,S001,C002447,ecom
O0007846,2024-03-21 15:41:00,S008,C002141,store
O0007847,2024-03-21 19:13:00,S028,C000246,ecom
O0007848,2024-03-21 10:41:00,S002,C001731,ecom
O0007849,2024-03-21 19:04:00,S009,C000928,store
O0007850,2024-03-21 09:04:00,S024,C001199,store
O0007851,2024-03-21 20:23:00,S012,C001246,store
O0007852,2024-03-21 12:47:00,S021,C000848,store
O0007853,2024-03-21 20:11:00,S017,C000453,store
O0007854,2024-03-21 20:43:00,S011,C001254,store
O0007855,2024-03-22 14:48:00,S030,C000570,store
O0007856,2024-03-22 13:30:00,S026,C000857,store
O0007857,2024-03-22 16:48:00,S024,C002492,ecom
O0007858,2024-03-22 09:53:00,S010,C001412,ecom
O0007859,2024-03-22 18:27:00,S006,C002063,store
O0007860,2024-03-22 17:27:00,S008,C000418,ecom
O0007861,2024-03-22 20:50:00,S015,C001810,store
O0007862,2024-03-22 17:07:00,S013,C000539,store
O0007863,2024-03-22 19:47:00,S029,C000246,store
O0007864,2024-03-22 19:21:00,S017,C000954,ecom
O0007865,2024-03-22 16:01:00,S018,C001794,store
O0007866,2024-03-22 10:25:00,S019,C000140,ecom
O0007867,2024-03-22 11:14:00,S020,C000460,ecom
O0007868,2024-03-22 20:52:00,S009,C001000,store
O0007869,2024-03-22 18:53:00,S004,C000694,ecom
O0007870,2024-03-22 12:46:00,S026,C000114,ecom
O0007871,2024-03-22 16:32:00,S025,C001811,store
O0007872,2024-03-22 16:32:00,S027,C000810,ecom
O0007873,2024-03-22 12:11:00,S021,C001370,store
O0007874,2024-03-22 18:30:00,S028,C001379,store
O0007875,2024-03-22 20:22:00,S019,C000551,store
O0007876,2024-03-22 14:00:00,S010,C001199,store
O0007877,2024-03-22 16:12:00,S005,C001417,store
O0007878,2024-03-22 09:18:00,S024,C002018,ecom
O0007879,2024-03-22 11:28:00,S027,C000683,store
O0007880,2024-03-22 13:25:00,S010,C002215,store
O0007881,2024-03-22 16:27:00,S024,C002048,store
O0007882,2024-03-22 16:54:00,S017,C002325,ecom
O0007883,2024-03-22 20:42:00,S017,C000418,store
O0007884,2024-03-22 14:02:00,S004,C001805,store
O0007885,2024-03-22 12:23:00,S016,C001644,store
O0007886,2024-03-22 12:22:00,S024,C001860,store
O0007887,2024-03-22 16:37:00,S015,C002422,store
O0007888,2024-03-22 15:16:00,S023,C002217,store
O0007889,2024-03-22 16:00:00,S028,C001394,store
O0007890,2024-03-22 20:51:00,S002,C001189,store
O0007891,2024-03-22 09:52:00,S021,C000163,store
O0007892,2024-03-22 13:30:00,S015,C001545,ecom
O0007893,2024-03-22 18:25:00,S003,C001250,ecom
O0007894,2024-03-22 16:52:00,S015,C001860,store
O0007895,2024-03-22 09:01:00,S029,C000550,store
O0007896,2024-03-22 10:45:00,S005,C000881,ecom
O0007897,2024-03-22 16:12:00,S005,C001310,ecom
O0007898,2024-03-22 13:39:00,S014,C001560,store
O0007899,2024-03-22 15:05:00,S020,C001361,store
O0007900,2024-03-22 20:42:00,S012,C002494,ecom
O0007901,2024-03-22 09:55:00,S022,C002133,store
O0007902,2024-03-22 10:08:00,S002,C001713,store
O0007903,2024-03-22 19:35:00,S024,C000662,ecom
O0007904,2024-03-22 12:16:00,S016,C001372,store
O0007905,2024-03-22 16:45:00,S008,C001736,store
O0007906,2024-03-22 15:45:00,S001,C000025,store
O0007907,2024-03-22 20:54:00,S028,C001959,store
O0007908,2024-03-22 19:37:00,S017,C001015,store
O0007909,2024-03-22 20:02:00,S010,C000043,store
O0007910,2024-03-22 10:59:00,S009,C001903,store
O0007911,2024-03-22 12:31:00,S029,C002449,store
O0007912,2024-03-22 11:32:00,S019,C000080,ecom
O0007913,2024-03-22 19:41:00,S030,C001870,store
O0007914,2024-03-22 18:37:00,S008,C001134,store
O0007915,2024-03-22 09:40:00,S013,C000119,ecom
O0007916,2024-03-22 10:18:00,S023,C002371,store
O0007917,2024-03-22 20:02:00,S010,C002234,ecom
O0007918,2024-03-22 11:08:00,S004,C002444,store
O0007919,2024-03-22 10:47:00,S008,C000456,store
O0007920,2024-03-22 20:23:00,S026,C002418,store
O0007921,2024-03-22 12:00:00,S008,C001288,ecom
O0007922,2024-03-22 13:07:00,S026,C002476,ecom
O0007923,2024-03-23 10:55:00,S028,C000087,store
O0007924,2024-03-23 14:10:00,S016,C000981,ecom
O0007925,2024-03-23 16:30:00,S019,C001427,store
O0007926,2024-03-23 11:48:00,S025,C001855,ecom
O0007927,2024-03-23 13:35:00,S021,C001703,store
O0007928,2024-03-23 09:33:00,S023,C001614,ecom
O0007929,2024-03-23 18:16:00,S023,C000384,ecom
O0007930,2024-03-23 13:09:00,S011,C000091,ecom
O0007931,2024-03-23 14:41:00,S017,C000190,store
O0007932,2024-03-23 09:34:00,S025,C001820,store
O0007933,2024-03-23 09:14:00,S029,C000859,store
O0007934,2024-03-23 13:37:00,S022,C001314,store
O0007935,2024-03-23 16:21:00,S011,C000009,store
O0007936,2024-03-23 16:20:00,S005,C001061,ecom
O0007937,2024-03-23 11:18:00,S003,C001884,store
O0007938,2024-03-23 19:49:00,S013,C001767,ecom
O0007939,2024-03-23 20:39:00,S012,C001347,store
O0007940,2024-03-23 09:29:00,S008,C001570,store
O0007941,2024-03-23 11:09:00,S030,C001421,ecom
O0007942,2024-03-23 16:43:00,S007,C000242,ecom
O0007943,2024-03-23 13:55:00,S028,C001477,store
O0007944,2024-03-23 19:06:00,S027,C000565,store
O0007945,2024-03-23 15:05:00,S026,C000818,store
O0007946,2024-03-23 18:36:00,S025,C001441,store
O0007947,2024-03-23 10:46:00,S004,C001305,store
O0007948,2024-03-23 16:22:00,S017,C000432,store
O0007949,2024-03-23 16:58:00,S019,C000350,store
O0007950,2024-03-23 15:17:00,S025,C002029,store
O0007951,2024-03-23 17:44:00,S012,C000515,store
O0007952,2024-03-23 15:13:00,S025,C000522,ecom
O0007953,2024-03-23 10:55:00,S024,C001469,store
O0007954,2024-03-23 12:38:00,S021,C001939,store
O0007955,2024-03-23 19:19:00,S004,C002222,store
O0007956,2024-03-23 19:33:00,S009,C001902,ecom
O0007957,2024-03-23 09:43:00,S008,C000710,ecom
O0007958,2024-03-23 13:11:00,S030,C000043,store
O0007959,2024-03-23 16:05:00,S023,C000294,ecom
O0007960,2024-03-23 12:33:00,S008,C001129,store
O0007961,2024-03-23 16:24:00,S024,C001832,store
O0007962,2024-03-23 14:20:00,S029,C001115,store
O0007963,2024-03-23 19:43:00,S010,C000417,ecom
O0007964,2024-03-23 11:51:00,S009,C000620,store
O0007965,2024-03-23 09:43:00,S021,C002264,ecom
O0007966,2024-03-23 19:15:00,S019,C001129,store
O0007967,2024-03-23 13:28:00,S010,C000125,store
O0007968,2024-03-23 14:32:00,S017,C001955,store
O0007969,2024-03-23 18:25:00,S023,C002402,store
O0007970,2024-03-23 15:12:00,S004,C002115,ecom
O0007971,2024-03-23 12:52:00,S010,C000929,ecom
O0007972,2024-03-23 11:53:00,S017,C000958,store
O0007973,2024-03-23 18:41:00,S025,C001552,store
O0007974,2024-03-23 17:30:00,S006,C002173,store
O0007975,2024-03-23 11:53:00,S029,C001313,ecom
O0007976,2024-03-23 15:15:00,S012,C002003,store
O0007977,2024-03-23 14:11:00,S015,C001435,ecom
O0007978,2024-03-23 15:01:00,S015,C002255,store
O0007979,2024-03-23 17:14:00,S027,C002449,store
O0007980,2024-03-23 12:51:00,S014,C000334,ecom
O0007981,2024-03-23 17:11:00,S005,C001813,ecom
O0007982,2024-03-23 14:47:00,S029,C002442,store
O0007983,2024-03-23 13:43:00,S029,C001226,store
O0007984,2024-03-23 17:13:00,S008,C001804,ecom
O0007985,2024-03-23 19:38:00,S027,C002369,ecom
O0007986,2024-03-23 10:55:00,S017,C000285,ecom
O0007987,2024-03-23 10:48:00,S006,C000580,ecom
O0007988,2024-03-23 14:19:00,S030,C002176,store
O0007989,2024-03-23 14:53:00,S015,C000031,ecom
O0007990,2024-03-23 13:34:00,S003,C000100,store
O0007991,2024-03-23 18:20:00,S018,C001771,store
O0007992,2024-03-23 17:54:00,S012,C000463,ecom
O0007993,2024-03-23 20:27:00,S003,C002446,store
O0007994,2024-03-23 18:26:00,S009,C000737,ecom
O0007995,2024-03-23 19:29:00,S024,C000342,ecom
O0007996,2024-03-23 10:11:00,S009,C001336,ecom
O0007997,2024-03-23 15:59:00,S001,C002379,ecom
O0007998,2024-03-23 13:43:00,S018,C000074,store
O0007999,2024-03-23 11:10:00,S009,C002440,store
O0008000,2024-03-23 09:50:00,S005,C002215,ecom
O0008001,2024-03-23 17:32:00,S011,C002099,store
O0008002,2024-03-23 18:17:00,S012,C001932,store
O0008003,2024-03-23 19:26:00,S019,C000073,ecom
O0008004,2024-03-23 17:15:00,S007,C002479,store
O0008005,2024-03-23 18:30:00,S029,C002075,store
O0008006,2024-03-23 18:31:00,S014,C002307,store
O0008007,2024-03-23 11:17:00,S016,C001110,store
O0008008,2024-03-23 12:42:00,S016,C001573,ecom
O0008009,2024-03-23 14:57:00,S024,C000233,store
O0008010,2024-03-23 20:35:00,S009,C001015,store
O0008011,2024-03-23 12:45:00,S019,C000507,store
O0008012,2024-03-23 13:48:00,S029,C001611,ecom
O0008013,2024-03-23 17:10:00,S013,C002476,ecom
O0008014,2024-03-23 15:21:00,S015,C000831,ecom
O0008015,2024-03-23 19:18:00,S024,C001471,ecom
O0008016,2024-03-23 16:00:00,S002,C000614,ecom
O0008017,2024-03-23 13:18:00,S006,C000989,ecom
O0008018,2024-03-23 17:07:00,S027,C000724,store
O0008019,2024-03-23 15:07:00,S007,C001516,store
O0008020,2024-03-23 09:00:00,S007,C000062,store
O0008021,2024-03-23 13:32:00,S013,C001195,ecom
O0008022,2024-03-23 19:02:00,S017,C001460,ecom
O0008023,2024-03-23 09:52:00,S026,C001772,store
O0008024,2024-03-23 16:39:00,S009,C000618,store
O0008025,2024-03-23 19:09:00,S018,C000607,ecom
O0008026,2024-03-23 18:41:00,S027,C001405,ecom
O0008027,2024-03-23 16:10:00,S001,C000366,store
O0008028,2024-03-24 09:27:00,S018,C002431,store
O0008029,2024-03-24 14:52:00,S011,C002391,store
O0008030,2024-03-24 13:23:00,S009,C000170,ecom
O0008031,2024-03-24 20:30:00,S007,C000425,store
O0008032,2024-03-24 13:28:00,S019,C002469,store
O0008033,2024-03-24 19:19:00,S001,C002019,store
O0008034,2024-03-24 13:40:00,S001,C002454,ecom
O0008035,2024-03-24 09:58:00,S017,C000207,store
O0008036,2024-03-24 17:33:00,S006,C001400,store
O0008037,2024-03-24 09:47:00,S005,C000028,store
O0008038,2024-03-24 09:44:00,S020,C001481,store
O0008039,2024-03-24 16:15:00,S030,C001590,store
O0008040,2024-03-24 12:21:00,S016,C002342,store
O0008041,2024-03-24 13:58:00,S014,C002460,store
O0008042,2024-03-24 11:09:00,S017,C001205,ecom
O0008043,2024-03-24 20:16:00,S026,C001584,ecom
O0008044,2024-03-24 10:46:00,S012,C001563,store
O0008045,2024-03-24 10:51:00,S019,C000804,store
O0008046,2024-03-24 18:35:00,S029,C000323,store
O0008047,2024-03-24 14:22:00,S014,C001041,ecom
O0008048,2024-03-24 09:28:00,S020,C001903,ecom
O0008049,2024-03-24 11:49:00,S009,C001957,store
O0008050,2024-03-24 20:33:00,S022,C000760,ecom
O0008051,2024-03-24 14:19:00,S022,C001150,store
O0008052,2024-03-24 17:41:00,S023,C000606,store
O0008053,2024-03-24 16:14:00,S002,C001579,store
O0008054,2024-03-24 12:31:00,S016,C002287,ecom
O0008055,2024-03-24 17:26:00,S025,C001669,store
O0008056,2024-03-24 14:37:00,S004,C000917,store
O0008057,2024-03-24 15:05:00,S007,C001399,ecom
O0008058,2024-03-24 15:25:00,S028,C000148,ecom
O0008059,2024-03-24 14:13:00,S004,C002180,store
O0008060,2024-03-24 11:57:00,S002,C001660,ecom
O0008061,2024-03-24 11:49:00,S007,C000695,store
O0008062,2024-03-24 11:18:00,S005,C002101,store
O0008063,2024-03-24 19:40:00,S001,C000227,store
O0008064,2024-03-24 12:07:00,S014,C000411,store
O0008065,2024-03-24 20:44:00,S010,C001107,store
O0008066,2024-03-24 20:30:00,S011,C002191,store
O0008067,2024-03-24 20:47:00,S001,C000619,store
O0008068,2024-03-24 17:14:00,S001,C000140,store
O0008069,2024-03-24 16:39:00,S008,C001569,ecom
O0008070,2024-03-24 12:16:00,S010,C002023,ecom
O0008071,2024-03-24 15:11:00,S021,C002466,store
O0008072,2024-03-24 15:50:00,S017,C000406,ecom
O0008073,2024-03-24 12:12:00,S023,C002429,store
O0008074,2024-03-24 11:30:00,S001,C000810,store
O0008075,2024-03-24 10:38:00,S005,C001479,ecom
O0008076,2024-03-24 13:43:00,S007,C001046,store
O0008077,2024-03-24 14:04:00,S027,C001962,store
O0008078,2024-03-24 20:59:00,S014,C002302,store
O0008079,2024-03-24 15:04:00,S013,C002085,ecom
O0008080,2024-03-24 19:51:00,S024,C001537,store
O0008081,2024-03-24 17:15:00,S015,C000950,store
O0008082,2024-03-24 19:12:00,S011,C002493,ecom
O0008083,2024-03-24 09:53:00,S006,C001884,store
O0008084,2024-03-24 14:41:00,S016,C002124,ecom
O0008085,2024-03-24 15:42:00,S022,C001194,store
O0008086,2024-03-24 14:16:00,S019,C001136,ecom
O0008087,2024-03-24 13:14:00,S013,C001103,store
O0008088,2024-03-24 20:20:00,S018,C000573,store
O0008089,2024-03-24 19:11:00,S013,C001963,store
O0008090,2024-03-24 19:07:00,S029,C000884,ecom
O0008091,2024-03-24 18:09:00,S020,C002470,ecom
O0008092,2024-03-24 12:07:00,S015,C001987,store
O0008093,2024-03-24 15:45:00,S025,C001320,store
O0008094,2024-03-24 12:06:00,S017,C000234,ecom
O0008095,2024-03-24 20:12:00,S003,C000437,store
O0008096,2024-03-24 09:23:00,S028,C000121,store
O0008097,2024-03-24 19:40:00,S006,C001646,ecom
O0008098,2024-03-24 19:10:00,S030,C000016,store
O0008099,2024-03-24 15:48:00,S030,C002492,store
O0008100,2024-03-24 20:04:00,S029,C001741,ecom
O0008101,2024-03-24 09:47:00,S025,C000288,store
O0008102,2024-03-24 19:26:00,S009,C000517,ecom
O0008103,2024-03-24 17:30:00,S022,C001776,store
O0008104,2024-03-24 18:21:00,S030,C002110,ecom
O0008105,2024-03-24 15:33:00,S016,C000993,store
O0008106,2024-03-24 11:48:00,S006,C001505,store
O0008107,2024-03-24 15:45:00,S028,C001784,ecom
O0008108,2024-03-24 12:00:00,S007,C002094,ecom
O0008109,2024-03-24 12:52:00,S029,C001356,store
O0008110,2024-03-24 11:05:00,S027,C000894,store
O0008111,2024-03-24 20:02:00,S016,C001243,ecom
O0008112,2024-03-24 11:57:00,S013,C000746,store
O0008113,2024-03-24 09:57:00,S001,C001016,ecom
O0008114,2024-03-24 18:34:00,S010,C002347,store
O0008115,2024-03-24 18:11:00,S009,C002053,store
O0008116,2024-03-24 11:05:00,S026,C000753,store
O0008117,2024-03-24 16:12:00,S024,C000754,store
O0008118,2024-03-24 11:05:00,S012,C002434,ecom
O0008119,2024-03-25 19:01:00,S004,C001662,store
O0008120,2024-03-25 13:12:00,S021,C000829,store
O0008121,2024-03-25 18:56:00,S005,C002141,store
O0008122,2024-03-25 18:56:00,S019,C002008,ecom
O0008123,2024-03-25 18:16:00,S022,C002184,store
O0008124,2024-03-25 18:15:00,S029,C000779,ecom
O0008125,2024-03-25 19:25:00,S018,C001826,ecom
O0008126,2024-03-25 18:56:00,S012,C001554,store
O0008127,2024-03-25 11:35:00,S010,C001642,store
O0008128,2024-03-25 10:20:00,S026,C000751,store
O0008129,2024-03-25 18:13:00,S019,C000392,store
O0008130,2024-03-25 11:22:00,S008,C001601,ecom
O0008131,2024-03-25 09:30:00,S023,C001524,store
O0008132,2024-03-25 14:14:00,S010,C001287,store
O0008133,2024-03-25 14:23:00,S020,C001170,store
O0008134,2024-03-25 15:26:00,S010,C002314,store
O0008135,2024-03-25 15:40:00,S029,C000670,ecom
O0008136,2024-03-25 10:16:00,S016,C000371,ecom
O0008137,2024-03-25 19:25:00,S027,C001687,store
O0008138,2024-03-25 19:40:00,S007,C000544,store
O0008139,2024-03-25 18:13:00,S010,C002481,store
O0008140,2024-03-25 13:59:00,S012,C002379,store
O0008141,2024-03-25 18:23:00,S003,C001989,store
O0008142,2024-03-25 11:29:00,S002,C001241,ecom
O0008143,2024-03-25 11:04:00,S005,C000413,ecom
O0008144,2024-03-25 12:20:00,S003,C000071,store
O0008145,2024-03-25 10:39:00,S011,C001526,ecom
O0008146,2024-03-25 15:17:00,S009,C001614,store
O0008147,2024-03-25 17:22:00,S011,C000391,ecom
O0008148,2024-03-25 10:43:00,S012,C001394,store
O0008149,2024-03-25 16:44:00,S003,C002229,store
O0008150,2024-03-25 17:09:00,S010,C000059,store
O0008151,2024-03-25 11:37:00,S028,C001768,store
O0008152,2024-03-25 20:44:00,S019,C000010,ecom
O0008153,2024-03-25 16:22:00,S010,C000774,store
O0008154,2024-03-25 13:16:00,S004,C001727,store
O0008155,2024-03-25 13:29:00,S022,C001758,store
O0008156,2024-03-25 17:26:00,S030,C000297,store
O0008157,2024-03-25 18:33:00,S008,C002218,store
O0008158,2024-03-25 11:24:00,S010,C000375,store
O0008159,2024-03-25 13:38:00,S013,C001728,ecom
O0008160,2024-03-25 13:04:00,S013,C002239,ecom
O0008161,2024-03-25 15:37:00,S002,C001924,store
O0008162,2024-03-25 12:48:00,S003,C001086,store
O0008163,2024-03-25 09:32:00,S016,C001136,store
O0008164,2024-03-25 09:43:00,S003,C001994,store
O0008165,2024-03-25 10:19:00,S027,C001656,ecom
O0008166,2024-03-25 11:51:00,S001,C001728,store
O0008167,2024-03-25 11:28:00,S022,C000389,ecom
O0008168,2024-03-25 19:54:00,S012,C001375,ecom
O0008169,2024-03-25 10:09:00,S014,C001359,store
O0008170,2024-03-25 18:22:00,S030,C000856,store
O0008171,2024-03-25 20:27:00,S019,C002410,ecom
O0008172,2024-03-25 15:39:00,S026,C001922,store
O0008173,2024-03-25 15:36:00,S018,C000042,store
O0008174,2024-03-25 12:59:00,S030,C000747,ecom
O0008175,2024-03-25 15:16:00,S021,C000952,store
O0008176,2024-03-25 09:44:00,S015,C000974,store
O0008177,2024-03-25 20:03:00,S013,C001744,store
O0008178,2024-03-25 09:31:00,S013,C000993,ecom
O0008179,2024-03-25 20:58:00,S014,C002226,ecom
O0008180,2024-03-25 19:39:00,S025,C002190,ecom
O0008181,2024-03-25 18:43:00,S005,C002018,store
O0008182,2024-03-25 14:26:00,S026,C001273,store
O0008183,2024-03-25 16:43:00,S011,C000489,store
O0008184,2024-03-25 09:16:00,S020,C001675,store
O0008185,2024-03-25 20:56:00,S003,C002025,store
O0008186,2024-03-25 16:02:00,S030,C001924,ecom
O0008187,2024-03-25 19:10:00,S019,C000689,store
O0008188,2024-03-25 14:36:00,S003,C002083,ecom
O0008189,2024-03-25 18:54:00,S013,C001464,store
O0008190,2024-03-25 14:03:00,S008,C001071,store
O0008191,2024-03-25 17:45:00,S005,C002107,store
O0008192,2024-03-25 13:24:00,S011,C001887,ecom
O0008193,2024-03-25 13:43:00,S017,C002236,store
O0008194,2024-03-25 10:47:00,S026,C001755,ecom
O0008195,2024-03-25 10:20:00,S022,C000089,store
O0008196,2024-03-25 10:22:00,S025,C001463,ecom
O0008197,2024-03-25 17:33:00,S020,C001518,ecom
O0008198,2024-03-25 14:55:00,S004,C001772,store
O0008199,2024-03-25 17:58:00,S013,C000508,ecom
O0008200,2024-03-25 16:31:00,S001,C002468,ecom
O0008201,2024-03-25 20:46:00,S006,C000571,store
O0008202,2024-03-25 20:25:00,S018,C001599,ecom
O0008203,2024-03-25 16:41:00,S009,C000057,store
O0008204,2024-03-25 13:07:00,S030,C000931,store
O0008205,2024-03-25 13:03:00,S014,C001136,store
O0008206,2024-03-25 11:59:00,S027,C001179,ecom
O0008207,2024-03-25 11:21:00,S025,C002278,ecom
O0008208,2024-03-25 20:39:00,S020,C000784,store
O0008209,2024-03-25 13:03:00,S011,C000622,ecom
O0008210,2024-03-25 13:07:00,S025,C001610,store
O0008211,2024-03-25 12:44:00,S015,C001884,store
O0008212,2024-03-25 14:58:00,S012,C002081,store
O0008213,2024-03-25 18:42:00,S025,C000207,ecom
O0008214,2024-03-25 12:34:00,S026,C000359,store
O0008215,2024-03-25 19:27:00,S026,C002089,store
O0008216,2024-03-25 14:43:00,S013,C002400,ecom
O0008217,2024-03-25 17:05:00,S021,C002439,store
O0008218,2024-03-25 12:02:00,S025,C002284,store
O0008219,2024-03-25 16:10:00,S003,C000128,ecom
O0008220,2024-03-25 17:51:00,S008,C000926,ecom
O0008221,2024-03-25 11:31:00,S010,C001714,store
O0008222,2024-03-25 19:34:00,S030,C000825,store
O0008223,2024-03-25 11:49:00,S025,C002070,ecom
O0008224,2024-03-25 18:53:00,S002,C000911,ecom
O0008225,2024-03-25 10:10:00,S016,C001445,store
O0008226,2024-03-25 11:59:00,S025,C000407,store
O0008227,2024-03-25 11:18:00,S021,C001460,ecom
O0008228,2024-03-25 16:30:00,S008,C001368,ecom
O0008229,2024-03-26 12:49:00,S001,C002064,store
O0008230,2024-03-26 13:06:00,S002,C001892,store
O0008231,2024-03-26 19:48:00,S016,C001575,store
O0008232,2024-03-26 15:53:00,S021,C000603,store
O0008233,2024-03-26 19:44:00,S001,C001754,store
O0008234,2024-03-26 18:30:00,S024,C001018,ecom
O0008235,2024-03-26 11:36:00,S026,C001110,store
O0008236,2024-03-26 18:39:00,S028,C001807,ecom
O0008237,2024-03-26 16:15:00,S016,C001848,ecom
O0008238,2024-03-26 18:56:00,S007,C000828,store
O0008239,2024-03-26 11:42:00,S020,C000148,store
O0008240,2024-03-26 11:12:00,S024,C000507,ecom
O0008241,2024-03-26 19:30:00,S024,C001356,store
O0008242,2024-03-26 20:52:00,S013,C001724,ecom
O0008243,2024-03-26 14:35:00,S008,C000536,store
O0008244,2024-03-26 16:19:00,S009,C000857,ecom
O0008245,2024-03-26 14:13:00,S001,C000706,store
O0008246,2024-03-26 15:57:00,S018,C002031,store
O0008247,2024-03-26 17:50:00,S012,C001271,ecom
O0008248,2024-03-26 12:59:00,S014,C000391,ecom
O0008249,2024-03-26 19:13:00,S001,C001222,store
O0008250,2024-03-26 09:56:00,S029,C000823,store
O0008251,2024-03-26 15:59:00,S015,C002391,ecom
O0008252,2024-03-26 10:28:00,S009,C000216,ecom
O0008253,2024-03-26 14:01:00,S004,C002011,store
O0008254,2024-03-26 12:48:00,S028,C001282,store
O0008255,2024-03-26 19:09:00,S021,C001683,store
O0008256,2024-03-26 20:45:00,S021,C001129,store
O0008257,2024-03-26 12:58:00,S012,C002223,store
O0008258,2024-03-26 12:33:00,S006,C000417,store
O0008259,2024-03-26 09:35:00,S003,C001994,store
O0008260,2024-03-26 14:34:00,S021,C001784,ecom
O0008261,2024-03-26 17:33:00,S028,C002214,ecom
O0008262,2024-03-26 20:04:00,S025,C001836,ecom
O0008263,2024-03-26 13:58:00,S028,C001511,store
O0008264,2024-03-26 18:10:00,S017,C001719,ecom
O0008265,2024-03-26 20:08:00,S013,C002371,ecom
O0008266,2024-03-26 19:18:00,S006,C000462,store
O0008267,2024-03-26 20:00:00,S028,C001020,store
O0008268,2024-03-26 09:30:00,S030,C002021,store
O0008269,2024-03-26 14:05:00,S005,C000525,ecom
O0008270,2024-03-26 17:48:00,S013,C001351,ecom
O0008271,2024-03-26 20:06:00,S024,C002210,store
O0008272,2024-03-26 10:34:00,S021,C000903,ecom
O0008273,2024-03-26 11:32:00,S013,C002013,store
O0008274,2024-03-26 11:58:00,S005,C001014,ecom
O0008275,2024-03-26 11:27:00,S019,C000495,store
O0008276,2024-03-26 14:39:00,S012,C000323,store
O0008277,2024-03-26 19:45:00,S018,C002291,store
O0008278,2024-03-26 14:33:00,S021,C001148,ecom
O0008279,2024-03-26 16:41:00,S029,C001201,store
O0008280,2024-03-26 19:43:00,S007,C002273,store
O0008281,2024-03-26 13:52:00,S023,C001445,ecom
O0008282,2024-03-26 16:12:00,S007,C001966,store
O0008283,2024-03-26 19:16:00,S013,C001625,store
O0008284,2024-03-26 10:03:00,S019,C000182,ecom
O0008285,2024-03-26 17:06:00,S006,C000091,ecom
O0008286,2024-03-26 17:25:00,S007,C002488,store
O0008287,2024-03-26 09:18:00,S003,C001479,store
O0008288,2024-03-26 19:22:00,S012,C000049,store
O0008289,2024-03-26 18:04:00,S028,C001816,store
O0008290,2024-03-26 12:19:00,S005,C001522,ecom
O0008291,2024-03-26 14:14:00,S010,C002162,ecom
O0008292,2024-03-26 16:46:00,S023,C000581,store
O0008293,2024-03-26 17:53:00,S023,C000246,ecom
O0008294,2024-03-26 16:43:00,S009,C002014,store
O0008295,2024-03-26 12:27:00,S004,C000163,store
O0008296,2024-03-26 12:42:00,S001,C000157,store
O0008297,2024-03-26 15:01:00,S029,C000310,store
O0008298,2024-03-26 12:49:00,S014,C001827,store
O0008299,2024-03-26 10:00:00,S003,C001574,store
O0008300,2024-03-26 12:01:00,S027,C000495,store
O0008301,2024-03-26 14:49:00,S003,C002280,store
O0008302,2024-03-26 14:57:00,S029,C000656,store
O0008303,2024-03-26 15:00:00,S025,C001185,store
O0008304,2024-03-26 15:32:00,S022,C000819,ecom
O0008305,2024-03-26 17:28:00,S028,C002280,store
O0008306,2024-03-26 14:25:00,S024,C000532,store
O0008307,2024-03-26 15:51:00,S017,C001330,store
O0008308,2024-03-26 19:21:00,S013,C001463,store
O0008309,2024-03-26 15:40:00,S002,C001804,ecom
O0008310,2024-03-26 11:14:00,S023,C002183,store
O0008311,2024-03-26 12:20:00,S021,C001419,ecom
O0008312,2024-03-26 19:23:00,S011,C000629,store
O0008313,2024-03-26 18:52:00,S026,C000470,store
O0008314,2024-03-26 15:42:00,S015,C001785,ecom
O0008315,2024-03-26 09:55:00,S019,C000122,ecom
O0008316,2024-03-26 16:41:00,S020,C000082,store
O0008317,2024-03-26 19:49:00,S019,C002236,store
O0008318,2024-03-26 12:49:00,S023,C001525,store
O0008319,2024-03-26 09:04:00,S003,C001307,store
O0008320,2024-03-26 17:17:00,S003,C002298,store
O0008321,2024-03-26 11:27:00,S017,C002480,ecom
O0008322,2024-03-26 18:10:00,S001,C000352,ecom
O0008323,2024-03-26 18:03:00,S018,C000420,store
O0008324,2024-03-26 11:57:00,S019,C000169,store
O0008325,2024-03-26 19:42:00,S003,C001643,store
O0008326,2024-03-26 19:57:00,S002,C000188,store
O0008327,2024-03-26 09:14:00,S017,C001331,store
O0008328,2024-03-26 16:13:00,S026,C000419,ecom
O0008329,2024-03-26 17:20:00,S024,C000145,store
O0008330,2024-03-26 16:47:00,S007,C001879,store
O0008331,2024-03-26 17:41:00,S022,C001064,store
O0008332,2024-03-26 17:05:00,S011,C001593,ecom
O0008333,2024-03-26 13:23:00,S022,C001592,store
O0008334,2024-03-26 10:21:00,S013,C002049,ecom
O0008335,2024-03-26 11:31:00,S009,C001898,store
O0008336,2024-03-26 10:37:00,S028,C001088,store
O0008337,2024-03-26 12:41:00,S003,C002059,store
O0008338,2024-03-26 09:54:00,S003,C000410,store
O0008339,2024-03-26 20:18:00,S011,C000992,store
O0008340,2024-03-26 14:02:00,S019,C002450,ecom
O0008341,2024-03-26 16:18:00,S007,C002210,ecom
O0008342,2024-03-27 16:52:00,S013,C001480,store
O0008343,2024-03-27 11:28:00,S006,C001728,store
O0008344,2024-03-27 18:45:00,S030,C001826,ecom
O0008345,2024-03-27 17:51:00,S027,C001719,store
O0008346,2024-03-27 17:54:00,S019,C000284,store
O0008347,2024-03-27 14:09:00,S018,C002420,ecom
O0008348,2024-03-27 10:46:00,S005,C001953,ecom
O0008349,2024-03-27 17:02:00,S011,C002086,store
O0008350,2024-03-27 19:18:00,S018,C000013,store
O0008351,2024-03-27 10:22:00,S008,C001469,ecom
O0008352,2024-03-27 09:12:00,S027,C002416,store
O0008353,2024-03-27 20:06:00,S011,C001602,store
O0008354,2024-03-27 15:51:00,S010,C001650,store
O0008355,2024-03-27 09:48:00,S025,C001168,store
O0008356,2024-03-27 12:33:00,S017,C001913,store
O0008357,2024-03-27 15:12:00,S002,C002451,store
O0008358,2024-03-27 13:21:00,S011,C001823,ecom
O0008359,2024-03-27 19:02:00,S029,C000936,ecom
O0008360,2024-03-27 14:17:00,S023,C001309,store
O0008361,2024-03-27 15:10:00,S018,C002278,ecom
O0008362,2024-03-27 10:45:00,S027,C002360,store
O0008363,2024-03-27 19:35:00,S018,C001049,store
O0008364,2024-03-27 19:21:00,S026,C002132,store
O0008365,2024-03-27 17:28:00,S021,C001671,store
O0008366,2024-03-27 15:55:00,S016,C001196,store
O0008367,2024-03-27 10:03:00,S024,C000056,store
O0008368,2024-03-27 16:23:00,S022,C001181,store
O0008369,2024-03-27 18:11:00,S025,C001176,store
O0008370,2024-03-27 11:16:00,S025,C000730,ecom
O0008371,2024-03-27 10:30:00,S002,C000519,store
O0008372,2024-03-27 12:55:00,S015,C000322,store
O0008373,2024-03-27 11:38:00,S006,C002405,store
O0008374,2024-03-27 18:38:00,S030,C001071,ecom
O0008375,2024-03-27 16:08:00,S023,C000458,store
O0008376,2024-03-27 12:45:00,S019,C000643,store
O0008377,2024-03-27 16:54:00,S007,C000683,ecom
O0008378,2024-03-27 15:55:00,S008,C001219,store
O0008379,2024-03-27 18:12:00,S006,C000003,store
O0008380,2024-03-27 12:26:00,S005,C001194,store
O0008381,2024-03-27 19:30:00,S022,C000766,ecom
O0008382,2024-03-27 10:10:00,S002,C001453,store
O0008383,2024-03-27 14:58:00,S012,C001843,store
O0008384,2024-03-27 17:49:00,S014,C001165,store
O0008385,2024-03-27 10:37:00,S024,C000674,store
O0008386,2024-03-27 10:50:00,S023,C002201,ecom
O0008387,2024-03-27 10:15:00,S013,C000155,store
O0008388,2024-03-27 20:17:00,S010,C002125,store
O0008389,2024-03-27 10:20:00,S026,C002058,store
O0008390,2024-03-27 18:47:00,S029,C002496,store
O0008391,2024-03-27 12:11:00,S003,C001839,store
O0008392,2024-03-27 18:38:00,S023,C000308,store
O0008393,2024-03-27 19:25:00,S020,C001551,store
O0008394,2024-03-27 16:32:00,S002,C001859,store
O0008395,2024-03-27 13:58:00,S016,C001271,store
O0008396,2024-03-27 13:10:00,S011,C000705,store
O0008397,2024-03-27 13:50:00,S024,C002302,store
O0008398,2024-03-27 20:46:00,S018,C001949,ecom
O0008399,2024-03-27 20:31:00,S026,C001883,ecom
O0008400,2024-03-27 11:43:00,S022,C001035,store
O0008401,2024-03-27 12:35:00,S024,C001701,store
O0008402,2024-03-27 17:15:00,S026,C000624,ecom
O0008403,2024-03-27 16:38:00,S017,C001074,store
O0008404,2024-03-27 14:26:00,S009,C000503,ecom
O0008405,2024-03-27 10:50:00,S022,C002098,store
O0008406,2024-03-27 15:56:00,S025,C000822,ecom
O0008407,2024-03-27 12:36:00,S009,C001746,ecom
O0008408,2024-03-27 11:59:00,S012,C001422,store
O0008409,2024-03-27 09:09:00,S026,C000032,store
O0008410,2024-03-27 13:36:00,S007,C001542,ecom
O0008411,2024-03-27 11:30:00,S028,C002360,store
O0008412,2024-03-27 19:34:00,S020,C001836,store
O0008413,2024-03-27 09:25:00,S015,C000771,ecom
O0008414,2024-03-27 11:49:00,S004,C001515,store
O0008415,2024-03-27 12:25:00,S012,C000390,store
O0008416,2024-03-27 18:37:00,S012,C001790,store
O0008417,2024-03-27 14:17:00,S030,C001481,store
O0008418,2024-03-27 16:13:00,S023,C000483,ecom
O0008419,2024-03-27 12:28:00,S014,C000881,store
O0008420,2024-03-27 12:45:00,S014,C001186,store
O0008421,2024-03-27 20:17:00,S019,C000057,ecom
O0008422,2024-03-27 19:27:00,S002,C000021,ecom
O0008423,2024-03-27 19:13:00,S028,C001213,store
O0008424,2024-03-27 18:14:00,S004,C002402,ecom
O0008425,2024-03-27 18:59:00,S019,C000693,store
O0008426,2024-03-27 19:18:00,S012,C001816,ecom
O0008427,2024-03-27 15:10:00,S013,C000013,store
O0008428,2024-03-27 15:56:00,S017,C000540,store
O0008429,2024-03-27 17:31:00,S003,C000880,store
O0008430,2024-03-27 16:21:00,S024,C002249,store
O0008431,2024-03-27 15:38:00,S007,C000683,store
O0008432,2024-03-27 12:50:00,S003,C002332,store
O0008433,2024-03-27 16:59:00,S005,C000442,store
O0008434,2024-03-28 10:15:00,S015,C001814,store
O0008435,2024-03-28 19:07:00,S026,C000383,store
O0008436,2024-03-28 15:11:00,S020,C001398,store
O0008437,2024-03-28 19:41:00,S018,C000783,store
O0008438,2024-03-28 20:44:00,S004,C001541,store
O0008439,2024-03-28 12:11:00,S030,C002181,ecom
O0008440,2024-03-28 20:39:00,S030,C001335,ecom
O0008441,2024-03-28 19:54:00,S014,C002395,store
O0008442,2024-03-28 16:31:00,S022,C001218,store
O0008443,2024-03-28 19:01:00,S017,C000179,store
O0008444,2024-03-28 09:33:00,S015,C002073,store
O0008445,2024-03-28 20:02:00,S011,C000434,ecom
O0008446,2024-03-28 19:34:00,S028,C000819,store
O0008447,2024-03-28 18:36:00,S004,C002325,ecom
O0008448,2024-03-28 15:33:00,S012,C000027,store
O0008449,2024-03-28 16:42:00,S022,C000728,store
O0008450,2024-03-28 18:39:00,S005,C002184,store
O0008451,2024-03-28 14:06:00,S028,C001200,store
O0008452,2024-03-28 17:16:00,S024,C000571,store
O0008453,2024-03-28 19:57:00,S010,C000203,store
O0008454,2024-03-28 20:35:00,S017,C000978,ecom
O0008455,2024-03-28 15:07:00,S003,C001342,store
O0008456,2024-03-28 14:52:00,S021,C001558,store
O0008457,2024-03-28 18:17:00,S013,C002212,ecom
O0008458,2024-03-28 16:30:00,S008,C001816,store
O0008459,2024-03-28 20:07:00,S017,C002056,store
O0008460,2024-03-28 13:21:00,S002,C000362,ecom
O0008461,2024-03-28 10:29:00,S024,C001824,store
O0008462,2024-03-28 19:13:00,S017,C001382,store
O0008463,2024-03-28 10:17:00,S018,C001405,ecom
O0008464,2024-03-28 12:05:00,S027,C000155,store
O0008465,2024-03-28 10:17:00,S009,C002230,store
O0008466,2024-03-28 18:35:00,S025,C002070,store
O0008467,2024-03-28 18:48:00,S024,C000831,store
O0008468,2024-03-28 14:04:00,S011,C000675,store
O0008469,2024-03-28 11:12:00,S020,C001064,store
O0008470,2024-03-28 10:51:00,S006,C000888,ecom
O0008471,2024-03-28 11:00:00,S027,C000254,store
O0008472,2024-03-28 19:10:00,S022,C000156,ecom
O0008473,2024-03-28 19:00:00,S013,C000921,store
O0008474,2024-03-28 20:16:00,S019,C002024,ecom
O0008475,2024-03-28 18:55:00,S015,C000209,store
O0008476,2024-03-28 18:38:00,S001,C001099,store
O0008477,2024-03-28 09:25:00,S015,C000970,store
O0008478,2024-03-28 16:01:00,S012,C000807,ecom
O0008479,2024-03-28 16:47:00,S025,C002200,ecom
O0008480,2024-03-28 10:01:00,S013,C001697,store
O0008481,2024-03-28 20:30:00,S024,C001882,store
O0008482,2024-03-28 12:34:00,S010,C000624,ecom
O0008483,2024-03-28 18:04:00,S007,C000257,ecom
O0008484,2024-03-28 10:25:00,S013,C000755,store
O0008485,2024-03-28 14:37:00,S022,C000963,ecom
O0008486,2024-03-28 16:25:00,S003,C001774,ecom
O0008487,2024-03-28 11:39:00,S003,C000078,store
O0008488,2024-03-28 16:00:00,S016,C000282,store
O0008489,2024-03-28 18:44:00,S018,C000483,store
O0008490,2024-03-28 19:31:00,S008,C002480,store
O0008491,2024-03-28 09:26:00,S013,C001255,ecom
O0008492,2024-03-28 17:23:00,S014,C002306,ecom
O0008493,2024-03-28 12:28:00,S014,C000610,store
O0008494,2024-03-28 10:55:00,S021,C000812,store
O0008495,2024-03-28 18:36:00,S011,C001537,store
O0008496,2024-03-28 16:58:00,S020,C001875,store
O0008497,2024-03-28 15:04:00,S016,C001684,store
O0008498,2024-03-28 15:18:00,S026,C000458,ecom
O0008499,2024-03-28 09:16:00,S028,C001321,store
O0008500,2024-03-28 18:12:00,S013,C002433,store
O0008501,2024-03-28 09:40:00,S015,C000294,store
O0008502,2024-03-28 18:15:00,S001,C001331,store
O0008503,2024-03-28 19:49:00,S012,C001653,store
O0008504,2024-03-28 19:12:00,S022,C000773,store
O0008505,2024-03-28 16:28:00,S015,C002383,ecom
O0008506,2024-03-29 17:34:00,S021,C000382,store
O0008507,2024-03-29 10:32:00,S009,C000429,store
O0008508,2024-03-29 10:43:00,S006,C000653,store
O0008509,2024-03-29 15:10:00,S026,C000311,store
O0008510,2024-03-29 20:04:00,S006,C001581,ecom
O0008511,2024-03-29 09:55:00,S023,C001778,ecom
O0008512,2024-03-29 17:42:00,S006,C001583,store
O0008513,2024-03-29 15:07:00,S023,C000994,store
O0008514,2024-03-29 13:36:00,S013,C000119,store
O0008515,2024-03-29 09:44:00,S008,C002379,store
O0008516,2024-03-29 14:46:00,S022,C001685,store
O0008517,2024-03-29 18:26:00,S011,C002259,ecom
O0008518,2024-03-29 10:51:00,S008,C001085,store
O0008519,2024-03-29 13:23:00,S030,C001175,ecom
O0008520,2024-03-29 09:13:00,S021,C000613,store
O0008521,2024-03-29 18:37:00,S025,C001434,store
O0008522,2024-03-29 14:02:00,S014,C001560,store
O0008523,2024-03-29 16:43:00,S029,C000799,ecom
O0008524,2024-03-29 16:46:00,S002,C001868,store
O0008525,2024-03-29 12:09:00,S009,C002106,store
O0008526,2024-03-29 19:12:00,S024,C000034,store
O0008527,2024-03-29 13:19:00,S014,C000749,store
O0008528,2024-03-29 11:22:00,S015,C000218,ecom
O0008529,2024-03-29 17:05:00,S014,C001056,store
O0008530,2024-03-29 18:36:00,S029,C000633,ecom
O0008531,2024-03-29 10:19:00,S019,C000229,ecom
O0008532,2024-03-29 09:57:00,S030,C001074,ecom
O0008533,2024-03-29 16:47:00,S008,C001021,store
O0008534,2024-03-29 13:22:00,S025,C002496,store
O0008535,2024-03-29 10:52:00,S004,C001446,ecom
O0008536,2024-03-29 11:48:00,S030,C002104,store
O0008537,2024-03-29 16:43:00,S009,C002199,ecom
O0008538,2024-03-29 15:53:00,S010,C001003,store
O0008539,2024-03-29 09:39:00,S005,C002336,store
O0008540,2024-03-29 14:22:00,S011,C000754,ecom
O0008541,2024-03-29 16:47:00,S022,C002074,ecom
O0008542,2024-03-29 11:33:00,S007,C002011,store
O0008543,2024-03-29 17:22:00,S022,C002465,store
O0008544,2024-03-29 11:47:00,S022,C000014,store
O0008545,2024-03-29 17:41:00,S018,C002423,ecom
O0008546,2024-03-29 10:12:00,S022,C000232,ecom
O0008547,2024-03-29 14:38:00,S014,C002009,ecom
O0008548,2024-03-29 16:16:00,S021,C001044,store
O0008549,2024-03-29 15:47:00,S021,C001366,ecom
O0008550,2024-03-29 12:50:00,S011,C000729,store
O0008551,2024-03-29 13:11:00,S029,C000027,store
O0008552,2024-03-29 17:49:00,S010,C001866,ecom
O0008553,2024-03-29 13:59:00,S009,C000440,ecom
O0008554,2024-03-29 19:36:00,S022,C002074,ecom
O0008555,2024-03-29 16:38:00,S002,C001941,store
O0008556,2024-03-29 18:31:00,S021,C002494,ecom
O0008557,2024-03-29 11:49:00,S029,C000288,ecom
O0008558,2024-03-29 13:05:00,S020,C001369,store
O0008559,2024-03-29 12:18:00,S019,C001193,store
O0008560,2024-03-29 16:51:00,S005,C001515,store
O0008561,2024-03-29 14:34:00,S019,C002475,store
O0008562,2024-03-29 11:11:00,S011,C001162,store
O0008563,2024-03-29 13:38:00,S030,C000015,ecom
O0008564,2024-03-29 12:53:00,S016,C000733,ecom
O0008565,2024-03-29 11:48:00,S017,C001326,ecom
O0008566,2024-03-29 18:49:00,S012,C001077,ecom
O0008567,2024-03-29 19:38:00,S001,C000410,store
O0008568,2024-03-29 16:41:00,S006,C002055,store
O0008569,2024-03-29 16:09:00,S001,C001943,store
O0008570,2024-03-29 20:06:00,S017,C001259,store
O0008571,2024-03-29 13:20:00,S015,C001351,ecom
O0008572,2024-03-29 16:44:00,S030,C001467,ecom
O0008573,2024-03-29 11:08:00,S021,C000238,ecom
O0008574,2024-03-29 16:09:00,S008,C000648,store
O0008575,2024-03-29 16:33:00,S011,C002068,store
O0008576,2024-03-30 11:21:00,S025,C001546,ecom
O0008577,2024-03-30 20:30:00,S012,C000969,store
O0008578,2024-03-30 09:36:00,S027,C000375,store
O0008579,2024-03-30 11:27:00,S004,C001126,store
O0008580,2024-03-30 11:21:00,S019,C000960,store
O0008581,2024-03-30 12:25:00,S023,C002480,ecom
O0008582,2024-03-30 13:30:00,S021,C001965,store
O0008583,2024-03-30 12:02:00,S018,C000288,store
O0008584,2024-03-30 19:13:00,S023,C001785,store
O0008585,2024-03-30 12:08:00,S010,C001803,store
O0008586,2024-03-30 09:08:00,S024,C001387,store
O0008587,2024-03-30 10:41:00,S025,C000204,store
O0008588,2024-03-30 16:55:00,S019,C000654,ecom
O0008589,2024-03-30 15:42:00,S001,C000627,store
O0008590,2024-03-30 17:14:00,S015,C002152,store
O0008591,2024-03-30 17:16:00,S025,C000025,ecom
O0008592,2024-03-30 15:04:00,S025,C001181,ecom
O0008593,2024-03-30 14:02:00,S002,C002321,ecom
O0008594,2024-03-30 11:58:00,S014,C000904,store
O0008595,2024-03-30 16:15:00,S007,C002304,ecom
O0008596,2024-03-30 17:12:00,S026,C001545,ecom
O0008597,2024-03-30 15:10:00,S004,C000237,ecom
O0008598,2024-03-30 15:13:00,S026,C000184,store
O0008599,2024-03-30 11:48:00,S013,C000129,store
O0008600,2024-03-30 18:54:00,S007,C001242,store
O0008601,2024-03-30 10:44:00,S016,C001972,store
O0008602,2024-03-30 11:27:00,S001,C000800,ecom
O0008603,2024-03-30 09:46:00,S006,C002131,store
O0008604,2024-03-30 20:55:00,S008,C000265,store
O0008605,2024-03-30 10:26:00,S002,C001667,ecom
O0008606,2024-03-30 13:06:00,S002,C002029,ecom
O0008607,2024-03-30 09:24:00,S010,C001793,ecom
O0008608,2024-03-30 14:58:00,S003,C001269,ecom
O0008609,2024-03-30 15:45:00,S004,C001848,store
O0008610,2024-03-30 13:01:00,S002,C001342,store
O0008611,2024-03-30 12:56:00,S030,C001491,store
O0008612,2024-03-30 20:39:00,S019,C000508,store
O0008613,2024-03-30 16:24:00,S003,C000300,ecom
O0008614,2024-03-30 15:16:00,S018,C000458,ecom
O0008615,2024-03-30 09:51:00,S027,C000833,store
O0008616,2024-03-30 11:39:00,S025,C001379,store
O0008617,2024-03-30 20:52:00,S005,C001566,store
O0008618,2024-03-30 13:44:00,S017,C000307,ecom
O0008619,2024-03-30 15:08:00,S023,C001339,store
O0008620,2024-03-30 14:34:00,S009,C001027,store
O0008621,2024-03-30 09:11:00,S026,C001146,store
O0008622,2024-03-30 17:54:00,S025,C000205,store
O0008623,2024-03-30 14:34:00,S019,C000251,store
O0008624,2024-03-30 10:02:00,S018,C000009,store
O0008625,2024-03-30 20:56:00,S008,C001162,store
O0008626,2024-03-30 15:42:00,S015,C001064,ecom
O0008627,2024-03-30 10:11:00,S027,C001611,store
O0008628,2024-03-30 19:45:00,S003,C000501,store
O0008629,2024-03-30 19:28:00,S028,C001288,store
O0008630,2024-03-30 16:31:00,S030,C002129,store
O0008631,2024-03-30 17:52:00,S007,C001188,ecom
O0008632,2024-03-30 18:53:00,S007,C000074,store
O0008633,2024-03-30 13:55:00,S026,C001117,store
O0008634,2024-03-30 20:07:00,S019,C001472,store
O0008635,2024-03-30 13:41:00,S019,C000068,store
O0008636,2024-03-30 19:22:00,S028,C001285,store
O0008637,2024-03-30 20:33:00,S006,C001672,store
O0008638,2024-03-30 10:03:00,S026,C001573,store
O0008639,2024-03-30 09:08:00,S014,C001775,store
O0008640,2024-03-30 11:12:00,S009,C000380,store
O0008641,2024-03-30 15:31:00,S001,C001669,ecom
O0008642,2024-03-30 17:41:00,S023,C000482,store
O0008643,2024-03-30 19:34:00,S012,C000493,store
O0008644,2024-03-30 13:15:00,S017,C000386,ecom
O0008645,2024-03-30 15:27:00,S006,C001064,store
O0008646,2024-03-30 20:02:00,S022,C000450,ecom
O0008647,2024-03-30 15:46:00,S004,C000173,store
O0008648,2024-03-30 16:41:00,S014,C002425,store
O0008649,2024-03-30 13:52:00,S018,C000761,store
O0008650,2024-03-30 20:10:00,S028,C000487,ecom
O0008651,2024-03-30 12:51:00,S026,C002240,store
O0008652,2024-03-30 14:17:00,S002,C000475,store
O0008653,2024-03-30 17:14:00,S030,C000942,ecom
O0008654,2024-03-30 18:39:00,S016,C001195,store
O0008655,2024-03-30 19:59:00,S024,C001154,store
O0008656,2024-03-30 13:05:00,S022,C001337,store
O0008657,2024-03-30 18:00:00,S030,C002201,ecom
O0008658,2024-03-30 16:19:00,S002,C002381,store
O0008659,2024-03-30 16:59:00,S013,C001947,store
O0008660,2024-03-30 14:49:00,S024,C000493,store
O0008661,2024-03-30 15:45:00,S006,C001490,store
O0008662,2024-03-30 14:32:00,S030,C000086,store
O0008663,2024-03-30 20:19:00,S011,C002031,store
O0008664,2024-03-30 09:34:00,S022,C002353,store
O0008665,2024-03-30 18:16:00,S011,C002139,store
O0008666,2024-03-30 20:23:00,S004,C000972,ecom
O0008667,2024-03-30 17:02:00,S010,C000128,ecom
O0008668,2024-03-30 19:30:00,S014,C000455,ecom
O0008669,2024-03-30 12:18:00,S006,C001996,store
O0008670,2024-03-30 18:27:00,S028,C002230,ecom
O0008671,2024-03-30 14:28:00,S015,C000396,ecom
O0008672,2024-03-30 19:33:00,S002,C002125,ecom
O0008673,2024-03-30 19:26:00,S020,C002121,store
O0008674,2024-03-30 12:43:00,S010,C001430,ecom
