customer_id,segment,loyalty_tier,created_ts
C000001,Value,None,2024-12-05 00:00:00
C000002,Enthusiast,Bronze,2022-04-04 00:00:00
C000003,Professional,None,2024-02-25 00:00:00
C000004,Value,Bronze,2024-01-02 00:00:00
C000005,Casual,Bronze,2020-01-23 00:00:00
C000006,Professional,None,2024-05-02 00:00:00
C000007,Casual,None,2023-04-18 00:00:00
C000008,Enthusiast,Gold,2020-12-14 00:00:00
C000009,Casual,Silver,2024-06-05 00:00:00
C000010,Professional,None,2020-06-09 00:00:00
C000011,Professional,Bronze,2021-09-06 00:00:00
C000012,Professional,Silver,2022-05-27 00:00:00
C000013,Professional,Silver,2024-10-04 00:00:00
C000014,Enthusiast,Bronze,2021-09-16 00:00:00
C000015,Enthusiast,Bronze,2020-04-06 00:00:00
C000016,Enthusiast,None,2020-02-26 00:00:00
C000017,Casual,Silver,2022-08-04 00:00:00
C000018,Value,None,2023-03-22 00:00:00
C000019,Enthusiast,None,2021-05-07 00:00:00
C000020,Enthusiast,Bronze,2023-06-23 00:00:00
C000021,Enthusiast,Bronze,2021-03-09 00:00:00
C000022,Casual,Bronze,2021-03-11 00:00:00
C000023,Casual,Bronze,2022-10-12 00:00:00
C000024,Value,None,2023-10-10 00:00:00
C000025,Enthusiast,None,2024-05-04 00:00:00
C000026,Casual,Silver,2022-07-07 00:00:00
C000027,Enthusiast,Platinum,2024-03-17 00:00:00
C000028,Casual,Silver,2020-12-21 00:00:00
C000029,Value,Bronze,2021-08-11 00:00:00
C000030,Enthusiast,None,2022-07-20 00:00:00
C000031,Enthusiast,Bronze,2023-08-31 00:00:00
C000032,Casual,Platinum,2020-04-29 00:00:00
C000033,Casual,Platinum,2024-02-16 00:00:00
C000034,Professional,Bronze,2022-09-16 00:00:00
C000035,Value,Silver,2024-11-11 00:00:00
C000036,Casual,Platinum,2022-09-20 00:00:00
C000037,Casual,Platinum,2024-05-13 00:00:00
C000038,Professional,Silver,2022-01-22 00:00:00
C000039,Value,Bronze,2020-04-28 00:00:00
C000040,Value,Bronze,2021-09-06 00:00:00
C000041,Value,Bronze,2022-10-31 00:00:00
C000042,Casual,Silver,2023-06-25 00:00:00
C000043,Casual,None,2024-04-19 00:00:00
C000044,Enthusiast,Silver,2022-02-26 00:00:00
C000045,Professional,Silver,2022-12-22 00:00:00
C000046,Casual,Bronze,2023-08-24 00:00:00
C000047,Value,None,2022-06-11 00:00:00
C000048,Enthusiast,Gold,2021-10-25 00:00:00
C000049,Casual,None,2024-01-25 00:00:00
C000050,Professional,Bronze,2022-07-23 00:00:00
C000051,Casual,Silver,2020-07-10 00:00:00
C000052,Casual,Bronze,2023-06-10 00:00:00
C000053,Casual,None,2020-02-14 00:00:00
C000054,Value,None,2023-12-31 00:00:00
C000055,Casual,Bronze,2020-05-20 00:00:00
C000056,Enthusiast,None,2021-04-22 00:00:00
C000057,Value,None,2024-12-12 00:00:00
C000058,Professional,Bronze,2021-03-26 00:00:00
C000059,Value,Bronze,2023-02-28 00:00:00
C000060,Value,Bronze,2022-06-11 00:00:00
C000061,Professional,None,2024-12-08 00:00:00
C000062,Casual,Silver,2020-05-06 00:00:00
C000063,Value,None,2023-04-20 00:00:00
C000064,Value,Bronze,2021-01-26 00:00:00
C000065,Casual,Bronze,2022-12-08 00:00:00
C000066,Casual,None,2023-05-04 00:00:00
C000067,Casual,Silver,2021-10-04 00:00:00
C000068,Professional,None,2023-08-25 00:00:00
C000069,Casual,Bronze,2024-07-09 00:00:00
C000070,Professional,Bronze,2020-04-16 00:00:00
C000071,Casual,Bronze,2023-08-21 00:00:00
C000072,Enthusiast,None,2024-02-27 00:00:00
C000073,Enthusiast,Bronze,2023-01-29 00:00:00
C000074,Professional,Bronze,2021-08-20 00:00:00
C000075,Professional,None,2023-06-03 00:00:00
C000076,Value,Bronze,2021-07-08 00:00:00
C000077,Casual,Bronze,2020-08-27 00:00:00
C000078,Enthusiast,None,2023-07-16 00:00:00
C000079,Enthusiast,None,2021-06-26 00:00:00
C000080,Casual,Bronze,2023-07-11 00:00:00
C000081,Professional,Bronze,2022-01-31 00:00:00
C000082,Professional,Bronze,2024-10-01 00:00:00
C000083,Casual,None,2024-12-21 00:00:00
C000084,Casual,None,2023-05-05 00:00:00
C000085,Professional,Bronze,2023-11-15 00:00:00
C000086,Professional,Silver,2020-03-29 00:00:00
C000087,Casual,Silver,2023-04-24 00:00:00
C000088,Casual,Bronze,2023-07-10 00:00:00
C000089,Professional,Gold,2022-12-20 00:00:00
C000090,Professional,Silver,2020-10-08 00:00:00
C000091,Enthusiast,Bronze,2023-10-14 00:00:00
C000092,Casual,None,2021-04-27 00:00:00
C000093,Enthusiast,Gold,2022-07-06 00:00:00
C000094,Enthusiast,Gold,2023-09-21 00:00:00
C000095,Enthusiast,Silver,2020-11-04 00:00:00
C000096,Value,Silver,2021-07-31 00:00:00
C000097,Casual,Bronze,2023-06-23 00:00:00
C000098,Professional,None,2020-01-20 00:00:00
C000099,Enthusiast,None,2023-11-21 00:00:00
C000100,Casual,None,2020-11-14 00:00:00
C000101,Enthusiast,Silver,2023-09-22 00:00:00
C000102,Professional,Silver,2024-10-17 00:00:00
C000103,Enthusiast,Bronze,2023-10-20 00:00:00
C000104,Enthusiast,Bronze,2023-01-03 00:00:00
C000105,Casual,None,2024-10-21 00:00:00
C000106,Value,Silver,2022-05-10 00:00:00
C000107,Enthusiast,None,2023-08-02 00:00:00
C000108,Value,Silver,2023-06-11 00:00:00
C000109,Enthusiast,Silver,2020-04-18 00:00:00
C000110,Casual,Platinum,2021-12-28 00:00:00
C000111,Professional,None,2024-05-28 00:00:00
C000112,Casual,Bronze,2022-09-25 00:00:00
C000113,Enthusiast,Silver,2021-12-14 00:00:00
C000114,Casual,Silver,2021-08-03 00:00:00
C000115,Value,Bronze,2024-11-08 00:00:00
C000116,Casual,Silver,2024-06-05 00:00:00
C000117,Professional,Bronze,2024-08-07 00:00:00
C000118,Casual,None,2021-04-04 00:00:00
C000119,Casual,Bronze,2024-05-20 00:00:00
C000120,Value,Bronze,2023-05-02 00:00:00
C000121,Professional,Silver,2024-07-19 00:00:00
C000122,Casual,Bronze,2024-09-01 00:00:00
C000123,Casual,Silver,2021-11-02 00:00:00
C000124,Enthusiast,Silver,2024-09-09 00:00:00
C000125,Casual,Silver,2022-08-17 00:00:00
C000126,Professional,Bronze,2021-06-19 00:00:00
C000127,Casual,Gold,2022-01-08 00:00:00
C000128,Value,None,2021-08-31 00:00:00
C000129,Enthusiast,Bronze,2020-05-07 00:00:00
C000130,Casual,None,2023-05-06 00:00:00
C000131,Enthusiast,Bronze,2021-03-29 00:00:00
C000132,Casual,Gold,2022-02-03 00:00:00
C000133,Professional,None,2023-06-25 00:00:00
C000134,Professional,Bronze,2022-06-17 00:00:00
C000135,Professional,Bronze,2023-09-11 00:00:00
C000136,Professional,None,2024-07-18 00:00:00
C000137,Value,Silver,2023-10-12 00:00:00
C000138,Enthusiast,None,2023-08-02 00:00:00
C000139,Enthusiast,Silver,2023-09-06 00:00:00
C000140,Enthusiast,Bronze,2022-02-25 00:00:00
C000141,Professional,Bronze,2024-06-19 00:00:00
C000142,Professional,Bronze,2022-05-21 00:00:00
C000143,Value,Bronze,2021-01-19 00:00:00
C000144,Professional,Bronze,2024-06-27 00:00:00
C000145,Professional,None,2022-03-19 00:00:00
C000146,Enthusiast,Bronze,2024-09-16 00:00:00
C000147,Professional,Bronze,2024-05-20 00:00:00
C000148,Enthusiast,Gold,2020-08-19 00:00:00
C000149,Enthusiast,Bronze,2024-11-05 00:00:00
C000150,Value,Bronze,2020-04-02 00:00:00
C000151,Casual,Bronze,2022-04-12 00:00:00
C000152,Professional,Gold,2023-05-24 00:00:00
C000153,Professional,Bronze,2022-01-28 00:00:00
C000154,Casual,None,2022-07-26 00:00:00
C000155,Casual,Silver,2020-03-14 00:00:00
C000156,Value,None,2023-07-10 00:00:00
C000157,Enthusiast,Bronze,2022-08-23 00:00:00
C000158,Professional,Bronze,2024-05-22 00:00:00
C000159,Value,Bronze,2023-02-23 00:00:00
C000160,Enthusiast,Silver,2024-04-18 00:00:00
C000161,Casual,None,2022-05-17 00:00:00
C000162,Value,None,2020-06-06 00:00:00
C000163,Value,Gold,2024-02-01 00:00:00
C000164,Enthusiast,None,2022-11-25 00:00:00
C000165,Value,Bronze,2021-12-08 00:00:00
C000166,Enthusiast,Silver,2022-10-14 00:00:00
C000167,Enthusiast,None,2021-06-12 00:00:00
C000168,Enthusiast,Silver,2022-10-17 00:00:00
C000169,Enthusiast,None,2022-07-12 00:00:00
C000170,Enthusiast,None,2024-05-03 00:00:00
C000171,Enthusiast,Silver,2020-11-18 00:00:00
C000172,Enthusiast,None,2022-12-23 00:00:00
C000173,Value,None,2020-10-22 00:00:00
C000174,Casual,None,2020-09-04 00:00:00
C000175,Enthusiast,Silver,2023-06-11 00:00:00
C000176,Value,Gold,2022-09-23 00:00:00
C000177,Value,Silver,2024-08-08 00:00:00
C000178,Value,Silver,2020-12-14 00:00:00
C000179,Value,Bronze,2022-11-08 00:00:00
C000180,Enthusiast,Bronze,2023-12-09 00:00:00
C000181,Professional,Gold,2023-12-17 00:00:00
C000182,Enthusiast,Silver,2020-09-07 00:00:00
C000183,Value,Bronze,2024-09-17 00:00:00
C000184,Enthusiast,Bronze,2023-04-30 00:00:00
C000185,Value,Gold,2020-05-24 00:00:00
C000186,Enthusiast,Bronze,2021-08-06 00:00:00
C000187,Enthusiast,Gold,2022-03-29 00:00:00
C000188,Casual,Gold,2024-12-17 00:00:00
C000189,Casual,Bronze,2023-09-11 00:00:00
C000190,Casual,Bronze,2024-07-29 00:00:00
C000191,Casual,None,2022-09-19 00:00:00
C000192,Casual,None,2020-03-16 00:00:00
C000193,Enthusiast,Bronze,2023-09-10 00:00:00
C000194,Value,None,2023-02-16 00:00:00
C000195,Casual,None,2021-05-30 00:00:00
C000196,Professional,Bronze,2024-07-17 00:00:00
C000197,Casual,Bronze,2021-07-13 00:00:00
C000198,Value,None,2021-05-13 00:00:00
C000199,Enthusiast,Silver,2022-09-01 00:00:00
C000200,Value,Gold,2021-07-21 00:00:00
C000201,Casual,Bronze,2022-01-12 00:00:00
C000202,Professional,None,2020-10-24 00:00:00
C000203,Professional,None,2024-11-24 00:00:00
C000204,Casual,None,2023-10-23 00:00:00
C000205,Enthusiast,None,2020-01-03 00:00:00
C000206,Value,Silver,2024-09-20 00:00:00
C000207,Value,Platinum,2021-11-04 00:00:00
C000208,Value,Gold,2023-01-09 00:00:00
C000209,Casual,Silver,2022-02-26 00:00:00
C000210,Enthusiast,Gold,2023-08-10 00:00:00
C000211,Casual,Silver,2022-01-11 00:00:00
C000212,Value,Gold,2024-05-22 00:00:00
C000213,Casual,None,2023-02-12 00:00:00
C000214,Enthusiast,Gold,2024-07-29 00:00:00
C000215,Casual,Bronze,2023-10-30 00:00:00
C000216,Value,Silver,2022-10-07 00:00:00
C000217,Casual,None,2020-07-30 00:00:00
C000218,Casual,Gold,2020-10-22 00:00:00
C000219,Value,Platinum,2023-09-29 00:00:00
C000220,Value,Bronze,2024-07-14 00:00:00
C000221,Enthusiast,None,2021-08-13 00:00:00
C000222,Professional,None,2021-10-29 00:00:00
C000223,Value,None,2022-02-22 00:00:00
C000224,Enthusiast,Bronze,2020-02-04 00:00:00
C000225,Enthusiast,Bronze,2020-07-16 00:00:00
C000226,Enthusiast,Bronze,2024-02-29 00:00:00
C000227,Value,Gold,2021-08-29 00:00:00
C000228,Professional,None,2023-12-04 00:00:00
C000229,Value,None,2022-10-16 00:00:00
C000230,Professional,Bronze,2020-07-13 00:00:00
C000231,Enthusiast,None,2023-06-23 00:00:00
C000232,Enthusiast,Bronze,2024-11-05 00:00:00
C000233,Enthusiast,Bronze,2023-08-30 00:00:00
C000234,Casual,None,2023-11-13 00:00:00
C000235,Value,None,2022-04-21 00:00:00
C000236,Enthusiast,Silver,2023-04-08 00:00:00
C000237,Value,Silver,2021-06-16 00:00:00
C000238,Value,Bronze,2022-11-23 00:00:00
C000239,Casual,Silver,2024-06-26 00:00:00
C000240,Value,Bronze,2023-06-22 00:00:00
C000241,Casual,Bronze,2023-05-05 00:00:00
C000242,Value,Bronze,2022-07-11 00:00:00
C000243,Enthusiast,None,2021-08-28 00:00:00
C000244,Casual,Platinum,2024-01-27 00:00:00
C000245,Professional,Platinum,2024-05-27 00:00:00
C000246,Professional,Silver,2020-04-28 00:00:00
C000247,Value,Bronze,2024-11-22 00:00:00
C000248,Value,Bronze,2021-05-28 00:00:00
C000249,Enthusiast,Bronze,2023-10-14 00:00:00
C000250,Casual,Bronze,2023-03-23 00:00:00
C000251,Casual,None,2022-02-13 00:00:00
C000252,Casual,Bronze,2021-03-04 00:00:00
C000253,Casual,Bronze,2023-06-14 00:00:00
C000254,Value,None,2024-08-07 00:00:00
C000255,Value,None,2023-07-30 00:00:00
C000256,Professional,Gold,2020-11-10 00:00:00
C000257,Enthusiast,Bronze,2023-09-01 00:00:00
C000258,Value,None,2023-03-11 00:00:00
C000259,Enthusiast,Gold,2021-01-12 00:00:00
C000260,Value,None,2022-03-18 00:00:00
C000261,Value,Gold,2020-11-30 00:00:00
C000262,Professional,Bronze,2020-02-04 00:00:00
C000263,Casual,Gold,2022-05-14 00:00:00
C000264,Value,Gold,2021-05-31 00:00:00
C000265,Casual,Platinum,2023-09-12 00:00:00
C000266,Enthusiast,Silver,2021-12-24 00:00:00
C000267,Casual,Bronze,2020-04-23 00:00:00
C000268,Value,Bronze,2020-03-26 00:00:00
C000269,Enthusiast,Bronze,2020-09-24 00:00:00
C000270,Professional,Silver,2020-06-27 00:00:00
C000271,Enthusiast,Gold,2022-08-07 00:00:00
C000272,Casual,Silver,2024-11-30 00:00:00
C000273,Casual,None,2023-04-26 00:00:00
C000274,Enthusiast,Platinum,2022-03-26 00:00:00
C000275,Value,None,2024-10-19 00:00:00
C000276,Enthusiast,Silver,2023-11-24 00:00:00
C000277,Casual,None,2020-04-09 00:00:00
C000278,Professional,Bronze,2022-04-17 00:00:00
C000279,Professional,Bronze,2023-10-17 00:00:00
C000280,Value,None,2024-01-03 00:00:00
C000281,Professional,Platinum,2021-05-25 00:00:00
C000282,Casual,Bronze,2020-04-04 00:00:00
C000283,Professional,Bronze,2020-02-12 00:00:00
C000284,Enthusiast,None,2023-05-01 00:00:00
C000285,Value,Bronze,2023-02-02 00:00:00
C000286,Value,Gold,2024-07-29 00:00:00
C000287,Casual,None,2022-05-24 00:00:00
C000288,Professional,Silver,2024-12-18 00:00:00
C000289,Casual,Bronze,2022-07-31 00:00:00
C000290,Value,Bronze,2021-03-06 00:00:00
C000291,Value,Bronze,2021-11-03 00:00:00
C000292,Casual,Bronze,2021-07-15 00:00:00
C000293,Enthusiast,Silver,2024-04-22 00:00:00
C000294,Enthusiast,Silver,2023-07-25 00:00:00
C000295,Enthusiast,None,2020-09-29 00:00:00
C000296,Value,Gold,2021-02-20 00:00:00
C000297,Professional,Bronze,2023-04-04 00:00:00
C000298,Professional,None,2022-01-14 00:00:00
C000299,Professional,None,2022-12-02 00:00:00
C000300,Value,Bronze,2023-12-28 00:00:00
C000301,Enthusiast,Silver,2023-11-19 00:00:00
C000302,Enthusiast,None,2021-04-05 00:00:00
C000303,Professional,None,2022-05-10 00:00:00
C000304,Enthusiast,None,2023-03-21 00:00:00
C000305,Casual,Silver,2023-03-08 00:00:00
C000306,Casual,Bronze,2022-01-02 00:00:00
C000307,Casual,Bronze,2021-08-12 00:00:00
C000308,Professional,Silver,2020-06-07 00:00:00
C000309,Professional,Bronze,2023-11-28 00:00:00
C000310,Professional,Bronze,2023-06-25 00:00:00
C000311,Professional,None,2022-12-04 00:00:00
C000312,Enthusiast,Bronze,2020-09-28 00:00:00
C000313,Professional,None,2022-07-31 00:00:00
C000314,Value,Platinum,2023-08-22 00:00:00
C000315,Enthusiast,Bronze,2024-08-13 00:00:00
C000316,Casual,None,2023-09-01 00:00:00
C000317,Casual,None,2024-07-13 00:00:00
C000318,Professional,Silver,2021-06-09 00:00:00
C000319,Enthusiast,None,2024-10-19 00:00:00
C000320,Casual,Bronze,2023-02-26 00:00:00
C000321,Casual,Gold,2024-12-14 00:00:00
C000322,Professional,Gold,2023-08-01 00:00:00
C000323,Value,None,2024-02-07 00:00:00
C000324,Enthusiast,Gold,2023-06-19 00:00:00
C000325,Value,Silver,2022-10-31 00:00:00
C000326,Professional,Silver,2022-10-26 00:00:00
C000327,Value,Silver,2022-04-29 00:00:00
C000328,Enthusiast,Silver,2020-08-01 00:00:00
C000329,Value,None,2024-12-14 00:00:00
C000330,Professional,Bronze,2024-02-04 00:00:00
C000331,Value,None,2023-02-11 00:00:00
C000332,Casual,Gold,2024-05-01 00:00:00
C000333,Enthusiast,Bronze,2024-05-18 00:00:00
C000334,Professional,Gold,2022-07-12 00:00:00
C000335,Casual,Platinum,2023-06-09 00:00:00
C000336,Value,None,2022-04-08 00:00:00
C000337,Enthusiast,Gold,2021-06-24 00:00:00
C000338,Enthusiast,None,2020-12-18 00:00:00
C000339,Enthusiast,Platinum,2020-06-25 00:00:00
C000340,Value,Silver,2022-09-19 00:00:00
C000341,Casual,Bronze,2022-10-06 00:00:00
C000342,Professional,Silver,2022-04-29 00:00:00
C000343,Casual,Bronze,2021-09-13 00:00:00
C000344,Professional,Silver,2020-01-10 00:00:00
C000345,Professional,None,2023-03-09 00:00:00
C000346,Enthusiast,None,2024-08-15 00:00:00
C000347,Value,Bronze,2020-03-26 00:00:00
C000348,Value,None,2023-04-02 00:00:00
C000349,Casual,Silver,2021-12-23 00:00:00
C000350,Professional,Bronze,2023-03-12 00:00:00
C000351,Enthusiast,Silver,2022-03-23 00:00:00
C000352,Casual,Silver,2024-01-28 00:00:00
C000353,Casual,Bronze,2021-09-10 00:00:00
C000354,Casual,Gold,2021-04-10 00:00:00
C000355,Enthusiast,Bronze,2024-04-18 00:00:00
C000356,Enthusiast,Gold,2021-01-23 00:00:00
C000357,Casual,Bronze,2022-11-10 00:00:00
C000358,Enthusiast,None,2022-04-15 00:00:00
C000359,Professional,None,2021-11-05 00:00:00
C000360,Casual,Gold,2023-05-06 00:00:00
C000361,Casual,Bronze,2022-09-01 00:00:00
C000362,Value,None,2021-05-15 00:00:00
C000363,Enthusiast,None,2020-01-30 00:00:00
C000364,Enthusiast,Bronze,2021-08-05 00:00:00
C000365,Enthusiast,None,2021-11-14 00:00:00
C000366,Enthusiast,None,2022-01-15 00:00:00
C000367,Professional,None,2024-06-27 00:00:00
C000368,Value,Silver,2021-09-25 00:00:00
C000369,Casual,None,2020-10-04 00:00:00
C000370,Professional,Bronze,2021-02-26 00:00:00
C000371,Professional,Silver,2021-07-28 00:00:00
C000372,Enthusiast,Bronze,2023-10-08 00:00:00
C000373,Professional,Platinum,2023-10-24 00:00:00
C000374,Casual,None,2024-10-06 00:00:00
C000375,Casual,Silver,2022-08-14 00:00:00
C000376,Value,Bronze,2021-06-13 00:00:00
C000377,Enthusiast,Silver,2024-10-28 00:00:00
C000378,Enthusiast,None,2021-05-26 00:00:00
C000379,Casual,Silver,2020-04-05 00:00:00
C000380,Professional,None,2020-07-29 00:00:00
C000381,Casual,Gold,2021-04-30 00:00:00
C000382,Value,Gold,2020-07-27 00:00:00
C000383,Casual,Bronze,2020-01-31 00:00:00
C000384,Casual,None,2020-08-13 00:00:00
C000385,Professional,Gold,2023-10-22 00:00:00
C000386,Professional,Bronze,2021-08-12 00:00:00
C000387,Value,Bronze,2023-10-28 00:00:00
C000388,Value,Silver,2024-08-01 00:00:00
C000389,Professional,None,2024-01-22 00:00:00
C000390,Value,None,2021-09-28 00:00:00
C000391,Professional,Bronze,2020-08-12 00:00:00
C000392,Professional,None,2020-02-08 00:00:00
C000393,Professional,Silver,2023-05-12 00:00:00
C000394,Casual,None,2021-01-23 00:00:00
C000395,Value,Gold,2021-12-18 00:00:00
C000396,Professional,Platinum,2023-06-08 00:00:00
C000397,Enthusiast,Gold,2024-04-02 00:00:00
C000398,Casual,Bronze,2021-06-19 00:00:00
C000399,Casual,None,2022-08-17 00:00:00
C000400,Professional,Silver,2021-10-26 00:00:00
C000401,Value,None,2023-08-05 00:00:00
C000402,Casual,Silver,2024-04-24 00:00:00
C000403,Professional,None,2021-09-21 00:00:00
C000404,Professional,None,2020-07-03 00:00:00
C000405,Professional,Bronze,2020-08-15 00:00:00
C000406,Casual,Bronze,2020-12-15 00:00:00
C000407,Enthusiast,Silver,2022-09-19 00:00:00
C000408,Casual,Bronze,2024-04-06 00:00:00
C000409,Professional,Silver,2023-02-25 00:00:00
C000410,Professional,Silver,2024-05-08 00:00:00
C000411,Professional,Gold,2022-06-08 00:00:00
C000412,Casual,Silver,2023-11-05 00:00:00
C000413,Enthusiast,None,2020-09-22 00:00:00
C000414,Professional,Bronze,2020-11-01 00:00:00
C000415,Enthusiast,None,2020-10-28 00:00:00
C000416,Casual,Bronze,2020-03-04 00:00:00
C000417,Enthusiast,Bronze,2023-08-04 00:00:00
C000418,Professional,None,2021-06-23 00:00:00
C000419,Professional,Bronze,2024-02-04 00:00:00
C000420,Professional,None,2020-11-05 00:00:00
C000421,Professional,None,2024-11-09 00:00:00
C000422,Professional,None,2020-01-30 00:00:00
C000423,Value,Silver,2023-07-09 00:00:00
C000424,Professional,None,2022-10-29 00:00:00
C000425,Casual,Silver,2023-12-25 00:00:00
C000426,Professional,None,2020-07-03 00:00:00
C000427,Enthusiast,Silver,2022-07-04 00:00:00
C000428,Professional,None,2023-04-07 00:00:00
C000429,Professional,Bronze,2021-09-23 00:00:00
C000430,Casual,None,2020-05-23 00:00:00
C000431,Enthusiast,Silver,2024-05-28 00:00:00
C000432,Casual,None,2022-07-27 00:00:00
C000433,Enthusiast,Bronze,2022-03-09 00:00:00
C000434,Professional,Bronze,2022-10-03 00:00:00
C000435,Professional,Silver,2022-11-06 00:00:00
C000436,Enthusiast,Gold,2023-12-03 00:00:00
C000437,Professional,Silver,2023-01-16 00:00:00
C000438,Casual,Silver,2022-06-25 00:00:00
C000439,Professional,Bronze,2020-03-29 00:00:00
C000440,Professional,Bronze,2024-08-02 00:00:00
C000441,Enthusiast,Bronze,2023-12-23 00:00:00
C000442,Casual,None,2021-07-11 00:00:00
C000443,Enthusiast,Bronze,2020-06-12 00:00:00
C000444,Value,Silver,2023-07-28 00:00:00
C000445,Value,Bronze,2020-07-01 00:00:00
C000446,Enthusiast,None,2020-07-20 00:00:00
C000447,Casual,Bronze,2021-07-05 00:00:00
C000448,Professional,Silver,2023-02-12 00:00:00
C000449,Value,Silver,2024-09-11 00:00:00
C000450,Value,None,2020-05-06 00:00:00
C000451,Casual,None,2023-04-23 00:00:00
C000452,Casual,Silver,2021-06-18 00:00:00
C000453,Casual,Silver,2020-04-03 00:00:00
C000454,Enthusiast,None,2020-07-09 00:00:00
C000455,Casual,Silver,2023-11-03 00:00:00
C000456,Casual,Silver,2021-12-07 00:00:00
C000457,Enthusiast,Gold,2022-03-06 00:00:00
C000458,Value,Silver,2021-03-20 00:00:00
C000459,Enthusiast,Silver,2020-01-07 00:00:00
C000460,Enthusiast,Silver,2024-07-12 00:00:00
C000461,Value,Silver,2023-01-18 00:00:00
C000462,Enthusiast,None,2021-09-19 00:00:00
C000463,Enthusiast,Silver,2024-05-21 00:00:00
C000464,Enthusiast,None,2022-05-18 00:00:00
C000465,Value,Silver,2021-01-26 00:00:00
C000466,Enthusiast,None,2023-04-21 00:00:00
C000467,Enthusiast,Silver,2020-12-18 00:00:00
C000468,Professional,None,2022-10-30 00:00:00
C000469,Value,Gold,2022-12-13 00:00:00
C000470,Value,Bronze,2024-04-03 00:00:00
C000471,Enthusiast,None,2020-02-08 00:00:00
C000472,Enthusiast,Gold,2024-12-06 00:00:00
C000473,Value,Bronze,2021-06-08 00:00:00
C000474,Casual,None,2020-05-04 00:00:00
C000475,Casual,Gold,2023-07-30 00:00:00
C000476,Casual,Silver,2023-11-09 00:00:00
C000477,Casual,None,2020-08-16 00:00:00
C000478,Casual,Bronze,2024-08-25 00:00:00
C000479,Professional,Silver,2022-03-19 00:00:00
C000480,Professional,None,2021-11-14 00:00:00
C000481,Casual,Bronze,2023-11-22 00:00:00
C000482,Value,Bronze,2022-07-20 00:00:00
C000483,Casual,Silver,2022-09-03 00:00:00
C000484,Enthusiast,None,2021-05-08 00:00:00
C000485,Enthusiast,None,2024-09-10 00:00:00
C000486,Casual,Bronze,2021-07-27 00:00:00
C000487,Enthusiast,None,2024-09-07 00:00:00
C000488,Enthusiast,None,2023-02-08 00:00:00
C000489,Casual,None,2021-09-21 00:00:00
C000490,Enthusiast,Bronze,2020-02-24 00:00:00
C000491,Value,None,2020-02-21 00:00:00
C000492,Casual,None,2022-06-08 00:00:00
C000493,Casual,Bronze,2021-02-15 00:00:00
C000494,Value,Bronze,2020-08-30 00:00:00
C000495,Professional,Silver,2020-12-18 00:00:00
C000496,Value,Bronze,2021-10-07 00:00:00
C000497,Professional,Bronze,2023-04-12 00:00:00
C000498,Enthusiast,Bronze,2023-01-29 00:00:00
C000499,Value,None,2023-06-22 00:00:00
C000500,Enthusiast,Bronze,2023-11-05 00:00:00
C000501,Casual,Silver,2023-11-13 00:00:00
C000502,Casual,Silver,2020-06-22 00:00:00
C000503,Enthusiast,Bronze,2022-02-12 00:00:00
C000504,Enthusiast,Gold,2020-05-27 00:00:00
C000505,Professional,Silver,2022-06-06 00:00:00
C000506,Professional,None,2022-10-31 00:00:00
C000507,Value,Gold,2020-04-21 00:00:00
C000508,Value,None,2021-08-13 00:00:00
C000509,Value,Bronze,2021-11-07 00:00:00
C000510,Enthusiast,Bronze,2022-12-26 00:00:00
C000511,Enthusiast,None,2024-09-16 00:00:00
C000512,Enthusiast,Bronze,2020-01-25 00:00:00
C000513,Casual,Bronze,2022-09-13 00:00:00
C000514,Casual,None,2024-10-22 00:00:00
C000515,Value,Silver,2020-01-12 00:00:00
C000516,Casual,Bronze,2024-11-18 00:00:00
C000517,Professional,Bronze,2023-01-02 00:00:00
C000518,Casual,Bronze,2023-07-01 00:00:00
C000519,Value,None,2024-04-12 00:00:00
C000520,Value,Silver,2020-05-04 00:00:00
C000521,Value,Gold,2020-01-11 00:00:00
C000522,Enthusiast,Platinum,2024-06-20 00:00:00
C000523,Casual,None,2022-02-17 00:00:00
C000524,Value,Silver,2022-07-05 00:00:00
C000525,Value,Silver,2021-09-06 00:00:00
C000526,Enthusiast,None,2024-10-15 00:00:00
C000527,Casual,Platinum,2020-05-29 00:00:00
C000528,Value,None,2024-10-08 00:00:00
C000529,Value,Silver,2024-06-24 00:00:00
C000530,Casual,Bronze,2021-07-13 00:00:00
C000531,Value,Silver,2022-01-10 00:00:00
C000532,Casual,Silver,2022-03-06 00:00:00
C000533,Professional,Silver,2022-05-05 00:00:00
C000534,Enthusiast,Silver,2022-01-03 00:00:00
C000535,Value,Bronze,2024-11-26 00:00:00
C000536,Casual,Silver,2020-06-06 00:00:00
C000537,Casual,Gold,2021-05-24 00:00:00
C000538,Enthusiast,Bronze,2023-07-01 00:00:00
C000539,Enthusiast,Bronze,2023-12-03 00:00:00
C000540,Value,Bronze,2022-11-08 00:00:00
C000541,Casual,None,2023-10-04 00:00:00
C000542,Enthusiast,None,2021-06-07 00:00:00
C000543,Value,Silver,2024-04-15 00:00:00
C000544,Casual,None,2020-04-04 00:00:00
C000545,Value,Bronze,2020-12-29 00:00:00
C000546,Casual,Platinum,2020-11-20 00:00:00
C000547,Professional,Gold,2023-01-13 00:00:00
C000548,Enthusiast,Bronze,2021-01-02 00:00:00
C000549,Casual,Bronze,2021-10-14 00:00:00
C000550,Professional,None,2024-01-06 00:00:00
C000551,Enthusiast,None,2020-07-01 00:00:00
C000552,Casual,Bronze,2021-11-15 00:00:00
C000553,Enthusiast,Bronze,2023-10-31 00:00:00
C000554,Professional,None,2024-12-08 00:00:00
C000555,Value,None,2024-04-20 00:00:00
C000556,Casual,Bronze,2023-07-25 00:00:00
C000557,Value,Bronze,2021-04-05 00:00:00
C000558,Professional,Silver,2021-01-18 00:00:00
C000559,Casual,Bronze,2021-01-14 00:00:00
C000560,Casual,None,2024-03-18 00:00:00
C000561,Professional,Bronze,2023-09-29 00:00:00
C000562,Professional,Silver,2024-08-16 00:00:00
C000563,Value,Silver,2024-11-10 00:00:00
C000564,Casual,Bronze,2021-04-02 00:00:00
C000565,Casual,None,2021-02-27 00:00:00
C000566,Value,Silver,2021-02-25 00:00:00
C000567,Casual,None,2021-09-07 00:00:00
C000568,Professional,None,2022-09-01 00:00:00
C000569,Casual,None,2023-11-13 00:00:00
C000570,Enthusiast,Silver,2020-01-09 00:00:00
C000571,Casual,Bronze,2024-01-09 00:00:00
C000572,Value,None,2021-04-09 00:00:00
C000573,Value,Bronze,2021-10-08 00:00:00
C000574,Professional,None,2022-08-16 00:00:00
C000575,Value,None,2021-09-27 00:00:00
C000576,Professional,Bronze,2024-11-06 00:00:00
C000577,Professional,Bronze,2023-08-03 00:00:00
C000578,Casual,Bronze,2021-10-10 00:00:00
C000579,Professional,Bronze,2020-06-08 00:00:00
C000580,Casual,None,2020-02-22 00:00:00
C000581,Enthusiast,Gold,2023-05-12 00:00:00
C000582,Professional,Gold,2022-06-26 00:00:00
C000583,Professional,None,2021-03-11 00:00:00
C000584,Enthusiast,Gold,2024-03-22 00:00:00
C000585,Value,None,2022-05-24 00:00:00
C000586,Enthusiast,Gold,2022-08-12 00:00:00
C000587,Casual,Gold,2021-05-04 00:00:00
C000588,Casual,None,2023-03-26 00:00:00
C000589,Enthusiast,None,2022-09-11 00:00:00
C000590,Casual,Silver,2021-08-13 00:00:00
C000591,Value,Silver,2022-09-11 00:00:00
C000592,Enthusiast,Silver,2021-09-27 00:00:00
C000593,Casual,Bronze,2021-03-11 00:00:00
C000594,Casual,Silver,2021-07-06 00:00:00
C000595,Enthusiast,Bronze,2020-01-30 00:00:00
C000596,Enthusiast,Platinum,2022-11-16 00:00:00
C000597,Professional,Silver,2023-07-09 00:00:00
C000598,Value,None,2022-09-12 00:00:00
C000599,Professional,Bronze,2023-01-23 00:00:00
C000600,Value,Silver,2023-10-18 00:00:00
C000601,Casual,Bronze,2024-11-21 00:00:00
C000602,Enthusiast,None,2023-02-01 00:00:00
C000603,Professional,None,2022-01-19 00:00:00
C000604,Professional,Silver,2022-09-26 00:00:00
C000605,Casual,None,2022-10-21 00:00:00
C000606,Enthusiast,Bronze,2020-10-25 00:00:00
C000607,Value,Bronze,2021-10-23 00:00:00
C000608,Enthusiast,None,2024-12-25 00:00:00
C000609,Enthusiast,Silver,2023-07-14 00:00:00
C000610,Casual,None,2023-11-19 00:00:00
C000611,Casual,Silver,2023-06-30 00:00:00
C000612,Enthusiast,Bronze,2020-08-16 00:00:00
C000613,Casual,None,2024-06-04 00:00:00
C000614,Value,Silver,2023-01-17 00:00:00
C000615,Value,Silver,2021-09-01 00:00:00
C000616,Professional,Gold,2023-07-23 00:00:00
C000617,Professional,None,2024-07-23 00:00:00
C000618,Professional,None,2021-03-30 00:00:00
C000619,Professional,Bronze,2021-08-18 00:00:00
C000620,Value,Gold,2023-11-30 00:00:00
C000621,Value,None,2023-04-10 00:00:00
C000622,Value,Silver,2024-09-28 00:00:00
C000623,Professional,Bronze,2023-03-07 00:00:00
C000624,Value,Bronze,2021-01-20 00:00:00
C000625,Value,Bronze,2021-11-15 00:00:00
C000626,Enthusiast,Gold,2023-10-20 00:00:00
C000627,Casual,Bronze,2023-02-11 00:00:00
C000628,Casual,None,2023-04-15 00:00:00
C000629,Enthusiast,Silver,2020-11-24 00:00:00
C000630,Professional,Gold,2023-04-10 00:00:00
C000631,Enthusiast,Gold,2021-04-25 00:00:00
C000632,Casual,Silver,2022-02-22 00:00:00
C000633,Casual,Bronze,2023-09-15 00:00:00
C000634,Casual,None,2022-11-06 00:00:00
C000635,Value,Gold,2021-12-26 00:00:00
C000636,Value,Bronze,2022-03-21 00:00:00
C000637,Value,None,2022-05-08 00:00:00
C000638,Enthusiast,Gold,2021-04-04 00:00:00
C000639,Enthusiast,Silver,2022-04-18 00:00:00
C000640,Enthusiast,Gold,2024-01-15 00:00:00
C000641,Value,Gold,2020-12-11 00:00:00
C000642,Enthusiast,None,2024-12-29 00:00:00
C000643,Enthusiast,Silver,2022-10-15 00:00:00
C000644,Professional,None,2023-01-12 00:00:00
C000645,Professional,Bronze,2024-06-22 00:00:00
C000646,Enthusiast,Bronze,2021-08-15 00:00:00
C000647,Value,Bronze,2024-07-12 00:00:00
C000648,Casual,Bronze,2022-04-22 00:00:00
C000649,Enthusiast,Silver,2020-10-08 00:00:00
C000650,Casual,Platinum,2021-09-11 00:00:00
C000651,Enthusiast,None,2023-04-29 00:00:00
C000652,Professional,Silver,2021-01-31 00:00:00
C000653,Professional,Gold,2023-02-13 00:00:00
C000654,Professional,Gold,2024-01-26 00:00:00
C000655,Professional,Gold,2022-12-17 00:00:00
C000656,Casual,Platinum,2023-01-11 00:00:00
C000657,Casual,Silver,2022-03-22 00:00:00
C000658,Casual,Gold,2021-10-07 00:00:00
C000659,Value,Bronze,2021-03-16 00:00:00
C000660,Professional,None,2024-01-06 00:00:00
C000661,Value,Silver,2022-08-06 00:00:00
C000662,Professional,Silver,2024-06-08 00:00:00
C000663,Enthusiast,Bronze,2024-07-18 00:00:00
C000664,Value,Silver,2023-03-13 00:00:00
C000665,Casual,Gold,2023-10-18 00:00:00
C000666,Professional,None,2021-11-18 00:00:00
C000667,Value,None,2020-04-13 00:00:00
C000668,Casual,Bronze,2021-10-12 00:00:00
C000669,Value,None,2020-05-26 00:00:00
C000670,Professional,None,2022-05-19 00:00:00
C000671,Casual,None,2021-06-27 00:00:00
C000672,Casual,Bronze,2023-06-06 00:00:00
C000673,Value,Bronze,2020-05-12 00:00:00
C000674,Casual,None,2024-01-21 00:00:00
C000675,Casual,Platinum,2021-03-25 00:00:00
C000676,Enthusiast,Bronze,2021-03-07 00:00:00
C000677,Value,Silver,2022-08-21 00:00:00
C000678,Value,Bronze,2024-07-12 00:00:00
C000679,Enthusiast,Bronze,2023-08-13 00:00:00
C000680,Professional,None,2020-02-03 00:00:00
C000681,Casual,Bronze,2024-04-05 00:00:00
C000682,Value,Gold,2024-05-31 00:00:00
C000683,Value,Bronze,2020-03-08 00:00:00
C000684,Professional,Gold,2024-04-09 00:00:00
C000685,Casual,Silver,2021-08-28 00:00:00
C000686,Value,None,2024-12-12 00:00:00
C000687,Enthusiast,None,2023-04-21 00:00:00
C000688,Enthusiast,Gold,2020-07-13 00:00:00
C000689,Enthusiast,Silver,2022-04-15 00:00:00
C000690,Enthusiast,Silver,2023-10-05 00:00:00
C000691,Value,Bronze,2021-09-30 00:00:00
C000692,Casual,Bronze,2020-03-31 00:00:00
C000693,Value,None,2023-03-26 00:00:00
C000694,Professional,Bronze,2022-07-22 00:00:00
C000695,Professional,Bronze,2024-02-15 00:00:00
C000696,Enthusiast,None,2023-07-14 00:00:00
C000697,Value,Platinum,2023-01-06 00:00:00
C000698,Value,None,2023-05-30 00:00:00
C000699,Professional,Bronze,2022-05-27 00:00:00
C000700,Enthusiast,Gold,2020-08-30 00:00:00
C000701,Enthusiast,None,2024-03-26 00:00:00
C000702,Enthusiast,Bronze,2021-03-15 00:00:00
C000703,Enthusiast,Bronze,2023-01-12 00:00:00
C000704,Enthusiast,Silver,2024-07-24 00:00:00
C000705,Value,Silver,2020-10-07 00:00:00
C000706,Professional,Silver,2023-09-11 00:00:00
C000707,Casual,None,2022-07-07 00:00:00
C000708,Enthusiast,Bronze,2023-09-22 00:00:00
C000709,Value,Gold,2020-10-25 00:00:00
C000710,Enthusiast,Bronze,2021-08-18 00:00:00
C000711,Casual,Silver,2020-05-15 00:00:00
C000712,Casual,Bronze,2020-04-19 00:00:00
C000713,Professional,None,2020-08-21 00:00:00
C000714,Casual,Bronze,2020-07-01 00:00:00
C000715,Professional,Gold,2023-02-15 00:00:00
C000716,Enthusiast,Gold,2024-01-31 00:00:00
C000717,Enthusiast,Bronze,2023-07-05 00:00:00
C000718,Professional,None,2024-01-17 00:00:00
C000719,Enthusiast,Bronze,2024-12-26 00:00:00
C000720,Casual,None,2024-04-12 00:00:00
C000721,Casual,None,2022-09-29 00:00:00
C000722,Casual,None,2020-07-15 00:00:00
C000723,Professional,Bronze,2022-10-09 00:00:00
C000724,Enthusiast,Bronze,2024-01-17 00:00:00
C000725,Professional,Bronze,2022-07-07 00:00:00
C000726,Enthusiast,Platinum,2023-01-06 00:00:00
C000727,Enthusiast,Silver,2021-03-04 00:00:00
C000728,Casual,None,2020-01-04 00:00:00
C000729,Casual,None,2022-09-07 00:00:00
C000730,Casual,Bronze,2021-10-15 00:00:00
C000731,Value,Bronze,2021-03-05 00:00:00
C000732,Value,None,2024-01-04 00:00:00
C000733,Enthusiast,Bronze,2022-06-29 00:00:00
C000734,Enthusiast,Gold,2024-06-29 00:00:00
C000735,Professional,Silver,2024-03-07 00:00:00
C000736,Professional,None,2022-11-20 00:00:00
C000737,Enthusiast,Silver,2020-10-28 00:00:00
C000738,Value,Bronze,2020-07-10 00:00:00
C000739,Professional,Silver,2021-07-01 00:00:00
C000740,Professional,None,2020-01-01 00:00:00
C000741,Value,Silver,2024-08-13 00:00:00
C000742,Value,Gold,2021-07-02 00:00:00
C000743,Enthusiast,None,2024-02-13 00:00:00
C000744,Value,Bronze,2022-02-01 00:00:00
C000745,Enthusiast,Silver,2021-06-19 00:00:00
C000746,Enthusiast,None,2020-04-15 00:00:00
C000747,Enthusiast,Silver,2022-02-10 00:00:00
C000748,Casual,Bronze,2024-09-07 00:00:00
C000749,Professional,None,2023-09-08 00:00:00
C000750,Value,None,2021-12-13 00:00:00
C000751,Enthusiast,Silver,2020-10-26 00:00:00
C000752,Value,Bronze,2022-06-13 00:00:00
C000753,Value,Bronze,2024-12-29 00:00:00
C000754,Casual,None,2020-11-18 00:00:00
C000755,Professional,None,2022-01-31 00:00:00
C000756,Value,Bronze,2022-09-20 00:00:00
C000757,Professional,None,2023-03-17 00:00:00
C000758,Value,Silver,2023-03-17 00:00:00
C000759,Professional,Silver,2020-09-10 00:00:00
C000760,Professional,Silver,2023-09-05 00:00:00
C000761,Professional,None,2020-02-29 00:00:00
C000762,Professional,Gold,2024-03-11 00:00:00
C000763,Value,Silver,2021-08-30 00:00:00
C000764,Enthusiast,None,2023-06-25 00:00:00
C000765,Value,Gold,2024-05-11 00:00:00
C000766,Casual,Gold,2022-01-31 00:00:00
C000767,Professional,Silver,2021-10-06 00:00:00
C000768,Enthusiast,None,2020-06-10 00:00:00
C000769,Enthusiast,Silver,2022-11-16 00:00:00
C000770,Enthusiast,Bronze,2020-11-28 00:00:00
C000771,Professional,None,2024-11-29 00:00:00
C000772,Enthusiast,Silver,2024-04-15 00:00:00
C000773,Enthusiast,Platinum,2020-04-01 00:00:00
C000774,Value,None,2023-06-25 00:00:00
C000775,Professional,Bronze,2020-10-09 00:00:00
C000776,Casual,Bronze,2021-05-10 00:00:00
C000777,Professional,Silver,2020-01-21 00:00:00
C000778,Value,Silver,2020-05-06 00:00:00
C000779,Casual,None,2024-04-28 00:00:00
C000780,Value,Bronze,2024-12-28 00:00:00
C000781,Enthusiast,Silver,2024-10-25 00:00:00
C000782,Casual,Bronze,2023-07-07 00:00:00
C000783,Professional,Bronze,2023-11-05 00:00:00
C000784,Value,None,2024-12-26 00:00:00
C000785,Casual,Bronze,2023-05-07 00:00:00
C000786,Value,None,2022-11-17 00:00:00
C000787,Casual,None,2024-01-10 00:00:00
C000788,Professional,Bronze,2022-06-06 00:00:00
C000789,Casual,Silver,2020-08-13 00:00:00
C000790,Enthusiast,None,2021-12-06 00:00:00
C000791,Professional,Bronze,2023-05-01 00:00:00
C000792,Professional,None,2020-01-17 00:00:00
C000793,Enthusiast,Gold,2024-01-10 00:00:00
C000794,Casual,Gold,2021-05-15 00:00:00
C000795,Enthusiast,Gold,2022-12-17 00:00:00
C000796,Casual,None,2022-12-22 00:00:00
C000797,Enthusiast,None,2023-10-15 00:00:00
C000798,Value,None,2022-07-14 00:00:00
C000799,Enthusiast,Gold,2022-01-21 00:00:00
C000800,Casual,Silver,2022-09-04 00:00:00
C000801,Enthusiast,None,2022-03-28 00:00:00
C000802,Professional,Gold,2021-07-06 00:00:00
C000803,Casual,None,2023-08-06 00:00:00
C000804,Enthusiast,Gold,2022-12-31 00:00:00
C000805,Professional,Bronze,2024-09-17 00:00:00
C000806,Casual,Bronze,2023-01-01 00:00:00
C000807,Professional,None,2024-03-26 00:00:00
C000808,Value,Bronze,2022-07-05 00:00:00
C000809,Enthusiast,Bronze,2020-12-07 00:00:00
C000810,Professional,None,2021-01-15 00:00:00
C000811,Casual,Bronze,2023-07-24 00:00:00
C000812,Enthusiast,Bronze,2024-04-22 00:00:00
C000813,Professional,Gold,2022-08-11 00:00:00
C000814,Enthusiast,Bronze,2024-07-22 00:00:00
C000815,Professional,Silver,2024-07-17 00:00:00
C000816,Enthusiast,Bronze,2022-03-14 00:00:00
C000817,Professional,None,2022-07-15 00:00:00
C000818,Casual,None,2020-09-28 00:00:00
C000819,Enthusiast,None,2021-10-23 00:00:00
C000820,Value,None,2020-02-03 00:00:00
C000821,Professional,Bronze,2023-02-18 00:00:00
C000822,Casual,Bronze,2024-08-31 00:00:00
C000823,Professional,Bronze,2024-06-03 00:00:00
C000824,Value,None,2022-07-20 00:00:00
C000825,Casual,Bronze,2022-07-07 00:00:00
C000826,Professional,None,2023-10-23 00:00:00
C000827,Professional,Silver,2024-04-24 00:00:00
C000828,Professional,Silver,2020-11-23 00:00:00
C000829,Value,Silver,2022-05-20 00:00:00
C000830,Professional,Gold,2020-12-13 00:00:00
C000831,Casual,Silver,2022-10-27 00:00:00
C000832,Casual,Bronze,2021-05-07 00:00:00
C000833,Value,Bronze,2024-04-04 00:00:00
C000834,Value,Gold,2023-08-01 00:00:00
C000835,Enthusiast,None,2024-08-21 00:00:00
C000836,Professional,None,2021-03-30 00:00:00
C000837,Enthusiast,Silver,2020-03-23 00:00:00
C000838,Professional,None,2020-08-26 00:00:00
C000839,Value,Gold,2020-11-11 00:00:00
C000840,Professional,Gold,2024-02-11 00:00:00
C000841,Enthusiast,Gold,2021-10-31 00:00:00
C000842,Professional,Silver,2023-08-15 00:00:00
C000843,Casual,Bronze,2023-07-31 00:00:00
C000844,Casual,None,2024-11-21 00:00:00
C000845,Professional,None,2021-04-19 00:00:00
C000846,Value,None,2020-07-28 00:00:00
C000847,Professional,Gold,2023-11-21 00:00:00
C000848,Casual,Silver,2021-01-06 00:00:00
C000849,Value,None,2024-10-09 00:00:00
C000850,Casual,None,2022-05-22 00:00:00
C000851,Professional,Bronze,2022-03-13 00:00:00
C000852,Professional,Bronze,2021-10-10 00:00:00
C000853,Value,Bronze,2020-09-19 00:00:00
C000854,Casual,Gold,2023-10-04 00:00:00
C000855,Value,Silver,2023-08-01 00:00:00
C000856,Value,Bronze,2020-06-15 00:00:00
C000857,Professional,Silver,2023-03-04 00:00:00
C000858,Enthusiast,Silver,2021-10-01 00:00:00
C000859,Enthusiast,Bronze,2022-12-29 00:00:00
C000860,Casual,None,2024-08-11 00:00:00
C000861,Value,Platinum,2021-07-12 00:00:00
C000862,Casual,Silver,2022-03-21 00:00:00
C000863,Casual,None,2021-09-30 00:00:00
C000864,Casual,Gold,2020-05-28 00:00:00
C000865,Enthusiast,Bronze,2022-07-24 00:00:00
C000866,Professional,Gold,2020-06-05 00:00:00
C000867,Professional,None,2024-08-23 00:00:00
C000868,Enthusiast,Silver,2022-02-19 00:00:00
C000869,Enthusiast,Gold,2021-04-06 00:00:00
C000870,Enthusiast,Silver,2021-10-01 00:00:00
C000871,Value,None,2021-11-03 00:00:00
C000872,Value,None,2022-11-17 00:00:00
C000873,Casual,Gold,2024-06-04 00:00:00
C000874,Professional,Silver,2020-10-21 00:00:00
C000875,Enthusiast,Bronze,2022-02-05 00:00:00
C000876,Casual,Gold,2024-04-11 00:00:00
C000877,Casual,None,2024-06-13 00:00:00
C000878,Casual,Bronze,2022-05-26 00:00:00
C000879,Professional,None,2021-09-30 00:00:00
C000880,Professional,Gold,2022-12-27 00:00:00
C000881,Value,Silver,2020-06-28 00:00:00
C000882,Professional,Bronze,2022-05-31 00:00:00
C000883,Casual,Silver,2024-03-19 00:00:00
C000884,Professional,Silver,2022-02-06 00:00:00
C000885,Professional,Bronze,2024-06-08 00:00:00
C000886,Value,None,2020-11-13 00:00:00
C000887,Professional,Silver,2021-05-30 00:00:00
C000888,Casual,None,2021-06-23 00:00:00
C000889,Professional,Gold,2022-08-10 00:00:00
C000890,Value,None,2021-11-29 00:00:00
C000891,Professional,Silver,2023-02-24 00:00:00
C000892,Value,Silver,2024-11-23 00:00:00
C000893,Casual,Silver,2021-10-10 00:00:00
C000894,Value,Silver,2023-07-05 00:00:00
C000895,Value,Bronze,2021-12-20 00:00:00
C000896,Enthusiast,Silver,2022-10-05 00:00:00
C000897,Enthusiast,Silver,2023-05-10 00:00:00
C000898,Casual,Silver,2023-02-06 00:00:00
C000899,Casual,Silver,2023-12-16 00:00:00
C000900,Professional,Silver,2024-10-08 00:00:00
C000901,Professional,Bronze,2024-10-03 00:00:00
C000902,Casual,Silver,2023-02-21 00:00:00
C000903,Value,Gold,2024-05-30 00:00:00
C000904,Enthusiast,Bronze,2022-04-15 00:00:00
C000905,Casual,Silver,2024-02-27 00:00:00
C000906,Enthusiast,Silver,2022-04-30 00:00:00
C000907,Professional,Bronze,2023-10-25 00:00:00
C000908,Casual,Silver,2020-08-10 00:00:00
C000909,Value,Bronze,2024-11-01 00:00:00
C000910,Professional,Silver,2021-03-03 00:00:00
C000911,Enthusiast,Gold,2024-11-12 00:00:00
C000912,Casual,Platinum,2020-06-10 00:00:00
C000913,Professional,Bronze,2021-03-16 00:00:00
C000914,Casual,Silver,2024-01-13 00:00:00
C000915,Casual,Bronze,2021-09-28 00:00:00
C000916,Professional,Silver,2020-06-21 00:00:00
C000917,Casual,Bronze,2020-09-10 00:00:00
C000918,Professional,Bronze,2024-02-17 00:00:00
C000919,Casual,Bronze,2023-03-03 00:00:00
C000920,Value,Bronze,2024-10-11 00:00:00
C000921,Enthusiast,None,2022-04-04 00:00:00
C000922,Casual,Bronze,2024-09-26 00:00:00
C000923,Professional,Gold,2021-01-04 00:00:00
C000924,Enthusiast,Bronze,2024-11-21 00:00:00
C000925,Enthusiast,Silver,2021-11-03 00:00:00
C000926,Enthusiast,None,2021-09-07 00:00:00
C000927,Enthusiast,Gold,2022-02-06 00:00:00
C000928,Value,Gold,2024-04-01 00:00:00
C000929,Professional,None,2023-02-02 00:00:00
C000930,Value,None,2024-08-23 00:00:00
C000931,Casual,Silver,2024-10-06 00:00:00
C000932,Value,Silver,2020-09-29 00:00:00
C000933,Casual,Silver,2022-07-05 00:00:00
C000934,Professional,None,2023-10-12 00:00:00
C000935,Enthusiast,Bronze,2022-01-05 00:00:00
C000936,Enthusiast,None,2020-02-02 00:00:00
C000937,Professional,Bronze,2023-05-29 00:00:00
C000938,Casual,Silver,2020-05-20 00:00:00
C000939,Casual,None,2023-12-17 00:00:00
C000940,Value,None,2020-10-10 00:00:00
C000941,Professional,Silver,2024-02-15 00:00:00
C000942,Enthusiast,Silver,2022-10-02 00:00:00
C000943,Value,Gold,2021-09-08 00:00:00
C000944,Enthusiast,Gold,2020-08-29 00:00:00
C000945,Enthusiast,None,2022-05-29 00:00:00
C000946,Casual,Bronze,2020-11-15 00:00:00
C000947,Value,None,2021-10-27 00:00:00
C000948,Casual,Silver,2024-09-15 00:00:00
C000949,Value,None,2024-12-03 00:00:00
C000950,Professional,Gold,2022-12-24 00:00:00
C000951,Professional,None,2023-03-05 00:00:00
C000952,Enthusiast,None,2024-01-21 00:00:00
C000953,Casual,Gold,2024-03-27 00:00:00
C000954,Casual,Bronze,2024-07-20 00:00:00
C000955,Value,Silver,2022-05-16 00:00:00
C000956,Enthusiast,Silver,2021-02-03 00:00:00
C000957,Value,Bronze,2024-08-30 00:00:00
C000958,Enthusiast,Gold,2023-09-21 00:00:00
C000959,Enthusiast,Bronze,2023-09-17 00:00:00
C000960,Professional,Bronze,2022-03-12 00:00:00
C000961,Value,Gold,2022-05-01 00:00:00
C000962,Casual,Gold,2024-08-12 00:00:00
C000963,Professional,None,2020-06-03 00:00:00
C000964,Value,Gold,2021-04-30 00:00:00
C000965,Enthusiast,Silver,2023-11-21 00:00:00
C000966,Enthusiast,None,2022-02-09 00:00:00
C000967,Casual,None,2020-07-27 00:00:00
C000968,Value,Silver,2021-01-18 00:00:00
C000969,Value,Bronze,2021-04-02 00:00:00
C000970,Professional,Bronze,2022-04-12 00:00:00
C000971,Enthusiast,Bronze,2023-03-12 00:00:00
C000972,Value,Bronze,2023-11-23 00:00:00
C000973,Casual,Bronze,2024-03-06 00:00:00
C000974,Enthusiast,Silver,2021-03-07 00:00:00
C000975,Casual,None,2023-09-04 00:00:00
C000976,Value,None,2021-01-18 00:00:00
C000977,Value,None,2024-05-01 00:00:00
C000978,Value,Bronze,2020-10-29 00:00:00
C000979,Professional,Gold,2020-07-09 00:00:00
C000980,Value,Bronze,2023-06-07 00:00:00
C000981,Casual,Silver,2024-10-18 00:00:00
C000982,Value,None,2022-09-20 00:00:00
C000983,Enthusiast,Silver,2024-05-10 00:00:00
C000984,Casual,Gold,2024-09-04 00:00:00
C000985,Enthusiast,Gold,2021-03-19 00:00:00
C000986,Enthusiast,None,2020-11-16 00:00:00
C000987,Professional,None,2024-08-11 00:00:00
C000988,Value,None,2024-09-23 00:00:00
C000989,Enthusiast,None,2023-10-17 00:00:00
C000990,Professional,None,2020-08-18 00:00:00
C000991,Enthusiast,Bronze,2020-10-01 00:00:00
C000992,Casual,None,2023-06-14 00:00:00
C000993,Professional,Silver,2022-06-17 00:00:00
C000994,Enthusiast,None,2020-07-20 00:00:00
C000995,Professional,Bronze,2023-08-03 00:00:00
C000996,Professional,Gold,2021-05-07 00:00:00
C000997,Professional,None,2020-03-30 00:00:00
C000998,Value,None,2022-01-11 00:00:00
C000999,Enthusiast,None,2020-03-30 00:00:00
C001000,Casual,Bronze,2024-03-01 00:00:00
C001001,Enthusiast,Bronze,2024-01-21 00:00:00
C001002,Casual,Bronze,2020-10-16 00:00:00
C001003,Casual,Gold,2023-10-20 00:00:00
C001004,Professional,Gold,2020-01-25 00:00:00
C001005,Professional,Platinum,2024-04-20 00:00:00
C001006,Value,None,2024-12-18 00:00:00
C001007,Professional,Gold,2022-09-09 00:00:00
C001008,Value,Platinum,2024-01-17 00:00:00
C001009,Value,None,2020-07-07 00:00:00
C001010,Casual,Bronze,2022-04-06 00:00:00
C001011,Professional,Bronze,2020-12-02 00:00:00
C001012,Casual,None,2023-04-27 00:00:00
C001013,Value,None,2020-02-09 00:00:00
C001014,Enthusiast,Silver,2022-02-26 00:00:00
C001015,Value,Bronze,2022-06-21 00:00:00
C001016,Professional,None,2021-09-07 00:00:00
C001017,Professional,Bronze,2020-03-14 00:00:00
C001018,Value,Silver,2020-07-17 00:00:00
C001019,Professional,Gold,2024-08-01 00:00:00
C001020,Value,Silver,2020-06-02 00:00:00
C001021,Value,Bronze,2022-06-20 00:00:00
C001022,Value,None,2023-01-26 00:00:00
C001023,Professional,Bronze,2021-05-30 00:00:00
C001024,Value,None,2020-05-29 00:00:00
C001025,Professional,Silver,2023-04-27 00:00:00
C001026,Enthusiast,Silver,2022-01-01 00:00:00
C001027,Enthusiast,Bronze,2021-01-28 00:00:00
C001028,Casual,Platinum,2024-09-24 00:00:00
C001029,Value,Bronze,2023-10-04 00:00:00
C001030,Casual,Bronze,2023-06-12 00:00:00
C001031,Casual,Silver,2021-03-16 00:00:00
C001032,Professional,Silver,2020-11-18 00:00:00
C001033,Casual,Gold,2021-02-06 00:00:00
C001034,Professional,Bronze,2022-05-28 00:00:00
C001035,Casual,Gold,2020-07-23 00:00:00
C001036,Casual,Bronze,2020-07-10 00:00:00
C001037,Professional,Silver,2023-09-13 00:00:00
C001038,Professional,Silver,2022-11-24 00:00:00
C001039,Value,None,2023-11-04 00:00:00
C001040,Casual,Silver,2020-03-25 00:00:00
C001041,Casual,None,2023-08-12 00:00:00
C001042,Casual,Silver,2023-02-11 00:00:00
C001043,Professional,Bronze,2024-08-10 00:00:00
C001044,Value,Silver,2022-10-31 00:00:00
C001045,Casual,None,2023-09-18 00:00:00
C001046,Enthusiast,Bronze,2020-09-26 00:00:00
C001047,Value,Bronze,2022-08-27 00:00:00
C001048,Enthusiast,None,2022-12-13 00:00:00
C001049,Value,Bronze,2020-12-29 00:00:00
C001050,Professional,Silver,2020-04-29 00:00:00
C001051,Value,Bronze,2021-10-30 00:00:00
C001052,Value,None,2024-09-11 00:00:00
C001053,Casual,None,2023-11-29 00:00:00
C001054,Professional,None,2024-07-29 00:00:00
C001055,Casual,Bronze,2020-08-26 00:00:00
C001056,Enthusiast,None,2024-02-26 00:00:00
C001057,Value,Gold,2023-12-20 00:00:00
C001058,Enthusiast,Silver,2020-05-17 00:00:00
C001059,Enthusiast,None,2021-02-26 00:00:00
C001060,Value,None,2020-02-11 00:00:00
C001061,Value,Gold,2020-08-01 00:00:00
C001062,Enthusiast,None,2021-04-21 00:00:00
C001063,Casual,None,2021-03-02 00:00:00
C001064,Casual,Bronze,2024-07-02 00:00:00
C001065,Casual,Silver,2022-05-26 00:00:00
C001066,Value,None,2022-02-05 00:00:00
C001067,Casual,None,2020-11-03 00:00:00
C001068,Value,Gold,2023-03-18 00:00:00
C001069,Professional,None,2020-11-04 00:00:00
C001070,Enthusiast,Gold,2024-03-28 00:00:00
C001071,Casual,Silver,2024-01-06 00:00:00
C001072,Value,Silver,2022-09-20 00:00:00
C001073,Value,Silver,2020-06-30 00:00:00
C001074,Enthusiast,None,2020-11-04 00:00:00
C001075,Enthusiast,None,2020-07-26 00:00:00
C001076,Professional,Gold,2021-06-18 00:00:00
C001077,Value,Silver,2021-01-06 00:00:00
C001078,Value,Bronze,2021-03-14 00:00:00
C001079,Professional,None,2022-09-07 00:00:00
C001080,Enthusiast,Bronze,2022-09-10 00:00:00
C001081,Casual,Silver,2021-09-14 00:00:00
C001082,Value,None,2023-11-30 00:00:00
C001083,Professional,Bronze,2022-07-25 00:00:00
C001084,Casual,Gold,2020-02-03 00:00:00
C001085,Enthusiast,None,2023-06-23 00:00:00
C001086,Professional,Bronze,2021-07-08 00:00:00
C001087,Professional,Bronze,2021-01-02 00:00:00
C001088,Casual,Silver,2024-09-20 00:00:00
C001089,Enthusiast,Silver,2022-02-10 00:00:00
C001090,Casual,None,2021-04-23 00:00:00
C001091,Casual,None,2021-11-02 00:00:00
C001092,Value,Bronze,2023-11-21 00:00:00
C001093,Professional,Bronze,2021-06-12 00:00:00
C001094,Value,None,2021-08-29 00:00:00
C001095,Professional,Bronze,2020-09-04 00:00:00
C001096,Value,None,2020-10-11 00:00:00
C001097,Casual,Bronze,2020-03-28 00:00:00
C001098,Enthusiast,Silver,2020-01-10 00:00:00
C001099,Value,None,2023-07-15 00:00:00
C001100,Enthusiast,Silver,2024-06-16 00:00:00
C001101,Professional,Silver,2023-11-21 00:00:00
C001102,Value,Bronze,2023-08-29 00:00:00
C001103,Value,Platinum,2020-02-25 00:00:00
C001104,Professional,Bronze,2023-02-09 00:00:00
C001105,Enthusiast,Silver,2024-02-13 00:00:00
C001106,Professional,Bronze,2021-03-10 00:00:00
C001107,Casual,None,2020-08-16 00:00:00
C001108,Value,Silver,2023-01-20 00:00:00
C001109,Professional,Platinum,2024-09-19 00:00:00
C001110,Professional,Silver,2022-08-30 00:00:00
C001111,Enthusiast,Silver,2021-01-09 00:00:00
C001112,Enthusiast,None,2020-05-17 00:00:00
C001113,Casual,Bronze,2022-05-31 00:00:00
C001114,Professional,Silver,2024-02-19 00:00:00
C001115,Professional,Bronze,2024-05-26 00:00:00
C001116,Enthusiast,None,2024-09-20 00:00:00
C001117,Casual,Gold,2021-01-01 00:00:00
C001118,Value,Silver,2023-02-05 00:00:00
C001119,Value,None,2022-09-30 00:00:00
C001120,Value,Platinum,2022-11-15 00:00:00
C001121,Casual,Silver,2021-04-14 00:00:00
C001122,Professional,None,2021-07-27 00:00:00
C001123,Value,Gold,2020-04-05 00:00:00
C001124,Professional,None,2023-06-25 00:00:00
C001125,Professional,Platinum,2022-03-06 00:00:00
C001126,Enthusiast,Bronze,2022-05-08 00:00:00
C001127,Enthusiast,Gold,2023-06-02 00:00:00
C001128,Casual,Silver,2021-08-19 00:00:00
C001129,Professional,Silver,2022-02-02 00:00:00
C001130,Casual,Silver,2021-01-20 00:00:00
C001131,Professional,Bronze,2024-08-09 00:00:00
C001132,Enthusiast,Bronze,2023-02-22 00:00:00
C001133,Casual,Gold,2022-12-06 00:00:00
C001134,Value,Bronze,2024-06-13 00:00:00
C001135,Enthusiast,Bronze,2022-10-22 00:00:00
C001136,Professional,None,2023-09-23 00:00:00
C001137,Professional,None,2024-05-16 00:00:00
C001138,Enthusiast,Silver,2020-02-12 00:00:00
C001139,Enthusiast,Bronze,2023-07-25 00:00:00
C001140,Professional,Silver,2021-06-20 00:00:00
C001141,Value,None,2020-01-23 00:00:00
C001142,Enthusiast,Bronze,2022-02-09 00:00:00
C001143,Professional,Silver,2021-12-03 00:00:00
C001144,Professional,Bronze,2021-03-30 00:00:00
C001145,Enthusiast,Silver,2021-06-27 00:00:00
C001146,Enthusiast,Bronze,2023-04-04 00:00:00
C001147,Professional,Bronze,2024-01-28 00:00:00
C001148,Professional,Bronze,2023-07-28 00:00:00
C001149,Professional,Bronze,2022-01-10 00:00:00
C001150,Value,Silver,2021-03-09 00:00:00
C001151,Casual,Bronze,2022-08-28 00:00:00
C001152,Casual,None,2023-04-25 00:00:00
C001153,Casual,Gold,2022-08-05 00:00:00
C001154,Enthusiast,Gold,2024-04-14 00:00:00
C001155,Value,Gold,2022-03-15 00:00:00
C001156,Casual,Silver,2020-12-10 00:00:00
C001157,Casual,Gold,2024-07-26 00:00:00
C001158,Enthusiast,None,2021-05-15 00:00:00
C001159,Casual,Bronze,2020-10-26 00:00:00
C001160,Professional,Bronze,2021-12-10 00:00:00
C001161,Value,Bronze,2020-10-23 00:00:00
C001162,Casual,Silver,2023-09-13 00:00:00
C001163,Value,Bronze,2024-04-28 00:00:00
C001164,Enthusiast,Bronze,2022-03-01 00:00:00
C001165,Casual,Bronze,2020-01-11 00:00:00
C001166,Professional,Bronze,2024-04-10 00:00:00
C001167,Value,None,2024-06-03 00:00:00
C001168,Professional,None,2021-07-08 00:00:00
C001169,Casual,None,2023-10-29 00:00:00
C001170,Value,None,2022-04-23 00:00:00
C001171,Enthusiast,Bronze,2022-02-23 00:00:00
C001172,Casual,None,2021-12-24 00:00:00
C001173,Enthusiast,Silver,2020-09-11 00:00:00
C001174,Casual,Bronze,2023-09-04 00:00:00
C001175,Professional,Bronze,2024-10-07 00:00:00
C001176,Value,None,2021-08-01 00:00:00
C001177,Casual,Gold,2023-07-29 00:00:00
C001178,Casual,None,2020-07-04 00:00:00
C001179,Casual,None,2021-07-29 00:00:00
C001180,Enthusiast,Silver,2021-03-02 00:00:00
C001181,Professional,Bronze,2023-12-06 00:00:00
C001182,Professional,Silver,2020-05-20 00:00:00
C001183,Value,Bronze,2022-09-02 00:00:00
C001184,Value,Silver,2020-05-30 00:00:00
C001185,Professional,Silver,2021-01-15 00:00:00
C001186,Value,None,2022-07-14 00:00:00
C001187,Casual,Gold,2021-02-21 00:00:00
C001188,Casual,Bronze,2022-07-13 00:00:00
C001189,Value,Silver,2020-05-03 00:00:00
C001190,Enthusiast,None,2021-11-03 00:00:00
C001191,Enthusiast,Bronze,2021-01-13 00:00:00
C001192,Professional,None,2021-06-17 00:00:00
C001193,Casual,Bronze,2021-09-30 00:00:00
C001194,Professional,None,2022-03-06 00:00:00
C001195,Professional,Silver,2024-12-12 00:00:00
C001196,Enthusiast,Silver,2021-10-20 00:00:00
C001197,Enthusiast,None,2023-11-16 00:00:00
C001198,Enthusiast,Silver,2020-07-03 00:00:00
C001199,Value,Silver,2024-06-29 00:00:00
C001200,Casual,Silver,2024-08-09 00:00:00
C001201,Enthusiast,Bronze,2024-10-29 00:00:00
C001202,Value,Bronze,2021-10-12 00:00:00
C001203,Enthusiast,Gold,2024-02-13 00:00:00
C001204,Casual,None,2021-10-22 00:00:00
C001205,Professional,Silver,2024-04-23 00:00:00
C001206,Professional,Bronze,2021-11-16 00:00:00
C001207,Enthusiast,Bronze,2023-01-17 00:00:00
C001208,Casual,Bronze,2022-11-28 00:00:00
C001209,Enthusiast,Silver,2020-07-07 00:00:00
C001210,Professional,Gold,2023-07-17 00:00:00
C001211,Professional,None,2023-02-19 00:00:00
C001212,Enthusiast,None,2021-01-10 00:00:00
C001213,Casual,Bronze,2023-06-28 00:00:00
C001214,Value,Silver,2020-12-18 00:00:00
C001215,Value,Gold,2022-05-10 00:00:00
C001216,Enthusiast,Bronze,2023-12-23 00:00:00
C001217,Casual,Silver,2024-05-16 00:00:00
C001218,Professional,Silver,2022-05-17 00:00:00
C001219,Casual,Bronze,2024-06-07 00:00:00
C001220,Professional,None,2021-06-18 00:00:00
C001221,Value,None,2020-10-25 00:00:00
C001222,Value,Bronze,2022-10-29 00:00:00
C001223,Casual,Silver,2024-03-15 00:00:00
C001224,Value,Bronze,2020-05-28 00:00:00
C001225,Value,None,2020-06-19 00:00:00
C001226,Value,None,2021-06-14 00:00:00
C001227,Professional,Bronze,2024-02-11 00:00:00
C001228,Professional,Bronze,2021-07-21 00:00:00
C001229,Enthusiast,Gold,2020-11-19 00:00:00
C001230,Casual,Silver,2022-03-22 00:00:00
C001231,Value,Bronze,2022-05-29 00:00:00
C001232,Casual,Silver,2020-11-23 00:00:00
C001233,Value,Silver,2020-10-01 00:00:00
C001234,Value,Bronze,2020-04-20 00:00:00
C001235,Enthusiast,Bronze,2023-10-06 00:00:00
C001236,Value,None,2024-04-11 00:00:00
C001237,Casual,Gold,2020-08-14 00:00:00
C001238,Enthusiast,Bronze,2021-05-02 00:00:00
C001239,Professional,None,2022-11-12 00:00:00
C001240,Casual,Silver,2022-12-21 00:00:00
C001241,Professional,Bronze,2021-11-04 00:00:00
C001242,Professional,Bronze,2021-03-27 00:00:00
C001243,Enthusiast,Bronze,2024-07-17 00:00:00
C001244,Enthusiast,Bronze,2021-01-19 00:00:00
C001245,Professional,Bronze,2020-10-06 00:00:00
C001246,Casual,Silver,2020-03-16 00:00:00
C001247,Professional,Bronze,2020-04-02 00:00:00
C001248,Value,None,2024-06-18 00:00:00
C001249,Casual,Silver,2022-03-23 00:00:00
C001250,Enthusiast,Silver,2021-06-16 00:00:00
C001251,Value,None,2023-04-05 00:00:00
C001252,Enthusiast,Bronze,2022-02-22 00:00:00
C001253,Value,Gold,2023-11-12 00:00:00
C001254,Casual,Silver,2022-12-11 00:00:00
C001255,Value,Bronze,2023-11-06 00:00:00
C001256,Enthusiast,Silver,2022-06-19 00:00:00
C001257,Value,Bronze,2022-02-16 00:00:00
C001258,Casual,Platinum,2021-02-09 00:00:00
C001259,Professional,Bronze,2023-11-03 00:00:00
C001260,Professional,Silver,2021-11-25 00:00:00
C001261,Value,Bronze,2024-05-25 00:00:00
C001262,Casual,Bronze,2020-05-13 00:00:00
C001263,Enthusiast,Silver,2023-11-06 00:00:00
C001264,Casual,Platinum,2021-06-26 00:00:00
C001265,Enthusiast,Bronze,2024-06-03 00:00:00
C001266,Value,Gold,2021-01-13 00:00:00
C001267,Value,Gold,2021-12-16 00:00:00
C001268,Enthusiast,None,2022-05-20 00:00:00
C001269,Professional,None,2024-07-28 00:00:00
C001270,Casual,Bronze,2022-03-09 00:00:00
C001271,Professional,None,2023-01-31 00:00:00
C001272,Enthusiast,None,2021-12-29 00:00:00
C001273,Professional,None,2020-04-17 00:00:00
C001274,Professional,Silver,2021-10-17 00:00:00
C001275,Professional,Silver,2023-05-03 00:00:00
C001276,Value,Silver,2023-07-09 00:00:00
C001277,Enthusiast,None,2020-03-03 00:00:00
C001278,Enthusiast,Silver,2024-12-19 00:00:00
C001279,Value,None,2021-09-13 00:00:00
C001280,Professional,Silver,2024-06-19 00:00:00
C001281,Value,None,2022-09-01 00:00:00
C001282,Casual,None,2024-05-13 00:00:00
C001283,Professional,Bronze,2023-02-28 00:00:00
C001284,Value,Bronze,2021-07-22 00:00:00
C001285,Enthusiast,None,2022-08-14 00:00:00
C001286,Value,Bronze,2021-06-03 00:00:00
C001287,Casual,None,2020-02-13 00:00:00
C001288,Enthusiast,None,2023-09-09 00:00:00
C001289,Value,Bronze,2024-03-22 00:00:00
C001290,Value,Gold,2023-04-30 00:00:00
C001291,Professional,Silver,2024-04-05 00:00:00
C001292,Professional,Gold,2024-12-10 00:00:00
C001293,Professional,None,2020-09-16 00:00:00
C001294,Professional,None,2024-11-10 00:00:00
C001295,Enthusiast,Bronze,2021-05-08 00:00:00
C001296,Professional,Silver,2020-07-27 00:00:00
C001297,Casual,Gold,2022-06-16 00:00:00
C001298,Professional,None,2020-06-04 00:00:00
C001299,Professional,None,2023-03-16 00:00:00
C001300,Casual,Silver,2022-01-09 00:00:00
C001301,Value,Gold,2021-06-26 00:00:00
C001302,Enthusiast,None,2020-07-02 00:00:00
C001303,Value,Bronze,2020-06-21 00:00:00
C001304,Professional,None,2020-10-10 00:00:00
C001305,Enthusiast,Gold,2024-12-16 00:00:00
C001306,Enthusiast,Bronze,2023-06-27 00:00:00
C001307,Value,None,2022-07-03 00:00:00
C001308,Casual,Silver,2020-10-19 00:00:00
C001309,Professional,Silver,2023-02-21 00:00:00
C001310,Casual,Silver,2024-09-01 00:00:00
C001311,Value,Bronze,2024-05-10 00:00:00
C001312,Value,None,2022-10-04 00:00:00
C001313,Enthusiast,Silver,2021-01-10 00:00:00
C001314,Enthusiast,None,2020-02-17 00:00:00
C001315,Value,Silver,2024-09-20 00:00:00
C001316,Professional,None,2024-04-13 00:00:00
C001317,Value,Silver,2021-03-21 00:00:00
C001318,Value,None,2022-05-20 00:00:00
C001319,Enthusiast,Bronze,2020-12-27 00:00:00
C001320,Casual,Silver,2021-06-28 00:00:00
C001321,Casual,Bronze,2022-04-26 00:00:00
C001322,Casual,Silver,2021-07-13 00:00:00
C001323,Value,Silver,2021-08-14 00:00:00
C001324,Professional,Gold,2021-12-15 00:00:00
C001325,Enthusiast,Platinum,2023-12-19 00:00:00
C001326,Value,Silver,2021-07-15 00:00:00
C001327,Value,Bronze,2021-09-05 00:00:00
C001328,Value,Gold,2022-01-23 00:00:00
C001329,Professional,Bronze,2023-02-28 00:00:00
C001330,Casual,None,2020-05-17 00:00:00
C001331,Casual,Silver,2020-12-14 00:00:00
C001332,Professional,Bronze,2021-11-03 00:00:00
C001333,Enthusiast,None,2020-08-27 00:00:00
C001334,Enthusiast,Bronze,2020-01-07 00:00:00
C001335,Enthusiast,Bronze,2020-10-25 00:00:00
C001336,Professional,None,2022-02-12 00:00:00
C001337,Casual,Silver,2021-08-25 00:00:00
C001338,Professional,Gold,2022-02-21 00:00:00
C001339,Enthusiast,Bronze,2022-01-21 00:00:00
C001340,Casual,Bronze,2023-10-04 00:00:00
C001341,Casual,Bronze,2023-05-04 00:00:00
C001342,Professional,None,2023-05-18 00:00:00
C001343,Enthusiast,Bronze,2020-02-06 00:00:00
C001344,Value,Silver,2020-07-05 00:00:00
C001345,Professional,Bronze,2023-02-05 00:00:00
C001346,Casual,Silver,2024-09-20 00:00:00
C001347,Value,Platinum,2022-04-19 00:00:00
C001348,Enthusiast,Silver,2023-09-06 00:00:00
C001349,Professional,Bronze,2020-09-21 00:00:00
C001350,Professional,None,2023-12-30 00:00:00
C001351,Professional,None,2020-07-04 00:00:00
C001352,Value,Gold,2021-05-01 00:00:00
C001353,Professional,None,2020-10-27 00:00:00
C001354,Casual,Gold,2024-06-24 00:00:00
C001355,Professional,None,2020-12-15 00:00:00
C001356,Casual,Bronze,2023-09-17 00:00:00
C001357,Value,Bronze,2023-03-09 00:00:00
C001358,Professional,Bronze,2024-07-17 00:00:00
C001359,Casual,Silver,2024-02-15 00:00:00
C001360,Professional,Silver,2021-07-29 00:00:00
C001361,Value,Bronze,2020-04-04 00:00:00
C001362,Casual,None,2022-07-10 00:00:00
C001363,Value,Bronze,2020-09-27 00:00:00
C001364,Value,Bronze,2024-01-05 00:00:00
C001365,Professional,None,2021-07-14 00:00:00
C001366,Value,Bronze,2024-06-12 00:00:00
C001367,Casual,Silver,2022-01-19 00:00:00
C001368,Enthusiast,Silver,2024-11-23 00:00:00
C001369,Professional,Gold,2024-07-11 00:00:00
C001370,Value,Gold,2021-05-03 00:00:00
C001371,Professional,Gold,2024-02-01 00:00:00
C001372,Enthusiast,Gold,2021-11-23 00:00:00
C001373,Enthusiast,Silver,2023-08-24 00:00:00
C001374,Casual,None,2023-07-26 00:00:00
C001375,Enthusiast,None,2024-06-25 00:00:00
C001376,Value,Silver,2023-10-02 00:00:00
C001377,Casual,Platinum,2020-05-20 00:00:00
C001378,Casual,Silver,2023-02-14 00:00:00
C001379,Professional,Bronze,2024-04-10 00:00:00
C001380,Value,None,2024-06-21 00:00:00
C001381,Professional,Silver,2024-10-09 00:00:00
C001382,Value,Bronze,2024-08-30 00:00:00
C001383,Professional,None,2020-09-21 00:00:00
C001384,Value,Gold,2022-04-08 00:00:00
C001385,Casual,Silver,2023-11-25 00:00:00
C001386,Professional,Silver,2022-09-19 00:00:00
C001387,Professional,None,2020-06-09 00:00:00
C001388,Casual,Bronze,2023-08-20 00:00:00
C001389,Casual,Platinum,2024-08-16 00:00:00
C001390,Casual,Bronze,2023-05-05 00:00:00
C001391,Casual,Bronze,2022-06-24 00:00:00
C001392,Professional,Bronze,2022-09-27 00:00:00
C001393,Casual,Bronze,2023-05-18 00:00:00
C001394,Professional,None,2023-08-13 00:00:00
C001395,Enthusiast,Bronze,2023-09-18 00:00:00
C001396,Value,None,2023-06-28 00:00:00
C001397,Professional,Gold,2021-07-26 00:00:00
C001398,Enthusiast,Silver,2022-06-18 00:00:00
C001399,Enthusiast,Silver,2022-11-13 00:00:00
C001400,Value,None,2020-07-01 00:00:00
C001401,Professional,Gold,2022-09-08 00:00:00
C001402,Enthusiast,Platinum,2021-06-04 00:00:00
C001403,Enthusiast,Bronze,2024-07-29 00:00:00
C001404,Enthusiast,Gold,2021-12-04 00:00:00
C001405,Value,Silver,2023-09-11 00:00:00
C001406,Casual,Silver,2023-04-29 00:00:00
C001407,Professional,None,2023-05-13 00:00:00
C001408,Professional,Silver,2021-12-29 00:00:00
C001409,Value,Silver,2023-09-30 00:00:00
C001410,Enthusiast,Bronze,2023-01-23 00:00:00
C001411,Casual,None,2020-03-05 00:00:00
C001412,Casual,Bronze,2023-04-30 00:00:00
C001413,Professional,Bronze,2020-11-25 00:00:00
C001414,Enthusiast,None,2020-01-17 00:00:00
C001415,Value,Bronze,2021-06-15 00:00:00
C001416,Enthusiast,Bronze,2022-07-22 00:00:00
C001417,Enthusiast,None,2021-09-14 00:00:00
C001418,Professional,None,2020-04-09 00:00:00
C001419,Value,Gold,2020-03-13 00:00:00
C001420,Professional,Silver,2021-12-16 00:00:00
C001421,Enthusiast,Silver,2022-02-25 00:00:00
C001422,Enthusiast,None,2024-12-10 00:00:00
C001423,Enthusiast,Silver,2022-10-11 00:00:00
C001424,Value,Platinum,2022-06-06 00:00:00
C001425,Casual,Silver,2020-08-08 00:00:00
C001426,Professional,Silver,2020-05-30 00:00:00
C001427,Professional,Bronze,2024-04-29 00:00:00
C001428,Enthusiast,Platinum,2021-09-02 00:00:00
C001429,Value,None,2024-10-10 00:00:00
C001430,Enthusiast,None,2023-10-14 00:00:00
C001431,Casual,Bronze,2024-05-31 00:00:00
C001432,Enthusiast,Bronze,2022-03-07 00:00:00
C001433,Value,Bronze,2021-04-15 00:00:00
C001434,Casual,None,2020-08-09 00:00:00
C001435,Casual,Silver,2023-04-07 00:00:00
C001436,Casual,Gold,2021-05-05 00:00:00
C001437,Enthusiast,None,2020-03-17 00:00:00
C001438,Casual,Silver,2024-01-08 00:00:00
C001439,Casual,Bronze,2020-08-03 00:00:00
C001440,Value,Gold,2023-06-04 00:00:00
C001441,Enthusiast,None,2022-04-08 00:00:00
C001442,Casual,Bronze,2021-05-16 00:00:00
C001443,Value,Silver,2021-11-27 00:00:00
C001444,Value,Bronze,2024-11-11 00:00:00
C001445,Casual,Bronze,2024-02-09 00:00:00
C001446,Professional,None,2022-05-28 00:00:00
C001447,Casual,Bronze,2023-09-15 00:00:00
C001448,Casual,None,2021-12-08 00:00:00
C001449,Casual,Bronze,2022-05-08 00:00:00
C001450,Professional,None,2021-08-13 00:00:00
C001451,Value,Bronze,2023-11-16 00:00:00
C001452,Enthusiast,Silver,2021-02-03 00:00:00
C001453,Enthusiast,None,2020-07-24 00:00:00
C001454,Professional,Silver,2023-09-22 00:00:00
C001455,Casual,None,2024-11-18 00:00:00
C001456,Enthusiast,None,2023-09-21 00:00:00
C001457,Professional,None,2021-09-14 00:00:00
C001458,Professional,None,2021-12-12 00:00:00
C001459,Enthusiast,None,2024-08-15 00:00:00
C001460,Value,Bronze,2021-11-18 00:00:00
C001461,Value,Bronze,2021-11-02 00:00:00
C001462,Enthusiast,Bronze,2022-06-27 00:00:00
C001463,Casual,Bronze,2023-12-13 00:00:00
C001464,Professional,None,2024-01-20 00:00:00
C001465,Professional,None,2021-09-15 00:00:00
C001466,Casual,None,2020-03-16 00:00:00
C001467,Professional,None,2023-06-28 00:00:00
C001468,Professional,Gold,2021-12-06 00:00:00
C001469,Professional,None,2023-10-17 00:00:00
C001470,Value,Bronze,2024-09-28 00:00:00
C001471,Enthusiast,Silver,2023-03-08 00:00:00
C001472,Value,Bronze,2024-07-09 00:00:00
C001473,Casual,Silver,2021-10-26 00:00:00
C001474,Value,Bronze,2021-07-03 00:00:00
C001475,Value,Gold,2022-11-29 00:00:00
C001476,Value,Silver,2021-10-26 00:00:00
C001477,Enthusiast,Bronze,2023-08-17 00:00:00
C001478,Value,Bronze,2021-02-24 00:00:00
C001479,Professional,None,2022-09-20 00:00:00
C001480,Casual,None,2021-01-11 00:00:00
C001481,Professional,None,2024-10-12 00:00:00
C001482,Value,Gold,2023-05-31 00:00:00
C001483,Value,Bronze,2021-07-12 00:00:00
C001484,Casual,Bronze,2022-07-07 00:00:00
C001485,Professional,Bronze,2024-09-07 00:00:00
C001486,Enthusiast,Silver,2024-06-22 00:00:00
C001487,Value,Bronze,2023-02-17 00:00:00
C001488,Casual,Bronze,2023-01-29 00:00:00
C001489,Professional,Bronze,2024-05-25 00:00:00
C001490,Professional,Gold,2022-11-01 00:00:00
C001491,Professional,Platinum,2021-09-09 00:00:00
C001492,Professional,Bronze,2021-04-20 00:00:00
C001493,Enthusiast,Silver,2020-05-15 00:00:00
C001494,Enthusiast,None,2022-08-01 00:00:00
C001495,Value,Bronze,2022-07-25 00:00:00
C001496,Value,Silver,2022-11-08 00:00:00
C001497,Professional,None,2024-07-19 00:00:00
C001498,Casual,None,2023-07-11 00:00:00
C001499,Professional,Silver,2023-01-16 00:00:00
C001500,Casual,Bronze,2021-05-04 00:00:00
C001501,Casual,Silver,2022-11-26 00:00:00
C001502,Professional,Silver,2024-09-21 00:00:00
C001503,Professional,Gold,2024-07-03 00:00:00
C001504,Professional,Bronze,2021-05-06 00:00:00
C001505,Enthusiast,None,2021-05-12 00:00:00
C001506,Casual,Bronze,2021-03-26 00:00:00
C001507,Enthusiast,None,2021-10-21 00:00:00
C001508,Enthusiast,Silver,2021-02-19 00:00:00
C001509,Casual,Bronze,2020-06-19 00:00:00
C001510,Value,Silver,2023-01-01 00:00:00
C001511,Professional,Bronze,2023-12-19 00:00:00
C001512,Professional,Bronze,2024-06-20 00:00:00
C001513,Professional,Platinum,2021-08-31 00:00:00
C001514,Casual,Bronze,2022-02-13 00:00:00
C001515,Professional,Silver,2022-11-09 00:00:00
C001516,Value,Bronze,2022-08-10 00:00:00
C001517,Enthusiast,Platinum,2024-04-17 00:00:00
C001518,Professional,None,2022-09-19 00:00:00
C001519,Professional,Silver,2021-05-05 00:00:00
C001520,Casual,Platinum,2024-10-06 00:00:00
C001521,Casual,None,2024-10-03 00:00:00
C001522,Value,Bronze,2024-12-02 00:00:00
C001523,Value,Silver,2020-11-13 00:00:00
C001524,Casual,None,2023-06-29 00:00:00
C001525,Casual,None,2024-12-07 00:00:00
C001526,Casual,Silver,2024-05-09 00:00:00
C001527,Enthusiast,Bronze,2020-12-27 00:00:00
C001528,Enthusiast,Gold,2021-09-21 00:00:00
C001529,Value,Platinum,2022-03-27 00:00:00
C001530,Casual,Silver,2024-03-18 00:00:00
C001531,Enthusiast,Silver,2024-12-08 00:00:00
C001532,Enthusiast,Bronze,2020-12-15 00:00:00
C001533,Value,None,2020-08-17 00:00:00
C001534,Enthusiast,Bronze,2020-11-17 00:00:00
C001535,Casual,None,2020-06-13 00:00:00
C001536,Professional,Silver,2020-08-12 00:00:00
C001537,Casual,Gold,2024-09-13 00:00:00
C001538,Casual,Platinum,2021-08-29 00:00:00
C001539,Enthusiast,None,2024-10-30 00:00:00
C001540,Casual,None,2020-04-06 00:00:00
C001541,Enthusiast,None,2021-07-25 00:00:00
C001542,Casual,Bronze,2020-02-19 00:00:00
C001543,Value,Bronze,2022-09-02 00:00:00
C001544,Professional,None,2021-03-27 00:00:00
C001545,Value,Bronze,2021-08-06 00:00:00
C001546,Casual,Bronze,2024-11-17 00:00:00
C001547,Casual,Bronze,2023-05-08 00:00:00
C001548,Casual,Gold,2023-07-20 00:00:00
C001549,Casual,Bronze,2023-01-04 00:00:00
C001550,Professional,Gold,2021-12-27 00:00:00
C001551,Value,Bronze,2023-11-04 00:00:00
C001552,Casual,Silver,2021-10-16 00:00:00
C001553,Value,Bronze,2023-03-23 00:00:00
C001554,Enthusiast,None,2024-10-28 00:00:00
C001555,Value,Gold,2022-01-27 00:00:00
C001556,Value,None,2021-03-11 00:00:00
C001557,Value,None,2022-09-13 00:00:00
C001558,Value,None,2020-09-12 00:00:00
C001559,Enthusiast,Silver,2021-03-28 00:00:00
C001560,Professional,Gold,2021-06-16 00:00:00
C001561,Value,None,2024-04-12 00:00:00
C001562,Value,Bronze,2021-02-03 00:00:00
C001563,Casual,None,2023-11-21 00:00:00
C001564,Casual,Platinum,2020-12-13 00:00:00
C001565,Professional,None,2022-05-14 00:00:00
C001566,Casual,None,2021-03-18 00:00:00
C001567,Professional,Bronze,2021-06-21 00:00:00
C001568,Professional,Silver,2024-02-24 00:00:00
C001569,Professional,Bronze,2022-04-07 00:00:00
C001570,Enthusiast,Bronze,2024-04-21 00:00:00
C001571,Value,Silver,2022-02-04 00:00:00
C001572,Enthusiast,None,2020-11-23 00:00:00
C001573,Casual,None,2024-12-14 00:00:00
C001574,Professional,Bronze,2021-06-12 00:00:00
C001575,Professional,Silver,2022-03-26 00:00:00
C001576,Value,Bronze,2020-01-30 00:00:00
C001577,Enthusiast,Silver,2024-03-07 00:00:00
C001578,Professional,Silver,2021-08-16 00:00:00
C001579,Casual,Silver,2020-10-24 00:00:00
C001580,Value,None,2021-08-16 00:00:00
C001581,Enthusiast,None,2021-05-19 00:00:00
C001582,Casual,None,2022-02-11 00:00:00
C001583,Professional,None,2021-06-03 00:00:00
C001584,Value,Gold,2021-08-12 00:00:00
C001585,Value,Silver,2020-06-11 00:00:00
C001586,Value,Silver,2021-04-24 00:00:00
C001587,Casual,None,2022-05-18 00:00:00
C001588,Value,None,2020-07-03 00:00:00
C001589,Professional,Silver,2021-06-03 00:00:00
C001590,Casual,None,2020-12-10 00:00:00
C001591,Casual,Gold,2023-11-05 00:00:00
C001592,Value,Bronze,2020-11-05 00:00:00
C001593,Casual,Bronze,2024-08-09 00:00:00
C001594,Value,None,2022-03-24 00:00:00
C001595,Value,Bronze,2023-04-02 00:00:00
C001596,Casual,None,2023-05-24 00:00:00
C001597,Enthusiast,None,2024-03-01 00:00:00
C001598,Professional,Bronze,2020-04-14 00:00:00
C001599,Value,None,2023-06-20 00:00:00
C001600,Value,Silver,2022-01-23 00:00:00
C001601,Enthusiast,None,2022-08-06 00:00:00
C001602,Value,Bronze,2023-03-19 00:00:00
C001603,Professional,Bronze,2020-12-24 00:00:00
C001604,Professional,None,2021-03-22 00:00:00
C001605,Value,Platinum,2020-09-07 00:00:00
C001606,Value,None,2020-12-06 00:00:00
C001607,Casual,Silver,2020-12-10 00:00:00
C001608,Casual,Gold,2021-05-13 00:00:00
C001609,Enthusiast,Silver,2023-03-24 00:00:00
C001610,Casual,Platinum,2022-11-09 00:00:00
C001611,Enthusiast,Bronze,2020-07-02 00:00:00
C001612,Professional,Bronze,2020-12-31 00:00:00
C001613,Casual,Bronze,2020-03-31 00:00:00
C001614,Value,None,2020-01-20 00:00:00
C001615,Enthusiast,Silver,2024-03-21 00:00:00
C001616,Casual,Silver,2023-12-22 00:00:00
C001617,Casual,Silver,2024-02-29 00:00:00
C001618,Professional,Silver,2023-10-16 00:00:00
C001619,Professional,None,2021-07-22 00:00:00
C001620,Enthusiast,Silver,2023-10-16 00:00:00
C001621,Enthusiast,Gold,2023-03-17 00:00:00
C001622,Professional,Bronze,2024-09-28 00:00:00
C001623,Value,Bronze,2020-08-17 00:00:00
C001624,Enthusiast,Silver,2024-01-08 00:00:00
C001625,Professional,Bronze,2024-01-14 00:00:00
C001626,Enthusiast,Silver,2024-11-25 00:00:00
C001627,Casual,Silver,2021-03-16 00:00:00
C001628,Enthusiast,Bronze,2021-09-16 00:00:00
C001629,Value,Bronze,2023-03-13 00:00:00
C001630,Value,None,2020-06-18 00:00:00
C001631,Enthusiast,Bronze,2021-12-25 00:00:00
C001632,Professional,Silver,2021-02-08 00:00:00
C001633,Professional,Silver,2020-05-19 00:00:00
C001634,Enthusiast,Silver,2022-03-28 00:00:00
C001635,Value,Gold,2020-12-28 00:00:00
C001636,Casual,Platinum,2022-12-11 00:00:00
C001637,Value,Silver,2022-02-18 00:00:00
C001638,Value,None,2021-11-11 00:00:00
C001639,Casual,Gold,2020-05-22 00:00:00
C001640,Enthusiast,Silver,2020-02-03 00:00:00
C001641,Enthusiast,Bronze,2022-10-05 00:00:00
C001642,Casual,None,2024-07-03 00:00:00
C001643,Professional,Silver,2024-08-29 00:00:00
C001644,Professional,Silver,2023-02-11 00:00:00
C001645,Enthusiast,Silver,2021-01-04 00:00:00
C001646,Professional,None,2022-07-22 00:00:00
C001647,Professional,None,2024-06-28 00:00:00
C001648,Professional,Silver,2022-07-02 00:00:00
C001649,Value,Gold,2024-01-14 00:00:00
C001650,Enthusiast,Silver,2022-06-22 00:00:00
C001651,Casual,Silver,2020-12-05 00:00:00
C001652,Casual,Bronze,2021-08-24 00:00:00
C001653,Casual,Gold,2022-01-13 00:00:00
C001654,Value,Bronze,2022-04-11 00:00:00
C001655,Value,Gold,2021-01-13 00:00:00
C001656,Casual,Bronze,2021-04-27 00:00:00
C001657,Enthusiast,Bronze,2023-02-09 00:00:00
C001658,Casual,Silver,2023-11-03 00:00:00
C001659,Professional,Gold,2023-06-23 00:00:00
C001660,Professional,None,2024-09-23 00:00:00
C001661,Enthusiast,Silver,2023-03-03 00:00:00
C001662,Professional,None,2022-08-24 00:00:00
C001663,Value,Bronze,2021-11-01 00:00:00
C001664,Casual,Silver,2024-08-04 00:00:00
C001665,Professional,Silver,2022-12-20 00:00:00
C001666,Enthusiast,Silver,2021-07-20 00:00:00
C001667,Casual,Bronze,2024-09-20 00:00:00
C001668,Enthusiast,Bronze,2022-01-15 00:00:00
C001669,Casual,None,2024-07-18 00:00:00
C001670,Casual,Silver,2020-11-21 00:00:00
C001671,Enthusiast,Silver,2022-04-03 00:00:00
C001672,Value,Bronze,2023-05-23 00:00:00
C001673,Casual,None,2024-10-05 00:00:00
C001674,Value,Bronze,2021-03-17 00:00:00
C001675,Professional,Silver,2024-09-13 00:00:00
C001676,Professional,Bronze,2022-09-16 00:00:00
C001677,Enthusiast,Silver,2024-04-03 00:00:00
C001678,Value,Platinum,2020-03-17 00:00:00
C001679,Casual,None,2021-07-18 00:00:00
C001680,Professional,Silver,2024-01-08 00:00:00
C001681,Enthusiast,Silver,2022-11-24 00:00:00
C001682,Casual,Platinum,2021-12-29 00:00:00
C001683,Enthusiast,Silver,2024-06-03 00:00:00
C001684,Enthusiast,Gold,2023-02-28 00:00:00
C001685,Enthusiast,None,2024-12-22 00:00:00
C001686,Enthusiast,Silver,2022-07-05 00:00:00
C001687,Casual,None,2023-02-23 00:00:00
C001688,Casual,None,2021-12-21 00:00:00
C001689,Value,Gold,2024-01-19 00:00:00
C001690,Professional,Silver,2021-08-05 00:00:00
C001691,Value,Gold,2021-03-06 00:00:00
C001692,Value,Silver,2021-03-29 00:00:00
C001693,Enthusiast,None,2020-05-22 00:00:00
C001694,Enthusiast,Bronze,2020-05-13 00:00:00
C001695,Casual,None,2022-05-19 00:00:00
C001696,Enthusiast,None,2022-12-03 00:00:00
C001697,Professional,Gold,2021-05-25 00:00:00
C001698,Casual,Bronze,2020-01-14 00:00:00
C001699,Enthusiast,Bronze,2024-04-08 00:00:00
C001700,Enthusiast,Silver,2021-10-06 00:00:00
C001701,Value,Gold,2021-07-05 00:00:00
C001702,Enthusiast,None,2023-11-05 00:00:00
C001703,Casual,Gold,2021-05-11 00:00:00
C001704,Professional,Platinum,2020-06-04 00:00:00
C001705,Value,Silver,2023-09-01 00:00:00
C001706,Value,Silver,2020-02-29 00:00:00
C001707,Casual,None,2024-09-25 00:00:00
C001708,Casual,Silver,2024-08-15 00:00:00
C001709,Professional,None,2020-09-03 00:00:00
C001710,Enthusiast,Silver,2020-05-08 00:00:00
C001711,Casual,None,2024-06-07 00:00:00
C001712,Casual,None,2021-07-16 00:00:00
C001713,Casual,Gold,2023-10-22 00:00:00
C001714,Value,Bronze,2024-10-07 00:00:00
C001715,Casual,Gold,2024-05-08 00:00:00
C001716,Casual,Silver,2023-08-22 00:00:00
C001717,Professional,Silver,2024-12-16 00:00:00
C001718,Enthusiast,None,2020-02-11 00:00:00
C001719,Enthusiast,Gold,2022-04-09 00:00:00
C001720,Casual,Bronze,2024-03-05 00:00:00
C001721,Professional,Bronze,2021-09-12 00:00:00
C001722,Casual,None,2022-02-10 00:00:00
C001723,Enthusiast,Bronze,2022-04-25 00:00:00
C001724,Professional,Silver,2023-01-28 00:00:00
C001725,Value,Silver,2022-08-22 00:00:00
C001726,Casual,Bronze,2020-03-07 00:00:00
C001727,Casual,Bronze,2021-12-19 00:00:00
C001728,Casual,None,2024-10-30 00:00:00
C001729,Enthusiast,Silver,2021-11-11 00:00:00
C001730,Value,None,2021-02-01 00:00:00
C001731,Value,Silver,2023-10-29 00:00:00
C001732,Casual,Gold,2023-12-14 00:00:00
C001733,Casual,Silver,2022-11-25 00:00:00
C001734,Professional,Bronze,2024-09-03 00:00:00
C001735,Professional,Platinum,2021-03-31 00:00:00
C001736,Professional,Silver,2021-04-24 00:00:00
C001737,Casual,Gold,2022-07-19 00:00:00
C001738,Enthusiast,None,2023-09-09 00:00:00
C001739,Casual,Gold,2024-04-21 00:00:00
C001740,Value,None,2023-04-08 00:00:00
C001741,Enthusiast,None,2024-11-24 00:00:00
C001742,Value,Platinum,2020-12-16 00:00:00
C001743,Enthusiast,Silver,2022-08-27 00:00:00
C001744,Value,Bronze,2020-01-01 00:00:00
C001745,Value,Bronze,2024-03-14 00:00:00
C001746,Casual,None,2024-05-06 00:00:00
C001747,Professional,Gold,2020-01-08 00:00:00
C001748,Professional,Silver,2021-07-14 00:00:00
C001749,Value,Gold,2021-03-18 00:00:00
C001750,Casual,Bronze,2021-12-06 00:00:00
C001751,Casual,Silver,2020-04-04 00:00:00
C001752,Casual,None,2022-11-12 00:00:00
C001753,Casual,Bronze,2021-07-27 00:00:00
C001754,Professional,Gold,2024-12-03 00:00:00
C001755,Professional,Bronze,2021-05-01 00:00:00
C001756,Enthusiast,None,2023-03-24 00:00:00
C001757,Value,None,2022-06-18 00:00:00
C001758,Casual,Silver,2024-10-25 00:00:00
C001759,Casual,Bronze,2020-10-21 00:00:00
C001760,Professional,Bronze,2023-06-11 00:00:00
C001761,Professional,Silver,2021-05-07 00:00:00
C001762,Casual,Gold,2024-09-01 00:00:00
C001763,Value,Silver,2021-09-15 00:00:00
C001764,Enthusiast,Bronze,2024-03-31 00:00:00
C001765,Professional,Silver,2021-09-08 00:00:00
C001766,Casual,None,2022-03-09 00:00:00
C001767,Professional,Silver,2024-12-06 00:00:00
C001768,Enthusiast,Bronze,2020-05-22 00:00:00
C001769,Enthusiast,Bronze,2020-02-03 00:00:00
C001770,Professional,Silver,2020-05-17 00:00:00
C001771,Professional,None,2021-09-10 00:00:00
C001772,Value,None,2020-05-15 00:00:00
C001773,Value,Gold,2022-08-07 00:00:00
C001774,Professional,Silver,2022-07-19 00:00:00
C001775,Professional,Gold,2022-01-04 00:00:00
C001776,Enthusiast,None,2020-11-17 00:00:00
C001777,Professional,Bronze,2022-08-02 00:00:00
C001778,Value,Gold,2024-08-09 00:00:00
C001779,Value,Bronze,2023-03-22 00:00:00
C001780,Value,Silver,2023-07-04 00:00:00
C001781,Casual,None,2022-01-13 00:00:00
C001782,Professional,None,2021-02-18 00:00:00
C001783,Enthusiast,Gold,2022-03-05 00:00:00
C001784,Value,Gold,2023-06-24 00:00:00
C001785,Enthusiast,None,2021-09-12 00:00:00
C001786,Enthusiast,Bronze,2020-03-12 00:00:00
C001787,Professional,Bronze,2024-03-01 00:00:00
C001788,Professional,Silver,2021-03-18 00:00:00
C001789,Professional,Platinum,2021-05-05 00:00:00
C001790,Casual,None,2022-03-08 00:00:00
C001791,Value,Silver,2023-11-26 00:00:00
C001792,Professional,Silver,2024-08-19 00:00:00
C001793,Professional,Bronze,2021-03-15 00:00:00
C001794,Enthusiast,Bronze,2023-03-07 00:00:00
C001795,Casual,None,2024-05-21 00:00:00
C001796,Enthusiast,Silver,2024-03-31 00:00:00
C001797,Value,Bronze,2020-07-17 00:00:00
C001798,Enthusiast,Bronze,2023-12-19 00:00:00
C001799,Casual,Bronze,2020-09-06 00:00:00
C001800,Professional,None,2023-05-20 00:00:00
C001801,Professional,Bronze,2020-06-15 00:00:00
C001802,Casual,None,2020-02-19 00:00:00
C001803,Casual,None,2021-01-06 00:00:00
C001804,Professional,Bronze,2020-07-01 00:00:00
C001805,Value,Silver,2022-05-30 00:00:00
C001806,Professional,Gold,2021-04-04 00:00:00
C001807,Professional,None,2021-09-27 00:00:00
C001808,Enthusiast,Silver,2022-05-10 00:00:00
C001809,Value,Bronze,2024-12-02 00:00:00
C001810,Professional,Bronze,2020-02-18 00:00:00
C001811,Casual,Gold,2022-09-25 00:00:00
C001812,Professional,Silver,2021-04-19 00:00:00
C001813,Enthusiast,Gold,2023-01-17 00:00:00
C001814,Casual,Bronze,2022-10-22 00:00:00
C001815,Enthusiast,Bronze,2020-10-27 00:00:00
C001816,Enthusiast,Bronze,2023-06-11 00:00:00
C001817,Professional,Bronze,2024-06-23 00:00:00
C001818,Value,Silver,2023-03-12 00:00:00
C001819,Professional,Bronze,2022-11-21 00:00:00
C001820,Enthusiast,Bronze,2024-06-11 00:00:00
C001821,Professional,Gold,2020-10-04 00:00:00
C001822,Enthusiast,Bronze,2023-03-30 00:00:00
C001823,Professional,None,2020-04-25 00:00:00
C001824,Casual,None,2022-07-04 00:00:00
C001825,Enthusiast,Bronze,2024-09-14 00:00:00
C001826,Casual,None,2023-10-31 00:00:00
C001827,Enthusiast,Silver,2021-09-04 00:00:00
C001828,Value,None,2024-06-28 00:00:00
C001829,Enthusiast,Silver,2022-11-13 00:00:00
C001830,Value,Bronze,2021-11-01 00:00:00
C001831,Professional,Silver,2020-02-28 00:00:00
C001832,Casual,None,2021-04-06 00:00:00
C001833,Casual,Gold,2020-01-10 00:00:00
C001834,Casual,Silver,2020-06-03 00:00:00
C001835,Value,Silver,2023-12-18 00:00:00
C001836,Professional,Bronze,2021-06-13 00:00:00
C001837,Value,None,2022-04-11 00:00:00
C001838,Enthusiast,Bronze,2022-08-16 00:00:00
C001839,Value,Silver,2023-11-04 00:00:00
C001840,Professional,Silver,2023-08-20 00:00:00
C001841,Professional,Bronze,2023-05-14 00:00:00
C001842,Enthusiast,None,2023-08-04 00:00:00
C001843,Casual,None,2021-08-05 00:00:00
C001844,Casual,Silver,2023-07-25 00:00:00
C001845,Value,Silver,2023-05-07 00:00:00
C001846,Enthusiast,Bronze,2023-12-31 00:00:00
C001847,Professional,Bronze,2020-07-17 00:00:00
C001848,Value,None,2021-10-13 00:00:00
C001849,Enthusiast,Silver,2023-06-11 00:00:00
C001850,Enthusiast,None,2022-06-13 00:00:00
C001851,Professional,None,2020-04-10 00:00:00
C001852,Professional,None,2024-05-26 00:00:00
C001853,Casual,None,2021-03-29 00:00:00
C001854,Enthusiast,None,2020-08-04 00:00:00
C001855,Casual,None,2020-02-14 00:00:00
C001856,Value,Bronze,2023-09-05 00:00:00
C001857,Professional,Silver,2021-12-16 00:00:00
C001858,Casual,Silver,2021-06-23 00:00:00
C001859,Professional,Platinum,2022-11-20 00:00:00
C001860,Enthusiast,None,2024-12-25 00:00:00
C001861,Enthusiast,None,2021-05-24 00:00:00
C001862,Enthusiast,Silver,2020-06-26 00:00:00
C001863,Professional,None,2022-10-18 00:00:00
C001864,Casual,Bronze,2021-12-12 00:00:00
C001865,Professional,None,2024-09-19 00:00:00
C001866,Enthusiast,Bronze,2022-03-06 00:00:00
C001867,Value,Silver,2023-11-01 00:00:00
C001868,Professional,None,2024-08-22 00:00:00
C001869,Casual,Bronze,2024-08-18 00:00:00
C001870,Professional,Gold,2021-12-26 00:00:00
C001871,Value,None,2023-11-29 00:00:00
C001872,Enthusiast,Platinum,2021-12-22 00:00:00
C001873,Casual,Silver,2022-04-21 00:00:00
C001874,Value,None,2020-08-17 00:00:00
C001875,Value,None,2020-08-28 00:00:00
C001876,Professional,Gold,2024-11-24 00:00:00
C001877,Casual,Gold,2024-10-12 00:00:00
C001878,Casual,Silver,2024-09-04 00:00:00
C001879,Enthusiast,Bronze,2023-06-28 00:00:00
C001880,Professional,Bronze,2020-05-03 00:00:00
C001881,Professional,None,2024-01-03 00:00:00
C001882,Professional,Gold,2024-04-24 00:00:00
C001883,Value,Silver,2023-08-13 00:00:00
C001884,Professional,Silver,2021-05-29 00:00:00
C001885,Enthusiast,Silver,2020-09-03 00:00:00
C001886,Professional,None,2022-10-20 00:00:00
C001887,Casual,Bronze,2024-08-07 00:00:00
C001888,Professional,Silver,2023-10-06 00:00:00
C001889,Value,None,2021-12-31 00:00:00
C001890,Casual,None,2021-08-24 00:00:00
C001891,Enthusiast,Gold,2021-01-29 00:00:00
C001892,Professional,Bronze,2020-07-25 00:00:00
C001893,Casual,Bronze,2023-02-24 00:00:00
C001894,Value,Silver,2023-12-27 00:00:00
C001895,Enthusiast,Bronze,2023-12-07 00:00:00
C001896,Professional,None,2020-07-23 00:00:00
C001897,Enthusiast,Gold,2020-05-07 00:00:00
C001898,Enthusiast,Bronze,2021-02-07 00:00:00
C001899,Enthusiast,Bronze,2020-09-18 00:00:00
C001900,Professional,Bronze,2020-01-14 00:00:00
C001901,Casual,Gold,2022-12-18 00:00:00
C001902,Casual,Bronze,2021-05-30 00:00:00
C001903,Professional,Bronze,2022-09-02 00:00:00
C001904,Professional,Bronze,2024-10-03 00:00:00
C001905,Value,Bronze,2023-02-04 00:00:00
C001906,Casual,Silver,2024-07-26 00:00:00
C001907,Casual,None,2020-04-28 00:00:00
C001908,Casual,Bronze,2024-05-12 00:00:00
C001909,Enthusiast,None,2020-09-28 00:00:00
C001910,Value,Gold,2020-05-16 00:00:00
C001911,Enthusiast,Silver,2020-02-07 00:00:00
C001912,Enthusiast,Bronze,2020-02-06 00:00:00
C001913,Professional,Silver,2022-12-23 00:00:00
C001914,Value,Bronze,2024-04-29 00:00:00
C001915,Enthusiast,Gold,2021-11-03 00:00:00
C001916,Casual,Silver,2022-05-01 00:00:00
C001917,Enthusiast,Bronze,2022-08-06 00:00:00
C001918,Enthusiast,Platinum,2021-01-27 00:00:00
C001919,Value,None,2021-03-08 00:00:00
C001920,Casual,Gold,2020-01-27 00:00:00
C001921,Casual,None,2021-11-17 00:00:00
C001922,Value,Bronze,2022-09-19 00:00:00
C001923,Professional,None,2022-05-23 00:00:00
C001924,Professional,Bronze,2024-02-10 00:00:00
C001925,Professional,Silver,2021-09-18 00:00:00
C001926,Enthusiast,Silver,2023-03-07 00:00:00
C001927,Enthusiast,None,2020-09-24 00:00:00
C001928,Casual,None,2022-06-21 00:00:00
C001929,Professional,None,2020-05-24 00:00:00
C001930,Professional,None,2021-12-26 00:00:00
C001931,Enthusiast,Bronze,2024-05-03 00:00:00
C001932,Value,None,2020-11-10 00:00:00
C001933,Enthusiast,Bronze,2023-07-08 00:00:00
C001934,Casual,Bronze,2020-09-12 00:00:00
C001935,Enthusiast,Bronze,2020-12-22 00:00:00
C001936,Casual,None,2022-12-22 00:00:00
C001937,Professional,Gold,2020-03-26 00:00:00
C001938,Casual,None,2024-12-23 00:00:00
C001939,Casual,Silver,2020-05-31 00:00:00
C001940,Professional,None,2023-10-16 00:00:00
C001941,Enthusiast,Bronze,2024-09-05 00:00:00
C001942,Enthusiast,Silver,2020-04-04 00:00:00
C001943,Enthusiast,None,2024-02-13 00:00:00
C001944,Casual,Bronze,2022-12-19 00:00:00
C001945,Casual,None,2020-10-02 00:00:00
C001946,Value,Silver,2024-07-21 00:00:00
C001947,Enthusiast,Silver,2023-11-10 00:00:00
C001948,Enthusiast,Bronze,2023-07-14 00:00:00
C001949,Casual,None,2021-05-30 00:00:00
C001950,Enthusiast,Silver,2022-07-04 00:00:00
C001951,Casual,None,2021-01-05 00:00:00
C001952,Casual,Bronze,2024-10-01 00:00:00
C001953,Casual,Bronze,2020-07-31 00:00:00
C001954,Professional,None,2021-01-14 00:00:00
C001955,Professional,Bronze,2022-06-24 00:00:00
C001956,Casual,None,2024-04-23 00:00:00
C001957,Professional,Silver,2021-01-27 00:00:00
C001958,Value,Silver,2023-08-09 00:00:00
C001959,Casual,Silver,2020-08-05 00:00:00
C001960,Value,Gold,2022-04-22 00:00:00
C001961,Casual,Bronze,2023-10-03 00:00:00
C001962,Value,Bronze,2024-05-17 00:00:00
C001963,Professional,None,2024-06-22 00:00:00
C001964,Value,None,2024-09-09 00:00:00
C001965,Enthusiast,Bronze,2024-10-15 00:00:00
C001966,Casual,Gold,2021-01-06 00:00:00
C001967,Casual,Silver,2020-02-09 00:00:00
C001968,Casual,Silver,2022-12-20 00:00:00
C001969,Casual,Silver,2024-08-12 00:00:00
C001970,Enthusiast,None,2021-12-19 00:00:00
C001971,Casual,Silver,2022-01-14 00:00:00
C001972,Casual,Silver,2022-03-10 00:00:00
C001973,Casual,Silver,2023-02-23 00:00:00
C001974,Enthusiast,Bronze,2022-03-16 00:00:00
C001975,Value,Bronze,2024-10-12 00:00:00
C001976,Enthusiast,Bronze,2021-03-26 00:00:00
C001977,Value,Bronze,2021-09-08 00:00:00
C001978,Professional,None,2023-08-26 00:00:00
C001979,Casual,Bronze,2020-09-29 00:00:00
C001980,Casual,None,2021-11-07 00:00:00
C001981,Casual,Bronze,2022-01-04 00:00:00
C001982,Casual,None,2021-03-10 00:00:00
C001983,Value,Platinum,2024-10-24 00:00:00
C001984,Value,Bronze,2023-02-07 00:00:00
C001985,Value,Bronze,2021-03-31 00:00:00
C001986,Professional,Bronze,2022-03-01 00:00:00
C001987,Value,None,2023-04-02 00:00:00
C001988,Professional,Silver,2024-01-05 00:00:00
C001989,Professional,Bronze,2021-06-12 00:00:00
C001990,Enthusiast,Silver,2020-09-19 00:00:00
C001991,Professional,Gold,2020-08-15 00:00:00
C001992,Enthusiast,Bronze,2024-01-28 00:00:00
C001993,Enthusiast,None,2023-05-09 00:00:00
C001994,Casual,Silver,2020-01-22 00:00:00
C001995,Professional,None,2023-09-08 00:00:00
C001996,Professional,Platinum,2024-04-27 00:00:00
C001997,Casual,Gold,2021-09-05 00:00:00
C001998,Casual,Silver,2024-02-24 00:00:00
C001999,Professional,None,2023-04-19 00:00:00
C002000,Casual,Bronze,2022-04-02 00:00:00
C002001,Value,None,2020-05-14 00:00:00
C002002,Enthusiast,Bronze,2023-04-03 00:00:00
C002003,Casual,Silver,2022-02-07 00:00:00
C002004,Casual,None,2020-06-05 00:00:00
C002005,Professional,Bronze,2022-03-20 00:00:00
C002006,Enthusiast,Platinum,2020-03-13 00:00:00
C002007,Enthusiast,None,2024-06-04 00:00:00
C002008,Enthusiast,Gold,2022-12-24 00:00:00
C002009,Professional,None,2021-06-19 00:00:00
C002010,Enthusiast,Bronze,2021-12-25 00:00:00
C002011,Value,Silver,2024-12-11 00:00:00
C002012,Professional,None,2024-03-31 00:00:00
C002013,Professional,None,2021-03-05 00:00:00
C002014,Enthusiast,Bronze,2021-05-15 00:00:00
C002015,Casual,Silver,2021-05-09 00:00:00
C002016,Value,Gold,2020-02-09 00:00:00
C002017,Professional,Silver,2022-06-15 00:00:00
C002018,Value,Bronze,2020-12-24 00:00:00
C002019,Enthusiast,Bronze,2023-07-17 00:00:00
C002020,Casual,None,2021-07-03 00:00:00
C002021,Professional,Silver,2022-01-09 00:00:00
C002022,Value,Gold,2023-02-08 00:00:00
C002023,Casual,Silver,2022-08-10 00:00:00
C002024,Casual,Bronze,2020-02-29 00:00:00
C002025,Enthusiast,Silver,2022-10-05 00:00:00
C002026,Enthusiast,Silver,2023-01-25 00:00:00
C002027,Professional,Silver,2020-07-30 00:00:00
C002028,Casual,Silver,2020-01-29 00:00:00
C002029,Casual,Silver,2020-05-06 00:00:00
C002030,Professional,None,2021-02-09 00:00:00
C002031,Value,None,2022-10-27 00:00:00
C002032,Casual,Silver,2024-10-09 00:00:00
C002033,Professional,Gold,2024-02-07 00:00:00
C002034,Value,Bronze,2021-12-27 00:00:00
C002035,Casual,Bronze,2020-10-16 00:00:00
C002036,Professional,None,2024-04-08 00:00:00
C002037,Enthusiast,None,2020-01-12 00:00:00
C002038,Enthusiast,Bronze,2022-03-23 00:00:00
C002039,Enthusiast,Bronze,2020-01-19 00:00:00
C002040,Casual,None,2021-10-19 00:00:00
C002041,Professional,Gold,2021-01-18 00:00:00
C002042,Professional,Silver,2022-04-17 00:00:00
C002043,Enthusiast,None,2021-10-19 00:00:00
C002044,Value,None,2021-11-30 00:00:00
C002045,Professional,None,2021-03-21 00:00:00
C002046,Enthusiast,Silver,2021-06-08 00:00:00
C002047,Enthusiast,None,2021-09-13 00:00:00
C002048,Enthusiast,None,2021-09-10 00:00:00
C002049,Professional,None,2022-11-20 00:00:00
C002050,Enthusiast,Silver,2022-11-05 00:00:00
C002051,Casual,Silver,2024-09-28 00:00:00
C002052,Enthusiast,Gold,2022-11-25 00:00:00
C002053,Value,None,2020-10-02 00:00:00
C002054,Enthusiast,Silver,2020-12-26 00:00:00
C002055,Value,Gold,2023-11-03 00:00:00
C002056,Casual,None,2021-04-18 00:00:00
C002057,Value,Gold,2024-11-09 00:00:00
C002058,Enthusiast,Silver,2020-04-12 00:00:00
C002059,Casual,Gold,2023-10-11 00:00:00
C002060,Value,Bronze,2023-08-25 00:00:00
C002061,Enthusiast,Bronze,2020-02-04 00:00:00
C002062,Value,Silver,2020-01-19 00:00:00
C002063,Enthusiast,Silver,2022-08-12 00:00:00
C002064,Enthusiast,Bronze,2024-06-20 00:00:00
C002065,Casual,Bronze,2024-07-11 00:00:00
C002066,Professional,Bronze,2020-06-13 00:00:00
C002067,Enthusiast,Silver,2022-02-03 00:00:00
C002068,Enthusiast,Silver,2024-05-11 00:00:00
C002069,Value,Silver,2021-09-07 00:00:00
C002070,Value,Bronze,2022-05-28 00:00:00
C002071,Professional,Gold,2024-05-25 00:00:00
C002072,Casual,None,2023-12-15 00:00:00
C002073,Enthusiast,None,2020-04-19 00:00:00
C002074,Professional,None,2021-05-17 00:00:00
C002075,Professional,None,2022-03-29 00:00:00
C002076,Professional,Bronze,2024-06-11 00:00:00
C002077,Value,None,2024-05-04 00:00:00
C002078,Enthusiast,None,2024-04-12 00:00:00
C002079,Professional,Silver,2020-09-27 00:00:00
C002080,Enthusiast,Bronze,2022-05-15 00:00:00
C002081,Value,Silver,2021-10-22 00:00:00
C002082,Value,Gold,2020-01-13 00:00:00
C002083,Value,Bronze,2023-05-29 00:00:00
C002084,Casual,Bronze,2024-06-13 00:00:00
C002085,Casual,Silver,2023-11-15 00:00:00
C002086,Casual,Silver,2020-08-14 00:00:00
C002087,Casual,None,2020-11-19 00:00:00
C002088,Casual,Bronze,2024-07-11 00:00:00
C002089,Professional,None,2024-01-09 00:00:00
C002090,Enthusiast,None,2021-02-27 00:00:00
C002091,Enthusiast,Silver,2023-08-21 00:00:00
C002092,Enthusiast,Bronze,2022-09-24 00:00:00
C002093,Casual,Platinum,2022-10-25 00:00:00
C002094,Casual,None,2020-06-29 00:00:00
C002095,Value,None,2023-10-31 00:00:00
C002096,Enthusiast,None,2020-11-25 00:00:00
C002097,Value,None,2023-06-10 00:00:00
C002098,Professional,Bronze,2022-03-14 00:00:00
C002099,Professional,None,2023-10-15 00:00:00
C002100,Value,None,2021-05-11 00:00:00
C002101,Casual,Silver,2020-03-24 00:00:00
C002102,Professional,Bronze,2024-05-23 00:00:00
C002103,Enthusiast,Bronze,2021-02-27 00:00:00
C002104,Professional,Gold,2023-12-02 00:00:00
C002105,Value,Silver,2022-01-04 00:00:00
C002106,Professional,Platinum,2023-12-17 00:00:00
C002107,Value,None,2021-01-09 00:00:00
C002108,Value,Bronze,2020-01-21 00:00:00
C002109,Casual,Bronze,2023-11-15 00:00:00
C002110,Casual,Gold,2024-04-21 00:00:00
C002111,Enthusiast,None,2020-11-30 00:00:00
C002112,Enthusiast,Silver,2020-12-26 00:00:00
C002113,Value,None,2024-06-09 00:00:00
C002114,Enthusiast,Bronze,2022-07-14 00:00:00
C002115,Enthusiast,Bronze,2023-06-22 00:00:00
C002116,Enthusiast,Silver,2020-07-23 00:00:00
C002117,Value,None,2021-08-23 00:00:00
C002118,Enthusiast,None,2023-11-11 00:00:00
C002119,Value,Silver,2021-05-27 00:00:00
C002120,Professional,None,2022-03-09 00:00:00
C002121,Professional,Gold,2023-01-21 00:00:00
C002122,Professional,Bronze,2020-03-27 00:00:00
C002123,Value,Gold,2023-06-08 00:00:00
C002124,Value,Platinum,2023-08-22 00:00:00
C002125,Professional,Bronze,2024-10-27 00:00:00
C002126,Casual,Silver,2023-07-21 00:00:00
C002127,Professional,None,2021-10-08 00:00:00
C002128,Value,None,2024-04-01 00:00:00
C002129,Casual,None,2021-03-22 00:00:00
C002130,Enthusiast,Bronze,2021-01-15 00:00:00
C002131,Enthusiast,Bronze,2024-07-10 00:00:00
C002132,Value,Gold,2020-05-23 00:00:00
C002133,Professional,None,2020-04-22 00:00:00
C002134,Value,Gold,2022-03-19 00:00:00
C002135,Enthusiast,None,2024-12-21 00:00:00
C002136,Professional,Bronze,2023-10-21 00:00:00
C002137,Casual,Bronze,2023-03-25 00:00:00
C002138,Casual,Silver,2022-07-18 00:00:00
C002139,Value,None,2022-05-18 00:00:00
C002140,Value,None,2021-07-04 00:00:00
C002141,Casual,None,2024-03-06 00:00:00
C002142,Value,None,2023-08-30 00:00:00
C002143,Casual,None,2023-08-12 00:00:00
C002144,Professional,Silver,2022-05-14 00:00:00
C002145,Casual,None,2024-05-07 00:00:00
C002146,Professional,Silver,2023-02-08 00:00:00
C002147,Enthusiast,None,2021-01-17 00:00:00
C002148,Value,None,2021-01-16 00:00:00
C002149,Casual,Silver,2022-06-10 00:00:00
C002150,Enthusiast,None,2022-08-03 00:00:00
C002151,Value,Silver,2020-08-05 00:00:00
C002152,Value,None,2022-12-06 00:00:00
C002153,Casual,None,2024-03-06 00:00:00
C002154,Enthusiast,Silver,2021-04-22 00:00:00
C002155,Casual,Bronze,2021-12-16 00:00:00
C002156,Professional,Gold,2024-07-03 00:00:00
C002157,Casual,Bronze,2021-02-20 00:00:00
C002158,Professional,Silver,2022-05-21 00:00:00
C002159,Enthusiast,Silver,2023-04-22 00:00:00
C002160,Professional,None,2021-02-22 00:00:00
C002161,Professional,Silver,2022-09-09 00:00:00
C002162,Value,Gold,2020-10-01 00:00:00
C002163,Enthusiast,Bronze,2022-07-19 00:00:00
C002164,Casual,Silver,2022-02-24 00:00:00
C002165,Enthusiast,Bronze,2024-06-30 00:00:00
C002166,Professional,Silver,2024-01-06 00:00:00
C002167,Casual,Silver,2020-01-11 00:00:00
C002168,Value,None,2024-08-17 00:00:00
C002169,Enthusiast,None,2021-12-03 00:00:00
C002170,Casual,Silver,2024-02-02 00:00:00
C002171,Enthusiast,Silver,2022-10-26 00:00:00
C002172,Enthusiast,Bronze,2024-11-02 00:00:00
C002173,Value,Platinum,2023-10-19 00:00:00
C002174,Professional,Bronze,2023-12-30 00:00:00
C002175,Value,None,2020-04-26 00:00:00
C002176,Value,None,2020-02-17 00:00:00
C002177,Value,Bronze,2024-02-15 00:00:00
C002178,Value,None,2023-02-17 00:00:00
C002179,Casual,Gold,2021-03-23 00:00:00
C002180,Casual,Silver,2024-05-01 00:00:00
C002181,Enthusiast,Gold,2022-10-11 00:00:00
C002182,Casual,Gold,2022-10-16 00:00:00
C002183,Value,Silver,2022-11-27 00:00:00
C002184,Enthusiast,Silver,2020-05-04 00:00:00
C002185,Casual,Platinum,2024-07-22 00:00:00
C002186,Value,None,2020-06-18 00:00:00
C002187,Enthusiast,Silver,2022-01-06 00:00:00
C002188,Value,None,2022-03-05 00:00:00
C002189,Professional,Bronze,2022-12-02 00:00:00
C002190,Value,Gold,2020-05-31 00:00:00
C002191,Value,None,2023-10-16 00:00:00
C002192,Value,None,2021-08-07 00:00:00
C002193,Value,Platinum,2023-10-07 00:00:00
C002194,Value,Bronze,2022-11-27 00:00:00
C002195,Casual,Bronze,2021-08-01 00:00:00
C002196,Casual,Bronze,2023-05-16 00:00:00
C002197,Value,Bronze,2021-05-08 00:00:00
C002198,Casual,Bronze,2020-02-07 00:00:00
C002199,Enthusiast,None,2020-08-17 00:00:00
C002200,Value,Bronze,2022-12-30 00:00:00
C002201,Value,Bronze,2021-12-24 00:00:00
C002202,Professional,Silver,2021-07-22 00:00:00
C002203,Enthusiast,Bronze,2020-10-01 00:00:00
C002204,Casual,None,2021-05-15 00:00:00
C002205,Enthusiast,Bronze,2022-05-12 00:00:00
C002206,Enthusiast,Silver,2020-02-11 00:00:00
C002207,Value,None,2023-06-01 00:00:00
C002208,Casual,None,2024-02-08 00:00:00
C002209,Enthusiast,Bronze,2021-12-03 00:00:00
C002210,Enthusiast,Bronze,2021-07-27 00:00:00
C002211,Value,None,2021-07-13 00:00:00
C002212,Value,Silver,2024-02-25 00:00:00
C002213,Professional,Silver,2023-10-08 00:00:00
C002214,Professional,Silver,2024-04-03 00:00:00
C002215,Casual,None,2023-02-16 00:00:00
C002216,Professional,None,2023-08-01 00:00:00
C002217,Casual,Gold,2022-08-17 00:00:00
C002218,Casual,Silver,2020-07-16 00:00:00
C002219,Enthusiast,None,2022-05-08 00:00:00
C002220,Enthusiast,Silver,2023-04-12 00:00:00
C002221,Casual,Platinum,2021-11-26 00:00:00
C002222,Value,Bronze,2022-02-06 00:00:00
C002223,Professional,Silver,2024-08-17 00:00:00
C002224,Casual,Silver,2020-03-14 00:00:00
C002225,Enthusiast,Silver,2024-06-18 00:00:00
C002226,Professional,Platinum,2023-11-19 00:00:00
C002227,Casual,Silver,2022-03-31 00:00:00
C002228,Enthusiast,Platinum,2024-12-15 00:00:00
C002229,Professional,None,2021-01-14 00:00:00
C002230,Casual,Platinum,2021-05-27 00:00:00
C002231,Casual,Bronze,2020-01-18 00:00:00
C002232,Enthusiast,None,2022-04-08 00:00:00
C002233,Value,Silver,2020-10-02 00:00:00
C002234,Value,None,2022-08-05 00:00:00
C002235,Professional,None,2020-03-10 00:00:00
C002236,Casual,Bronze,2023-02-28 00:00:00
C002237,Enthusiast,None,2023-06-16 00:00:00
C002238,Professional,None,2020-09-30 00:00:00
C002239,Casual,None,2023-11-30 00:00:00
C002240,Value,Bronze,2020-10-04 00:00:00
C002241,Value,Silver,2020-06-06 00:00:00
C002242,Professional,None,2020-07-07 00:00:00
C002243,Value,Bronze,2022-08-03 00:00:00
C002244,Enthusiast,Bronze,2022-11-19 00:00:00
C002245,Value,None,2020-11-17 00:00:00
C002246,Professional,None,2024-04-22 00:00:00
C002247,Professional,Silver,2024-01-25 00:00:00
C002248,Value,None,2020-10-02 00:00:00
C002249,Casual,Silver,2023-11-15 00:00:00
C002250,Value,None,2020-05-01 00:00:00
C002251,Professional,Gold,2023-08-09 00:00:00
C002252,Value,Bronze,2020-06-13 00:00:00
C002253,Professional,Gold,2022-11-11 00:00:00
C002254,Value,Gold,2024-09-15 00:00:00
C002255,Enthusiast,None,2020-02-12 00:00:00
C002256,Value,Bronze,2024-12-23 00:00:00
C002257,Professional,Silver,2023-03-16 00:00:00
C002258,Value,None,2020-03-08 00:00:00
C002259,Enthusiast,Platinum,2022-05-19 00:00:00
C002260,Professional,None,2023-11-30 00:00:00
C002261,Enthusiast,Silver,2021-02-17 00:00:00
C002262,Professional,Bronze,2020-01-14 00:00:00
C002263,Value,None,2021-12-03 00:00:00
C002264,Value,Bronze,2020-08-15 00:00:00
C002265,Value,None,2023-11-13 00:00:00
C002266,Value,Bronze,2020-12-25 00:00:00
C002267,Enthusiast,Bronze,2023-10-19 00:00:00
C002268,Value,None,2021-07-09 00:00:00
C002269,Value,Bronze,2021-02-11 00:00:00
C002270,Casual,Silver,2022-06-17 00:00:00
C002271,Casual,Gold,2021-08-27 00:00:00
C002272,Professional,Bronze,2022-09-28 00:00:00
C002273,Value,None,2021-02-25 00:00:00
C002274,Value,Bronze,2024-01-07 00:00:00
C002275,Professional,Gold,2022-10-09 00:00:00
C002276,Value,Bronze,2021-05-28 00:00:00
C002277,Professional,None,2020-09-01 00:00:00
C002278,Enthusiast,Silver,2023-02-19 00:00:00
C002279,Casual,None,2024-02-06 00:00:00
C002280,Casual,Bronze,2022-03-15 00:00:00
C002281,Professional,None,2021-09-03 00:00:00
C002282,Professional,Platinum,2022-11-10 00:00:00
C002283,Casual,Bronze,2021-04-09 00:00:00
C002284,Enthusiast,None,2020-12-21 00:00:00
C002285,Enthusiast,Bronze,2023-05-04 00:00:00
C002286,Enthusiast,Bronze,2020-03-29 00:00:00
C002287,Enthusiast,Silver,2021-04-23 00:00:00
C002288,Casual,Platinum,2023-03-17 00:00:00
C002289,Value,None,2021-07-11 00:00:00
C002290,Professional,None,2021-12-08 00:00:00
C002291,Casual,Bronze,2024-04-10 00:00:00
C002292,Casual,Bronze,2021-03-03 00:00:00
C002293,Professional,Gold,2021-03-11 00:00:00
C002294,Enthusiast,None,2022-04-10 00:00:00
C002295,Professional,Bronze,2021-08-25 00:00:00
C002296,Enthusiast,Bronze,2022-04-28 00:00:00
C002297,Professional,None,2021-03-13 00:00:00
C002298,Enthusiast,Bronze,2023-11-06 00:00:00
C002299,Value,Silver,2024-04-04 00:00:00
C002300,Professional,None,2024-01-03 00:00:00
C002301,Casual,Bronze,2022-05-09 00:00:00
C002302,Enthusiast,None,2023-01-09 00:00:00
C002303,Casual,Bronze,2022-10-27 00:00:00
C002304,Enthusiast,Bronze,2023-04-29 00:00:00
C002305,Casual,Silver,2020-01-17 00:00:00
C002306,Casual,None,2020-11-27 00:00:00
C002307,Professional,Bronze,2024-11-24 00:00:00
C002308,Casual,Gold,2021-08-08 00:00:00
C002309,Professional,Bronze,2020-05-29 00:00:00
C002310,Casual,None,2020-12-07 00:00:00
C002311,Value,None,2024-04-13 00:00:00
C002312,Casual,Gold,2022-01-01 00:00:00
C002313,Value,Bronze,2022-01-09 00:00:00
C002314,Value,Silver,2020-12-25 00:00:00
C002315,Casual,Bronze,2020-04-14 00:00:00
C002316,Professional,None,2024-08-04 00:00:00
C002317,Enthusiast,None,2022-03-07 00:00:00
C002318,Professional,None,2020-09-11 00:00:00
C002319,Professional,None,2021-09-12 00:00:00
C002320,Professional,Bronze,2022-03-14 00:00:00
C002321,Casual,Silver,2022-08-25 00:00:00
C002322,Professional,Silver,2020-11-08 00:00:00
C002323,Casual,Bronze,2020-11-06 00:00:00
C002324,Professional,Silver,2020-05-20 00:00:00
C002325,Value,Bronze,2024-08-23 00:00:00
C002326,Casual,Silver,2024-09-30 00:00:00
C002327,Value,None,2020-06-16 00:00:00
C002328,Enthusiast,None,2020-09-23 00:00:00
C002329,Enthusiast,Gold,2022-11-26 00:00:00
C002330,Enthusiast,Bronze,2024-01-03 00:00:00
C002331,Enthusiast,Silver,2020-10-09 00:00:00
C002332,Casual,Bronze,2022-12-22 00:00:00
C002333,Enthusiast,Platinum,2020-01-19 00:00:00
C002334,Professional,Silver,2024-03-30 00:00:00
C002335,Enthusiast,Gold,2020-11-03 00:00:00
C002336,Enthusiast,Bronze,2023-09-17 00:00:00
C002337,Professional,None,2020-02-04 00:00:00
C002338,Casual,None,2022-12-09 00:00:00
C002339,Casual,Platinum,2020-06-12 00:00:00
C002340,Enthusiast,None,2021-12-15 00:00:00
C002341,Professional,Bronze,2023-03-17 00:00:00
C002342,Value,Bronze,2024-03-01 00:00:00
C002343,Value,Bronze,2020-04-29 00:00:00
C002344,Enthusiast,None,2023-06-21 00:00:00
C002345,Enthusiast,Silver,2024-07-02 00:00:00
C002346,Professional,None,2021-09-13 00:00:00
C002347,Value,None,2022-06-01 00:00:00
C002348,Enthusiast,Gold,2023-03-04 00:00:00
C002349,Value,Bronze,2023-06-06 00:00:00
C002350,Value,Bronze,2024-02-17 00:00:00
C002351,Casual,Gold,2022-06-09 00:00:00
C002352,Value,Bronze,2023-10-11 00:00:00
C002353,Value,None,2024-06-29 00:00:00
C002354,Value,Bronze,2021-01-18 00:00:00
C002355,Value,Silver,2023-06-30 00:00:00
C002356,Enthusiast,Platinum,2021-08-07 00:00:00
C002357,Casual,None,2024-06-21 00:00:00
C002358,Casual,Silver,2021-07-23 00:00:00
C002359,Enthusiast,Bronze,2022-11-11 00:00:00
C002360,Enthusiast,None,2022-09-25 00:00:00
C002361,Value,Bronze,2023-01-16 00:00:00
C002362,Enthusiast,Silver,2024-01-15 00:00:00
C002363,Value,Bronze,2020-08-10 00:00:00
C002364,Casual,Bronze,2024-09-11 00:00:00
C002365,Casual,Silver,2021-09-27 00:00:00
C002366,Enthusiast,None,2020-11-06 00:00:00
C002367,Professional,Bronze,2021-08-19 00:00:00
C002368,Value,None,2024-06-03 00:00:00
C002369,Professional,Bronze,2024-03-15 00:00:00
C002370,Professional,Silver,2020-03-11 00:00:00
C002371,Professional,Gold,2023-04-15 00:00:00
C002372,Casual,Silver,2021-01-03 00:00:00
C002373,Value,Gold,2024-07-01 00:00:00
C002374,Professional,Bronze,2020-09-14 00:00:00
C002375,Casual,None,2020-06-14 00:00:00
C002376,Value,None,2023-02-05 00:00:00
C002377,Enthusiast,Bronze,2023-01-14 00:00:00
C002378,Professional,Platinum,2020-01-13 00:00:00
C002379,Casual,Silver,2022-02-18 00:00:00
C002380,Enthusiast,Platinum,2020-01-30 00:00:00
C002381,Value,Bronze,2023-01-18 00:00:00
C002382,Casual,Bronze,2024-09-03 00:00:00
C002383,Professional,Bronze,2020-12-22 00:00:00
C002384,Professional,Bronze,2022-07-30 00:00:00
C002385,Casual,Gold,2021-10-30 00:00:00
C002386,Enthusiast,Bronze,2021-01-17 00:00:00
C002387,Casual,Bronze,2021-03-28 00:00:00
C002388,Professional,Bronze,2022-01-27 00:00:00
C002389,Professional,Gold,2023-03-24 00:00:00
C002390,Casual,Silver,2024-04-19 00:00:00
C002391,Value,Silver,2022-02-11 00:00:00
C002392,Casual,None,2020-12-21 00:00:00
C002393,Value,None,2024-10-19 00:00:00
C002394,Professional,Gold,2023-02-02 00:00:00
C002395,Professional,Bronze,2020-04-11 00:00:00
C002396,Value,Bronze,2022-09-14 00:00:00
C002397,Value,None,2023-01-23 00:00:00
C002398,Enthusiast,None,2020-02-22 00:00:00
C002399,Casual,Gold,2024-07-26 00:00:00
C002400,Professional,Silver,2023-03-02 00:00:00
C002401,Enthusiast,Bronze,2020-01-12 00:00:00
C002402,Professional,None,2024-03-04 00:00:00
C002403,Casual,Bronze,2023-04-15 00:00:00
C002404,Professional,Bronze,2022-04-20 00:00:00
C002405,Professional,Bronze,2022-04-16 00:00:00
C002406,Enthusiast,Silver,2023-09-13 00:00:00
C002407,Casual,Silver,2020-06-04 00:00:00
C002408,Value,Silver,2020-09-08 00:00:00
C002409,Casual,None,2023-08-25 00:00:00
C002410,Casual,None,2024-08-30 00:00:00
C002411,Enthusiast,None,2021-01-22 00:00:00
C002412,Professional,Bronze,2020-05-30 00:00:00
C002413,Value,Bronze,2023-08-13 00:00:00
C002414,Professional,Bronze,2022-03-27 00:00:00
C002415,Professional,Bronze,2023-05-02 00:00:00
C002416,Professional,None,2021-10-09 00:00:00
C002417,Casual,Gold,2021-05-16 00:00:00
C002418,Enthusiast,None,2024-08-24 00:00:00
C002419,Casual,Platinum,2023-05-17 00:00:00
C002420,Value,None,2021-12-04 00:00:00
C002421,Professional,Gold,2020-02-24 00:00:00
C002422,Casual,Platinum,2024-02-02 00:00:00
C002423,Enthusiast,None,2022-01-20 00:00:00
C002424,Value,Gold,2023-03-28 00:00:00
C002425,Casual,None,2023-04-07 00:00:00
C002426,Professional,None,2024-11-11 00:00:00
C002427,Professional,Bronze,2023-11-13 00:00:00
C002428,Professional,Bronze,2024-03-20 00:00:00
C002429,Professional,Gold,2021-01-10 00:00:00
C002430,Enthusiast,Bronze,2020-04-05 00:00:00
C002431,Casual,Silver,2024-05-05 00:00:00
C002432,Value,Silver,2022-06-04 00:00:00
C002433,Professional,None,2024-08-10 00:00:00
C002434,Value,Silver,2023-07-13 00:00:00
C002435,Casual,None,2021-02-25 00:00:00
C002436,Value,Silver,2024-02-29 00:00:00
C002437,Value,Bronze,2023-09-10 00:00:00
C002438,Casual,None,2023-06-25 00:00:00
C002439,Professional,Bronze,2024-09-15 00:00:00
C002440,Professional,Bronze,2021-08-31 00:00:00
C002441,Professional,None,2024-03-23 00:00:00
C002442,Casual,None,2021-09-17 00:00:00
C002443,Enthusiast,Gold,2021-05-01 00:00:00
C002444,Casual,None,2021-10-14 00:00:00
C002445,Value,Gold,2023-07-31 00:00:00
C002446,Casual,Bronze,2024-03-21 00:00:00
C002447,Enthusiast,None,2023-01-29 00:00:00
C002448,Enthusiast,None,2021-12-03 00:00:00
C002449,Casual,None,2023-06-11 00:00:00
C002450,Casual,None,2021-05-30 00:00:00
C002451,Professional,Bronze,2021-02-11 00:00:00
C002452,Value,None,2021-09-14 00:00:00
C002453,Enthusiast,None,2024-05-28 00:00:00
C002454,Enthusiast,None,2020-05-29 00:00:00
C002455,Professional,None,2023-01-09 00:00:00
C002456,Enthusiast,None,2024-10-27 00:00:00
C002457,Value,Bronze,2020-09-15 00:00:00
C002458,Casual,Gold,2024-09-19 00:00:00
C002459,Casual,None,2021-07-13 00:00:00
C002460,Professional,Silver,2020-08-26 00:00:00
C002461,Professional,Bronze,2022-09-03 00:00:00
C002462,Enthusiast,Silver,2020-09-24 00:00:00
C002463,Value,Silver,2021-02-12 00:00:00
C002464,Casual,Bronze,2024-09-18 00:00:00
C002465,Casual,None,2022-06-02 00:00:00
C002466,Casual,Bronze,2021-07-05 00:00:00
C002467,Professional,Bronze,2022-05-22 00:00:00
C002468,Professional,Bronze,2022-02-11 00:00:00
C002469,Professional,Platinum,2022-03-03 00:00:00
C002470,Value,Silver,2023-09-02 00:00:00
C002471,Professional,None,2021-03-20 00:00:00
C002472,Casual,Bronze,2023-01-15 00:00:00
C002473,Casual,None,2020-06-14 00:00:00
C002474,Enthusiast,Bronze,2022-10-29 00:00:00
C002475,Casual,Platinum,2021-01-31 00:00:00
C002476,Casual,Silver,2021-07-09 00:00:00
C002477,Value,None,2023-12-15 00:00:00
C002478,Enthusiast,Bronze,2021-11-27 00:00:00
C002479,Casual,Gold,2023-07-11 00:00:00
C002480,Casual,None,2020-11-01 00:00:00
C002481,Enthusiast,None,2021-05-14 00:00:00
C002482,Professional,Silver,2021-06-17 00:00:00
C002483,Enthusiast,Silver,2024-10-01 00:00:00
C002484,Casual,None,2022-02-05 00:00:00
C002485,Casual,Silver,2023-12-20 00:00:00
C002486,Value,Silver,2022-04-01 00:00:00
C002487,Value,Silver,2023-07-24 00:00:00
C002488,Casual,Gold,2022-05-31 00:00:00
C002489,Casual,Gold,2022-07-14 00:00:00
C002490,Value,Silver,2022-11-23 00:00:00
C002491,Professional,Silver,2020-12-17 00:00:00
C002492,Professional,Bronze,2022-12-13 00:00:00
C002493,Casual,Bronze,2024-12-01 00:00:00
C002494,Value,Bronze,2020-06-10 00:00:00
C002495,Value,Silver,2020-10-18 00:00:00
C002496,Value,Bronze,2024-07-06 00:00:00
C002497,Enthusiast,Bronze,2023-08-31 00:00:00
C002498,Casual,Silver,2022-10-25 00:00:00
C002499,Professional,Gold,2020-09-01 00:00:00
C002500,Value,None,2023-07-26 00:00:00
