snapshot_date,store_id,sku,on_hand,on_order,cost
2024-01-01,S001,SKU00123,28,24,17.11
2024-01-01,S001,SKU00005,28,7,5.18
2024-01-01,S001,SKU00085,41,19,21.5
2024-01-01,S001,SKU00170,38,18,19.07
2024-01-01,S001,SKU00356,23,17,6.76
2024-01-01,S001,SKU00275,13,9,24.1
2024-01-01,S001,SKU00053,9,10,26.92
2024-01-01,S001,SKU00064,40,15,14.1
2024-01-01,S001,SKU00263,36,14,12.54
2024-01-01,S001,SKU00047,24,21,30.28
2024-01-01,S001,SKU00228,34,8,42.12
2024-01-01,S001,SKU00141,55,28,34.29
2024-01-01,S001,SKU00119,37,7,21.19
2024-01-01,S001,SKU00280,50,16,11.07
2024-01-01,S001,SKU00040,42,21,18.22
2024-01-01,S001,SKU00358,39,21,20.44
2024-01-01,S001,SKU00296,34,16,18.93
2024-01-01,S001,SKU00006,50,12,22.21
2024-01-01,S001,SKU00128,35,18,12.06
2024-01-01,S001,SKU00080,46,12,21.0
2024-01-01,S001,SKU00254,27,13,12.16
2024-01-01,S001,SKU00400,45,23,16.59
2024-01-01,S001,SKU00062,42,21,21.8
2024-01-01,S001,SKU00092,43,11,6.71
2024-01-01,S001,SKU00270,37,12,23.19
2024-01-01,S001,SKU00194,33,24,15.09
2024-01-01,S001,SKU00233,34,11,14.08
2024-01-01,S001,SKU00353,32,14,28.84
2024-01-01,S001,SKU00147,49,19,26.65
2024-01-01,S001,SKU00133,43,10,10.11
2024-01-01,S001,SKU00253,10,22,19.63
2024-01-01,S001,SKU00338,28,21,23.32
2024-01-01,S001,SKU00075,5,12,19.82
2024-01-01,S001,SKU00152,39,13,34.48
2024-01-01,S001,SKU00151,72,12,7.16
2024-01-01,S001,SKU00086,34,6,27.42
2024-01-01,S001,SKU00349,34,15,11.12
2024-01-01,S001,SKU00107,48,20,27.98
2024-01-01,S001,SKU00054,45,15,12.05
2024-01-01,S001,SKU00186,52,5,24.0
2024-01-01,S001,SKU00048,28,10,35.43
2024-01-01,S001,SKU00043,42,9,24.13
2024-01-01,S001,SKU00385,39,29,24.15
2024-01-01,S001,SKU00298,69,0,11.72
2024-01-01,S001,SKU00364,48,17,20.03
2024-01-01,S001,SKU00222,34,16,21.69
2024-01-01,S001,SKU00295,22,16,21.15
2024-01-01,S001,SKU00173,39,15,24.41
2024-01-01,S001,SKU00078,41,2,9.74
2024-01-01,S001,SKU00335,58,6,10.25
2024-01-01,S001,SKU00060,30,15,30.63
2024-01-01,S001,SKU00126,47,18,25.54
2024-01-01,S001,SKU00340,39,23,14.8
2024-01-01,S001,SKU00284,30,13,20.24
2024-01-01,S001,SKU00236,47,15,14.52
2024-01-01,S001,SKU00223,53,26,14.14
2024-01-01,S001,SKU00168,41,7,18.6
2024-01-01,S001,SKU00393,76,30,7.6
2024-01-01,S001,SKU00112,43,4,17.88
2024-01-01,S001,SKU00227,40,15,38.72
2024-01-01,S002,SKU00322,65,15,9.39
2024-01-01,S002,SKU00369,33,19,27.28
2024-01-01,S002,SKU00242,42,11,23.88
2024-01-01,S002,SKU00061,19,20,13.6
2024-01-01,S002,SKU00087,39,10,9.32
2024-01-01,S002,SKU00303,19,14,27.57
2024-01-01,S002,SKU00337,28,8,20.41
2024-01-01,S002,SKU00138,46,10,9.29
2024-01-01,S002,SKU00032,49,21,26.13
2024-01-01,S002,SKU00070,33,14,19.96
2024-01-01,S002,SKU00072,37,12,22.01
2024-01-01,S002,SKU00249,45,10,14.24
2024-01-01,S002,SKU00230,29,6,28.51
2024-01-01,S002,SKU00170,41,18,19.07
2024-01-01,S002,SKU00152,52,13,34.48
2024-01-01,S002,SKU00308,33,4,33.04
2024-01-01,S002,SKU00163,41,19,15.73
2024-01-01,S002,SKU00251,45,15,16.74
2024-01-01,S002,SKU00030,64,14,9.58
2024-01-01,S002,SKU00046,23,11,11.26
2024-01-01,S002,SKU00137,46,15,32.34
2024-01-01,S002,SKU00048,75,14,35.43
2024-01-01,S002,SKU00326,49,10,21.09
2024-01-01,S002,SKU00098,23,20,23.96
2024-01-01,S002,SKU00120,52,2,10.19
2024-01-01,S002,SKU00299,47,19,21.87
2024-01-01,S002,SKU00075,64,15,19.82
2024-01-01,S002,SKU00126,30,13,25.54
2024-01-01,S002,SKU00103,50,6,12.99
2024-01-01,S002,SKU00237,46,14,22.91
2024-01-01,S002,SKU00330,31,6,28.29
2024-01-01,S002,SKU00281,37,21,24.82
2024-01-01,S002,SKU00236,48,22,14.52
2024-01-01,S002,SKU00065,13,18,21.23
2024-01-01,S002,SKU00033,31,21,10.76
2024-01-01,S002,SKU00380,42,27,21.56
2024-01-01,S002,SKU00143,29,16,9.07
2024-01-01,S002,SKU00224,0,29,28.25
2024-01-01,S002,SKU00151,24,8,7.16
2024-01-01,S002,SKU00315,44,27,25.73
2024-01-01,S002,SKU00346,31,22,46.67
2024-01-01,S002,SKU00278,24,24,29.28
2024-01-01,S002,SKU00200,45,21,35.75
2024-01-01,S002,SKU00396,50,14,6.08
2024-01-01,S002,SKU00034,35,20,25.34
2024-01-01,S002,SKU00031,52,24,18.97
2024-01-01,S002,SKU00290,50,14,20.85
2024-01-01,S002,SKU00276,43,13,8.52
2024-01-01,S002,SKU00225,37,18,14.42
2024-01-01,S002,SKU00104,51,16,30.27
2024-01-01,S002,SKU00262,35,18,6.97
2024-01-01,S002,SKU00361,20,20,22.51
2024-01-01,S002,SKU00294,49,10,21.46
2024-01-01,S002,SKU00164,35,22,20.75
2024-01-01,S002,SKU00108,55,14,8.67
2024-01-01,S002,SKU00275,48,0,24.1
2024-01-01,S002,SKU00245,54,26,19.78
2024-01-01,S002,SKU00168,29,0,18.6
2024-01-01,S002,SKU00255,42,23,33.68
2024-01-01,S002,SKU00348,34,24,24.11
2024-01-01,S003,SKU00398,62,13,31.97
2024-01-01,S003,SKU00313,69,11,21.61
2024-01-01,S003,SKU00072,36,10,22.01
2024-01-01,S003,SKU00374,9,4,17.57
2024-01-01,S003,SKU00028,47,9,14.87
2024-01-01,S003,SKU00283,67,23,35.29
2024-01-01,S003,SKU00106,29,10,11.12
2024-01-01,S003,SKU00135,42,8,21.41
2024-01-01,S003,SKU00238,34,1,47.65
2024-01-01,S003,SKU00191,32,0,24.12
2024-01-01,S003,SKU00145,40,15,13.72
2024-01-01,S003,SKU00387,24,20,19.03
2024-01-01,S003,SKU00168,52,23,18.6
2024-01-01,S003,SKU00372,32,10,8.73
2024-01-01,S003,SKU00211,32,21,37.2
2024-01-01,S003,SKU00129,61,12,17.3
2024-01-01,S003,SKU00378,38,17,16.37
2024-01-01,S003,SKU00067,32,17,12.5
2024-01-01,S003,SKU00117,52,3,14.81
2024-01-01,S003,SKU00321,50,7,8.77
2024-01-01,S003,SKU00171,42,8,26.18
2024-01-01,S003,SKU00272,75,14,18.35
2024-01-01,S003,SKU00015,50,36,25.51
2024-01-01,S003,SKU00303,28,12,27.57
2024-01-01,S003,SKU00391,31,9,20.67
2024-01-01,S003,SKU00299,28,17,21.87
2024-01-01,S003,SKU00122,34,27,15.22
2024-01-01,S003,SKU00341,49,23,20.55
2024-01-01,S003,SKU00156,21,14,13.5
2024-01-01,S003,SKU00339,23,13,14.34
2024-01-01,S003,SKU00022,45,16,10.6
2024-01-01,S003,SKU00202,43,23,41.7
2024-01-01,S003,SKU00164,39,14,20.75
2024-01-01,S003,SKU00277,57,17,17.75
2024-01-01,S003,SKU00182,38,12,22.49
2024-01-01,S003,SKU00348,55,17,24.11
2024-01-01,S003,SKU00239,18,12,7.57
2024-01-01,S003,SKU00120,22,17,10.19
2024-01-01,S003,SKU00095,50,1,27.04
2024-01-01,S003,SKU00327,35,14,24.66
2024-01-01,S003,SKU00139,39,12,19.06
2024-01-01,S003,SKU00302,17,18,11.51
2024-01-01,S003,SKU00306,38,18,13.85
2024-01-01,S003,SKU00032,51,12,26.13
2024-01-01,S003,SKU00252,53,20,35.29
2024-01-01,S003,SKU00262,60,6,6.97
2024-01-01,S003,SKU00385,40,8,24.15
2024-01-01,S003,SKU00353,27,16,28.84
2024-01-01,S003,SKU00038,61,21,22.05
2024-01-01,S003,SKU00051,39,14,21.15
2024-01-01,S003,SKU00055,55,3,24.5
2024-01-01,S003,SKU00227,29,11,38.72
2024-01-01,S003,SKU00260,40,12,16.1
2024-01-01,S003,SKU00041,42,4,19.41
2024-01-01,S003,SKU00078,55,16,9.74
2024-01-01,S003,SKU00333,35,8,19.02
2024-01-01,S003,SKU00101,28,24,13.03
2024-01-01,S003,SKU00138,65,21,9.29
2024-01-01,S003,SKU00317,54,5,22.08
2024-01-01,S003,SKU00035,26,12,34.51
2024-01-01,S004,SKU00091,29,13,16.61
2024-01-01,S004,SKU00069,12,13,10.26
2024-01-01,S004,SKU00043,38,15,24.13
2024-01-01,S004,SKU00078,8,3,9.74
2024-01-01,S004,SKU00281,28,24,24.82
2024-01-01,S004,SKU00202,28,20,41.7
2024-01-01,S004,SKU00339,43,15,14.34
2024-01-01,S004,SKU00111,59,11,22.67
2024-01-01,S004,SKU00109,9,20,32.26
2024-01-01,S004,SKU00136,18,9,21.43
2024-01-01,S004,SKU00083,10,8,22.59
2024-01-01,S004,SKU00269,45,0,13.31
2024-01-01,S004,SKU00163,48,12,15.73
2024-01-01,S004,SKU00258,38,18,29.8
2024-01-01,S004,SKU00053,54,19,26.92
2024-01-01,S004,SKU00164,38,24,20.75
2024-01-01,S004,SKU00032,46,18,26.13
2024-01-01,S004,SKU00311,38,6,23.51
2024-01-01,S004,SKU00271,38,11,41.0
2024-01-01,S004,SKU00148,14,21,18.3
2024-01-01,S004,SKU00238,29,12,47.65
2024-01-01,S004,SKU00180,37,16,18.4
2024-01-01,S004,SKU00168,60,22,18.6
2024-01-01,S004,SKU00273,65,14,21.29
2024-01-01,S004,SKU00155,59,23,22.47
2024-01-01,S004,SKU00279,43,9,18.46
2024-01-01,S004,SKU00363,6,3,19.67
2024-01-01,S004,SKU00156,31,7,13.5
2024-01-01,S004,SKU00359,41,7,12.22
2024-01-01,S004,SKU00074,24,22,28.23
2024-01-01,S004,SKU00343,47,19,25.69
2024-01-01,S004,SKU00186,41,5,24.0
2024-01-01,S004,SKU00041,33,16,19.41
2024-01-01,S004,SKU00299,71,16,21.87
2024-01-01,S004,SKU00289,47,20,20.83
2024-01-01,S004,SKU00093,44,19,20.73
2024-01-01,S004,SKU00360,43,17,35.66
2024-01-01,S004,SKU00261,28,9,33.76
2024-01-01,S004,SKU00201,3,19,17.59
2024-01-01,S004,SKU00082,28,11,18.27
2024-01-01,S004,SKU00381,43,11,29.5
2024-01-01,S004,SKU00257,41,17,12.09
2024-01-01,S004,SKU00149,22,23,16.9
2024-01-01,S004,SKU00340,76,26,14.8
2024-01-01,S004,SKU00197,46,24,14.73
2024-01-01,S004,SKU00353,39,9,28.84
2024-01-01,S004,SKU00095,42,25,27.04
2024-01-01,S004,SKU00332,38,24,53.2
2024-01-01,S004,SKU00314,33,18,15.81
2024-01-01,S004,SKU00255,24,15,33.68
2024-01-01,S004,SKU00372,66,15,8.73
2024-01-01,S004,SKU00129,35,12,17.3
2024-01-01,S004,SKU00118,49,10,9.41
2024-01-01,S004,SKU00245,49,15,19.78
2024-01-01,S004,SKU00190,36,30,23.47
2024-01-01,S004,SKU00066,51,17,21.71
2024-01-01,S004,SKU00101,27,11,13.03
2024-01-01,S004,SKU00351,31,20,20.29
2024-01-01,S004,SKU00302,53,16,11.51
2024-01-01,S004,SKU00139,11,8,19.06
2024-01-01,S005,SKU00015,51,3,25.51
2024-01-01,S005,SKU00325,45,7,11.47
2024-01-01,S005,SKU00190,28,23,23.47
2024-01-01,S005,SKU00361,14,16,22.51
2024-01-01,S005,SKU00280,6,22,11.07
2024-01-01,S005,SKU00132,40,9,18.85
2024-01-01,S005,SKU00283,50,11,35.29
2024-01-01,S005,SKU00019,25,13,14.15
2024-01-01,S005,SKU00368,46,10,14.01
2024-01-01,S005,SKU00124,35,17,18.08
2024-01-01,S005,SKU00265,30,8,15.45
2024-01-01,S005,SKU00266,43,19,15.48
2024-01-01,S005,SKU00230,29,6,28.51
2024-01-01,S005,SKU00070,39,11,19.96
2024-01-01,S005,SKU00005,44,8,5.18
2024-01-01,S005,SKU00100,48,20,7.48
2024-01-01,S005,SKU00123,68,24,17.11
2024-01-01,S005,SKU00179,22,25,8.72
2024-01-01,S005,SKU00358,30,13,20.44
2024-01-01,S005,SKU00275,59,4,24.1
2024-01-01,S005,SKU00354,29,11,16.32
2024-01-01,S005,SKU00319,37,3,18.17
2024-01-01,S005,SKU00268,47,23,22.72
2024-01-01,S005,SKU00288,20,14,22.22
2024-01-01,S005,SKU00155,40,20,22.47
2024-01-01,S005,SKU00215,38,20,20.75
2024-01-01,S005,SKU00364,53,8,20.03
2024-01-01,S005,SKU00363,7,20,19.67
2024-01-01,S005,SKU00260,59,19,16.1
2024-01-01,S005,SKU00125,49,18,14.87
2024-01-01,S005,SKU00239,35,22,7.57
2024-01-01,S005,SKU00200,64,26,35.75
2024-01-01,S005,SKU00149,55,9,16.9
2024-01-01,S005,SKU00362,28,0,17.84
2024-01-01,S005,SKU00150,20,14,17.58
2024-01-01,S005,SKU00216,27,0,35.17
2024-01-01,S005,SKU00010,54,19,22.61
2024-01-01,S005,SKU00336,54,15,21.13
2024-01-01,S005,SKU00392,56,24,28.95
2024-01-01,S005,SKU00399,33,4,25.01
2024-01-01,S005,SKU00396,29,5,6.08
2024-01-01,S005,SKU00316,30,10,9.13
2024-01-01,S005,SKU00044,39,8,16.43
2024-01-01,S005,SKU00211,47,11,37.2
2024-01-01,S005,SKU00263,21,19,12.54
2024-01-01,S005,SKU00194,53,6,15.09
2024-01-01,S005,SKU00093,41,18,20.73
2024-01-01,S005,SKU00296,55,16,18.93
2024-01-01,S005,SKU00231,34,6,23.4
2024-01-01,S005,SKU00108,60,11,8.67
2024-01-01,S005,SKU00169,41,18,15.35
2024-01-01,S005,SKU00272,80,15,18.35
2024-01-01,S005,SKU00148,31,20,18.3
2024-01-01,S005,SKU00069,70,14,10.26
2024-01-01,S005,SKU00269,22,9,13.31
2024-01-01,S005,SKU00201,12,15,17.59
2024-01-01,S005,SKU00398,57,24,31.97
2024-01-01,S005,SKU00094,40,7,30.76
2024-01-01,S005,SKU00306,66,12,13.85
2024-01-01,S005,SKU00050,24,23,9.35
2024-01-01,S006,SKU00125,50,24,14.87
2024-01-01,S006,SKU00077,48,10,7.81
2024-01-01,S006,SKU00164,41,9,20.75
2024-01-01,S006,SKU00311,37,30,23.51
2024-01-01,S006,SKU00095,55,13,27.04
2024-01-01,S006,SKU00163,27,23,15.73
2024-01-01,S006,SKU00007,54,11,12.89
2024-01-01,S006,SKU00135,11,0,21.41
2024-01-01,S006,SKU00245,64,18,19.78
2024-01-01,S006,SKU00237,6,25,22.91
2024-01-01,S006,SKU00190,9,21,23.47
2024-01-01,S006,SKU00089,29,18,25.61
2024-01-01,S006,SKU00305,46,6,19.27
2024-01-01,S006,SKU00002,52,20,22.95
2024-01-01,S006,SKU00206,9,15,12.31
2024-01-01,S006,SKU00197,55,18,14.73
2024-01-01,S006,SKU00017,32,11,22.2
2024-01-01,S006,SKU00016,30,16,20.2
2024-01-01,S006,SKU00029,41,17,18.21
2024-01-01,S006,SKU00236,43,20,14.52
2024-01-01,S006,SKU00368,20,16,14.01
2024-01-01,S006,SKU00048,58,13,35.43
2024-01-01,S006,SKU00096,27,21,19.19
2024-01-01,S006,SKU00161,51,0,6.86
2024-01-01,S006,SKU00258,20,17,29.8
2024-01-01,S006,SKU00006,56,16,22.21
2024-01-01,S006,SKU00150,23,15,17.58
2024-01-01,S006,SKU00170,62,0,19.07
2024-01-01,S006,SKU00196,6,18,14.66
2024-01-01,S006,SKU00143,37,20,9.07
2024-01-01,S006,SKU00134,59,7,22.15
2024-01-01,S006,SKU00087,47,23,9.32
2024-01-01,S006,SKU00195,23,14,20.76
2024-01-01,S006,SKU00219,23,5,24.96
2024-01-01,S006,SKU00028,20,17,14.87
2024-01-01,S006,SKU00111,24,16,22.67
2024-01-01,S006,SKU00156,31,17,13.5
2024-01-01,S006,SKU00263,31,9,12.54
2024-01-01,S006,SKU00288,61,10,22.22
2024-01-01,S006,SKU00262,50,26,6.97
2024-01-01,S006,SKU00385,65,11,24.15
2024-01-01,S006,SKU00158,28,19,7.83
2024-01-01,S006,SKU00353,51,11,28.84
2024-01-01,S006,SKU00074,29,14,28.23
2024-01-01,S006,SKU00033,75,19,10.76
2024-01-01,S006,SKU00252,73,20,35.29
2024-01-01,S006,SKU00338,58,18,23.32
2024-01-01,S006,SKU00034,25,23,25.34
2024-01-01,S006,SKU00065,45,0,21.23
2024-01-01,S006,SKU00240,42,18,30.32
2024-01-01,S006,SKU00349,36,21,11.12
2024-01-01,S006,SKU00182,37,11,22.49
2024-01-01,S006,SKU00079,37,14,18.54
2024-01-01,S006,SKU00344,28,8,6.67
2024-01-01,S006,SKU00345,30,20,21.99
2024-01-01,S006,SKU00276,47,14,8.52
2024-01-01,S006,SKU00200,36,19,35.75
2024-01-01,S006,SKU00356,35,4,6.76
2024-01-01,S006,SKU00332,43,18,53.2
2024-01-01,S006,SKU00381,52,18,29.5
2024-01-01,S007,SKU00273,50,21,21.29
2024-01-01,S007,SKU00017,61,16,22.2
2024-01-01,S007,SKU00358,9,12,20.44
2024-01-01,S007,SKU00272,37,14,18.35
2024-01-01,S007,SKU00062,33,19,21.8
2024-01-01,S007,SKU00010,45,22,22.61
2024-01-01,S007,SKU00281,39,17,24.82
2024-01-01,S007,SKU00211,47,21,37.2
2024-01-01,S007,SKU00323,26,9,17.89
2024-01-01,S007,SKU00276,53,20,8.52
2024-01-01,S007,SKU00109,33,16,32.26
2024-01-01,S007,SKU00073,41,13,31.53
2024-01-01,S007,SKU00374,41,16,17.57
2024-01-01,S007,SKU00388,24,22,18.08
2024-01-01,S007,SKU00132,27,7,18.85
2024-01-01,S007,SKU00300,40,11,19.9
2024-01-01,S007,SKU00189,40,9,21.3
2024-01-01,S007,SKU00396,51,12,6.08
2024-01-01,S007,SKU00166,34,11,26.57
2024-01-01,S007,SKU00380,26,9,21.56
2024-01-01,S007,SKU00259,58,22,16.74
2024-01-01,S007,SKU00191,24,19,24.12
2024-01-01,S007,SKU00260,46,21,16.1
2024-01-01,S007,SKU00370,27,21,19.59
2024-01-01,S007,SKU00038,45,17,22.05
2024-01-01,S007,SKU00292,36,32,27.78
2024-01-01,S007,SKU00331,25,5,9.22
2024-01-01,S007,SKU00340,45,14,14.8
2024-01-01,S007,SKU00183,39,15,7.71
2024-01-01,S007,SKU00332,16,7,53.2
2024-01-01,S007,SKU00007,41,22,12.89
2024-01-01,S007,SKU00339,35,13,14.34
2024-01-01,S007,SKU00202,63,12,41.7
2024-01-01,S007,SKU00055,1,14,24.5
2024-01-01,S007,SKU00218,39,11,10.78
2024-01-01,S007,SKU00131,58,18,22.93
2024-01-01,S007,SKU00051,6,7,21.15
2024-01-01,S007,SKU00006,23,18,22.21
2024-01-01,S007,SKU00025,47,12,18.13
2024-01-01,S007,SKU00119,39,4,21.19
2024-01-01,S007,SKU00338,36,10,23.32
2024-01-01,S007,SKU00362,18,14,17.84
2024-01-01,S007,SKU00204,29,16,22.75
2024-01-01,S007,SKU00053,37,13,26.92
2024-01-01,S007,SKU00279,40,11,18.46
2024-01-01,S007,SKU00134,53,11,22.15
2024-01-01,S007,SKU00368,49,14,14.01
2024-01-01,S007,SKU00161,24,12,6.86
2024-01-01,S007,SKU00185,25,16,22.74
2024-01-01,S007,SKU00065,25,9,21.23
2024-01-01,S007,SKU00050,21,16,9.35
2024-01-01,S007,SKU00216,29,9,35.17
2024-01-01,S007,SKU00107,11,24,27.98
2024-01-01,S007,SKU00186,50,22,24.0
2024-01-01,S007,SKU00329,49,21,21.42
2024-01-01,S007,SKU00220,34,15,23.06
2024-01-01,S007,SKU00387,47,20,19.03
2024-01-01,S007,SKU00251,41,11,16.74
2024-01-01,S007,SKU00029,0,15,18.21
2024-01-01,S007,SKU00302,28,7,11.51
2024-01-01,S008,SKU00061,35,25,13.6
2024-01-01,S008,SKU00273,33,10,21.29
2024-01-01,S008,SKU00279,54,11,18.46
2024-01-01,S008,SKU00169,37,16,15.35
2024-01-01,S008,SKU00391,50,26,20.67
2024-01-01,S008,SKU00261,45,5,33.76
2024-01-01,S008,SKU00184,50,20,15.79
2024-01-01,S008,SKU00338,19,11,23.32
2024-01-01,S008,SKU00077,46,13,7.81
2024-01-01,S008,SKU00040,23,7,18.22
2024-01-01,S008,SKU00256,73,6,16.17
2024-01-01,S008,SKU00131,30,17,22.93
2024-01-01,S008,SKU00272,34,28,18.35
2024-01-01,S008,SKU00285,38,24,16.17
2024-01-01,S008,SKU00249,24,1,14.24
2024-01-01,S008,SKU00073,40,16,31.53
2024-01-01,S008,SKU00275,35,10,24.1
2024-01-01,S008,SKU00069,51,14,10.26
2024-01-01,S008,SKU00223,19,17,14.14
2024-01-01,S008,SKU00355,28,7,17.98
2024-01-01,S008,SKU00240,60,27,30.32
2024-01-01,S008,SKU00222,37,10,21.69
2024-01-01,S008,SKU00283,41,23,35.29
2024-01-01,S008,SKU00092,12,8,6.71
2024-01-01,S008,SKU00373,16,24,43.52
2024-01-01,S008,SKU00075,39,9,19.82
2024-01-01,S008,SKU00113,59,21,20.63
2024-01-01,S008,SKU00225,28,17,14.42
2024-01-01,S008,SKU00025,52,9,18.13
2024-01-01,S008,SKU00078,47,11,9.74
2024-01-01,S008,SKU00311,49,11,23.51
2024-01-01,S008,SKU00291,34,18,20.61
2024-01-01,S008,SKU00179,18,10,8.72
2024-01-01,S008,SKU00182,41,26,22.49
2024-01-01,S008,SKU00089,32,18,25.61
2024-01-01,S008,SKU00019,47,12,14.15
2024-01-01,S008,SKU00127,41,19,18.2
2024-01-01,S008,SKU00321,43,32,8.77
2024-01-01,S008,SKU00258,32,5,29.8
2024-01-01,S008,SKU00158,46,4,7.83
2024-01-01,S008,SKU00270,49,12,23.19
2024-01-01,S008,SKU00241,8,14,22.03
2024-01-01,S008,SKU00174,57,8,23.97
2024-01-01,S008,SKU00116,31,12,40.0
2024-01-01,S008,SKU00331,52,8,9.22
2024-01-01,S008,SKU00298,27,4,11.72
2024-01-01,S008,SKU00057,26,11,19.41
2024-01-01,S008,SKU00274,19,19,8.22
2024-01-01,S008,SKU00104,49,18,30.27
2024-01-01,S008,SKU00138,59,17,9.29
2024-01-01,S008,SKU00269,64,16,13.31
2024-01-01,S008,SKU00300,38,7,19.9
2024-01-01,S008,SKU00347,56,8,35.52
2024-01-01,S008,SKU00288,43,8,22.22
2024-01-01,S008,SKU00352,25,23,23.46
2024-01-01,S008,SKU00125,30,22,14.87
2024-01-01,S008,SKU00286,31,17,25.41
2024-01-01,S008,SKU00232,17,3,17.89
2024-01-01,S008,SKU00160,57,16,18.48
2024-01-01,S008,SKU00097,25,7,11.93
2024-01-01,S009,SKU00267,47,4,32.29
2024-01-01,S009,SKU00001,40,10,20.02
2024-01-01,S009,SKU00249,50,9,14.24
2024-01-01,S009,SKU00061,56,26,13.6
2024-01-01,S009,SKU00248,16,5,24.2
2024-01-01,S009,SKU00025,46,30,18.13
2024-01-01,S009,SKU00058,40,23,33.62
2024-01-01,S009,SKU00162,35,5,23.58
2024-01-01,S009,SKU00123,31,17,17.11
2024-01-01,S009,SKU00377,58,14,24.12
2024-01-01,S009,SKU00221,2,32,18.46
2024-01-01,S009,SKU00312,42,25,19.86
2024-01-01,S009,SKU00304,39,23,13.37
2024-01-01,S009,SKU00149,34,13,16.9
2024-01-01,S009,SKU00200,2,17,35.75
2024-01-01,S009,SKU00316,17,24,9.13
2024-01-01,S009,SKU00279,37,10,18.46
2024-01-01,S009,SKU00302,68,23,11.51
2024-01-01,S009,SKU00062,51,17,21.8
2024-01-01,S009,SKU00185,15,14,22.74
2024-01-01,S009,SKU00097,30,21,11.93
2024-01-01,S009,SKU00117,34,23,14.81
2024-01-01,S009,SKU00265,38,19,15.45
2024-01-01,S009,SKU00286,44,28,25.41
2024-01-01,S009,SKU00193,28,13,26.54
2024-01-01,S009,SKU00374,37,21,17.57
2024-01-01,S009,SKU00275,70,17,24.1
2024-01-01,S009,SKU00198,50,12,25.14
2024-01-01,S009,SKU00295,24,10,21.15
2024-01-01,S009,SKU00146,35,18,30.59
2024-01-01,S009,SKU00134,32,13,22.15
2024-01-01,S009,SKU00340,48,8,14.8
2024-01-01,S009,SKU00360,61,23,35.66
2024-01-01,S009,SKU00151,40,12,7.16
2024-01-01,S009,SKU00362,41,9,17.84
2024-01-01,S009,SKU00399,41,20,25.01
2024-01-01,S009,SKU00169,11,25,15.35
2024-01-01,S009,SKU00005,30,0,5.18
2024-01-01,S009,SKU00011,56,6,17.51
2024-01-01,S009,SKU00307,57,13,19.13
2024-01-01,S009,SKU00197,39,12,14.73
2024-01-01,S009,SKU00232,62,19,17.89
2024-01-01,S009,SKU00356,25,13,6.76
2024-01-01,S009,SKU00076,30,17,16.2
2024-01-01,S009,SKU00212,37,31,8.51
2024-01-01,S009,SKU00119,26,4,21.19
2024-01-01,S009,SKU00055,66,18,24.5
2024-01-01,S009,SKU00330,50,9,28.29
2024-01-01,S009,SKU00391,66,19,20.67
2024-01-01,S009,SKU00129,52,21,17.3
2024-01-01,S009,SKU00320,62,7,13.56
2024-01-01,S009,SKU00036,31,10,15.82
2024-01-01,S009,SKU00170,54,12,19.07
2024-01-01,S009,SKU00305,42,13,19.27
2024-01-01,S009,SKU00375,31,15,23.14
2024-01-01,S009,SKU00227,40,21,38.72
2024-01-01,S009,SKU00294,28,18,21.46
2024-01-01,S009,SKU00321,39,12,8.77
2024-01-01,S009,SKU00065,47,17,21.23
2024-01-01,S009,SKU00161,16,21,6.86
2024-01-01,S010,SKU00155,47,14,22.47
2024-01-01,S010,SKU00248,20,4,24.2
2024-01-01,S010,SKU00394,30,19,10.9
2024-01-01,S010,SKU00349,66,11,11.12
2024-01-01,S010,SKU00311,59,20,23.51
2024-01-01,S010,SKU00065,63,10,21.23
2024-01-01,S010,SKU00334,15,10,7.9
2024-01-01,S010,SKU00393,33,7,7.6
2024-01-01,S010,SKU00275,40,9,24.1
2024-01-01,S010,SKU00333,29,18,19.02
2024-01-01,S010,SKU00288,25,13,22.22
2024-01-01,S010,SKU00375,47,0,23.14
2024-01-01,S010,SKU00051,49,3,21.15
2024-01-01,S010,SKU00291,7,21,20.61
2024-01-01,S010,SKU00182,53,10,22.49
2024-01-01,S010,SKU00094,39,8,30.76
2024-01-01,S010,SKU00297,38,12,20.51
2024-01-01,S010,SKU00379,30,12,19.61
2024-01-01,S010,SKU00110,43,26,22.59
2024-01-01,S010,SKU00035,23,14,34.51
2024-01-01,S010,SKU00097,59,13,11.93
2024-01-01,S010,SKU00203,49,3,27.92
2024-01-01,S010,SKU00206,30,19,12.31
2024-01-01,S010,SKU00010,46,22,22.61
2024-01-01,S010,SKU00107,38,19,27.98
2024-01-01,S010,SKU00039,32,14,31.34
2024-01-01,S010,SKU00029,9,22,18.21
2024-01-01,S010,SKU00399,49,10,25.01
2024-01-01,S010,SKU00309,27,0,27.53
2024-01-01,S010,SKU00221,67,9,18.46
2024-01-01,S010,SKU00350,38,30,24.41
2024-01-01,S010,SKU00096,36,20,19.19
2024-01-01,S010,SKU00293,50,13,28.83
2024-01-01,S010,SKU00007,37,6,12.89
2024-01-01,S010,SKU00362,42,2,17.84
2024-01-01,S010,SKU00042,54,18,27.28
2024-01-01,S010,SKU00033,12,11,10.76
2024-01-01,S010,SKU00229,48,14,28.44
2024-01-01,S010,SKU00136,56,13,21.43
2024-01-01,S010,SKU00389,23,10,26.23
2024-01-01,S010,SKU00220,13,25,23.06
2024-01-01,S010,SKU00384,24,14,6.97
2024-01-01,S010,SKU00056,20,14,21.74
2024-01-01,S010,SKU00223,28,20,14.14
2024-01-01,S010,SKU00244,27,16,14.65
2024-01-01,S010,SKU00109,29,8,32.26
2024-01-01,S010,SKU00217,79,12,19.37
2024-01-01,S010,SKU00348,42,13,24.11
2024-01-01,S010,SKU00215,4,19,20.75
2024-01-01,S010,SKU00001,42,7,20.02
2024-01-01,S010,SKU00351,51,15,20.29
2024-01-01,S010,SKU00267,38,20,32.29
2024-01-01,S010,SKU00043,54,17,24.13
2024-01-01,S010,SKU00154,15,8,36.04
2024-01-01,S010,SKU00262,32,21,6.97
2024-01-01,S010,SKU00240,40,20,30.32
2024-01-01,S010,SKU00381,24,18,29.5
2024-01-01,S010,SKU00085,63,11,21.5
2024-01-01,S010,SKU00219,38,6,24.96
2024-01-01,S010,SKU00355,84,12,17.98
2024-01-01,S011,SKU00173,32,14,24.41
2024-01-01,S011,SKU00380,17,6,21.56
2024-01-01,S011,SKU00396,43,8,6.08
2024-01-01,S011,SKU00175,37,0,22.23
2024-01-01,S011,SKU00311,57,9,23.51
2024-01-01,S011,SKU00306,38,14,13.85
2024-01-01,S011,SKU00169,41,6,15.35
2024-01-01,S011,SKU00370,24,23,19.59
2024-01-01,S011,SKU00327,46,8,24.66
2024-01-01,S011,SKU00293,13,15,28.83
2024-01-01,S011,SKU00014,43,20,17.1
2024-01-01,S011,SKU00330,53,27,28.29
2024-01-01,S011,SKU00185,53,17,22.74
2024-01-01,S011,SKU00223,25,4,14.14
2024-01-01,S011,SKU00136,70,18,21.43
2024-01-01,S011,SKU00287,32,19,23.44
2024-01-01,S011,SKU00030,63,17,9.58
2024-01-01,S011,SKU00342,26,6,17.51
2024-01-01,S011,SKU00382,34,10,8.38
2024-01-01,S011,SKU00076,69,13,16.2
2024-01-01,S011,SKU00213,42,22,21.39
2024-01-01,S011,SKU00354,35,14,16.32
2024-01-01,S011,SKU00384,28,15,6.97
2024-01-01,S011,SKU00064,38,20,14.1
2024-01-01,S011,SKU00024,19,6,19.95
2024-01-01,S011,SKU00308,56,23,33.04
2024-01-01,S011,SKU00139,49,19,19.06
2024-01-01,S011,SKU00098,30,6,23.96
2024-01-01,S011,SKU00203,37,18,27.92
2024-01-01,S011,SKU00295,44,17,21.15
2024-01-01,S011,SKU00007,22,10,12.89
2024-01-01,S011,SKU00036,46,17,15.82
2024-01-01,S011,SKU00027,19,14,8.1
2024-01-01,S011,SKU00359,43,17,12.22
2024-01-01,S011,SKU00013,52,5,15.96
2024-01-01,S011,SKU00040,36,11,18.22
2024-01-01,S011,SKU00065,35,27,21.23
2024-01-01,S011,SKU00325,40,5,11.47
2024-01-01,S011,SKU00277,45,10,17.75
2024-01-01,S011,SKU00162,21,14,23.58
2024-01-01,S011,SKU00180,33,14,18.4
2024-01-01,S011,SKU00377,45,6,24.12
2024-01-01,S011,SKU00085,32,20,21.5
2024-01-01,S011,SKU00364,53,28,20.03
2024-01-01,S011,SKU00145,23,18,13.72
2024-01-01,S011,SKU00393,41,29,7.6
2024-01-01,S011,SKU00253,33,3,19.63
2024-01-01,S011,SKU00048,27,13,35.43
2024-01-01,S011,SKU00031,44,3,18.97
2024-01-01,S011,SKU00168,54,15,18.6
2024-01-01,S011,SKU00390,48,1,20.94
2024-01-01,S011,SKU00151,20,12,7.16
2024-01-01,S011,SKU00329,56,4,21.42
2024-01-01,S011,SKU00131,41,14,22.93
2024-01-01,S011,SKU00207,28,15,16.29
2024-01-01,S011,SKU00224,27,21,28.25
2024-01-01,S011,SKU00338,42,8,23.32
2024-01-01,S011,SKU00198,41,26,25.14
2024-01-01,S011,SKU00115,12,11,16.78
2024-01-01,S011,SKU00060,30,20,30.63
2024-01-01,S012,SKU00148,45,19,18.3
2024-01-01,S012,SKU00119,25,24,21.19
2024-01-01,S012,SKU00300,28,20,19.9
2024-01-01,S012,SKU00063,40,18,13.32
2024-01-01,S012,SKU00235,16,5,17.69
2024-01-01,S012,SKU00346,11,18,46.67
2024-01-01,S012,SKU00319,19,13,18.17
2024-01-01,S012,SKU00060,5,9,30.63
2024-01-01,S012,SKU00368,55,17,14.01
2024-01-01,S012,SKU00365,34,19,9.96
2024-01-01,S012,SKU00304,34,21,13.37
2024-01-01,S012,SKU00305,29,6,19.27
2024-01-01,S012,SKU00287,57,12,23.44
2024-01-01,S012,SKU00174,29,25,23.97
2024-01-01,S012,SKU00149,41,15,16.9
2024-01-01,S012,SKU00252,44,23,35.29
2024-01-01,S012,SKU00109,36,28,32.26
2024-01-01,S012,SKU00175,27,19,22.23
2024-01-01,S012,SKU00196,25,18,14.66
2024-01-01,S012,SKU00070,11,20,19.96
2024-01-01,S012,SKU00241,45,18,22.03
2024-01-01,S012,SKU00127,27,5,18.2
2024-01-01,S012,SKU00191,50,14,24.12
2024-01-01,S012,SKU00377,27,16,24.12
2024-01-01,S012,SKU00383,46,16,21.74
2024-01-01,S012,SKU00370,44,12,19.59
2024-01-01,S012,SKU00094,33,12,30.76
2024-01-01,S012,SKU00017,47,13,22.2
2024-01-01,S012,SKU00355,54,16,17.98
2024-01-01,S012,SKU00082,4,0,18.27
2024-01-01,S012,SKU00093,44,17,20.73
2024-01-01,S012,SKU00067,41,10,12.5
2024-01-01,S012,SKU00331,36,9,9.22
2024-01-01,S012,SKU00199,70,23,28.75
2024-01-01,S012,SKU00223,41,6,14.14
2024-01-01,S012,SKU00114,41,16,16.42
2024-01-01,S012,SKU00034,58,19,25.34
2024-01-01,S012,SKU00294,51,0,21.46
2024-01-01,S012,SKU00106,32,22,11.12
2024-01-01,S012,SKU00310,49,19,23.34
2024-01-01,S012,SKU00258,60,16,29.8
2024-01-01,S012,SKU00359,45,24,12.22
2024-01-01,S012,SKU00234,26,22,14.14
2024-01-01,S012,SKU00400,47,23,16.59
2024-01-01,S012,SKU00090,46,20,19.09
2024-01-01,S012,SKU00091,43,6,16.61
2024-01-01,S012,SKU00110,50,8,22.59
2024-01-01,S012,SKU00135,45,16,21.41
2024-01-01,S012,SKU00166,32,8,26.57
2024-01-01,S012,SKU00012,38,16,6.48
2024-01-01,S012,SKU00128,35,5,12.06
2024-01-01,S012,SKU00366,30,6,12.66
2024-01-01,S012,SKU00225,43,16,14.42
2024-01-01,S012,SKU00016,42,9,20.2
2024-01-01,S012,SKU00024,37,21,19.95
2024-01-01,S012,SKU00071,27,10,18.24
2024-01-01,S012,SKU00342,55,16,17.51
2024-01-01,S012,SKU00312,33,21,19.86
2024-01-01,S012,SKU00162,19,24,23.58
2024-01-01,S012,SKU00236,32,34,14.52
2024-01-01,S013,SKU00293,34,16,28.83
2024-01-01,S013,SKU00251,32,5,16.74
2024-01-01,S013,SKU00087,30,6,9.32
2024-01-01,S013,SKU00281,49,20,24.82
2024-01-01,S013,SKU00266,37,8,15.48
2024-01-01,S013,SKU00129,62,11,17.3
2024-01-01,S013,SKU00391,3,9,20.67
2024-01-01,S013,SKU00132,40,18,18.85
2024-01-01,S013,SKU00008,49,13,14.83
2024-01-01,S013,SKU00375,55,12,23.14
2024-01-01,S013,SKU00054,28,18,12.05
2024-01-01,S013,SKU00222,36,21,21.69
2024-01-01,S013,SKU00066,56,23,21.71
2024-01-01,S013,SKU00001,49,13,20.02
2024-01-01,S013,SKU00282,41,8,31.83
2024-01-01,S013,SKU00207,45,18,16.29
2024-01-01,S013,SKU00072,47,12,22.01
2024-01-01,S013,SKU00277,43,22,17.75
2024-01-01,S013,SKU00126,46,16,25.54
2024-01-01,S013,SKU00050,35,12,9.35
2024-01-01,S013,SKU00315,31,30,25.73
2024-01-01,S013,SKU00289,44,16,20.83
2024-01-01,S013,SKU00086,43,20,27.42
2024-01-01,S013,SKU00186,27,18,24.0
2024-01-01,S013,SKU00336,39,19,21.13
2024-01-01,S013,SKU00022,40,17,10.6
2024-01-01,S013,SKU00065,52,15,21.23
2024-01-01,S013,SKU00238,20,4,47.65
2024-01-01,S013,SKU00074,21,13,28.23
2024-01-01,S013,SKU00325,11,12,11.47
2024-01-01,S013,SKU00040,40,18,18.22
2024-01-01,S013,SKU00297,35,0,20.51
2024-01-01,S013,SKU00397,23,9,24.95
2024-01-01,S013,SKU00225,44,10,14.42
2024-01-01,S013,SKU00088,12,7,27.73
2024-01-01,S013,SKU00120,18,15,10.19
2024-01-01,S013,SKU00030,14,18,9.58
2024-01-01,S013,SKU00249,17,18,14.24
2024-01-01,S013,SKU00349,52,13,11.12
2024-01-01,S013,SKU00039,10,13,31.34
2024-01-01,S013,SKU00258,26,10,29.8
2024-01-01,S013,SKU00028,36,14,14.87
2024-01-01,S013,SKU00220,27,23,23.06
2024-01-01,S013,SKU00323,30,33,17.89
2024-01-01,S013,SKU00233,51,20,14.08
2024-01-01,S013,SKU00295,35,25,21.15
2024-01-01,S013,SKU00248,41,19,24.2
2024-01-01,S013,SKU00304,34,6,13.37
2024-01-01,S013,SKU00177,54,22,24.36
2024-01-01,S013,SKU00274,31,19,8.22
2024-01-01,S013,SKU00377,18,22,24.12
2024-01-01,S013,SKU00350,47,20,24.41
2024-01-01,S013,SKU00201,79,10,17.59
2024-01-01,S013,SKU00278,40,8,29.28
2024-01-01,S013,SKU00139,40,20,19.06
2024-01-01,S013,SKU00033,69,17,10.76
2024-01-01,S013,SKU00180,15,14,18.4
2024-01-01,S013,SKU00101,54,3,13.03
2024-01-01,S013,SKU00370,11,9,19.59
2024-01-01,S013,SKU00017,51,25,22.2
2024-01-01,S014,SKU00308,44,16,33.04
2024-01-01,S014,SKU00391,60,7,20.67
2024-01-01,S014,SKU00077,38,6,7.81
2024-01-01,S014,SKU00185,35,11,22.74
2024-01-01,S014,SKU00044,20,17,16.43
2024-01-01,S014,SKU00058,29,17,33.62
2024-01-01,S014,SKU00146,54,23,30.59
2024-01-01,S014,SKU00344,57,15,6.67
2024-01-01,S014,SKU00384,62,19,6.97
2024-01-01,S014,SKU00164,35,25,20.75
2024-01-01,S014,SKU00108,49,18,8.67
2024-01-01,S014,SKU00295,19,14,21.15
2024-01-01,S014,SKU00334,31,9,7.9
2024-01-01,S014,SKU00322,17,23,9.39
2024-01-01,S014,SKU00080,54,14,21.0
2024-01-01,S014,SKU00152,51,6,34.48
2024-01-01,S014,SKU00252,19,26,35.29
2024-01-01,S014,SKU00011,69,0,17.51
2024-01-01,S014,SKU00238,29,14,47.65
2024-01-01,S014,SKU00082,0,22,18.27
2024-01-01,S014,SKU00219,52,27,24.96
2024-01-01,S014,SKU00063,64,28,13.32
2024-01-01,S014,SKU00336,36,21,21.13
2024-01-01,S014,SKU00039,49,21,31.34
2024-01-01,S014,SKU00151,15,23,7.16
2024-01-01,S014,SKU00330,50,6,28.29
2024-01-01,S014,SKU00276,43,25,8.52
2024-01-01,S014,SKU00395,10,14,14.64
2024-01-01,S014,SKU00025,39,24,18.13
2024-01-01,S014,SKU00309,30,15,27.53
2024-01-01,S014,SKU00246,29,16,19.79
2024-01-01,S014,SKU00314,38,17,15.81
2024-01-01,S014,SKU00356,44,23,6.76
2024-01-01,S014,SKU00393,40,17,7.6
2024-01-01,S014,SKU00338,36,24,23.32
2024-01-01,S014,SKU00285,27,14,16.17
2024-01-01,S014,SKU00302,40,10,11.51
2024-01-01,S014,SKU00363,41,8,19.67
2024-01-01,S014,SKU00347,0,9,35.52
2024-01-01,S014,SKU00096,55,28,19.19
2024-01-01,S014,SKU00209,26,13,40.26
2024-01-01,S014,SKU00174,50,24,23.97
2024-01-01,S014,SKU00286,47,2,25.41
2024-01-01,S014,SKU00053,24,11,26.92
2024-01-01,S014,SKU00220,23,6,23.06
2024-01-01,S014,SKU00400,39,1,16.59
2024-01-01,S014,SKU00288,28,19,22.22
2024-01-01,S014,SKU00373,51,22,43.52
2024-01-01,S014,SKU00339,44,7,14.34
2024-01-01,S014,SKU00390,34,5,20.94
2024-01-01,S014,SKU00175,45,13,22.23
2024-01-01,S014,SKU00366,31,13,12.66
2024-01-01,S014,SKU00227,48,12,38.72
2024-01-01,S014,SKU00165,48,21,12.62
2024-01-01,S014,SKU00081,47,13,16.01
2024-01-01,S014,SKU00102,19,18,7.81
2024-01-01,S014,SKU00029,48,26,18.21
2024-01-01,S014,SKU00109,50,18,32.26
2024-01-01,S014,SKU00343,66,22,25.69
2024-01-01,S014,SKU00113,41,8,20.63
2024-01-01,S015,SKU00348,28,17,24.11
2024-01-01,S015,SKU00026,64,11,28.01
2024-01-01,S015,SKU00319,51,19,18.17
2024-01-01,S015,SKU00010,19,20,22.61
2024-01-01,S015,SKU00318,61,15,20.51
2024-01-01,S015,SKU00039,38,0,31.34
2024-01-01,S015,SKU00058,38,22,33.62
2024-01-01,S015,SKU00051,56,3,21.15
2024-01-01,S015,SKU00154,43,22,36.04
2024-01-01,S015,SKU00092,52,30,6.71
2024-01-01,S015,SKU00156,50,10,13.5
2024-01-01,S015,SKU00022,29,18,10.6
2024-01-01,S015,SKU00281,26,22,24.82
2024-01-01,S015,SKU00047,45,27,30.28
2024-01-01,S015,SKU00012,53,23,6.48
2024-01-01,S015,SKU00335,29,21,10.25
2024-01-01,S015,SKU00189,56,8,21.3
2024-01-01,S015,SKU00262,31,11,6.97
2024-01-01,S015,SKU00083,16,23,22.59
2024-01-01,S015,SKU00323,38,1,17.89
2024-01-01,S015,SKU00273,36,11,21.29
2024-01-01,S015,SKU00086,20,17,27.42
2024-01-01,S015,SKU00199,39,4,28.75
2024-01-01,S015,SKU00208,48,20,7.02
2024-01-01,S015,SKU00314,20,23,15.81
2024-01-01,S015,SKU00247,39,10,19.17
2024-01-01,S015,SKU00289,46,22,20.83
2024-01-01,S015,SKU00391,20,20,20.67
2024-01-01,S015,SKU00113,56,28,20.63
2024-01-01,S015,SKU00157,24,10,26.67
2024-01-01,S015,SKU00091,31,19,16.61
2024-01-01,S015,SKU00038,38,21,22.05
2024-01-01,S015,SKU00364,38,17,20.03
2024-01-01,S015,SKU00079,17,22,18.54
2024-01-01,S015,SKU00376,49,22,22.09
2024-01-01,S015,SKU00315,36,28,25.73
2024-01-01,S015,SKU00031,41,18,18.97
2024-01-01,S015,SKU00082,47,18,18.27
2024-01-01,S015,SKU00261,50,15,33.76
2024-01-01,S015,SKU00042,32,19,27.28
2024-01-01,S015,SKU00007,41,13,12.89
2024-01-01,S015,SKU00050,50,18,9.35
2024-01-01,S015,SKU00168,55,24,18.6
2024-01-01,S015,SKU00229,43,1,28.44
2024-01-01,S015,SKU00098,27,5,23.96
2024-01-01,S015,SKU00200,49,21,35.75
2024-01-01,S015,SKU00329,45,4,21.42
2024-01-01,S015,SKU00184,32,15,15.79
2024-01-01,S015,SKU00379,38,5,19.61
2024-01-01,S015,SKU00215,31,8,20.75
2024-01-01,S015,SKU00110,32,13,22.59
2024-01-01,S015,SKU00361,43,18,22.51
2024-01-01,S015,SKU00268,26,28,22.72
2024-01-01,S015,SKU00119,59,10,21.19
2024-01-01,S015,SKU00163,15,16,15.73
2024-01-01,S015,SKU00196,43,16,14.66
2024-01-01,S015,SKU00192,28,12,15.31
2024-01-01,S015,SKU00055,58,35,24.5
2024-01-01,S015,SKU00077,47,24,7.81
2024-01-01,S015,SKU00135,57,15,21.41
2024-01-01,S016,SKU00227,47,6,38.72
2024-01-01,S016,SKU00119,29,8,21.19
2024-01-01,S016,SKU00396,34,32,6.08
2024-01-01,S016,SKU00140,23,16,22.39
2024-01-01,S016,SKU00356,66,14,6.76
2024-01-01,S016,SKU00379,55,7,19.61
2024-01-01,S016,SKU00319,33,17,18.17
2024-01-01,S016,SKU00325,44,10,11.47
2024-01-01,S016,SKU00143,47,21,9.07
2024-01-01,S016,SKU00049,28,19,21.35
2024-01-01,S016,SKU00192,34,7,15.31
2024-01-01,S016,SKU00076,46,8,16.2
2024-01-01,S016,SKU00173,36,18,24.41
2024-01-01,S016,SKU00214,38,15,47.96
2024-01-01,S016,SKU00142,39,13,22.57
2024-01-01,S016,SKU00139,35,26,19.06
2024-01-01,S016,SKU00397,48,23,24.95
2024-01-01,S016,SKU00276,20,23,8.52
2024-01-01,S016,SKU00266,30,21,15.48
2024-01-01,S016,SKU00109,40,8,32.26
2024-01-01,S016,SKU00016,45,3,20.2
2024-01-01,S016,SKU00151,21,21,7.16
2024-01-01,S016,SKU00236,49,9,14.52
2024-01-01,S016,SKU00107,35,17,27.98
2024-01-01,S016,SKU00206,29,12,12.31
2024-01-01,S016,SKU00200,38,15,35.75
2024-01-01,S016,SKU00285,32,4,16.17
2024-01-01,S016,SKU00146,54,3,30.59
2024-01-01,S016,SKU00194,60,20,15.09
2024-01-01,S016,SKU00070,68,1,19.96
2024-01-01,S016,SKU00091,33,19,16.61
2024-01-01,S016,SKU00304,59,14,13.37
2024-01-01,S016,SKU00033,79,17,10.76
2024-01-01,S016,SKU00018,68,17,11.75
2024-01-01,S016,SKU00062,23,12,21.8
2024-01-01,S016,SKU00145,10,14,13.72
2024-01-01,S016,SKU00399,49,11,25.01
2024-01-01,S016,SKU00260,26,26,16.1
2024-01-01,S016,SKU00368,31,9,14.01
2024-01-01,S016,SKU00019,50,7,14.15
2024-01-01,S016,SKU00011,47,7,17.51
2024-01-01,S016,SKU00138,35,21,9.29
2024-01-01,S016,SKU00262,40,3,6.97
2024-01-01,S016,SKU00353,60,19,28.84
2024-01-01,S016,SKU00383,73,29,21.74
2024-01-01,S016,SKU00012,32,0,6.48
2024-01-01,S016,SKU00068,20,16,9.04
2024-01-01,S016,SKU00366,50,20,12.66
2024-01-01,S016,SKU00263,18,11,12.54
2024-01-01,S016,SKU00023,30,22,23.51
2024-01-01,S016,SKU00217,36,13,19.37
2024-01-01,S016,SKU00188,59,22,22.21
2024-01-01,S016,SKU00212,47,20,8.51
2024-01-01,S016,SKU00398,29,15,31.97
2024-01-01,S016,SKU00084,40,17,22.85
2024-01-01,S016,SKU00381,41,18,29.5
2024-01-01,S016,SKU00241,76,23,22.03
2024-01-01,S016,SKU00149,34,22,16.9
2024-01-01,S016,SKU00350,79,22,24.41
2024-01-01,S016,SKU00163,32,17,15.73
2024-01-01,S017,SKU00338,43,18,23.32
2024-01-01,S017,SKU00070,48,10,19.96
2024-01-01,S017,SKU00295,32,16,21.15
2024-01-01,S017,SKU00349,61,20,11.12
2024-01-01,S017,SKU00172,28,15,9.82
2024-01-01,S017,SKU00244,57,1,14.65
2024-01-01,S017,SKU00333,32,27,19.02
2024-01-01,S017,SKU00332,38,9,53.2
2024-01-01,S017,SKU00120,60,27,10.19
2024-01-01,S017,SKU00386,18,2,24.27
2024-01-01,S017,SKU00096,46,20,19.19
2024-01-01,S017,SKU00154,20,11,36.04
2024-01-01,S017,SKU00213,65,7,21.39
2024-01-01,S017,SKU00147,51,15,26.65
2024-01-01,S017,SKU00210,55,12,17.08
2024-01-01,S017,SKU00360,37,9,35.66
2024-01-01,S017,SKU00179,45,8,8.72
2024-01-01,S017,SKU00310,55,13,23.34
2024-01-01,S017,SKU00188,50,4,22.21
2024-01-01,S017,SKU00159,13,11,20.64
2024-01-01,S017,SKU00109,4,23,32.26
2024-01-01,S017,SKU00176,63,7,14.59
2024-01-01,S017,SKU00274,56,0,8.22
2024-01-01,S017,SKU00317,42,12,22.08
2024-01-01,S017,SKU00291,36,16,20.61
2024-01-01,S017,SKU00166,28,26,26.57
2024-01-01,S017,SKU00148,27,15,18.3
2024-01-01,S017,SKU00231,55,18,23.4
2024-01-01,S017,SKU00258,13,11,29.8
2024-01-01,S017,SKU00236,19,16,14.52
2024-01-01,S017,SKU00353,28,23,28.84
2024-01-01,S017,SKU00209,34,1,40.26
2024-01-01,S017,SKU00032,14,14,26.13
2024-01-01,S017,SKU00393,28,13,7.6
2024-01-01,S017,SKU00171,16,16,26.18
2024-01-01,S017,SKU00233,41,11,14.08
2024-01-01,S017,SKU00342,25,13,17.51
2024-01-01,S017,SKU00143,20,18,9.07
2024-01-01,S017,SKU00324,32,16,27.35
2024-01-01,S017,SKU00115,61,20,16.78
2024-01-01,S017,SKU00160,58,10,18.48
2024-01-01,S017,SKU00113,51,9,20.63
2024-01-01,S017,SKU00192,47,11,15.31
2024-01-01,S017,SKU00081,20,12,16.01
2024-01-01,S017,SKU00267,55,15,32.29
2024-01-01,S017,SKU00246,27,2,19.79
2024-01-01,S017,SKU00190,22,12,23.47
2024-01-01,S017,SKU00373,30,18,43.52
2024-01-01,S017,SKU00316,35,9,9.13
2024-01-01,S017,SKU00220,71,20,23.06
2024-01-01,S017,SKU00212,43,22,8.51
2024-01-01,S017,SKU00239,30,12,7.57
2024-01-01,S017,SKU00069,17,23,10.26
2024-01-01,S017,SKU00075,26,26,19.82
2024-01-01,S017,SKU00165,24,22,12.62
2024-01-01,S017,SKU00049,25,11,21.35
2024-01-01,S017,SKU00127,29,12,18.2
2024-01-01,S017,SKU00102,50,22,7.81
2024-01-01,S017,SKU00345,58,14,21.99
2024-01-01,S017,SKU00251,38,21,16.74
2024-01-01,S018,SKU00359,24,32,12.22
2024-01-01,S018,SKU00258,58,16,29.8
2024-01-01,S018,SKU00017,38,27,22.2
2024-01-01,S018,SKU00388,14,18,18.08
2024-01-01,S018,SKU00208,23,13,7.02
2024-01-01,S018,SKU00293,36,16,28.83
2024-01-01,S018,SKU00130,38,20,29.35
2024-01-01,S018,SKU00078,24,23,9.74
2024-01-01,S018,SKU00378,31,18,16.37
2024-01-01,S018,SKU00260,37,24,16.1
2024-01-01,S018,SKU00206,33,4,12.31
2024-01-01,S018,SKU00349,41,17,11.12
2024-01-01,S018,SKU00304,45,9,13.37
2024-01-01,S018,SKU00244,45,18,14.65
2024-01-01,S018,SKU00115,39,16,16.78
2024-01-01,S018,SKU00131,7,6,22.93
2024-01-01,S018,SKU00110,91,8,22.59
2024-01-01,S018,SKU00029,38,26,18.21
2024-01-01,S018,SKU00188,42,7,22.21
2024-01-01,S018,SKU00048,42,9,35.43
2024-01-01,S018,SKU00122,25,10,15.22
2024-01-01,S018,SKU00214,42,26,47.96
2024-01-01,S018,SKU00109,42,14,32.26
2024-01-01,S018,SKU00363,58,15,19.67
2024-01-01,S018,SKU00139,44,14,19.06
2024-01-01,S018,SKU00030,64,23,9.58
2024-01-01,S018,SKU00250,55,12,22.08
2024-01-01,S018,SKU00288,37,16,22.22
2024-01-01,S018,SKU00054,22,0,12.05
2024-01-01,S018,SKU00281,41,17,24.82
2024-01-01,S018,SKU00389,28,17,26.23
2024-01-01,S018,SKU00100,56,21,7.48
2024-01-01,S018,SKU00002,33,17,22.95
2024-01-01,S018,SKU00091,0,26,16.61
2024-01-01,S018,SKU00129,22,17,17.3
2024-01-01,S018,SKU00083,53,4,22.59
2024-01-01,S018,SKU00360,10,20,35.66
2024-01-01,S018,SKU00156,85,16,13.5
2024-01-01,S018,SKU00218,29,22,10.78
2024-01-01,S018,SKU00070,12,10,19.96
2024-01-01,S018,SKU00369,35,20,27.28
2024-01-01,S018,SKU00008,26,0,14.83
2024-01-01,S018,SKU00119,22,8,21.19
2024-01-01,S018,SKU00190,36,33,23.47
2024-01-01,S018,SKU00230,63,16,28.51
2024-01-01,S018,SKU00189,37,21,21.3
2024-01-01,S018,SKU00187,48,12,25.15
2024-01-01,S018,SKU00126,65,21,25.54
2024-01-01,S018,SKU00066,54,16,21.71
2024-01-01,S018,SKU00201,36,6,17.59
2024-01-01,S018,SKU00123,29,12,17.11
2024-01-01,S018,SKU00150,52,15,17.58
2024-01-01,S018,SKU00333,43,10,19.02
2024-01-01,S018,SKU00370,24,25,19.59
2024-01-01,S018,SKU00351,48,8,20.29
2024-01-01,S018,SKU00161,27,19,6.86
2024-01-01,S018,SKU00158,51,26,7.83
2024-01-01,S018,SKU00398,38,16,31.97
2024-01-01,S018,SKU00297,58,11,20.51
2024-01-01,S018,SKU00036,26,10,15.82
2024-01-01,S019,SKU00167,49,3,11.09
2024-01-01,S019,SKU00017,53,14,22.2
2024-01-01,S019,SKU00054,43,22,12.05
2024-01-01,S019,SKU00397,16,3,24.95
2024-01-01,S019,SKU00166,41,14,26.57
2024-01-01,S019,SKU00141,48,27,34.29
2024-01-01,S019,SKU00170,42,20,19.07
2024-01-01,S019,SKU00123,39,19,17.11
2024-01-01,S019,SKU00122,33,6,15.22
2024-01-01,S019,SKU00060,50,21,30.63
2024-01-01,S019,SKU00394,36,14,10.9
2024-01-01,S019,SKU00303,58,16,27.57
2024-01-01,S019,SKU00117,32,10,14.81
2024-01-01,S019,SKU00231,13,18,23.4
2024-01-01,S019,SKU00179,35,22,8.72
2024-01-01,S019,SKU00387,48,11,19.03
2024-01-01,S019,SKU00200,43,12,35.75
2024-01-01,S019,SKU00358,46,13,20.44
2024-01-01,S019,SKU00001,66,4,20.02
2024-01-01,S019,SKU00043,35,2,24.13
2024-01-01,S019,SKU00052,66,9,25.94
2024-01-01,S019,SKU00136,29,24,21.43
2024-01-01,S019,SKU00398,36,6,31.97
2024-01-01,S019,SKU00081,25,1,16.01
2024-01-01,S019,SKU00215,52,12,20.75
2024-01-01,S019,SKU00353,42,20,28.84
2024-01-01,S019,SKU00285,22,20,16.17
2024-01-01,S019,SKU00074,25,15,28.23
2024-01-01,S019,SKU00369,28,13,27.28
2024-01-01,S019,SKU00252,9,15,35.29
2024-01-01,S019,SKU00135,43,5,21.41
2024-01-01,S019,SKU00228,14,18,42.12
2024-01-01,S019,SKU00396,65,4,6.08
2024-01-01,S019,SKU00340,61,10,14.8
2024-01-01,S019,SKU00214,54,16,47.96
2024-01-01,S019,SKU00225,43,7,14.42
2024-01-01,S019,SKU00393,45,19,7.6
2024-01-01,S019,SKU00328,54,8,20.31
2024-01-01,S019,SKU00176,57,22,14.59
2024-01-01,S019,SKU00355,40,25,17.98
2024-01-01,S019,SKU00115,66,3,16.78
2024-01-01,S019,SKU00007,42,11,12.89
2024-01-01,S019,SKU00305,48,12,19.27
2024-01-01,S019,SKU00145,39,18,13.72
2024-01-01,S019,SKU00008,33,0,14.83
2024-01-01,S019,SKU00270,49,20,23.19
2024-01-01,S019,SKU00153,63,14,27.58
2024-01-01,S019,SKU00127,57,9,18.2
2024-01-01,S019,SKU00289,34,11,20.83
2024-01-01,S019,SKU00011,18,28,17.51
2024-01-01,S019,SKU00381,63,3,29.5
2024-01-01,S019,SKU00350,17,16,24.41
2024-01-01,S019,SKU00294,69,14,21.46
2024-01-01,S019,SKU00276,35,4,8.52
2024-01-01,S019,SKU00221,22,19,18.46
2024-01-01,S019,SKU00210,36,12,17.08
2024-01-01,S019,SKU00265,32,4,15.45
2024-01-01,S019,SKU00333,66,11,19.02
2024-01-01,S019,SKU00042,55,12,27.28
2024-01-01,S019,SKU00281,25,3,24.82
2024-01-01,S020,SKU00391,38,9,20.67
2024-01-01,S020,SKU00069,34,4,10.26
2024-01-01,S020,SKU00302,15,13,11.51
2024-01-01,S020,SKU00129,37,15,17.3
2024-01-01,S020,SKU00098,63,19,23.96
2024-01-01,S020,SKU00067,69,25,12.5
2024-01-01,S020,SKU00336,25,7,21.13
2024-01-01,S020,SKU00093,44,15,20.73
2024-01-01,S020,SKU00095,40,0,27.04
2024-01-01,S020,SKU00039,40,11,31.34
2024-01-01,S020,SKU00079,47,20,18.54
2024-01-01,S020,SKU00396,18,11,6.08
2024-01-01,S020,SKU00043,40,24,24.13
2024-01-01,S020,SKU00130,49,17,29.35
2024-01-01,S020,SKU00351,60,24,20.29
2024-01-01,S020,SKU00054,45,14,12.05
2024-01-01,S020,SKU00328,44,28,20.31
2024-01-01,S020,SKU00354,42,25,16.32
2024-01-01,S020,SKU00239,42,21,7.57
2024-01-01,S020,SKU00133,15,8,10.11
2024-01-01,S020,SKU00201,26,12,17.59
2024-01-01,S020,SKU00392,20,17,28.95
2024-01-01,S020,SKU00200,27,1,35.75
2024-01-01,S020,SKU00179,64,29,8.72
2024-01-01,S020,SKU00284,45,16,20.24
2024-01-01,S020,SKU00038,51,24,22.05
2024-01-01,S020,SKU00222,46,27,21.69
2024-01-01,S020,SKU00118,46,19,9.41
2024-01-01,S020,SKU00187,26,21,25.15
2024-01-01,S020,SKU00240,48,27,30.32
2024-01-01,S020,SKU00375,43,21,23.14
2024-01-01,S020,SKU00099,48,9,12.91
2024-01-01,S020,SKU00209,50,8,40.26
2024-01-01,S020,SKU00106,35,9,11.12
2024-01-01,S020,SKU00280,23,10,11.07
2024-01-01,S020,SKU00132,46,21,18.85
2024-01-01,S020,SKU00105,32,10,24.88
2024-01-01,S020,SKU00332,31,3,53.2
2024-01-01,S020,SKU00319,34,7,18.17
2024-01-01,S020,SKU00063,53,25,13.32
2024-01-01,S020,SKU00002,51,21,22.95
2024-01-01,S020,SKU00334,33,7,7.9
2024-01-01,S020,SKU00245,50,15,19.78
2024-01-01,S020,SKU00273,41,10,21.29
2024-01-01,S020,SKU00160,52,15,18.48
2024-01-01,S020,SKU00265,47,20,15.45
2024-01-01,S020,SKU00026,52,4,28.01
2024-01-01,S020,SKU00192,47,23,15.31
2024-01-01,S020,SKU00243,39,16,20.2
2024-01-01,S020,SKU00333,36,15,19.02
2024-01-01,S020,SKU00019,45,13,14.15
2024-01-01,S020,SKU00210,50,26,17.08
2024-01-01,S020,SKU00001,32,14,20.02
2024-01-01,S020,SKU00092,38,17,6.71
2024-01-01,S020,SKU00345,25,14,21.99
2024-01-01,S020,SKU00300,82,8,19.9
2024-01-01,S020,SKU00183,25,15,7.71
2024-01-01,S020,SKU00173,57,16,24.41
2024-01-01,S020,SKU00191,55,10,24.12
2024-01-01,S020,SKU00065,44,18,21.23
2024-01-01,S021,SKU00066,33,12,21.71
2024-01-01,S021,SKU00247,36,18,19.17
2024-01-01,S021,SKU00287,50,14,23.44
2024-01-01,S021,SKU00024,61,9,19.95
2024-01-01,S021,SKU00241,25,21,22.03
2024-01-01,S021,SKU00339,26,11,14.34
2024-01-01,S021,SKU00209,17,16,40.26
2024-01-01,S021,SKU00358,31,18,20.44
2024-01-01,S021,SKU00272,54,17,18.35
2024-01-01,S021,SKU00112,25,1,17.88
2024-01-01,S021,SKU00268,52,7,22.72
2024-01-01,S021,SKU00270,29,17,23.19
2024-01-01,S021,SKU00211,50,11,37.2
2024-01-01,S021,SKU00370,15,19,19.59
2024-01-01,S021,SKU00276,66,12,8.52
2024-01-01,S021,SKU00057,25,31,19.41
2024-01-01,S021,SKU00333,27,4,19.02
2024-01-01,S021,SKU00246,31,26,19.79
2024-01-01,S021,SKU00393,62,0,7.6
2024-01-01,S021,SKU00152,24,11,34.48
2024-01-01,S021,SKU00225,45,3,14.42
2024-01-01,S021,SKU00078,14,26,9.74
2024-01-01,S021,SKU00174,44,24,23.97
2024-01-01,S021,SKU00251,32,9,16.74
2024-01-01,S021,SKU00067,9,3,12.5
2024-01-01,S021,SKU00343,54,24,25.69
2024-01-01,S021,SKU00023,7,0,23.51
2024-01-01,S021,SKU00056,46,10,21.74
2024-01-01,S021,SKU00162,46,6,23.58
2024-01-01,S021,SKU00037,24,22,14.43
2024-01-01,S021,SKU00309,46,8,27.53
2024-01-01,S021,SKU00283,55,19,35.29
2024-01-01,S021,SKU00018,21,13,11.75
2024-01-01,S021,SKU00340,22,12,14.8
2024-01-01,S021,SKU00360,50,7,35.66
2024-01-01,S021,SKU00324,17,18,27.35
2024-01-01,S021,SKU00169,60,26,15.35
2024-01-01,S021,SKU00317,21,4,22.08
2024-01-01,S021,SKU00289,18,12,20.83
2024-01-01,S021,SKU00118,20,9,9.41
2024-01-01,S021,SKU00031,50,26,18.97
2024-01-01,S021,SKU00015,22,18,25.51
2024-01-01,S021,SKU00008,43,5,14.83
2024-01-01,S021,SKU00072,17,8,22.01
2024-01-01,S021,SKU00048,34,11,35.43
2024-01-01,S021,SKU00353,26,8,28.84
2024-01-01,S021,SKU00077,48,26,7.81
2024-01-01,S021,SKU00213,39,13,21.39
2024-01-01,S021,SKU00208,55,13,7.02
2024-01-01,S021,SKU00273,58,27,21.29
2024-01-01,S021,SKU00063,68,14,13.32
2024-01-01,S021,SKU00271,49,20,41.0
2024-01-01,S021,SKU00062,44,18,21.8
2024-01-01,S021,SKU00164,61,25,20.75
2024-01-01,S021,SKU00219,17,30,24.96
2024-01-01,S021,SKU00385,49,25,24.15
2024-01-01,S021,SKU00320,19,12,13.56
2024-01-01,S021,SKU00389,59,9,26.23
2024-01-01,S021,SKU00350,75,1,24.41
2024-01-01,S021,SKU00094,38,16,30.76
2024-01-01,S022,SKU00190,45,10,23.47
2024-01-01,S022,SKU00081,54,24,16.01
2024-01-01,S022,SKU00275,13,2,24.1
2024-01-01,S022,SKU00253,39,21,19.63
2024-01-01,S022,SKU00241,22,10,22.03
2024-01-01,S022,SKU00356,46,27,6.76
2024-01-01,S022,SKU00035,38,10,34.51
2024-01-01,S022,SKU00154,29,3,36.04
2024-01-01,S022,SKU00166,68,20,26.57
2024-01-01,S022,SKU00125,12,7,14.87
2024-01-01,S022,SKU00103,44,22,12.99
2024-01-01,S022,SKU00375,40,16,23.14
2024-01-01,S022,SKU00397,4,16,24.95
2024-01-01,S022,SKU00299,46,22,21.87
2024-01-01,S022,SKU00342,28,13,17.51
2024-01-01,S022,SKU00220,13,27,23.06
2024-01-01,S022,SKU00257,60,21,12.09
2024-01-01,S022,SKU00228,51,16,42.12
2024-01-01,S022,SKU00232,43,10,17.89
2024-01-01,S022,SKU00258,47,7,29.8
2024-01-01,S022,SKU00115,31,19,16.78
2024-01-01,S022,SKU00382,61,16,8.38
2024-01-01,S022,SKU00327,15,10,24.66
2024-01-01,S022,SKU00345,56,11,21.99
2024-01-01,S022,SKU00194,63,29,15.09
2024-01-01,S022,SKU00236,36,5,14.52
2024-01-01,S022,SKU00371,14,14,23.22
2024-01-01,S022,SKU00088,39,15,27.73
2024-01-01,S022,SKU00108,40,12,8.67
2024-01-01,S022,SKU00242,20,26,23.88
2024-01-01,S022,SKU00231,21,13,23.4
2024-01-01,S022,SKU00096,21,18,19.19
2024-01-01,S022,SKU00215,61,22,20.75
2024-01-01,S022,SKU00259,26,10,16.74
2024-01-01,S022,SKU00038,49,13,22.05
2024-01-01,S022,SKU00219,33,7,24.96
2024-01-01,S022,SKU00251,25,27,16.74
2024-01-01,S022,SKU00243,33,10,20.2
2024-01-01,S022,SKU00077,26,30,7.81
2024-01-01,S022,SKU00329,36,15,21.42
2024-01-01,S022,SKU00149,52,16,16.9
2024-01-01,S022,SKU00212,59,11,8.51
2024-01-01,S022,SKU00152,31,13,34.48
2024-01-01,S022,SKU00195,53,10,20.76
2024-01-01,S022,SKU00395,47,24,14.64
2024-01-01,S022,SKU00341,33,11,20.55
2024-01-01,S022,SKU00033,31,18,10.76
2024-01-01,S022,SKU00205,31,9,13.85
2024-01-01,S022,SKU00331,29,29,9.22
2024-01-01,S022,SKU00097,5,18,11.93
2024-01-01,S022,SKU00042,36,1,27.28
2024-01-01,S022,SKU00107,36,7,27.98
2024-01-01,S022,SKU00248,25,2,24.2
2024-01-01,S022,SKU00311,50,29,23.51
2024-01-01,S022,SKU00114,26,27,16.42
2024-01-01,S022,SKU00164,34,23,20.75
2024-01-01,S022,SKU00066,30,13,21.71
2024-01-01,S022,SKU00269,24,9,13.31
2024-01-01,S022,SKU00335,26,15,10.25
2024-01-01,S022,SKU00260,56,10,16.1
2024-01-01,S023,SKU00029,27,2,18.21
2024-01-01,S023,SKU00106,21,21,11.12
2024-01-01,S023,SKU00244,49,19,14.65
2024-01-01,S023,SKU00224,49,18,28.25
2024-01-01,S023,SKU00114,40,29,16.42
2024-01-01,S023,SKU00176,43,15,14.59
2024-01-01,S023,SKU00307,25,17,19.13
2024-01-01,S023,SKU00158,57,17,7.83
2024-01-01,S023,SKU00311,46,18,23.51
2024-01-01,S023,SKU00055,25,4,24.5
2024-01-01,S023,SKU00376,53,15,22.09
2024-01-01,S023,SKU00033,29,17,10.76
2024-01-01,S023,SKU00027,50,12,8.1
2024-01-01,S023,SKU00107,27,7,27.98
2024-01-01,S023,SKU00128,35,15,12.06
2024-01-01,S023,SKU00097,57,15,11.93
2024-01-01,S023,SKU00013,41,23,15.96
2024-01-01,S023,SKU00190,49,11,23.47
2024-01-01,S023,SKU00270,53,14,23.19
2024-01-01,S023,SKU00264,28,2,13.51
2024-01-01,S023,SKU00304,56,22,13.37
2024-01-01,S023,SKU00374,66,25,17.57
2024-01-01,S023,SKU00337,40,3,20.41
2024-01-01,S023,SKU00034,44,22,25.34
2024-01-01,S023,SKU00011,53,17,17.51
2024-01-01,S023,SKU00394,26,19,10.9
2024-01-01,S023,SKU00053,52,12,26.92
2024-01-01,S023,SKU00138,30,8,9.29
2024-01-01,S023,SKU00208,35,14,7.02
2024-01-01,S023,SKU00118,47,7,9.41
2024-01-01,S023,SKU00151,49,18,7.16
2024-01-01,S023,SKU00111,13,13,22.67
2024-01-01,S023,SKU00239,58,0,7.57
2024-01-01,S023,SKU00171,27,9,26.18
2024-01-01,S023,SKU00016,21,26,20.2
2024-01-01,S023,SKU00140,47,20,22.39
2024-01-01,S023,SKU00324,48,15,27.35
2024-01-01,S023,SKU00184,28,2,15.79
2024-01-01,S023,SKU00155,45,19,22.47
2024-01-01,S023,SKU00207,51,2,16.29
2024-01-01,S023,SKU00386,56,0,24.27
2024-01-01,S023,SKU00325,28,9,11.47
2024-01-01,S023,SKU00341,57,5,20.55
2024-01-01,S023,SKU00092,24,12,6.71
2024-01-01,S023,SKU00147,27,19,26.65
2024-01-01,S023,SKU00187,48,21,25.15
2024-01-01,S023,SKU00201,42,8,17.59
2024-01-01,S023,SKU00077,33,14,7.81
2024-01-01,S023,SKU00042,27,8,27.28
2024-01-01,S023,SKU00330,24,12,28.29
2024-01-01,S023,SKU00240,30,21,30.32
2024-01-01,S023,SKU00080,18,26,21.0
2024-01-01,S023,SKU00260,47,13,16.1
2024-01-01,S023,SKU00066,63,22,21.71
2024-01-01,S023,SKU00363,44,2,19.67
2024-01-01,S023,SKU00126,35,15,25.54
2024-01-01,S023,SKU00364,49,14,20.03
2024-01-01,S023,SKU00335,31,12,10.25
2024-01-01,S023,SKU00039,31,23,31.34
2024-01-01,S023,SKU00352,39,22,23.46
2024-01-01,S024,SKU00335,35,22,10.25
2024-01-01,S024,SKU00333,33,17,19.02
2024-01-01,S024,SKU00375,31,16,23.14
2024-01-01,S024,SKU00049,49,17,21.35
2024-01-01,S024,SKU00030,36,8,9.58
2024-01-01,S024,SKU00066,38,20,21.71
2024-01-01,S024,SKU00371,50,2,23.22
2024-01-01,S024,SKU00272,53,13,18.35
2024-01-01,S024,SKU00059,41,11,18.63
2024-01-01,S024,SKU00194,32,12,15.09
2024-01-01,S024,SKU00248,64,26,24.2
2024-01-01,S024,SKU00390,39,7,20.94
2024-01-01,S024,SKU00247,38,24,19.17
2024-01-01,S024,SKU00242,18,17,23.88
2024-01-01,S024,SKU00065,28,4,21.23
2024-01-01,S024,SKU00337,22,9,20.41
2024-01-01,S024,SKU00213,52,12,21.39
2024-01-01,S024,SKU00210,16,19,17.08
2024-01-01,S024,SKU00083,67,15,22.59
2024-01-01,S024,SKU00265,18,15,15.45
2024-01-01,S024,SKU00018,40,15,11.75
2024-01-01,S024,SKU00171,45,16,26.18
2024-01-01,S024,SKU00028,48,14,14.87
2024-01-01,S024,SKU00137,27,19,32.34
2024-01-01,S024,SKU00147,26,22,26.65
2024-01-01,S024,SKU00338,52,4,23.32
2024-01-01,S024,SKU00288,31,15,22.22
2024-01-01,S024,SKU00226,50,21,37.85
2024-01-01,S024,SKU00237,5,15,22.91
2024-01-01,S024,SKU00234,42,0,14.14
2024-01-01,S024,SKU00361,21,9,22.51
2024-01-01,S024,SKU00306,47,5,13.85
2024-01-01,S024,SKU00332,36,16,53.2
2024-01-01,S024,SKU00016,37,12,20.2
2024-01-01,S024,SKU00230,23,16,28.51
2024-01-01,S024,SKU00064,50,1,14.1
2024-01-01,S024,SKU00231,43,21,23.4
2024-01-01,S024,SKU00122,51,21,15.22
2024-01-01,S024,SKU00082,39,27,18.27
2024-01-01,S024,SKU00141,29,16,34.29
2024-01-01,S024,SKU00241,27,21,22.03
2024-01-01,S024,SKU00013,30,11,15.96
2024-01-01,S024,SKU00080,58,10,21.0
2024-01-01,S024,SKU00085,41,21,21.5
2024-01-01,S024,SKU00102,64,12,7.81
2024-01-01,S024,SKU00228,47,17,42.12
2024-01-01,S024,SKU00240,19,18,30.32
2024-01-01,S024,SKU00385,49,18,24.15
2024-01-01,S024,SKU00218,31,15,10.78
2024-01-01,S024,SKU00399,50,8,25.01
2024-01-01,S024,SKU00393,26,17,7.6
2024-01-01,S024,SKU00192,3,7,15.31
2024-01-01,S024,SKU00181,32,27,21.21
2024-01-01,S024,SKU00015,39,9,25.51
2024-01-01,S024,SKU00146,24,12,30.59
2024-01-01,S024,SKU00313,38,5,21.61
2024-01-01,S024,SKU00372,42,10,8.73
2024-01-01,S024,SKU00275,45,13,24.1
2024-01-01,S024,SKU00069,47,12,10.26
2024-01-01,S024,SKU00021,36,23,21.44
2024-01-01,S025,SKU00185,38,20,22.74
2024-01-01,S025,SKU00317,15,24,22.08
2024-01-01,S025,SKU00055,35,5,24.5
2024-01-01,S025,SKU00287,24,11,23.44
2024-01-01,S025,SKU00198,29,17,25.14
2024-01-01,S025,SKU00012,63,8,6.48
2024-01-01,S025,SKU00201,51,3,17.59
2024-01-01,S025,SKU00277,26,21,17.75
2024-01-01,S025,SKU00122,42,15,15.22
2024-01-01,S025,SKU00034,41,26,25.34
2024-01-01,S025,SKU00155,29,21,22.47
2024-01-01,S025,SKU00189,28,12,21.3
2024-01-01,S025,SKU00319,66,11,18.17
2024-01-01,S025,SKU00091,28,24,16.61
2024-01-01,S025,SKU00331,26,7,9.22
2024-01-01,S025,SKU00248,36,20,24.2
2024-01-01,S025,SKU00182,18,11,22.49
2024-01-01,S025,SKU00357,46,9,14.08
2024-01-01,S025,SKU00339,11,9,14.34
2024-01-01,S025,SKU00377,59,6,24.12
2024-01-01,S025,SKU00011,15,19,17.51
2024-01-01,S025,SKU00346,0,4,46.67
2024-01-01,S025,SKU00330,65,9,28.29
2024-01-01,S025,SKU00325,38,8,11.47
2024-01-01,S025,SKU00089,35,21,25.61
2024-01-01,S025,SKU00064,26,21,14.1
2024-01-01,S025,SKU00134,55,9,22.15
2024-01-01,S025,SKU00113,59,19,20.63
2024-01-01,S025,SKU00273,46,18,21.29
2024-01-01,S025,SKU00070,11,15,19.96
2024-01-01,S025,SKU00272,45,0,18.35
2024-01-01,S025,SKU00049,34,12,21.35
2024-01-01,S025,SKU00400,29,31,16.59
2024-01-01,S025,SKU00095,54,11,27.04
2024-01-01,S025,SKU00232,50,12,17.89
2024-01-01,S025,SKU00131,17,8,22.93
2024-01-01,S025,SKU00068,22,15,9.04
2024-01-01,S025,SKU00275,50,5,24.1
2024-01-01,S025,SKU00110,27,7,22.59
2024-01-01,S025,SKU00084,72,18,22.85
2024-01-01,S025,SKU00022,47,15,10.6
2024-01-01,S025,SKU00032,29,9,26.13
2024-01-01,S025,SKU00345,23,29,21.99
2024-01-01,S025,SKU00193,20,9,26.54
2024-01-01,S025,SKU00367,50,18,23.63
2024-01-01,S025,SKU00184,31,1,15.79
2024-01-01,S025,SKU00375,61,16,23.14
2024-01-01,S025,SKU00102,58,23,7.81
2024-01-01,S025,SKU00085,21,9,21.5
2024-01-01,S025,SKU00349,8,16,11.12
2024-01-01,S025,SKU00222,44,17,21.69
2024-01-01,S025,SKU00192,46,8,15.31
2024-01-01,S025,SKU00364,12,7,20.03
2024-01-01,S025,SKU00014,53,10,17.1
2024-01-01,S025,SKU00036,39,15,15.82
2024-01-01,S025,SKU00233,38,12,14.08
2024-01-01,S025,SKU00368,66,18,14.01
2024-01-01,S025,SKU00286,37,13,25.41
2024-01-01,S025,SKU00038,41,20,22.05
2024-01-01,S025,SKU00180,45,22,18.4
2024-01-01,S026,SKU00204,37,11,22.75
2024-01-01,S026,SKU00298,48,19,11.72
2024-01-01,S026,SKU00252,64,12,35.29
2024-01-01,S026,SKU00113,32,13,20.63
2024-01-01,S026,SKU00028,48,14,14.87
2024-01-01,S026,SKU00119,34,18,21.19
2024-01-01,S026,SKU00331,55,13,9.22
2024-01-01,S026,SKU00391,36,18,20.67
2024-01-01,S026,SKU00194,42,26,15.09
2024-01-01,S026,SKU00279,66,18,18.46
2024-01-01,S026,SKU00324,59,7,27.35
2024-01-01,S026,SKU00127,51,12,18.2
2024-01-01,S026,SKU00338,9,24,23.32
2024-01-01,S026,SKU00320,22,8,13.56
2024-01-01,S026,SKU00302,42,27,11.51
2024-01-01,S026,SKU00353,38,26,28.84
2024-01-01,S026,SKU00057,17,13,19.41
2024-01-01,S026,SKU00269,52,23,13.31
2024-01-01,S026,SKU00270,33,16,23.19
2024-01-01,S026,SKU00099,12,18,12.91
2024-01-01,S026,SKU00341,68,14,20.55
2024-01-01,S026,SKU00104,42,11,30.27
2024-01-01,S026,SKU00083,77,14,22.59
2024-01-01,S026,SKU00167,37,8,11.09
2024-01-01,S026,SKU00258,40,21,29.8
2024-01-01,S026,SKU00213,50,17,21.39
2024-01-01,S026,SKU00363,67,13,19.67
2024-01-01,S026,SKU00386,50,9,24.27
2024-01-01,S026,SKU00400,47,11,16.59
2024-01-01,S026,SKU00309,42,19,27.53
2024-01-01,S026,SKU00014,46,3,17.1
2024-01-01,S026,SKU00084,41,25,22.85
2024-01-01,S026,SKU00133,38,12,10.11
2024-01-01,S026,SKU00348,43,16,24.11
2024-01-01,S026,SKU00368,34,15,14.01
2024-01-01,S026,SKU00126,9,18,25.54
2024-01-01,S026,SKU00238,35,21,47.65
2024-01-01,S026,SKU00359,59,6,12.22
2024-01-01,S026,SKU00334,15,7,7.9
2024-01-01,S026,SKU00329,55,15,21.42
2024-01-01,S026,SKU00033,48,10,10.76
2024-01-01,S026,SKU00156,54,8,13.5
2024-01-01,S026,SKU00021,35,12,21.44
2024-01-01,S026,SKU00360,53,16,35.66
2024-01-01,S026,SKU00197,48,19,14.73
2024-01-01,S026,SKU00311,30,4,23.51
2024-01-01,S026,SKU00048,52,14,35.43
2024-01-01,S026,SKU00164,25,15,20.75
2024-01-01,S026,SKU00151,34,12,7.16
2024-01-01,S026,SKU00262,9,5,6.97
2024-01-01,S026,SKU00275,32,19,24.1
2024-01-01,S026,SKU00377,28,15,24.12
2024-01-01,S026,SKU00218,58,14,10.78
2024-01-01,S026,SKU00134,40,20,22.15
2024-01-01,S026,SKU00108,51,25,8.67
2024-01-01,S026,SKU00189,61,14,21.3
2024-01-01,S026,SKU00039,46,14,31.34
2024-01-01,S026,SKU00081,53,14,16.01
2024-01-01,S026,SKU00244,39,13,14.65
2024-01-01,S026,SKU00361,15,14,22.51
2024-01-01,S027,SKU00019,46,14,14.15
2024-01-01,S027,SKU00386,37,15,24.27
2024-01-01,S027,SKU00164,39,18,20.75
2024-01-01,S027,SKU00107,54,21,27.98
2024-01-01,S027,SKU00211,41,18,37.2
2024-01-01,S027,SKU00174,18,5,23.97
2024-01-01,S027,SKU00368,57,12,14.01
2024-01-01,S027,SKU00266,52,13,15.48
2024-01-01,S027,SKU00066,65,14,21.71
2024-01-01,S027,SKU00341,39,16,20.55
2024-01-01,S027,SKU00378,61,8,16.37
2024-01-01,S027,SKU00366,33,7,12.66
2024-01-01,S027,SKU00185,29,19,22.74
2024-01-01,S027,SKU00235,45,4,17.69
2024-01-01,S027,SKU00315,50,11,25.73
2024-01-01,S027,SKU00202,46,15,41.7
2024-01-01,S027,SKU00169,26,10,15.35
2024-01-01,S027,SKU00393,45,22,7.6
2024-01-01,S027,SKU00284,32,9,20.24
2024-01-01,S027,SKU00243,56,24,20.2
2024-01-01,S027,SKU00204,60,11,22.75
2024-01-01,S027,SKU00291,13,0,20.61
2024-01-01,S027,SKU00280,35,22,11.07
2024-01-01,S027,SKU00148,44,20,18.3
2024-01-01,S027,SKU00048,35,10,35.43
2024-01-01,S027,SKU00278,37,5,29.28
2024-01-01,S027,SKU00260,3,9,16.1
2024-01-01,S027,SKU00091,45,11,16.61
2024-01-01,S027,SKU00338,17,20,23.32
2024-01-01,S027,SKU00193,46,4,26.54
2024-01-01,S027,SKU00187,37,8,25.15
2024-01-01,S027,SKU00078,42,14,9.74
2024-01-01,S027,SKU00296,38,22,18.93
2024-01-01,S027,SKU00145,20,8,13.72
2024-01-01,S027,SKU00334,35,5,7.9
2024-01-01,S027,SKU00390,28,11,20.94
2024-01-01,S027,SKU00181,58,25,21.21
2024-01-01,S027,SKU00249,47,5,14.24
2024-01-01,S027,SKU00383,2,19,21.74
2024-01-01,S027,SKU00135,26,24,21.41
2024-01-01,S027,SKU00214,38,23,47.96
2024-01-01,S027,SKU00333,33,12,19.02
2024-01-01,S027,SKU00113,55,14,20.63
2024-01-01,S027,SKU00271,56,13,41.0
2024-01-01,S027,SKU00195,23,22,20.76
2024-01-01,S027,SKU00085,52,9,21.5
2024-01-01,S027,SKU00200,47,21,35.75
2024-01-01,S027,SKU00307,22,17,19.13
2024-01-01,S027,SKU00172,56,22,9.82
2024-01-01,S027,SKU00136,47,20,21.43
2024-01-01,S027,SKU00070,32,12,19.96
2024-01-01,S027,SKU00208,19,22,7.02
2024-01-01,S027,SKU00100,30,2,7.48
2024-01-01,S027,SKU00168,60,24,18.6
2024-01-01,S027,SKU00001,32,19,20.02
2024-01-01,S027,SKU00194,64,27,15.09
2024-01-01,S027,SKU00292,35,11,27.78
2024-01-01,S027,SKU00118,39,16,9.41
2024-01-01,S027,SKU00365,36,21,9.96
2024-01-01,S027,SKU00122,56,21,15.22
2024-01-01,S028,SKU00373,55,20,43.52
2024-01-01,S028,SKU00136,48,0,21.43
2024-01-01,S028,SKU00021,27,4,21.44
2024-01-01,S028,SKU00075,65,10,19.82
2024-01-01,S028,SKU00043,31,3,24.13
2024-01-01,S028,SKU00066,27,18,21.71
2024-01-01,S028,SKU00032,46,14,26.13
2024-01-01,S028,SKU00228,28,12,42.12
2024-01-01,S028,SKU00305,67,24,19.27
2024-01-01,S028,SKU00337,34,11,20.41
2024-01-01,S028,SKU00188,60,9,22.21
2024-01-01,S028,SKU00353,37,26,28.84
2024-01-01,S028,SKU00162,41,18,23.58
2024-01-01,S028,SKU00280,16,16,11.07
2024-01-01,S028,SKU00052,47,7,25.94
2024-01-01,S028,SKU00153,49,12,27.58
2024-01-01,S028,SKU00200,42,19,35.75
2024-01-01,S028,SKU00285,38,17,16.17
2024-01-01,S028,SKU00038,66,16,22.05
2024-01-01,S028,SKU00369,43,23,27.28
2024-01-01,S028,SKU00151,54,18,7.16
2024-01-01,S028,SKU00204,63,12,22.75
2024-01-01,S028,SKU00358,54,7,20.44
2024-01-01,S028,SKU00168,20,6,18.6
2024-01-01,S028,SKU00232,39,20,17.89
2024-01-01,S028,SKU00288,25,2,22.22
2024-01-01,S028,SKU00322,50,19,9.39
2024-01-01,S028,SKU00357,27,17,14.08
2024-01-01,S028,SKU00046,7,0,11.26
2024-01-01,S028,SKU00344,43,13,6.67
2024-01-01,S028,SKU00013,31,9,15.96
2024-01-01,S028,SKU00092,30,24,6.71
2024-01-01,S028,SKU00327,21,3,24.66
2024-01-01,S028,SKU00375,34,15,23.14
2024-01-01,S028,SKU00181,34,15,21.21
2024-01-01,S028,SKU00371,35,15,23.22
2024-01-01,S028,SKU00111,24,9,22.67
2024-01-01,S028,SKU00383,38,18,21.74
2024-01-01,S028,SKU00076,22,19,16.2
2024-01-01,S028,SKU00368,33,12,14.01
2024-01-01,S028,SKU00302,21,11,11.51
2024-01-01,S028,SKU00088,46,16,27.73
2024-01-01,S028,SKU00187,34,16,25.15
2024-01-01,S028,SKU00374,60,20,17.57
2024-01-01,S028,SKU00212,33,15,8.51
2024-01-01,S028,SKU00034,22,8,25.34
2024-01-01,S028,SKU00139,32,12,19.06
2024-01-01,S028,SKU00359,35,23,12.22
2024-01-01,S028,SKU00291,52,13,20.61
2024-01-01,S028,SKU00321,41,16,8.77
2024-01-01,S028,SKU00304,34,15,13.37
2024-01-01,S028,SKU00182,37,9,22.49
2024-01-01,S028,SKU00081,28,17,16.01
2024-01-01,S028,SKU00123,38,19,17.11
2024-01-01,S028,SKU00040,47,12,18.22
2024-01-01,S028,SKU00261,25,22,33.76
2024-01-01,S028,SKU00115,34,12,16.78
2024-01-01,S028,SKU00363,31,20,19.67
2024-01-01,S028,SKU00376,53,18,22.09
2024-01-01,S028,SKU00333,25,16,19.02
2024-01-01,S029,SKU00243,8,12,20.2
2024-01-01,S029,SKU00006,27,6,22.21
2024-01-01,S029,SKU00280,63,25,11.07
2024-01-01,S029,SKU00085,34,29,21.5
2024-01-01,S029,SKU00009,40,20,21.87
2024-01-01,S029,SKU00033,44,7,10.76
2024-01-01,S029,SKU00241,23,5,22.03
2024-01-01,S029,SKU00170,68,14,19.07
2024-01-01,S029,SKU00176,22,8,14.59
2024-01-01,S029,SKU00346,42,14,46.67
2024-01-01,S029,SKU00335,18,22,10.25
2024-01-01,S029,SKU00354,33,20,16.32
2024-01-01,S029,SKU00158,40,11,7.83
2024-01-01,S029,SKU00079,25,14,18.54
2024-01-01,S029,SKU00289,39,18,20.83
2024-01-01,S029,SKU00303,38,21,27.57
2024-01-01,S029,SKU00304,46,9,13.37
2024-01-01,S029,SKU00307,50,6,19.13
2024-01-01,S029,SKU00027,52,11,8.1
2024-01-01,S029,SKU00069,31,14,10.26
2024-01-01,S029,SKU00274,51,12,8.22
2024-01-01,S029,SKU00263,44,16,12.54
2024-01-01,S029,SKU00180,60,14,18.4
2024-01-01,S029,SKU00284,34,11,20.24
2024-01-01,S029,SKU00244,46,21,14.65
2024-01-01,S029,SKU00376,67,16,22.09
2024-01-01,S029,SKU00014,51,9,17.1
2024-01-01,S029,SKU00232,56,11,17.89
2024-01-01,S029,SKU00212,52,7,8.51
2024-01-01,S029,SKU00351,34,12,20.29
2024-01-01,S029,SKU00044,54,14,16.43
2024-01-01,S029,SKU00152,55,16,34.48
2024-01-01,S029,SKU00292,33,5,27.78
2024-01-01,S029,SKU00052,24,9,25.94
2024-01-01,S029,SKU00297,69,17,20.51
2024-01-01,S029,SKU00109,40,10,32.26
2024-01-01,S029,SKU00381,44,9,29.5
2024-01-01,S029,SKU00112,40,8,17.88
2024-01-01,S029,SKU00205,26,17,13.85
2024-01-01,S029,SKU00126,20,3,25.54
2024-01-01,S029,SKU00028,50,20,14.87
2024-01-01,S029,SKU00313,35,3,21.61
2024-01-01,S029,SKU00293,65,21,28.83
2024-01-01,S029,SKU00074,40,22,28.23
2024-01-01,S029,SKU00163,26,15,15.73
2024-01-01,S029,SKU00091,20,15,16.61
2024-01-01,S029,SKU00145,18,6,13.72
2024-01-01,S029,SKU00314,56,15,15.81
2024-01-01,S029,SKU00040,44,11,18.22
2024-01-01,S029,SKU00325,41,8,11.47
2024-01-01,S029,SKU00167,44,19,11.09
2024-01-01,S029,SKU00345,40,15,21.99
2024-01-01,S029,SKU00327,30,15,24.66
2024-01-01,S029,SKU00323,74,23,17.89
2024-01-01,S029,SKU00110,39,17,22.59
2024-01-01,S029,SKU00208,34,27,7.02
2024-01-01,S029,SKU00038,23,14,22.05
2024-01-01,S029,SKU00255,37,14,33.68
2024-01-01,S029,SKU00172,51,11,9.82
2024-01-01,S029,SKU00048,48,18,35.43
2024-01-01,S030,SKU00225,42,13,14.42
2024-01-01,S030,SKU00045,43,20,19.14
2024-01-01,S030,SKU00381,38,20,29.5
2024-01-01,S030,SKU00259,44,8,16.74
2024-01-01,S030,SKU00249,35,22,14.24
2024-01-01,S030,SKU00173,67,16,24.41
2024-01-01,S030,SKU00264,33,15,13.51
2024-01-01,S030,SKU00097,50,26,11.93
2024-01-01,S030,SKU00212,38,26,8.51
2024-01-01,S030,SKU00104,45,15,30.27
2024-01-01,S030,SKU00241,58,15,22.03
2024-01-01,S030,SKU00269,32,22,13.31
2024-01-01,S030,SKU00016,58,19,20.2
2024-01-01,S030,SKU00080,35,16,21.0
2024-01-01,S030,SKU00205,45,25,13.85
2024-01-01,S030,SKU00085,72,14,21.5
2024-01-01,S030,SKU00022,34,12,10.6
2024-01-01,S030,SKU00220,30,16,23.06
2024-01-01,S030,SKU00388,57,21,18.08
2024-01-01,S030,SKU00291,50,2,20.61
2024-01-01,S030,SKU00207,44,6,16.29
2024-01-01,S030,SKU00357,34,11,14.08
2024-01-01,S030,SKU00339,57,4,14.34
2024-01-01,S030,SKU00378,50,2,16.37
2024-01-01,S030,SKU00329,23,14,21.42
2024-01-01,S030,SKU00352,29,12,23.46
2024-01-01,S030,SKU00130,41,8,29.35
2024-01-01,S030,SKU00042,35,16,27.28
2024-01-01,S030,SKU00176,21,12,14.59
2024-01-01,S030,SKU00153,45,4,27.58
2024-01-01,S030,SKU00400,49,12,16.59
2024-01-01,S030,SKU00356,29,20,6.76
2024-01-01,S030,SKU00270,17,20,23.19
2024-01-01,S030,SKU00169,49,6,15.35
2024-01-01,S030,SKU00037,79,16,14.43
2024-01-01,S030,SKU00033,51,18,10.76
2024-01-01,S030,SKU00185,55,30,22.74
2024-01-01,S030,SKU00047,34,13,30.28
2024-01-01,S030,SKU00110,20,24,22.59
2024-01-01,S030,SKU00367,58,29,23.63
2024-01-01,S030,SKU00038,52,5,22.05
2024-01-01,S030,SKU00287,50,16,23.44
2024-01-01,S030,SKU00062,50,16,21.8
2024-01-01,S030,SKU00371,71,8,23.22
2024-01-01,S030,SKU00296,38,25,18.93
2024-01-01,S030,SKU00277,52,14,17.75
2024-01-01,S030,SKU00232,7,11,17.89
2024-01-01,S030,SKU00362,34,29,17.84
2024-01-01,S030,SKU00208,0,21,7.02
2024-01-01,S030,SKU00310,13,14,23.34
2024-01-01,S030,SKU00387,76,21,19.03
2024-01-01,S030,SKU00060,22,0,30.63
2024-01-01,S030,SKU00052,17,17,25.94
2024-01-01,S030,SKU00034,39,23,25.34
2024-01-01,S030,SKU00317,43,10,22.08
2024-01-01,S030,SKU00307,54,22,19.13
2024-01-01,S030,SKU00239,32,24,7.57
2024-01-01,S030,SKU00010,42,13,22.61
2024-01-01,S030,SKU00178,25,24,23.85
2024-01-01,S030,SKU00399,31,18,25.01
2024-02-01,S001,SKU00191,49,14,24.12
2024-02-01,S001,SKU00025,36,9,18.13
2024-02-01,S001,SKU00228,30,6,42.12
2024-02-01,S001,SKU00118,22,21,9.41
2024-02-01,S001,SKU00353,70,24,28.84
2024-02-01,S001,SKU00369,40,14,27.28
2024-02-01,S001,SKU00249,50,21,14.24
2024-02-01,S001,SKU00112,15,9,17.88
2024-02-01,S001,SKU00119,80,18,21.19
2024-02-01,S001,SKU00087,53,18,9.32
2024-02-01,S001,SKU00221,27,19,18.46
2024-02-01,S001,SKU00235,36,14,17.69
2024-02-01,S001,SKU00069,34,8,10.26
2024-02-01,S001,SKU00390,29,9,20.94
2024-02-01,S001,SKU00287,46,22,23.44
2024-02-01,S001,SKU00072,60,13,22.01
2024-02-01,S001,SKU00075,42,14,19.82
2024-02-01,S001,SKU00378,46,22,16.37
2024-02-01,S001,SKU00327,26,19,24.66
2024-02-01,S001,SKU00243,42,0,20.2
2024-02-01,S001,SKU00251,40,16,16.74
2024-02-01,S001,SKU00344,37,7,6.67
2024-02-01,S001,SKU00151,61,12,7.16
2024-02-01,S001,SKU00135,54,2,21.41
2024-02-01,S001,SKU00399,26,13,25.01
2024-02-01,S001,SKU00027,52,9,8.1
2024-02-01,S001,SKU00180,53,19,18.4
2024-02-01,S001,SKU00055,52,8,24.5
2024-02-01,S001,SKU00016,43,8,20.2
2024-02-01,S001,SKU00068,47,23,9.04
2024-02-01,S001,SKU00343,37,12,25.69
2024-02-01,S001,SKU00206,41,8,12.31
2024-02-01,S001,SKU00213,67,16,21.39
2024-02-01,S001,SKU00336,52,13,21.13
2024-02-01,S001,SKU00102,37,13,7.81
2024-02-01,S001,SKU00196,48,9,14.66
2024-02-01,S001,SKU00170,54,0,19.07
2024-02-01,S001,SKU00385,41,8,24.15
2024-02-01,S001,SKU00166,29,16,26.57
2024-02-01,S001,SKU00074,32,0,28.23
2024-02-01,S001,SKU00031,30,19,18.97
2024-02-01,S001,SKU00255,0,18,33.68
2024-02-01,S001,SKU00224,43,16,28.25
2024-02-01,S001,SKU00263,40,15,12.54
2024-02-01,S001,SKU00146,25,18,30.59
2024-02-01,S001,SKU00262,49,12,6.97
2024-02-01,S001,SKU00373,43,15,43.52
2024-02-01,S001,SKU00064,43,12,14.1
2024-02-01,S001,SKU00128,46,20,12.06
2024-02-01,S001,SKU00026,19,22,28.01
2024-02-01,S001,SKU00001,20,21,20.02
2024-02-01,S001,SKU00270,47,7,23.19
2024-02-01,S001,SKU00318,37,15,20.51
2024-02-01,S001,SKU00294,36,6,21.46
2024-02-01,S001,SKU00389,51,24,26.23
2024-02-01,S001,SKU00239,40,5,7.57
2024-02-01,S001,SKU00309,48,12,27.53
2024-02-01,S001,SKU00283,44,35,35.29
2024-02-01,S001,SKU00163,57,8,15.73
2024-02-01,S001,SKU00301,51,11,13.89
2024-02-01,S002,SKU00287,72,15,23.44
2024-02-01,S002,SKU00006,57,19,22.21
2024-02-01,S002,SKU00177,38,27,24.36
2024-02-01,S002,SKU00093,13,17,20.73
2024-02-01,S002,SKU00292,33,0,27.78
2024-02-01,S002,SKU00191,45,5,24.12
2024-02-01,S002,SKU00199,40,17,28.75
2024-02-01,S002,SKU00335,59,26,10.25
2024-02-01,S002,SKU00313,50,19,21.61
2024-02-01,S002,SKU00046,44,21,11.26
2024-02-01,S002,SKU00059,41,9,18.63
2024-02-01,S002,SKU00097,52,14,11.93
2024-02-01,S002,SKU00010,35,14,22.61
2024-02-01,S002,SKU00020,70,14,19.96
2024-02-01,S002,SKU00129,2,25,17.3
2024-02-01,S002,SKU00205,42,21,13.85
2024-02-01,S002,SKU00108,38,19,8.67
2024-02-01,S002,SKU00215,34,18,20.75
2024-02-01,S002,SKU00135,21,10,21.41
2024-02-01,S002,SKU00384,12,16,6.97
2024-02-01,S002,SKU00338,46,3,23.32
2024-02-01,S002,SKU00393,20,20,7.6
2024-02-01,S002,SKU00358,41,15,20.44
2024-02-01,S002,SKU00144,29,24,12.22
2024-02-01,S002,SKU00042,51,27,27.28
2024-02-01,S002,SKU00187,74,21,25.15
2024-02-01,S002,SKU00204,55,10,22.75
2024-02-01,S002,SKU00137,41,15,32.34
2024-02-01,S002,SKU00103,43,6,12.99
2024-02-01,S002,SKU00377,47,7,24.12
2024-02-01,S002,SKU00208,29,11,7.02
2024-02-01,S002,SKU00163,43,30,15.73
2024-02-01,S002,SKU00365,44,15,9.96
2024-02-01,S002,SKU00155,32,23,22.47
2024-02-01,S002,SKU00231,53,20,23.4
2024-02-01,S002,SKU00030,48,30,9.58
2024-02-01,S002,SKU00015,26,8,25.51
2024-02-01,S002,SKU00157,64,26,26.67
2024-02-01,S002,SKU00077,37,10,7.81
2024-02-01,S002,SKU00115,25,21,16.78
2024-02-01,S002,SKU00233,32,12,14.08
2024-02-01,S002,SKU00244,2,20,14.65
2024-02-01,S002,SKU00070,57,13,19.96
2024-02-01,S002,SKU00270,41,16,23.19
2024-02-01,S002,SKU00044,19,0,16.43
2024-02-01,S002,SKU00223,29,15,14.14
2024-02-01,S002,SKU00238,60,16,47.65
2024-02-01,S002,SKU00376,67,19,22.09
2024-02-01,S002,SKU00145,40,22,13.72
2024-02-01,S002,SKU00140,33,5,22.39
2024-02-01,S002,SKU00060,43,13,30.63
2024-02-01,S002,SKU00083,43,24,22.59
2024-02-01,S002,SKU00212,54,19,8.51
2024-02-01,S002,SKU00096,40,21,19.19
2024-02-01,S002,SKU00016,28,17,20.2
2024-02-01,S002,SKU00229,44,13,28.44
2024-02-01,S002,SKU00182,77,15,22.49
2024-02-01,S002,SKU00142,47,18,22.57
2024-02-01,S002,SKU00009,31,12,21.87
2024-02-01,S002,SKU00396,38,26,6.08
2024-02-01,S003,SKU00151,31,2,7.16
2024-02-01,S003,SKU00342,36,18,17.51
2024-02-01,S003,SKU00257,62,8,12.09
2024-02-01,S003,SKU00015,23,26,25.51
2024-02-01,S003,SKU00364,40,14,20.03
2024-02-01,S003,SKU00157,68,7,26.67
2024-02-01,S003,SKU00372,56,20,8.73
2024-02-01,S003,SKU00250,9,9,22.08
2024-02-01,S003,SKU00327,53,28,24.66
2024-02-01,S003,SKU00282,37,19,31.83
2024-02-01,S003,SKU00267,9,8,32.29
2024-02-01,S003,SKU00003,44,10,19.34
2024-02-01,S003,SKU00321,31,27,8.77
2024-02-01,S003,SKU00333,23,23,19.02
2024-02-01,S003,SKU00098,57,20,23.96
2024-02-01,S003,SKU00014,38,16,17.1
2024-02-01,S003,SKU00087,49,24,9.32
2024-02-01,S003,SKU00365,31,13,9.96
2024-02-01,S003,SKU00112,39,17,17.88
2024-02-01,S003,SKU00279,41,2,18.46
2024-02-01,S003,SKU00020,45,18,19.96
2024-02-01,S003,SKU00253,28,4,19.63
2024-02-01,S003,SKU00195,45,8,20.76
2024-02-01,S003,SKU00236,42,8,14.52
2024-02-01,S003,SKU00158,66,26,7.83
2024-02-01,S003,SKU00389,23,18,26.23
2024-02-01,S003,SKU00118,23,16,9.41
2024-02-01,S003,SKU00281,51,7,24.82
2024-02-01,S003,SKU00035,58,11,34.51
2024-02-01,S003,SKU00168,26,29,18.6
2024-02-01,S003,SKU00037,55,15,14.43
2024-02-01,S003,SKU00229,47,17,28.44
2024-02-01,S003,SKU00026,34,18,28.01
2024-02-01,S003,SKU00183,49,0,7.71
2024-02-01,S003,SKU00388,66,25,18.08
2024-02-01,S003,SKU00310,27,0,23.34
2024-02-01,S003,SKU00130,42,9,29.35
2024-02-01,S003,SKU00089,9,9,25.61
2024-02-01,S003,SKU00027,46,26,8.1
2024-02-01,S003,SKU00214,39,18,47.96
2024-02-01,S003,SKU00182,46,14,22.49
2024-02-01,S003,SKU00131,50,20,22.93
2024-02-01,S003,SKU00055,47,9,24.5
2024-02-01,S003,SKU00202,41,19,41.7
2024-02-01,S003,SKU00028,66,16,14.87
2024-02-01,S003,SKU00010,38,23,22.61
2024-02-01,S003,SKU00174,61,11,23.97
2024-02-01,S003,SKU00347,30,8,35.52
2024-02-01,S003,SKU00215,13,5,20.75
2024-02-01,S003,SKU00056,47,21,21.74
2024-02-01,S003,SKU00046,27,24,11.26
2024-02-01,S003,SKU00105,32,9,24.88
2024-02-01,S003,SKU00180,39,12,18.4
2024-02-01,S003,SKU00198,54,16,25.14
2024-02-01,S003,SKU00091,46,24,16.61
2024-02-01,S003,SKU00189,42,17,21.3
2024-02-01,S003,SKU00312,39,13,19.86
2024-02-01,S003,SKU00169,66,5,15.35
2024-02-01,S003,SKU00069,28,8,10.26
2024-02-01,S003,SKU00352,43,14,23.46
2024-02-01,S004,SKU00251,30,18,16.74
2024-02-01,S004,SKU00256,54,26,16.17
2024-02-01,S004,SKU00327,46,13,24.66
2024-02-01,S004,SKU00285,29,20,16.17
2024-02-01,S004,SKU00332,67,13,53.2
2024-02-01,S004,SKU00369,28,14,27.28
2024-02-01,S004,SKU00151,27,33,7.16
2024-02-01,S004,SKU00330,36,0,28.29
2024-02-01,S004,SKU00001,23,18,20.02
2024-02-01,S004,SKU00101,34,9,13.03
2024-02-01,S004,SKU00230,19,8,28.51
2024-02-01,S004,SKU00145,51,17,13.72
2024-02-01,S004,SKU00199,35,24,28.75
2024-02-01,S004,SKU00367,21,19,23.63
2024-02-01,S004,SKU00062,19,21,21.8
2024-02-01,S004,SKU00263,40,19,12.54
2024-02-01,S004,SKU00329,81,4,21.42
2024-02-01,S004,SKU00042,41,16,27.28
2024-02-01,S004,SKU00307,32,12,19.13
2024-02-01,S004,SKU00346,65,15,46.67
2024-02-01,S004,SKU00321,49,18,8.77
2024-02-01,S004,SKU00397,51,19,24.95
2024-02-01,S004,SKU00144,29,23,12.22
2024-02-01,S004,SKU00097,30,19,11.93
2024-02-01,S004,SKU00029,39,20,18.21
2024-02-01,S004,SKU00041,50,11,19.41
2024-02-01,S004,SKU00113,74,13,20.63
2024-02-01,S004,SKU00066,50,16,21.71
2024-02-01,S004,SKU00362,36,18,17.84
2024-02-01,S004,SKU00134,36,24,22.15
2024-02-01,S004,SKU00273,21,18,21.29
2024-02-01,S004,SKU00051,36,8,21.15
2024-02-01,S004,SKU00178,48,26,23.85
2024-02-01,S004,SKU00065,49,18,21.23
2024-02-01,S004,SKU00216,34,6,35.17
2024-02-01,S004,SKU00277,32,0,17.75
2024-02-01,S004,SKU00082,25,26,18.27
2024-02-01,S004,SKU00206,27,0,12.31
2024-02-01,S004,SKU00242,50,17,23.88
2024-02-01,S004,SKU00390,35,6,20.94
2024-02-01,S004,SKU00174,34,11,23.97
2024-02-01,S004,SKU00140,25,8,22.39
2024-02-01,S004,SKU00054,65,7,12.05
2024-02-01,S004,SKU00270,35,22,23.19
2024-02-01,S004,SKU00354,35,8,16.32
2024-02-01,S004,SKU00337,28,19,20.41
2024-02-01,S004,SKU00028,36,8,14.87
2024-02-01,S004,SKU00115,33,14,16.78
2024-02-01,S004,SKU00322,57,19,9.39
2024-02-01,S004,SKU00281,54,28,24.82
2024-02-01,S004,SKU00283,18,0,35.29
2024-02-01,S004,SKU00252,63,0,35.29
2024-02-01,S004,SKU00135,47,19,21.41
2024-02-01,S004,SKU00298,34,23,11.72
2024-02-01,S004,SKU00109,37,18,32.26
2024-02-01,S004,SKU00338,16,12,23.32
2024-02-01,S004,SKU00121,44,27,21.13
2024-02-01,S004,SKU00021,60,6,21.44
2024-02-01,S004,SKU00154,24,20,36.04
2024-02-01,S004,SKU00317,29,18,22.08
2024-02-01,S005,SKU00305,20,14,19.27
2024-02-01,S005,SKU00298,35,22,11.72
2024-02-01,S005,SKU00023,20,4,23.51
2024-02-01,S005,SKU00245,69,8,19.78
2024-02-01,S005,SKU00220,49,16,23.06
2024-02-01,S005,SKU00135,20,7,21.41
2024-02-01,S005,SKU00090,30,11,19.09
2024-02-01,S005,SKU00214,43,15,47.96
2024-02-01,S005,SKU00222,37,31,21.69
2024-02-01,S005,SKU00274,76,12,8.22
2024-02-01,S005,SKU00250,52,21,22.08
2024-02-01,S005,SKU00259,42,21,16.74
2024-02-01,S005,SKU00288,14,2,22.22
2024-02-01,S005,SKU00339,27,17,14.34
2024-02-01,S005,SKU00162,46,19,23.58
2024-02-01,S005,SKU00255,45,30,33.68
2024-02-01,S005,SKU00289,20,21,20.83
2024-02-01,S005,SKU00234,60,17,14.14
2024-02-01,S005,SKU00063,57,21,13.32
2024-02-01,S005,SKU00072,43,4,22.01
2024-02-01,S005,SKU00389,31,27,26.23
2024-02-01,S005,SKU00173,34,16,24.41
2024-02-01,S005,SKU00189,21,12,21.3
2024-02-01,S005,SKU00367,45,14,23.63
2024-02-01,S005,SKU00010,33,14,22.61
2024-02-01,S005,SKU00318,37,29,20.51
2024-02-01,S005,SKU00171,38,16,26.18
2024-02-01,S005,SKU00287,54,11,23.44
2024-02-01,S005,SKU00327,52,8,24.66
2024-02-01,S005,SKU00273,61,25,21.29
2024-02-01,S005,SKU00190,41,15,23.47
2024-02-01,S005,SKU00382,18,13,8.38
2024-02-01,S005,SKU00086,30,3,27.42
2024-02-01,S005,SKU00241,25,24,22.03
2024-02-01,S005,SKU00211,34,16,37.2
2024-02-01,S005,SKU00341,27,32,20.55
2024-02-01,S005,SKU00232,31,11,17.89
2024-02-01,S005,SKU00079,14,35,18.54
2024-02-01,S005,SKU00320,34,19,13.56
2024-02-01,S005,SKU00172,35,8,9.82
2024-02-01,S005,SKU00134,61,16,22.15
2024-02-01,S005,SKU00081,44,8,16.01
2024-02-01,S005,SKU00025,42,8,18.13
2024-02-01,S005,SKU00144,56,12,12.22
2024-02-01,S005,SKU00044,34,11,16.43
2024-02-01,S005,SKU00008,40,21,14.83
2024-02-01,S005,SKU00338,36,9,23.32
2024-02-01,S005,SKU00329,43,7,21.42
2024-02-01,S005,SKU00348,47,24,24.11
2024-02-01,S005,SKU00057,37,18,19.41
2024-02-01,S005,SKU00257,54,10,12.09
2024-02-01,S005,SKU00092,66,15,6.71
2024-02-01,S005,SKU00261,54,3,33.76
2024-02-01,S005,SKU00314,24,20,15.81
2024-02-01,S005,SKU00207,58,15,16.29
2024-02-01,S005,SKU00240,37,22,30.32
2024-02-01,S005,SKU00317,47,14,22.08
2024-02-01,S005,SKU00239,31,24,7.57
2024-02-01,S005,SKU00007,64,13,12.89
2024-02-01,S005,SKU00002,54,15,22.95
2024-02-01,S006,SKU00302,12,2,11.51
2024-02-01,S006,SKU00044,57,21,16.43
2024-02-01,S006,SKU00253,31,22,19.63
2024-02-01,S006,SKU00326,27,24,21.09
2024-02-01,S006,SKU00288,59,11,22.22
2024-02-01,S006,SKU00383,28,11,21.74
2024-02-01,S006,SKU00139,26,10,19.06
2024-02-01,S006,SKU00102,26,19,7.81
2024-02-01,S006,SKU00196,54,11,14.66
2024-02-01,S006,SKU00193,50,22,26.54
2024-02-01,S006,SKU00132,31,5,18.85
2024-02-01,S006,SKU00023,51,11,23.51
2024-02-01,S006,SKU00275,45,16,24.1
2024-02-01,S006,SKU00241,49,15,22.03
2024-02-01,S006,SKU00372,41,17,8.73
2024-02-01,S006,SKU00235,55,16,17.69
2024-02-01,S006,SKU00003,52,7,19.34
2024-02-01,S006,SKU00209,14,20,40.26
2024-02-01,S006,SKU00093,33,22,20.73
2024-02-01,S006,SKU00283,49,21,35.29
2024-02-01,S006,SKU00010,63,18,22.61
2024-02-01,S006,SKU00183,45,17,7.71
2024-02-01,S006,SKU00359,51,22,12.22
2024-02-01,S006,SKU00017,56,16,22.2
2024-02-01,S006,SKU00289,24,30,20.83
2024-02-01,S006,SKU00252,28,12,35.29
2024-02-01,S006,SKU00065,51,9,21.23
2024-02-01,S006,SKU00294,17,10,21.46
2024-02-01,S006,SKU00400,49,0,16.59
2024-02-01,S006,SKU00131,46,31,22.93
2024-02-01,S006,SKU00333,17,0,19.02
2024-02-01,S006,SKU00377,40,8,24.12
2024-02-01,S006,SKU00004,40,29,9.51
2024-02-01,S006,SKU00061,53,13,13.6
2024-02-01,S006,SKU00213,31,14,21.39
2024-02-01,S006,SKU00238,30,19,47.65
2024-02-01,S006,SKU00192,24,21,15.31
2024-02-01,S006,SKU00184,41,9,15.79
2024-02-01,S006,SKU00180,40,13,18.4
2024-02-01,S006,SKU00307,31,22,19.13
2024-02-01,S006,SKU00094,37,21,30.76
2024-02-01,S006,SKU00330,28,0,28.29
2024-02-01,S006,SKU00030,9,11,9.58
2024-02-01,S006,SKU00351,39,14,20.29
2024-02-01,S006,SKU00024,37,6,19.95
2024-02-01,S006,SKU00123,51,30,17.11
2024-02-01,S006,SKU00100,68,19,7.48
2024-02-01,S006,SKU00128,40,13,12.06
2024-02-01,S006,SKU00233,51,22,14.08
2024-02-01,S006,SKU00059,63,24,18.63
2024-02-01,S006,SKU00166,63,12,26.57
2024-02-01,S006,SKU00138,28,6,9.29
2024-02-01,S006,SKU00297,47,9,20.51
2024-02-01,S006,SKU00150,28,5,17.58
2024-02-01,S006,SKU00194,31,32,15.09
2024-02-01,S006,SKU00162,25,13,23.58
2024-02-01,S006,SKU00062,14,6,21.8
2024-02-01,S006,SKU00155,31,29,22.47
2024-02-01,S006,SKU00014,51,22,17.1
2024-02-01,S006,SKU00366,35,15,12.66
2024-02-01,S007,SKU00146,28,6,30.59
2024-02-01,S007,SKU00281,42,31,24.82
2024-02-01,S007,SKU00238,44,21,47.65
2024-02-01,S007,SKU00275,38,16,24.1
2024-02-01,S007,SKU00374,15,14,17.57
2024-02-01,S007,SKU00178,56,18,23.85
2024-02-01,S007,SKU00132,22,19,18.85
2024-02-01,S007,SKU00133,46,18,10.11
2024-02-01,S007,SKU00247,20,11,19.17
2024-02-01,S007,SKU00232,48,9,17.89
2024-02-01,S007,SKU00226,37,14,37.85
2024-02-01,S007,SKU00160,0,5,18.48
2024-02-01,S007,SKU00141,44,9,34.29
2024-02-01,S007,SKU00274,48,2,8.22
2024-02-01,S007,SKU00289,71,19,20.83
2024-02-01,S007,SKU00244,47,9,14.65
2024-02-01,S007,SKU00057,35,5,19.41
2024-02-01,S007,SKU00255,48,23,33.68
2024-02-01,S007,SKU00252,32,30,35.29
2024-02-01,S007,SKU00008,32,15,14.83
2024-02-01,S007,SKU00265,55,19,15.45
2024-02-01,S007,SKU00191,34,13,24.12
2024-02-01,S007,SKU00016,54,18,20.2
2024-02-01,S007,SKU00058,39,17,33.62
2024-02-01,S007,SKU00366,42,9,12.66
2024-02-01,S007,SKU00098,49,22,23.96
2024-02-01,S007,SKU00397,19,28,24.95
2024-02-01,S007,SKU00180,31,8,18.4
2024-02-01,S007,SKU00014,64,10,17.1
2024-02-01,S007,SKU00064,33,3,14.1
2024-02-01,S007,SKU00068,23,19,9.04
2024-02-01,S007,SKU00117,34,8,14.81
2024-02-01,S007,SKU00251,15,8,16.74
2024-02-01,S007,SKU00148,25,24,18.3
2024-02-01,S007,SKU00380,31,16,21.56
2024-02-01,S007,SKU00142,36,28,22.57
2024-02-01,S007,SKU00383,32,3,21.74
2024-02-01,S007,SKU00051,28,17,21.15
2024-02-01,S007,SKU00040,17,15,18.22
2024-02-01,S007,SKU00111,73,27,22.67
2024-02-01,S007,SKU00310,31,18,23.34
2024-02-01,S007,SKU00324,18,17,27.35
2024-02-01,S007,SKU00375,36,12,23.14
2024-02-01,S007,SKU00202,36,24,41.7
2024-02-01,S007,SKU00384,58,13,6.97
2024-02-01,S007,SKU00381,59,20,29.5
2024-02-01,S007,SKU00306,39,22,13.85
2024-02-01,S007,SKU00173,41,10,24.41
2024-02-01,S007,SKU00333,34,17,19.02
2024-02-01,S007,SKU00387,66,15,19.03
2024-02-01,S007,SKU00190,31,14,23.47
2024-02-01,S007,SKU00259,31,5,16.74
2024-02-01,S007,SKU00391,51,22,20.67
2024-02-01,S007,SKU00169,30,12,15.35
2024-02-01,S007,SKU00303,48,11,27.57
2024-02-01,S007,SKU00112,49,7,17.88
2024-02-01,S007,SKU00095,49,9,27.04
2024-02-01,S007,SKU00083,50,16,22.59
2024-02-01,S007,SKU00267,40,14,32.29
2024-02-01,S007,SKU00283,35,20,35.29
2024-02-01,S008,SKU00241,60,22,22.03
2024-02-01,S008,SKU00393,43,18,7.6
2024-02-01,S008,SKU00254,27,11,12.16
2024-02-01,S008,SKU00095,34,22,27.04
2024-02-01,S008,SKU00309,65,27,27.53
2024-02-01,S008,SKU00191,55,14,24.12
2024-02-01,S008,SKU00372,35,21,8.73
2024-02-01,S008,SKU00377,47,18,24.12
2024-02-01,S008,SKU00161,44,18,6.86
2024-02-01,S008,SKU00389,57,17,26.23
2024-02-01,S008,SKU00177,59,3,24.36
2024-02-01,S008,SKU00303,30,18,27.57
2024-02-01,S008,SKU00290,42,13,20.85
2024-02-01,S008,SKU00149,41,11,16.9
2024-02-01,S008,SKU00123,63,23,17.11
2024-02-01,S008,SKU00137,48,12,32.34
2024-02-01,S008,SKU00112,47,15,17.88
2024-02-01,S008,SKU00025,29,23,18.13
2024-02-01,S008,SKU00344,28,15,6.67
2024-02-01,S008,SKU00131,51,16,22.93
2024-02-01,S008,SKU00306,29,22,13.85
2024-02-01,S008,SKU00076,34,16,16.2
2024-02-01,S008,SKU00293,36,11,28.83
2024-02-01,S008,SKU00246,17,11,19.79
2024-02-01,S008,SKU00225,62,10,14.42
2024-02-01,S008,SKU00185,66,24,22.74
2024-02-01,S008,SKU00003,36,8,19.34
2024-02-01,S008,SKU00085,47,23,21.5
2024-02-01,S008,SKU00005,45,10,5.18
2024-02-01,S008,SKU00397,41,12,24.95
2024-02-01,S008,SKU00087,46,19,9.32
2024-02-01,S008,SKU00247,40,7,19.17
2024-02-01,S008,SKU00369,36,11,27.28
2024-02-01,S008,SKU00013,25,13,15.96
2024-02-01,S008,SKU00378,60,20,16.37
2024-02-01,S008,SKU00386,35,28,24.27
2024-02-01,S008,SKU00086,62,25,27.42
2024-02-01,S008,SKU00297,37,15,20.51
2024-02-01,S008,SKU00288,33,0,22.22
2024-02-01,S008,SKU00323,3,26,17.89
2024-02-01,S008,SKU00026,14,23,28.01
2024-02-01,S008,SKU00092,31,9,6.71
2024-02-01,S008,SKU00227,50,15,38.72
2024-02-01,S008,SKU00381,52,5,29.5
2024-02-01,S008,SKU00192,47,21,15.31
2024-02-01,S008,SKU00111,41,12,22.67
2024-02-01,S008,SKU00385,46,9,24.15
2024-02-01,S008,SKU00336,56,20,21.13
2024-02-01,S008,SKU00181,41,11,21.21
2024-02-01,S008,SKU00039,48,21,31.34
2024-02-01,S008,SKU00272,52,10,18.35
2024-02-01,S008,SKU00120,34,5,10.19
2024-02-01,S008,SKU00106,51,19,11.12
2024-02-01,S008,SKU00041,68,9,19.41
2024-02-01,S008,SKU00320,46,3,13.56
2024-02-01,S008,SKU00229,50,18,28.44
2024-02-01,S008,SKU00279,43,17,18.46
2024-02-01,S008,SKU00314,50,10,15.81
2024-02-01,S008,SKU00392,34,12,28.95
2024-02-01,S008,SKU00280,19,14,11.07
2024-02-01,S009,SKU00176,42,11,14.59
2024-02-01,S009,SKU00244,67,35,14.65
2024-02-01,S009,SKU00395,22,14,14.64
2024-02-01,S009,SKU00031,46,6,18.97
2024-02-01,S009,SKU00241,13,17,22.03
2024-02-01,S009,SKU00283,54,20,35.29
2024-02-01,S009,SKU00075,22,11,19.82
2024-02-01,S009,SKU00127,36,11,18.2
2024-02-01,S009,SKU00067,6,27,12.5
2024-02-01,S009,SKU00214,49,10,47.96
2024-02-01,S009,SKU00372,20,15,8.73
2024-02-01,S009,SKU00369,22,18,27.28
2024-02-01,S009,SKU00336,20,23,21.13
2024-02-01,S009,SKU00177,61,11,24.36
2024-02-01,S009,SKU00164,47,10,20.75
2024-02-01,S009,SKU00084,18,32,22.85
2024-02-01,S009,SKU00109,50,14,32.26
2024-02-01,S009,SKU00097,49,13,11.93
2024-02-01,S009,SKU00032,41,17,26.13
2024-02-01,S009,SKU00371,40,15,23.22
2024-02-01,S009,SKU00120,29,18,10.19
2024-02-01,S009,SKU00333,66,21,19.02
2024-02-01,S009,SKU00046,26,19,11.26
2024-02-01,S009,SKU00070,39,21,19.96
2024-02-01,S009,SKU00230,5,14,28.51
2024-02-01,S009,SKU00083,37,15,22.59
2024-02-01,S009,SKU00016,38,20,20.2
2024-02-01,S009,SKU00303,50,10,27.57
2024-02-01,S009,SKU00225,38,48,14.42
2024-02-01,S009,SKU00339,52,9,14.34
2024-02-01,S009,SKU00043,38,16,24.13
2024-02-01,S009,SKU00289,53,8,20.83
2024-02-01,S009,SKU00179,15,9,8.72
2024-02-01,S009,SKU00332,47,4,53.2
2024-02-01,S009,SKU00291,50,20,20.61
2024-02-01,S009,SKU00252,27,15,35.29
2024-02-01,S009,SKU00175,44,20,22.23
2024-02-01,S009,SKU00343,26,19,25.69
2024-02-01,S009,SKU00085,26,18,21.5
2024-02-01,S009,SKU00077,55,0,7.81
2024-02-01,S009,SKU00297,36,7,20.51
2024-02-01,S009,SKU00172,21,19,9.82
2024-02-01,S009,SKU00272,48,20,18.35
2024-02-01,S009,SKU00005,45,11,5.18
2024-02-01,S009,SKU00006,29,21,22.21
2024-02-01,S009,SKU00305,43,25,19.27
2024-02-01,S009,SKU00149,61,13,16.9
2024-02-01,S009,SKU00091,50,31,16.61
2024-02-01,S009,SKU00228,69,21,42.12
2024-02-01,S009,SKU00190,16,28,23.47
2024-02-01,S009,SKU00205,49,11,13.85
2024-02-01,S009,SKU00355,80,13,17.98
2024-02-01,S009,SKU00350,47,9,24.41
2024-02-01,S009,SKU00192,46,11,15.31
2024-02-01,S009,SKU00298,31,21,11.72
2024-02-01,S009,SKU00367,38,18,23.63
2024-02-01,S009,SKU00245,26,16,19.78
2024-02-01,S009,SKU00121,42,10,21.13
2024-02-01,S009,SKU00111,49,18,22.67
2024-02-01,S009,SKU00264,43,19,13.51
2024-02-01,S010,SKU00390,46,32,20.94
2024-02-01,S010,SKU00237,25,23,22.91
2024-02-01,S010,SKU00156,33,5,13.5
2024-02-01,S010,SKU00029,52,13,18.21
2024-02-01,S010,SKU00293,35,14,28.83
2024-02-01,S010,SKU00361,55,5,22.51
2024-02-01,S010,SKU00063,31,18,13.32
2024-02-01,S010,SKU00314,50,8,15.81
2024-02-01,S010,SKU00124,30,5,18.08
2024-02-01,S010,SKU00117,31,10,14.81
2024-02-01,S010,SKU00234,16,7,14.14
2024-02-01,S010,SKU00258,40,21,29.8
2024-02-01,S010,SKU00352,48,1,23.46
2024-02-01,S010,SKU00296,63,7,18.93
2024-02-01,S010,SKU00379,36,12,19.61
2024-02-01,S010,SKU00334,47,12,7.9
2024-02-01,S010,SKU00120,42,24,10.19
2024-02-01,S010,SKU00300,62,20,19.9
2024-02-01,S010,SKU00222,38,10,21.69
2024-02-01,S010,SKU00003,35,8,19.34
2024-02-01,S010,SKU00290,27,23,20.85
2024-02-01,S010,SKU00254,14,8,12.16
2024-02-01,S010,SKU00137,31,8,32.34
2024-02-01,S010,SKU00004,37,4,9.51
2024-02-01,S010,SKU00331,41,0,9.22
2024-02-01,S010,SKU00121,43,9,21.13
2024-02-01,S010,SKU00329,52,16,21.42
2024-02-01,S010,SKU00019,39,9,14.15
2024-02-01,S010,SKU00067,43,19,12.5
2024-02-01,S010,SKU00081,27,15,16.01
2024-02-01,S010,SKU00391,42,4,20.67
2024-02-01,S010,SKU00032,30,7,26.13
2024-02-01,S010,SKU00128,28,10,12.06
2024-02-01,S010,SKU00203,32,17,27.92
2024-02-01,S010,SKU00216,35,6,35.17
2024-02-01,S010,SKU00038,5,18,22.05
2024-02-01,S010,SKU00009,43,12,21.87
2024-02-01,S010,SKU00335,75,17,10.25
2024-02-01,S010,SKU00085,28,12,21.5
2024-02-01,S010,SKU00212,35,10,8.51
2024-02-01,S010,SKU00384,34,14,6.97
2024-02-01,S010,SKU00286,22,9,25.41
2024-02-01,S010,SKU00055,16,9,24.5
2024-02-01,S010,SKU00213,9,2,21.39
2024-02-01,S010,SKU00396,46,10,6.08
2024-02-01,S010,SKU00077,36,24,7.81
2024-02-01,S010,SKU00041,19,18,19.41
2024-02-01,S010,SKU00267,40,0,32.29
2024-02-01,S010,SKU00228,28,0,42.12
2024-02-01,S010,SKU00204,13,28,22.75
2024-02-01,S010,SKU00231,50,10,23.4
2024-02-01,S010,SKU00220,52,5,23.06
2024-02-01,S010,SKU00140,24,15,22.39
2024-02-01,S010,SKU00103,8,14,12.99
2024-02-01,S010,SKU00064,41,0,14.1
2024-02-01,S010,SKU00272,49,21,18.35
2024-02-01,S010,SKU00194,53,13,15.09
2024-02-01,S010,SKU00126,58,15,25.54
2024-02-01,S010,SKU00210,54,15,17.08
2024-02-01,S010,SKU00118,47,13,9.41
2024-02-01,S011,SKU00003,15,13,19.34
2024-02-01,S011,SKU00217,65,15,19.37
2024-02-01,S011,SKU00315,55,27,25.73
2024-02-01,S011,SKU00360,30,13,35.66
2024-02-01,S011,SKU00241,40,15,22.03
2024-02-01,S011,SKU00078,42,0,9.74
2024-02-01,S011,SKU00281,26,15,24.82
2024-02-01,S011,SKU00208,28,20,7.02
2024-02-01,S011,SKU00122,38,18,15.22
2024-02-01,S011,SKU00010,55,19,22.61
2024-02-01,S011,SKU00332,22,20,53.2
2024-02-01,S011,SKU00237,32,22,22.91
2024-02-01,S011,SKU00159,39,11,20.64
2024-02-01,S011,SKU00075,3,8,19.82
2024-02-01,S011,SKU00383,26,20,21.74
2024-02-01,S011,SKU00088,19,13,27.73
2024-02-01,S011,SKU00202,66,13,41.7
2024-02-01,S011,SKU00049,40,13,21.35
2024-02-01,S011,SKU00397,27,19,24.95
2024-02-01,S011,SKU00024,63,18,19.95
2024-02-01,S011,SKU00014,38,17,17.1
2024-02-01,S011,SKU00351,57,23,20.29
2024-02-01,S011,SKU00169,41,14,15.35
2024-02-01,S011,SKU00336,43,20,21.13
2024-02-01,S011,SKU00098,26,22,23.96
2024-02-01,S011,SKU00250,52,5,22.08
2024-02-01,S011,SKU00328,37,21,20.31
2024-02-01,S011,SKU00374,30,8,17.57
2024-02-01,S011,SKU00295,55,11,21.15
2024-02-01,S011,SKU00366,50,17,12.66
2024-02-01,S011,SKU00222,53,18,21.69
2024-02-01,S011,SKU00313,40,14,21.61
2024-02-01,S011,SKU00219,62,17,24.96
2024-02-01,S011,SKU00385,40,2,24.15
2024-02-01,S011,SKU00269,63,13,13.31
2024-02-01,S011,SKU00023,61,16,23.51
2024-02-01,S011,SKU00165,36,19,12.62
2024-02-01,S011,SKU00051,16,27,21.15
2024-02-01,S011,SKU00362,41,11,17.84
2024-02-01,S011,SKU00136,15,9,21.43
2024-02-01,S011,SKU00127,36,10,18.2
2024-02-01,S011,SKU00124,54,10,18.08
2024-02-01,S011,SKU00066,44,9,21.71
2024-02-01,S011,SKU00305,67,13,19.27
2024-02-01,S011,SKU00055,38,31,24.5
2024-02-01,S011,SKU00019,30,10,14.15
2024-02-01,S011,SKU00259,20,13,16.74
2024-02-01,S011,SKU00118,10,11,9.41
2024-02-01,S011,SKU00216,17,8,35.17
2024-02-01,S011,SKU00119,26,6,21.19
2024-02-01,S011,SKU00342,56,19,17.51
2024-02-01,S011,SKU00280,43,17,11.07
2024-02-01,S011,SKU00042,68,16,27.28
2024-02-01,S011,SKU00210,16,6,17.08
2024-02-01,S011,SKU00196,30,11,14.66
2024-02-01,S011,SKU00338,63,15,23.32
2024-02-01,S011,SKU00318,16,12,20.51
2024-02-01,S011,SKU00100,17,27,7.48
2024-02-01,S011,SKU00194,43,12,15.09
2024-02-01,S011,SKU00204,47,14,22.75
2024-02-01,S012,SKU00126,44,25,25.54
2024-02-01,S012,SKU00147,41,18,26.65
2024-02-01,S012,SKU00117,55,0,14.81
2024-02-01,S012,SKU00131,45,20,22.93
2024-02-01,S012,SKU00202,38,16,41.7
2024-02-01,S012,SKU00395,36,20,14.64
2024-02-01,S012,SKU00022,49,17,10.6
2024-02-01,S012,SKU00168,48,4,18.6
2024-02-01,S012,SKU00222,38,15,21.69
2024-02-01,S012,SKU00268,54,9,22.72
2024-02-01,S012,SKU00002,58,8,22.95
2024-02-01,S012,SKU00072,52,8,22.01
2024-02-01,S012,SKU00184,43,23,15.79
2024-02-01,S012,SKU00260,51,7,16.1
2024-02-01,S012,SKU00329,22,8,21.42
2024-02-01,S012,SKU00198,54,27,25.14
2024-02-01,S012,SKU00283,38,19,35.29
2024-02-01,S012,SKU00102,39,29,7.81
2024-02-01,S012,SKU00253,50,9,19.63
2024-02-01,S012,SKU00187,22,4,25.15
2024-02-01,S012,SKU00250,46,17,22.08
2024-02-01,S012,SKU00142,61,3,22.57
2024-02-01,S012,SKU00012,47,15,6.48
2024-02-01,S012,SKU00372,29,25,8.73
2024-02-01,S012,SKU00362,65,6,17.84
2024-02-01,S012,SKU00303,54,14,27.57
2024-02-01,S012,SKU00319,24,12,18.17
2024-02-01,S012,SKU00266,56,9,15.48
2024-02-01,S012,SKU00150,50,9,17.58
2024-02-01,S012,SKU00135,33,22,21.41
2024-02-01,S012,SKU00190,23,11,23.47
2024-02-01,S012,SKU00255,34,28,33.68
2024-02-01,S012,SKU00221,51,33,18.46
2024-02-01,S012,SKU00210,49,17,17.08
2024-02-01,S012,SKU00332,58,20,53.2
2024-02-01,S012,SKU00188,39,15,22.21
2024-02-01,S012,SKU00324,49,10,27.35
2024-02-01,S012,SKU00228,50,11,42.12
2024-02-01,S012,SKU00231,41,26,23.4
2024-02-01,S012,SKU00351,26,15,20.29
2024-02-01,S012,SKU00295,67,8,21.15
2024-02-01,S012,SKU00182,49,16,22.49
2024-02-01,S012,SKU00249,53,5,14.24
2024-02-01,S012,SKU00373,30,24,43.52
2024-02-01,S012,SKU00386,27,19,24.27
2024-02-01,S012,SKU00001,23,24,20.02
2024-02-01,S012,SKU00270,39,13,23.19
2024-02-01,S012,SKU00239,52,21,7.57
2024-02-01,S012,SKU00121,48,15,21.13
2024-02-01,S012,SKU00292,47,18,27.78
2024-02-01,S012,SKU00218,36,26,10.78
2024-02-01,S012,SKU00032,41,17,26.13
2024-02-01,S012,SKU00017,23,21,22.2
2024-02-01,S012,SKU00356,40,6,6.76
2024-02-01,S012,SKU00394,45,20,10.9
2024-02-01,S012,SKU00165,36,18,12.62
2024-02-01,S012,SKU00367,32,9,23.63
2024-02-01,S012,SKU00361,49,0,22.51
2024-02-01,S012,SKU00219,44,22,24.96
2024-02-01,S012,SKU00313,39,22,21.61
2024-02-01,S013,SKU00277,58,12,17.75
2024-02-01,S013,SKU00398,25,24,31.97
2024-02-01,S013,SKU00047,50,23,30.28
2024-02-01,S013,SKU00263,53,25,12.54
2024-02-01,S013,SKU00142,21,22,22.57
2024-02-01,S013,SKU00063,33,15,13.32
2024-02-01,S013,SKU00300,5,15,19.9
2024-02-01,S013,SKU00078,53,18,9.74
2024-02-01,S013,SKU00280,57,10,11.07
2024-02-01,S013,SKU00072,47,20,22.01
2024-02-01,S013,SKU00032,53,14,26.13
2024-02-01,S013,SKU00071,21,21,18.24
2024-02-01,S013,SKU00348,56,12,24.11
2024-02-01,S013,SKU00296,30,21,18.93
2024-02-01,S013,SKU00256,49,28,16.17
2024-02-01,S013,SKU00200,35,11,35.75
2024-02-01,S013,SKU00308,43,18,33.04
2024-02-01,S013,SKU00154,69,9,36.04
2024-02-01,S013,SKU00035,47,18,34.51
2024-02-01,S013,SKU00354,37,8,16.32
2024-02-01,S013,SKU00238,31,3,47.65
2024-02-01,S013,SKU00145,45,14,13.72
2024-02-01,S013,SKU00095,30,11,27.04
2024-02-01,S013,SKU00364,36,2,20.03
2024-02-01,S013,SKU00196,38,14,14.66
2024-02-01,S013,SKU00377,38,5,24.12
2024-02-01,S013,SKU00215,44,20,20.75
2024-02-01,S013,SKU00336,31,5,21.13
2024-02-01,S013,SKU00025,31,14,18.13
2024-02-01,S013,SKU00178,13,3,23.85
2024-02-01,S013,SKU00151,25,14,7.16
2024-02-01,S013,SKU00338,53,10,23.32
2024-02-01,S013,SKU00211,39,33,37.2
2024-02-01,S013,SKU00318,23,20,20.51
2024-02-01,S013,SKU00380,29,14,21.56
2024-02-01,S013,SKU00060,8,3,30.63
2024-02-01,S013,SKU00166,19,18,26.57
2024-02-01,S013,SKU00291,9,23,20.61
2024-02-01,S013,SKU00041,44,19,19.41
2024-02-01,S013,SKU00213,9,5,21.39
2024-02-01,S013,SKU00301,36,10,13.89
2024-02-01,S013,SKU00335,43,7,10.25
2024-02-01,S013,SKU00241,37,8,22.03
2024-02-01,S013,SKU00283,51,9,35.29
2024-02-01,S013,SKU00260,52,23,16.1
2024-02-01,S013,SKU00341,44,15,20.55
2024-02-01,S013,SKU00366,35,3,12.66
2024-02-01,S013,SKU00040,58,22,18.22
2024-02-01,S013,SKU00357,28,16,14.08
2024-02-01,S013,SKU00093,50,20,20.73
2024-02-01,S013,SKU00152,59,20,34.48
2024-02-01,S013,SKU00049,80,3,21.35
2024-02-01,S013,SKU00106,60,22,11.12
2024-02-01,S013,SKU00140,29,29,22.39
2024-02-01,S013,SKU00271,35,15,41.0
2024-02-01,S013,SKU00314,24,10,15.81
2024-02-01,S013,SKU00124,45,18,18.08
2024-02-01,S013,SKU00181,33,8,21.21
2024-02-01,S013,SKU00223,23,7,14.14
2024-02-01,S013,SKU00353,27,7,28.84
2024-02-01,S014,SKU00089,48,20,25.61
2024-02-01,S014,SKU00066,23,4,21.71
2024-02-01,S014,SKU00039,21,7,31.34
2024-02-01,S014,SKU00186,51,15,24.0
2024-02-01,S014,SKU00133,7,14,10.11
2024-02-01,S014,SKU00098,19,20,23.96
2024-02-01,S014,SKU00308,59,7,33.04
2024-02-01,S014,SKU00300,46,21,19.9
2024-02-01,S014,SKU00299,16,8,21.87
2024-02-01,S014,SKU00048,20,8,35.43
2024-02-01,S014,SKU00011,37,24,17.51
2024-02-01,S014,SKU00069,60,21,10.26
2024-02-01,S014,SKU00135,32,14,21.41
2024-02-01,S014,SKU00078,6,21,9.74
2024-02-01,S014,SKU00351,35,21,20.29
2024-02-01,S014,SKU00149,60,20,16.9
2024-02-01,S014,SKU00274,34,22,8.22
2024-02-01,S014,SKU00268,20,23,22.72
2024-02-01,S014,SKU00054,52,17,12.05
2024-02-01,S014,SKU00006,52,19,22.21
2024-02-01,S014,SKU00398,32,12,31.97
2024-02-01,S014,SKU00382,65,13,8.38
2024-02-01,S014,SKU00230,55,10,28.51
2024-02-01,S014,SKU00349,31,28,11.12
2024-02-01,S014,SKU00386,42,14,24.27
2024-02-01,S014,SKU00379,0,17,19.61
2024-02-01,S014,SKU00019,54,21,14.15
2024-02-01,S014,SKU00183,38,25,7.71
2024-02-01,S014,SKU00339,68,17,14.34
2024-02-01,S014,SKU00286,29,8,25.41
2024-02-01,S014,SKU00144,52,10,12.22
2024-02-01,S014,SKU00326,57,0,21.09
2024-02-01,S014,SKU00064,39,22,14.1
2024-02-01,S014,SKU00198,31,22,25.14
2024-02-01,S014,SKU00091,22,25,16.61
2024-02-01,S014,SKU00160,60,16,18.48
2024-02-01,S014,SKU00212,38,18,8.51
2024-02-01,S014,SKU00384,28,4,6.97
2024-02-01,S014,SKU00355,57,17,17.98
2024-02-01,S014,SKU00289,47,20,20.83
2024-02-01,S014,SKU00211,25,18,37.2
2024-02-01,S014,SKU00096,25,9,19.19
2024-02-01,S014,SKU00254,34,19,12.16
2024-02-01,S014,SKU00187,48,13,25.15
2024-02-01,S014,SKU00128,37,10,12.06
2024-02-01,S014,SKU00020,38,18,19.96
2024-02-01,S014,SKU00001,47,22,20.02
2024-02-01,S014,SKU00399,43,19,25.01
2024-02-01,S014,SKU00290,28,12,20.85
2024-02-01,S014,SKU00036,25,16,15.82
2024-02-01,S014,SKU00319,56,6,18.17
2024-02-01,S014,SKU00301,51,20,13.89
2024-02-01,S014,SKU00374,55,7,17.57
2024-02-01,S014,SKU00357,37,11,14.08
2024-02-01,S014,SKU00084,30,11,22.85
2024-02-01,S014,SKU00191,29,0,24.12
2024-02-01,S014,SKU00132,26,19,18.85
2024-02-01,S014,SKU00034,58,9,25.34
2024-02-01,S014,SKU00092,21,18,6.71
2024-02-01,S014,SKU00257,44,12,12.09
2024-02-01,S015,SKU00234,54,20,14.14
2024-02-01,S015,SKU00086,61,11,27.42
2024-02-01,S015,SKU00184,22,18,15.79
2024-02-01,S015,SKU00048,13,16,35.43
2024-02-01,S015,SKU00329,37,11,21.42
2024-02-01,S015,SKU00133,52,13,10.11
2024-02-01,S015,SKU00266,44,16,15.48
2024-02-01,S015,SKU00109,32,14,32.26
2024-02-01,S015,SKU00120,46,12,10.19
2024-02-01,S015,SKU00362,70,10,17.84
2024-02-01,S015,SKU00387,10,12,19.03
2024-02-01,S015,SKU00194,51,16,15.09
2024-02-01,S015,SKU00359,70,20,12.22
2024-02-01,S015,SKU00092,53,16,6.71
2024-02-01,S015,SKU00300,44,16,19.9
2024-02-01,S015,SKU00356,43,16,6.76
2024-02-01,S015,SKU00230,41,10,28.51
2024-02-01,S015,SKU00093,49,14,20.73
2024-02-01,S015,SKU00297,41,13,20.51
2024-02-01,S015,SKU00309,36,19,27.53
2024-02-01,S015,SKU00071,30,18,18.24
2024-02-01,S015,SKU00323,30,3,17.89
2024-02-01,S015,SKU00310,48,10,23.34
2024-02-01,S015,SKU00049,12,19,21.35
2024-02-01,S015,SKU00026,45,22,28.01
2024-02-01,S015,SKU00145,32,37,13.72
2024-02-01,S015,SKU00111,41,21,22.67
2024-02-01,S015,SKU00226,41,16,37.85
2024-02-01,S015,SKU00296,36,14,18.93
2024-02-01,S015,SKU00396,45,15,6.08
2024-02-01,S015,SKU00030,15,16,9.58
2024-02-01,S015,SKU00189,37,21,21.3
2024-02-01,S015,SKU00291,27,9,20.61
2024-02-01,S015,SKU00360,19,25,35.66
2024-02-01,S015,SKU00391,29,8,20.67
2024-02-01,S015,SKU00283,45,25,35.29
2024-02-01,S015,SKU00041,35,18,19.41
2024-02-01,S015,SKU00177,33,24,24.36
2024-02-01,S015,SKU00301,37,27,13.89
2024-02-01,S015,SKU00233,37,22,14.08
2024-02-01,S015,SKU00104,61,27,30.27
2024-02-01,S015,SKU00257,35,10,12.09
2024-02-01,S015,SKU00232,31,23,17.89
2024-02-01,S015,SKU00281,34,6,24.82
2024-02-01,S015,SKU00320,36,11,13.56
2024-02-01,S015,SKU00380,22,22,21.56
2024-02-01,S015,SKU00065,47,18,21.23
2024-02-01,S015,SKU00137,53,12,32.34
2024-02-01,S015,SKU00267,37,25,32.29
2024-02-01,S015,SKU00212,35,22,8.51
2024-02-01,S015,SKU00256,21,23,16.17
2024-02-01,S015,SKU00127,49,13,18.2
2024-02-01,S015,SKU00126,23,0,25.54
2024-02-01,S015,SKU00056,24,4,21.74
2024-02-01,S015,SKU00217,27,3,19.37
2024-02-01,S015,SKU00186,40,8,24.0
2024-02-01,S015,SKU00295,40,3,21.15
2024-02-01,S015,SKU00201,53,18,17.59
2024-02-01,S015,SKU00352,67,5,23.46
2024-02-01,S015,SKU00261,51,21,33.76
2024-02-01,S016,SKU00079,40,11,18.54
2024-02-01,S016,SKU00379,57,17,19.61
2024-02-01,S016,SKU00047,58,16,30.28
2024-02-01,S016,SKU00386,40,22,24.27
2024-02-01,S016,SKU00346,50,7,46.67
2024-02-01,S016,SKU00131,34,18,22.93
2024-02-01,S016,SKU00343,40,16,25.69
2024-02-01,S016,SKU00306,13,10,13.85
2024-02-01,S016,SKU00150,44,8,17.58
2024-02-01,S016,SKU00142,36,10,22.57
2024-02-01,S016,SKU00029,23,19,18.21
2024-02-01,S016,SKU00253,17,12,19.63
2024-02-01,S016,SKU00247,56,13,19.17
2024-02-01,S016,SKU00375,45,3,23.14
2024-02-01,S016,SKU00349,26,5,11.12
2024-02-01,S016,SKU00239,56,14,7.57
2024-02-01,S016,SKU00340,50,17,14.8
2024-02-01,S016,SKU00049,54,0,21.35
2024-02-01,S016,SKU00327,34,21,24.66
2024-02-01,S016,SKU00087,41,11,9.32
2024-02-01,S016,SKU00058,52,20,33.62
2024-02-01,S016,SKU00048,38,23,35.43
2024-02-01,S016,SKU00199,57,10,28.75
2024-02-01,S016,SKU00153,25,23,27.58
2024-02-01,S016,SKU00158,50,26,7.83
2024-02-01,S016,SKU00298,35,11,11.72
2024-02-01,S016,SKU00278,27,0,29.28
2024-02-01,S016,SKU00055,43,11,24.5
2024-02-01,S016,SKU00319,33,18,18.17
2024-02-01,S016,SKU00268,48,3,22.72
2024-02-01,S016,SKU00272,32,29,18.35
2024-02-01,S016,SKU00082,52,8,18.27
2024-02-01,S016,SKU00251,54,6,16.74
2024-02-01,S016,SKU00351,21,17,20.29
2024-02-01,S016,SKU00037,18,14,14.43
2024-02-01,S016,SKU00119,35,18,21.19
2024-02-01,S016,SKU00336,61,21,21.13
2024-02-01,S016,SKU00196,38,11,14.66
2024-02-01,S016,SKU00214,43,15,47.96
2024-02-01,S016,SKU00305,0,21,19.27
2024-02-01,S016,SKU00028,22,19,14.87
2024-02-01,S016,SKU00157,34,8,26.67
2024-02-01,S016,SKU00091,31,10,16.61
2024-02-01,S016,SKU00077,43,24,7.81
2024-02-01,S016,SKU00148,17,9,18.3
2024-02-01,S016,SKU00149,43,13,16.9
2024-02-01,S016,SKU00270,43,14,23.19
2024-02-01,S016,SKU00007,53,15,12.89
2024-02-01,S016,SKU00130,55,14,29.35
2024-02-01,S016,SKU00292,37,8,27.78
2024-02-01,S016,SKU00104,38,3,30.27
2024-02-01,S016,SKU00110,52,17,22.59
2024-02-01,S016,SKU00188,35,6,22.21
2024-02-01,S016,SKU00011,43,15,17.51
2024-02-01,S016,SKU00242,32,18,23.88
2024-02-01,S016,SKU00353,33,26,28.84
2024-02-01,S016,SKU00250,34,12,22.08
2024-02-01,S016,SKU00014,26,17,17.1
2024-02-01,S016,SKU00068,38,3,9.04
2024-02-01,S016,SKU00171,41,15,26.18
2024-02-01,S017,SKU00033,28,11,10.76
2024-02-01,S017,SKU00187,36,20,25.15
2024-02-01,S017,SKU00364,37,19,20.03
2024-02-01,S017,SKU00220,31,16,23.06
2024-02-01,S017,SKU00295,25,8,21.15
2024-02-01,S017,SKU00241,27,1,22.03
2024-02-01,S017,SKU00321,41,3,8.77
2024-02-01,S017,SKU00235,28,18,17.69
2024-02-01,S017,SKU00024,36,21,19.95
2024-02-01,S017,SKU00224,48,23,28.25
2024-02-01,S017,SKU00093,26,26,20.73
2024-02-01,S017,SKU00218,38,14,10.78
2024-02-01,S017,SKU00076,43,16,16.2
2024-02-01,S017,SKU00237,56,10,22.91
2024-02-01,S017,SKU00017,53,11,22.2
2024-02-01,S017,SKU00350,52,27,24.41
2024-02-01,S017,SKU00156,60,29,13.5
2024-02-01,S017,SKU00253,62,16,19.63
2024-02-01,S017,SKU00027,45,16,8.1
2024-02-01,S017,SKU00216,61,15,35.17
2024-02-01,S017,SKU00239,43,26,7.57
2024-02-01,S017,SKU00026,36,13,28.01
2024-02-01,S017,SKU00286,49,9,25.41
2024-02-01,S017,SKU00041,36,10,19.41
2024-02-01,S017,SKU00102,20,9,7.81
2024-02-01,S017,SKU00375,15,24,23.14
2024-02-01,S017,SKU00025,44,11,18.13
2024-02-01,S017,SKU00260,49,18,16.1
2024-02-01,S017,SKU00395,26,12,14.64
2024-02-01,S017,SKU00356,29,13,6.76
2024-02-01,S017,SKU00176,28,17,14.59
2024-02-01,S017,SKU00184,9,0,15.79
2024-02-01,S017,SKU00394,34,23,10.9
2024-02-01,S017,SKU00376,40,17,22.09
2024-02-01,S017,SKU00392,47,13,28.95
2024-02-01,S017,SKU00056,46,10,21.74
2024-02-01,S017,SKU00252,50,12,35.29
2024-02-01,S017,SKU00282,56,6,31.83
2024-02-01,S017,SKU00182,44,8,22.49
2024-02-01,S017,SKU00199,43,17,28.75
2024-02-01,S017,SKU00145,30,16,13.72
2024-02-01,S017,SKU00192,77,10,15.31
2024-02-01,S017,SKU00309,62,6,27.53
2024-02-01,S017,SKU00324,39,16,27.35
2024-02-01,S017,SKU00109,68,5,32.26
2024-02-01,S017,SKU00146,20,17,30.59
2024-02-01,S017,SKU00262,52,15,6.97
2024-02-01,S017,SKU00057,38,10,19.41
2024-02-01,S017,SKU00248,50,10,24.2
2024-02-01,S017,SKU00045,51,18,19.14
2024-02-01,S017,SKU00048,41,0,35.43
2024-02-01,S017,SKU00357,36,11,14.08
2024-02-01,S017,SKU00263,69,12,12.54
2024-02-01,S017,SKU00136,24,24,21.43
2024-02-01,S017,SKU00303,70,21,27.57
2024-02-01,S017,SKU00242,34,6,23.88
2024-02-01,S017,SKU00154,33,8,36.04
2024-02-01,S017,SKU00298,32,19,11.72
2024-02-01,S017,SKU00042,22,15,27.28
2024-02-01,S017,SKU00207,54,19,16.29
2024-02-01,S018,SKU00289,64,10,20.83
2024-02-01,S018,SKU00297,36,15,20.51
2024-02-01,S018,SKU00171,62,13,26.18
2024-02-01,S018,SKU00196,49,8,14.66
2024-02-01,S018,SKU00374,52,22,17.57
2024-02-01,S018,SKU00095,10,18,27.04
2024-02-01,S018,SKU00127,25,17,18.2
2024-02-01,S018,SKU00251,21,16,16.74
2024-02-01,S018,SKU00349,50,16,11.12
2024-02-01,S018,SKU00235,38,11,17.69
2024-02-01,S018,SKU00102,39,7,7.81
2024-02-01,S018,SKU00179,23,25,8.72
2024-02-01,S018,SKU00163,22,3,15.73
2024-02-01,S018,SKU00191,39,16,24.12
2024-02-01,S018,SKU00109,39,19,32.26
2024-02-01,S018,SKU00197,47,22,14.73
2024-02-01,S018,SKU00383,21,21,21.74
2024-02-01,S018,SKU00128,43,16,12.06
2024-02-01,S018,SKU00346,15,11,46.67
2024-02-01,S018,SKU00400,49,23,16.59
2024-02-01,S018,SKU00397,35,12,24.95
2024-02-01,S018,SKU00010,46,14,22.61
2024-02-01,S018,SKU00008,48,16,14.83
2024-02-01,S018,SKU00052,40,15,25.94
2024-02-01,S018,SKU00141,52,7,34.29
2024-02-01,S018,SKU00076,15,8,16.2
2024-02-01,S018,SKU00233,66,16,14.08
2024-02-01,S018,SKU00129,58,25,17.3
2024-02-01,S018,SKU00135,58,12,21.41
2024-02-01,S018,SKU00185,34,10,22.74
2024-02-01,S018,SKU00192,16,20,15.31
2024-02-01,S018,SKU00148,66,26,18.3
2024-02-01,S018,SKU00033,49,22,10.76
2024-02-01,S018,SKU00205,50,24,13.85
2024-02-01,S018,SKU00173,44,7,24.41
2024-02-01,S018,SKU00119,35,13,21.19
2024-02-01,S018,SKU00066,45,24,21.71
2024-02-01,S018,SKU00308,54,8,33.04
2024-02-01,S018,SKU00227,51,12,38.72
2024-02-01,S018,SKU00306,40,15,13.85
2024-02-01,S018,SKU00358,43,10,20.44
2024-02-01,S018,SKU00007,50,15,12.89
2024-02-01,S018,SKU00168,60,17,18.6
2024-02-01,S018,SKU00318,29,19,20.51
2024-02-01,S018,SKU00079,32,28,18.54
2024-02-01,S018,SKU00300,30,23,19.9
2024-02-01,S018,SKU00077,6,21,7.81
2024-02-01,S018,SKU00393,31,22,7.6
2024-02-01,S018,SKU00054,36,14,12.05
2024-02-01,S018,SKU00399,46,6,25.01
2024-02-01,S018,SKU00273,41,11,21.29
2024-02-01,S018,SKU00365,36,14,9.96
2024-02-01,S018,SKU00107,58,19,27.98
2024-02-01,S018,SKU00262,36,14,6.97
2024-02-01,S018,SKU00329,45,12,21.42
2024-02-01,S018,SKU00259,36,16,16.74
2024-02-01,S018,SKU00237,40,13,22.91
2024-02-01,S018,SKU00357,56,5,14.08
2024-02-01,S018,SKU00031,39,15,18.97
2024-02-01,S018,SKU00165,46,23,12.62
2024-02-01,S019,SKU00346,54,1,46.67
2024-02-01,S019,SKU00196,43,14,14.66
2024-02-01,S019,SKU00066,48,9,21.71
2024-02-01,S019,SKU00195,56,16,20.76
2024-02-01,S019,SKU00354,62,21,16.32
2024-02-01,S019,SKU00030,31,11,9.58
2024-02-01,S019,SKU00319,40,22,18.17
2024-02-01,S019,SKU00344,38,21,6.67
2024-02-01,S019,SKU00291,45,11,20.61
2024-02-01,S019,SKU00133,34,17,10.11
2024-02-01,S019,SKU00397,42,14,24.95
2024-02-01,S019,SKU00043,32,23,24.13
2024-02-01,S019,SKU00204,49,16,22.75
2024-02-01,S019,SKU00295,63,21,21.15
2024-02-01,S019,SKU00007,42,16,12.89
2024-02-01,S019,SKU00255,23,13,33.68
2024-02-01,S019,SKU00136,46,15,21.43
2024-02-01,S019,SKU00012,0,10,6.48
2024-02-01,S019,SKU00365,60,7,9.96
2024-02-01,S019,SKU00369,49,6,27.28
2024-02-01,S019,SKU00375,31,14,23.14
2024-02-01,S019,SKU00181,21,14,21.21
2024-02-01,S019,SKU00328,16,32,20.31
2024-02-01,S019,SKU00216,25,8,35.17
2024-02-01,S019,SKU00091,25,19,16.61
2024-02-01,S019,SKU00297,8,25,20.51
2024-02-01,S019,SKU00317,43,9,22.08
2024-02-01,S019,SKU00229,25,0,28.44
2024-02-01,S019,SKU00268,27,17,22.72
2024-02-01,S019,SKU00326,7,21,21.09
2024-02-01,S019,SKU00234,23,12,14.14
2024-02-01,S019,SKU00362,74,19,17.84
2024-02-01,S019,SKU00233,59,18,14.08
2024-02-01,S019,SKU00039,48,12,31.34
2024-02-01,S019,SKU00008,39,23,14.83
2024-02-01,S019,SKU00144,34,13,12.22
2024-02-01,S019,SKU00383,35,12,21.74
2024-02-01,S019,SKU00360,26,12,35.66
2024-02-01,S019,SKU00187,25,20,25.15
2024-02-01,S019,SKU00064,39,0,14.1
2024-02-01,S019,SKU00287,18,15,23.44
2024-02-01,S019,SKU00350,60,16,24.41
2024-02-01,S019,SKU00221,28,18,18.46
2024-02-01,S019,SKU00259,60,14,16.74
2024-02-01,S019,SKU00386,18,0,24.27
2024-02-01,S019,SKU00035,27,24,34.51
2024-02-01,S019,SKU00087,14,6,9.32
2024-02-01,S019,SKU00190,52,18,23.47
2024-02-01,S019,SKU00294,40,19,21.46
2024-02-01,S019,SKU00095,45,23,27.04
2024-02-01,S019,SKU00336,35,15,21.13
2024-02-01,S019,SKU00154,7,18,36.04
2024-02-01,S019,SKU00159,8,13,20.64
2024-02-01,S019,SKU00080,41,15,21.0
2024-02-01,S019,SKU00280,40,9,11.07
2024-02-01,S019,SKU00353,4,9,28.84
2024-02-01,S019,SKU00330,42,14,28.29
2024-02-01,S019,SKU00082,43,18,18.27
2024-02-01,S019,SKU00334,39,0,7.9
2024-02-01,S019,SKU00003,42,12,19.34
2024-02-01,S020,SKU00007,59,24,12.89
2024-02-01,S020,SKU00366,58,2,12.66
2024-02-01,S020,SKU00209,53,25,40.26
2024-02-01,S020,SKU00353,32,5,28.84
2024-02-01,S020,SKU00212,84,17,8.51
2024-02-01,S020,SKU00227,47,19,38.72
2024-02-01,S020,SKU00266,43,5,15.48
2024-02-01,S020,SKU00126,39,16,25.54
2024-02-01,S020,SKU00396,49,15,6.08
2024-02-01,S020,SKU00127,35,26,18.2
2024-02-01,S020,SKU00187,63,13,25.15
2024-02-01,S020,SKU00381,67,0,29.5
2024-02-01,S020,SKU00054,47,20,12.05
2024-02-01,S020,SKU00182,33,28,22.49
2024-02-01,S020,SKU00364,46,11,20.03
2024-02-01,S020,SKU00333,29,15,19.02
2024-02-01,S020,SKU00246,32,16,19.79
2024-02-01,S020,SKU00271,61,5,41.0
2024-02-01,S020,SKU00081,40,14,16.01
2024-02-01,S020,SKU00174,15,10,23.97
2024-02-01,S020,SKU00168,68,9,18.6
2024-02-01,S020,SKU00327,55,12,24.66
2024-02-01,S020,SKU00398,61,22,31.97
2024-02-01,S020,SKU00077,57,17,7.81
2024-02-01,S020,SKU00184,28,10,15.79
2024-02-01,S020,SKU00250,46,23,22.08
2024-02-01,S020,SKU00029,45,26,18.21
2024-02-01,S020,SKU00195,27,13,20.76
2024-02-01,S020,SKU00286,31,3,25.41
2024-02-01,S020,SKU00128,23,21,12.06
2024-02-01,S020,SKU00273,40,7,21.29
2024-02-01,S020,SKU00041,24,14,19.41
2024-02-01,S020,SKU00076,73,16,16.2
2024-02-01,S020,SKU00204,33,4,22.75
2024-02-01,S020,SKU00135,33,2,21.41
2024-02-01,S020,SKU00304,34,4,13.37
2024-02-01,S020,SKU00395,23,18,14.64
2024-02-01,S020,SKU00022,56,13,10.6
2024-02-01,S020,SKU00392,40,15,28.95
2024-02-01,S020,SKU00279,22,17,18.46
2024-02-01,S020,SKU00096,45,13,19.19
2024-02-01,S020,SKU00151,22,17,7.16
2024-02-01,S020,SKU00177,59,3,24.36
2024-02-01,S020,SKU00264,48,15,13.51
2024-02-01,S020,SKU00155,49,0,22.47
2024-02-01,S020,SKU00201,26,8,17.59
2024-02-01,S020,SKU00241,25,8,22.03
2024-02-01,S020,SKU00317,19,19,22.08
2024-02-01,S020,SKU00310,38,0,23.34
2024-02-01,S020,SKU00021,59,20,21.44
2024-02-01,S020,SKU00298,52,19,11.72
2024-02-01,S020,SKU00036,37,7,15.82
2024-02-01,S020,SKU00078,10,15,9.74
2024-02-01,S020,SKU00180,26,18,18.4
2024-02-01,S020,SKU00225,42,12,14.42
2024-02-01,S020,SKU00363,36,18,19.67
2024-02-01,S020,SKU00053,22,1,26.92
2024-02-01,S020,SKU00119,49,14,21.19
2024-02-01,S020,SKU00023,57,0,23.51
2024-02-01,S020,SKU00208,48,18,7.02
2024-02-01,S021,SKU00030,49,8,9.58
2024-02-01,S021,SKU00365,47,5,9.96
2024-02-01,S021,SKU00160,59,6,18.48
2024-02-01,S021,SKU00334,35,14,7.9
2024-02-01,S021,SKU00285,34,20,16.17
2024-02-01,S021,SKU00114,59,16,16.42
2024-02-01,S021,SKU00362,76,7,17.84
2024-02-01,S021,SKU00257,58,32,12.09
2024-02-01,S021,SKU00087,44,13,9.32
2024-02-01,S021,SKU00389,57,24,26.23
2024-02-01,S021,SKU00103,65,21,12.99
2024-02-01,S021,SKU00398,42,12,31.97
2024-02-01,S021,SKU00175,48,10,22.23
2024-02-01,S021,SKU00105,56,1,24.88
2024-02-01,S021,SKU00330,50,0,28.29
2024-02-01,S021,SKU00236,34,20,14.52
2024-02-01,S021,SKU00091,55,21,16.61
2024-02-01,S021,SKU00063,55,16,13.32
2024-02-01,S021,SKU00399,26,16,25.01
2024-02-01,S021,SKU00149,33,18,16.9
2024-02-01,S021,SKU00288,26,25,22.22
2024-02-01,S021,SKU00242,58,22,23.88
2024-02-01,S021,SKU00068,40,17,9.04
2024-02-01,S021,SKU00369,43,4,27.28
2024-02-01,S021,SKU00252,32,6,35.29
2024-02-01,S021,SKU00233,50,11,14.08
2024-02-01,S021,SKU00213,30,20,21.39
2024-02-01,S021,SKU00200,54,16,35.75
2024-02-01,S021,SKU00187,56,25,25.15
2024-02-01,S021,SKU00322,22,4,9.39
2024-02-01,S021,SKU00050,18,13,9.35
2024-02-01,S021,SKU00182,49,26,22.49
2024-02-01,S021,SKU00298,33,13,11.72
2024-02-01,S021,SKU00238,48,4,47.65
2024-02-01,S021,SKU00110,48,19,22.59
2024-02-01,S021,SKU00305,56,9,19.27
2024-02-01,S021,SKU00040,23,16,18.22
2024-02-01,S021,SKU00163,65,12,15.73
2024-02-01,S021,SKU00122,58,9,15.22
2024-02-01,S021,SKU00269,33,11,13.31
2024-02-01,S021,SKU00173,27,2,24.41
2024-02-01,S021,SKU00296,51,13,18.93
2024-02-01,S021,SKU00237,29,8,22.91
2024-02-01,S021,SKU00143,25,23,9.07
2024-02-01,S021,SKU00194,31,23,15.09
2024-02-01,S021,SKU00111,61,22,22.67
2024-02-01,S021,SKU00191,46,11,24.12
2024-02-01,S021,SKU00142,35,21,22.57
2024-02-01,S021,SKU00108,45,13,8.67
2024-02-01,S021,SKU00250,31,11,22.08
2024-02-01,S021,SKU00220,72,7,23.06
2024-02-01,S021,SKU00349,44,8,11.12
2024-02-01,S021,SKU00020,55,23,19.96
2024-02-01,S021,SKU00312,48,18,19.86
2024-02-01,S021,SKU00123,39,16,17.11
2024-02-01,S021,SKU00286,33,22,25.41
2024-02-01,S021,SKU00377,21,11,24.12
2024-02-01,S021,SKU00292,31,12,27.78
2024-02-01,S021,SKU00097,49,8,11.93
2024-02-01,S021,SKU00218,49,15,10.78
2024-02-01,S022,SKU00220,51,14,23.06
2024-02-01,S022,SKU00354,41,19,16.32
2024-02-01,S022,SKU00055,37,14,24.5
2024-02-01,S022,SKU00371,29,21,23.22
2024-02-01,S022,SKU00364,41,10,20.03
2024-02-01,S022,SKU00160,41,9,18.48
2024-02-01,S022,SKU00200,46,19,35.75
2024-02-01,S022,SKU00034,36,1,25.34
2024-02-01,S022,SKU00250,40,21,22.08
2024-02-01,S022,SKU00221,77,25,18.46
2024-02-01,S022,SKU00262,22,8,6.97
2024-02-01,S022,SKU00296,38,20,18.93
2024-02-01,S022,SKU00285,53,17,16.17
2024-02-01,S022,SKU00232,45,6,17.89
2024-02-01,S022,SKU00104,54,13,30.27
2024-02-01,S022,SKU00010,25,5,22.61
2024-02-01,S022,SKU00063,35,18,13.32
2024-02-01,S022,SKU00194,30,25,15.09
2024-02-01,S022,SKU00261,47,15,33.76
2024-02-01,S022,SKU00388,41,21,18.08
2024-02-01,S022,SKU00362,59,17,17.84
2024-02-01,S022,SKU00269,55,17,13.31
2024-02-01,S022,SKU00039,27,17,31.34
2024-02-01,S022,SKU00169,30,14,15.35
2024-02-01,S022,SKU00374,43,6,17.57
2024-02-01,S022,SKU00185,50,21,22.74
2024-02-01,S022,SKU00069,47,21,10.26
2024-02-01,S022,SKU00084,37,19,22.85
2024-02-01,S022,SKU00317,37,16,22.08
2024-02-01,S022,SKU00135,20,24,21.41
2024-02-01,S022,SKU00392,27,16,28.95
2024-02-01,S022,SKU00193,9,15,26.54
2024-02-01,S022,SKU00152,55,12,34.48
2024-02-01,S022,SKU00192,35,5,15.31
2024-02-01,S022,SKU00332,44,16,53.2
2024-02-01,S022,SKU00115,38,24,16.78
2024-02-01,S022,SKU00313,56,31,21.61
2024-02-01,S022,SKU00310,23,9,23.34
2024-02-01,S022,SKU00240,40,19,30.32
2024-02-01,S022,SKU00327,19,8,24.66
2024-02-01,S022,SKU00119,48,1,21.19
2024-02-01,S022,SKU00083,8,20,22.59
2024-02-01,S022,SKU00271,58,14,41.0
2024-02-01,S022,SKU00007,71,29,12.89
2024-02-01,S022,SKU00258,35,18,29.8
2024-02-01,S022,SKU00304,61,32,13.37
2024-02-01,S022,SKU00175,46,30,22.23
2024-02-01,S022,SKU00201,47,12,17.59
2024-02-01,S022,SKU00283,41,12,35.29
2024-02-01,S022,SKU00136,50,25,21.43
2024-02-01,S022,SKU00029,45,12,18.21
2024-02-01,S022,SKU00106,28,21,11.12
2024-02-01,S022,SKU00134,18,22,22.15
2024-02-01,S022,SKU00091,76,21,16.61
2024-02-01,S022,SKU00346,49,6,46.67
2024-02-01,S022,SKU00245,51,16,19.78
2024-02-01,S022,SKU00308,41,32,33.04
2024-02-01,S022,SKU00118,24,18,9.41
2024-02-01,S022,SKU00270,33,12,23.19
2024-02-01,S022,SKU00257,53,15,12.09
2024-02-01,S023,SKU00253,64,14,19.63
2024-02-01,S023,SKU00301,47,3,13.89
2024-02-01,S023,SKU00073,55,22,31.53
2024-02-01,S023,SKU00395,52,11,14.64
2024-02-01,S023,SKU00163,26,8,15.73
2024-02-01,S023,SKU00388,55,31,18.08
2024-02-01,S023,SKU00384,56,16,6.97
2024-02-01,S023,SKU00141,43,15,34.29
2024-02-01,S023,SKU00249,39,8,14.24
2024-02-01,S023,SKU00230,52,19,28.51
2024-02-01,S023,SKU00030,35,20,9.58
2024-02-01,S023,SKU00110,46,11,22.59
2024-02-01,S023,SKU00200,30,8,35.75
2024-02-01,S023,SKU00014,51,20,17.1
2024-02-01,S023,SKU00298,47,19,11.72
2024-02-01,S023,SKU00188,24,10,22.21
2024-02-01,S023,SKU00267,67,22,32.29
2024-02-01,S023,SKU00355,29,12,17.98
2024-02-01,S023,SKU00312,40,5,19.86
2024-02-01,S023,SKU00397,51,25,24.95
2024-02-01,S023,SKU00143,49,19,9.07
2024-02-01,S023,SKU00037,24,10,14.43
2024-02-01,S023,SKU00018,59,18,11.75
2024-02-01,S023,SKU00169,47,20,15.35
2024-02-01,S023,SKU00251,40,18,16.74
2024-02-01,S023,SKU00215,61,19,20.75
2024-02-01,S023,SKU00333,22,24,19.02
2024-02-01,S023,SKU00044,13,24,16.43
2024-02-01,S023,SKU00164,32,12,20.75
2024-02-01,S023,SKU00202,48,19,41.7
2024-02-01,S023,SKU00281,36,14,24.82
2024-02-01,S023,SKU00324,49,20,27.35
2024-02-01,S023,SKU00032,37,18,26.13
2024-02-01,S023,SKU00396,55,27,6.08
2024-02-01,S023,SKU00017,64,7,22.2
2024-02-01,S023,SKU00142,45,24,22.57
2024-02-01,S023,SKU00297,29,14,20.51
2024-02-01,S023,SKU00004,44,16,9.51
2024-02-01,S023,SKU00096,50,13,19.19
2024-02-01,S023,SKU00036,37,22,15.82
2024-02-01,S023,SKU00046,42,24,11.26
2024-02-01,S023,SKU00100,21,7,7.48
2024-02-01,S023,SKU00214,45,17,47.96
2024-02-01,S023,SKU00125,16,20,14.87
2024-02-01,S023,SKU00207,46,0,16.29
2024-02-01,S023,SKU00077,33,13,7.81
2024-02-01,S023,SKU00140,13,19,22.39
2024-02-01,S023,SKU00263,42,4,12.54
2024-02-01,S023,SKU00314,41,21,15.81
2024-02-01,S023,SKU00028,9,15,14.87
2024-02-01,S023,SKU00385,44,13,24.15
2024-02-01,S023,SKU00120,28,13,10.19
2024-02-01,S023,SKU00366,42,8,12.66
2024-02-01,S023,SKU00223,33,17,14.14
2024-02-01,S023,SKU00055,28,24,24.5
2024-02-01,S023,SKU00124,21,11,18.08
2024-02-01,S023,SKU00325,41,18,11.47
2024-02-01,S023,SKU00116,27,14,40.0
2024-02-01,S023,SKU00256,43,11,16.17
2024-02-01,S023,SKU00022,30,10,10.6
2024-02-01,S024,SKU00188,28,18,22.21
2024-02-01,S024,SKU00018,26,14,11.75
2024-02-01,S024,SKU00355,54,23,17.98
2024-02-01,S024,SKU00006,60,12,22.21
2024-02-01,S024,SKU00259,52,15,16.74
2024-02-01,S024,SKU00139,21,23,19.06
2024-02-01,S024,SKU00197,29,6,14.73
2024-02-01,S024,SKU00336,40,22,21.13
2024-02-01,S024,SKU00341,58,19,20.55
2024-02-01,S024,SKU00123,56,15,17.11
2024-02-01,S024,SKU00346,13,16,46.67
2024-02-01,S024,SKU00080,61,0,21.0
2024-02-01,S024,SKU00022,39,0,10.6
2024-02-01,S024,SKU00352,50,17,23.46
2024-02-01,S024,SKU00251,77,6,16.74
2024-02-01,S024,SKU00066,19,15,21.71
2024-02-01,S024,SKU00211,43,21,37.2
2024-02-01,S024,SKU00009,41,15,21.87
2024-02-01,S024,SKU00084,26,20,22.85
2024-02-01,S024,SKU00070,33,18,19.96
2024-02-01,S024,SKU00189,43,7,21.3
2024-02-01,S024,SKU00087,36,2,9.32
2024-02-01,S024,SKU00041,34,25,19.41
2024-02-01,S024,SKU00145,34,18,13.72
2024-02-01,S024,SKU00390,44,6,20.94
2024-02-01,S024,SKU00171,27,6,26.18
2024-02-01,S024,SKU00256,46,19,16.17
2024-02-01,S024,SKU00182,37,22,22.49
2024-02-01,S024,SKU00362,49,6,17.84
2024-02-01,S024,SKU00012,41,6,6.48
2024-02-01,S024,SKU00229,47,11,28.44
2024-02-01,S024,SKU00117,43,21,14.81
2024-02-01,S024,SKU00268,37,15,22.72
2024-02-01,S024,SKU00053,17,18,26.92
2024-02-01,S024,SKU00298,41,23,11.72
2024-02-01,S024,SKU00206,75,15,12.31
2024-02-01,S024,SKU00263,41,12,12.54
2024-02-01,S024,SKU00241,38,18,22.03
2024-02-01,S024,SKU00129,25,7,17.3
2024-02-01,S024,SKU00118,43,21,9.41
2024-02-01,S024,SKU00228,43,20,42.12
2024-02-01,S024,SKU00277,65,28,17.75
2024-02-01,S024,SKU00303,57,16,27.57
2024-02-01,S024,SKU00260,34,11,16.1
2024-02-01,S024,SKU00293,22,15,28.83
2024-02-01,S024,SKU00302,63,18,11.51
2024-02-01,S024,SKU00280,48,20,11.07
2024-02-01,S024,SKU00093,65,7,20.73
2024-02-01,S024,SKU00036,34,11,15.82
2024-02-01,S024,SKU00204,71,17,22.75
2024-02-01,S024,SKU00091,26,22,16.61
2024-02-01,S024,SKU00048,44,11,35.43
2024-02-01,S024,SKU00384,9,20,6.97
2024-02-01,S024,SKU00082,40,26,18.27
2024-02-01,S024,SKU00076,55,0,16.2
2024-02-01,S024,SKU00067,52,14,12.5
2024-02-01,S024,SKU00055,27,16,24.5
2024-02-01,S024,SKU00140,28,7,22.39
2024-02-01,S024,SKU00203,21,7,27.92
2024-02-01,S024,SKU00215,45,17,20.75
2024-02-01,S025,SKU00275,13,17,24.1
2024-02-01,S025,SKU00342,46,21,17.51
2024-02-01,S025,SKU00212,32,16,8.51
2024-02-01,S025,SKU00069,36,21,10.26
2024-02-01,S025,SKU00168,58,14,18.6
2024-02-01,S025,SKU00213,56,5,21.39
2024-02-01,S025,SKU00077,60,6,7.81
2024-02-01,S025,SKU00391,51,21,20.67
2024-02-01,S025,SKU00101,38,27,13.03
2024-02-01,S025,SKU00008,58,11,14.83
2024-02-01,S025,SKU00125,25,22,14.87
2024-02-01,S025,SKU00033,49,26,10.76
2024-02-01,S025,SKU00350,29,13,24.41
2024-02-01,S025,SKU00331,48,10,9.22
2024-02-01,S025,SKU00314,39,7,15.81
2024-02-01,S025,SKU00152,53,19,34.48
2024-02-01,S025,SKU00269,32,12,13.31
2024-02-01,S025,SKU00032,36,20,26.13
2024-02-01,S025,SKU00019,23,17,14.15
2024-02-01,S025,SKU00319,45,28,18.17
2024-02-01,S025,SKU00028,46,8,14.87
2024-02-01,S025,SKU00307,30,17,19.13
2024-02-01,S025,SKU00354,32,20,16.32
2024-02-01,S025,SKU00215,66,9,20.75
2024-02-01,S025,SKU00128,47,10,12.06
2024-02-01,S025,SKU00179,32,12,8.72
2024-02-01,S025,SKU00333,30,0,19.02
2024-02-01,S025,SKU00134,33,19,22.15
2024-02-01,S025,SKU00107,33,5,27.98
2024-02-01,S025,SKU00288,41,21,22.22
2024-02-01,S025,SKU00031,33,10,18.97
2024-02-01,S025,SKU00372,6,16,8.73
2024-02-01,S025,SKU00108,38,16,8.67
2024-02-01,S025,SKU00189,38,15,21.3
2024-02-01,S025,SKU00015,45,20,25.51
2024-02-01,S025,SKU00322,23,10,9.39
2024-02-01,S025,SKU00055,27,3,24.5
2024-02-01,S025,SKU00200,17,6,35.75
2024-02-01,S025,SKU00092,45,25,6.71
2024-02-01,S025,SKU00161,46,21,6.86
2024-02-01,S025,SKU00049,26,18,21.35
2024-02-01,S025,SKU00098,59,6,23.96
2024-02-01,S025,SKU00395,55,6,14.64
2024-02-01,S025,SKU00286,68,13,25.41
2024-02-01,S025,SKU00111,43,1,22.67
2024-02-01,S025,SKU00290,27,6,20.85
2024-02-01,S025,SKU00382,57,22,8.38
2024-02-01,S025,SKU00214,0,22,47.96
2024-02-01,S025,SKU00091,55,16,16.61
2024-02-01,S025,SKU00007,67,12,12.89
2024-02-01,S025,SKU00154,81,19,36.04
2024-02-01,S025,SKU00261,42,8,33.76
2024-02-01,S025,SKU00284,53,21,20.24
2024-02-01,S025,SKU00017,33,0,22.2
2024-02-01,S025,SKU00258,56,14,29.8
2024-02-01,S025,SKU00057,51,19,19.41
2024-02-01,S025,SKU00360,40,20,35.66
2024-02-01,S025,SKU00083,27,8,22.59
2024-02-01,S025,SKU00351,29,30,20.29
2024-02-01,S025,SKU00249,51,17,14.24
2024-02-01,S026,SKU00116,54,18,40.0
2024-02-01,S026,SKU00067,5,17,12.5
2024-02-01,S026,SKU00307,55,10,19.13
2024-02-01,S026,SKU00075,54,15,19.82
2024-02-01,S026,SKU00017,21,11,22.2
2024-02-01,S026,SKU00060,2,20,30.63
2024-02-01,S026,SKU00235,45,21,17.69
2024-02-01,S026,SKU00100,21,7,7.48
2024-02-01,S026,SKU00185,44,20,22.74
2024-02-01,S026,SKU00114,27,19,16.42
2024-02-01,S026,SKU00272,30,24,18.35
2024-02-01,S026,SKU00014,26,27,17.1
2024-02-01,S026,SKU00286,63,5,25.41
2024-02-01,S026,SKU00336,56,4,21.13
2024-02-01,S026,SKU00314,52,12,15.81
2024-02-01,S026,SKU00317,55,17,22.08
2024-02-01,S026,SKU00252,71,5,35.29
2024-02-01,S026,SKU00134,41,8,22.15
2024-02-01,S026,SKU00207,41,18,16.29
2024-02-01,S026,SKU00071,37,5,18.24
2024-02-01,S026,SKU00390,11,23,20.94
2024-02-01,S026,SKU00260,59,16,16.1
2024-02-01,S026,SKU00173,50,13,24.41
2024-02-01,S026,SKU00008,33,10,14.83
2024-02-01,S026,SKU00256,53,6,16.17
2024-02-01,S026,SKU00090,47,15,19.09
2024-02-01,S026,SKU00068,51,7,9.04
2024-02-01,S026,SKU00132,51,16,18.85
2024-02-01,S026,SKU00340,53,18,14.8
2024-02-01,S026,SKU00198,64,20,25.14
2024-02-01,S026,SKU00179,45,25,8.72
2024-02-01,S026,SKU00379,21,25,19.61
2024-02-01,S026,SKU00081,60,9,16.01
2024-02-01,S026,SKU00061,74,18,13.6
2024-02-01,S026,SKU00004,17,16,9.51
2024-02-01,S026,SKU00394,30,18,10.9
2024-02-01,S026,SKU00225,23,19,14.42
2024-02-01,S026,SKU00309,20,13,27.53
2024-02-01,S026,SKU00152,36,10,34.48
2024-02-01,S026,SKU00389,47,17,26.23
2024-02-01,S026,SKU00167,28,26,11.09
2024-02-01,S026,SKU00005,62,26,5.18
2024-02-01,S026,SKU00023,40,18,23.51
2024-02-01,S026,SKU00038,34,13,22.05
2024-02-01,S026,SKU00011,30,25,17.51
2024-02-01,S026,SKU00040,46,27,18.22
2024-02-01,S026,SKU00395,20,8,14.64
2024-02-01,S026,SKU00384,47,22,6.97
2024-02-01,S026,SKU00319,40,8,18.17
2024-02-01,S026,SKU00325,24,25,11.47
2024-02-01,S026,SKU00338,39,12,23.32
2024-02-01,S026,SKU00129,43,16,17.3
2024-02-01,S026,SKU00055,58,23,24.5
2024-02-01,S026,SKU00031,27,28,18.97
2024-02-01,S026,SKU00382,57,21,8.38
2024-02-01,S026,SKU00368,46,9,14.01
2024-02-01,S026,SKU00018,41,14,11.75
2024-02-01,S026,SKU00091,43,17,16.61
2024-02-01,S026,SKU00378,77,18,16.37
2024-02-01,S026,SKU00331,59,14,9.22
2024-02-01,S027,SKU00127,58,13,18.2
2024-02-01,S027,SKU00327,17,19,24.66
2024-02-01,S027,SKU00073,42,15,31.53
2024-02-01,S027,SKU00223,38,17,14.14
2024-02-01,S027,SKU00112,89,21,17.88
2024-02-01,S027,SKU00110,37,18,22.59
2024-02-01,S027,SKU00022,50,12,10.6
2024-02-01,S027,SKU00278,36,8,29.28
2024-02-01,S027,SKU00152,62,22,34.48
2024-02-01,S027,SKU00393,54,22,7.6
2024-02-01,S027,SKU00085,51,17,21.5
2024-02-01,S027,SKU00017,24,11,22.2
2024-02-01,S027,SKU00245,47,14,19.78
2024-02-01,S027,SKU00082,44,7,18.27
2024-02-01,S027,SKU00346,50,22,46.67
2024-02-01,S027,SKU00348,25,15,24.11
2024-02-01,S027,SKU00180,50,31,18.4
2024-02-01,S027,SKU00367,37,12,23.63
2024-02-01,S027,SKU00069,21,0,10.26
2024-02-01,S027,SKU00075,25,16,19.82
2024-02-01,S027,SKU00175,51,24,22.23
2024-02-01,S027,SKU00010,35,10,22.61
2024-02-01,S027,SKU00347,53,12,35.52
2024-02-01,S027,SKU00234,33,13,14.14
2024-02-01,S027,SKU00388,31,10,18.08
2024-02-01,S027,SKU00324,61,9,27.35
2024-02-01,S027,SKU00330,40,12,28.29
2024-02-01,S027,SKU00090,43,17,19.09
2024-02-01,S027,SKU00272,27,23,18.35
2024-02-01,S027,SKU00054,53,23,12.05
2024-02-01,S027,SKU00218,33,19,10.78
2024-02-01,S027,SKU00363,27,9,19.67
2024-02-01,S027,SKU00122,39,24,15.22
2024-02-01,S027,SKU00181,60,14,21.21
2024-02-01,S027,SKU00340,24,15,14.8
2024-02-01,S027,SKU00311,53,5,23.51
2024-02-01,S027,SKU00333,15,18,19.02
2024-02-01,S027,SKU00035,26,15,34.51
2024-02-01,S027,SKU00341,32,0,20.55
2024-02-01,S027,SKU00212,59,24,8.51
2024-02-01,S027,SKU00136,51,10,21.43
2024-02-01,S027,SKU00032,42,13,26.13
2024-02-01,S027,SKU00368,18,12,14.01
2024-02-01,S027,SKU00370,66,14,19.59
2024-02-01,S027,SKU00045,44,17,19.14
2024-02-01,S027,SKU00279,22,8,18.46
2024-02-01,S027,SKU00383,37,16,21.74
2024-02-01,S027,SKU00105,79,21,24.88
2024-02-01,S027,SKU00109,37,17,32.26
2024-02-01,S027,SKU00001,29,28,20.02
2024-02-01,S027,SKU00342,41,13,17.51
2024-02-01,S027,SKU00262,53,18,6.97
2024-02-01,S027,SKU00059,49,12,18.63
2024-02-01,S027,SKU00048,31,10,35.43
2024-02-01,S027,SKU00361,25,8,22.51
2024-02-01,S027,SKU00058,35,25,33.62
2024-02-01,S027,SKU00296,25,13,18.93
2024-02-01,S027,SKU00313,44,24,21.61
2024-02-01,S027,SKU00077,47,15,7.81
2024-02-01,S027,SKU00353,34,12,28.84
2024-02-01,S028,SKU00085,31,11,21.5
2024-02-01,S028,SKU00383,22,16,21.74
2024-02-01,S028,SKU00314,21,17,15.81
2024-02-01,S028,SKU00022,48,14,10.6
2024-02-01,S028,SKU00103,70,28,12.99
2024-02-01,S028,SKU00048,46,15,35.43
2024-02-01,S028,SKU00070,45,18,19.96
2024-02-01,S028,SKU00223,44,7,14.14
2024-02-01,S028,SKU00224,40,13,28.25
2024-02-01,S028,SKU00263,57,21,12.54
2024-02-01,S028,SKU00351,34,17,20.29
2024-02-01,S028,SKU00172,43,10,9.82
2024-02-01,S028,SKU00002,9,8,22.95
2024-02-01,S028,SKU00177,43,10,24.36
2024-02-01,S028,SKU00040,30,30,18.22
2024-02-01,S028,SKU00255,8,7,33.68
2024-02-01,S028,SKU00215,42,11,20.75
2024-02-01,S028,SKU00153,52,11,27.58
2024-02-01,S028,SKU00013,43,6,15.96
2024-02-01,S028,SKU00231,33,16,23.4
2024-02-01,S028,SKU00004,27,4,9.51
2024-02-01,S028,SKU00392,49,11,28.95
2024-02-01,S028,SKU00011,49,10,17.51
2024-02-01,S028,SKU00349,56,16,11.12
2024-02-01,S028,SKU00111,19,22,22.67
2024-02-01,S028,SKU00380,52,21,21.56
2024-02-01,S028,SKU00121,43,31,21.13
2024-02-01,S028,SKU00340,43,15,14.8
2024-02-01,S028,SKU00169,75,17,15.35
2024-02-01,S028,SKU00068,55,25,9.04
2024-02-01,S028,SKU00151,41,17,7.16
2024-02-01,S028,SKU00247,51,11,19.17
2024-02-01,S028,SKU00222,30,8,21.69
2024-02-01,S028,SKU00365,39,5,9.96
2024-02-01,S028,SKU00209,43,4,40.26
2024-02-01,S028,SKU00197,58,28,14.73
2024-02-01,S028,SKU00039,47,19,31.34
2024-02-01,S028,SKU00226,26,22,37.85
2024-02-01,S028,SKU00078,35,21,9.74
2024-02-01,S028,SKU00066,44,6,21.71
2024-02-01,S028,SKU00278,59,12,29.28
2024-02-01,S028,SKU00305,32,24,19.27
2024-02-01,S028,SKU00057,33,14,19.41
2024-02-01,S028,SKU00063,50,15,13.32
2024-02-01,S028,SKU00126,48,16,25.54
2024-02-01,S028,SKU00033,58,10,10.76
2024-02-01,S028,SKU00367,50,14,23.63
2024-02-01,S028,SKU00308,46,13,33.04
2024-02-01,S028,SKU00321,67,15,8.77
2024-02-01,S028,SKU00299,64,2,21.87
2024-02-01,S028,SKU00320,23,13,13.56
2024-02-01,S028,SKU00031,31,22,18.97
2024-02-01,S028,SKU00088,55,25,27.73
2024-02-01,S028,SKU00357,51,9,14.08
2024-02-01,S028,SKU00287,16,4,23.44
2024-02-01,S028,SKU00165,61,23,12.62
2024-02-01,S028,SKU00185,29,13,22.74
2024-02-01,S028,SKU00150,50,24,17.58
2024-02-01,S028,SKU00295,61,5,21.15
2024-02-01,S028,SKU00074,29,4,28.23
2024-02-01,S029,SKU00060,41,21,30.63
2024-02-01,S029,SKU00255,42,20,33.68
2024-02-01,S029,SKU00114,39,13,16.42
2024-02-01,S029,SKU00138,27,16,9.29
2024-02-01,S029,SKU00347,62,14,35.52
2024-02-01,S029,SKU00323,37,22,17.89
2024-02-01,S029,SKU00248,42,24,24.2
2024-02-01,S029,SKU00070,44,21,19.96
2024-02-01,S029,SKU00171,22,9,26.18
2024-02-01,S029,SKU00383,46,19,21.74
2024-02-01,S029,SKU00180,13,21,18.4
2024-02-01,S029,SKU00240,13,20,30.32
2024-02-01,S029,SKU00396,26,16,6.08
2024-02-01,S029,SKU00339,26,22,14.34
2024-02-01,S029,SKU00315,56,23,25.73
2024-02-01,S029,SKU00297,31,9,20.51
2024-02-01,S029,SKU00174,14,19,23.97
2024-02-01,S029,SKU00330,43,0,28.29
2024-02-01,S029,SKU00062,44,25,21.8
2024-02-01,S029,SKU00042,23,14,27.28
2024-02-01,S029,SKU00277,41,14,17.75
2024-02-01,S029,SKU00014,18,4,17.1
2024-02-01,S029,SKU00266,48,13,15.48
2024-02-01,S029,SKU00176,48,13,14.59
2024-02-01,S029,SKU00256,38,11,16.17
2024-02-01,S029,SKU00118,33,9,9.41
2024-02-01,S029,SKU00242,57,23,23.88
2024-02-01,S029,SKU00106,53,28,11.12
2024-02-01,S029,SKU00343,31,12,25.69
2024-02-01,S029,SKU00214,55,5,47.96
2024-02-01,S029,SKU00379,55,28,19.61
2024-02-01,S029,SKU00378,17,15,16.37
2024-02-01,S029,SKU00026,59,7,28.01
2024-02-01,S029,SKU00155,51,21,22.47
2024-02-01,S029,SKU00047,24,28,30.28
2024-02-01,S029,SKU00205,32,0,13.85
2024-02-01,S029,SKU00154,13,13,36.04
2024-02-01,S029,SKU00360,56,15,35.66
2024-02-01,S029,SKU00153,32,7,27.58
2024-02-01,S029,SKU00353,40,14,28.84
2024-02-01,S029,SKU00199,54,9,28.75
2024-02-01,S029,SKU00134,23,30,22.15
2024-02-01,S029,SKU00302,50,4,11.51
2024-02-01,S029,SKU00355,60,21,17.98
2024-02-01,S029,SKU00071,25,15,18.24
2024-02-01,S029,SKU00368,56,15,14.01
2024-02-01,S029,SKU00075,41,21,19.82
2024-02-01,S029,SKU00191,42,7,24.12
2024-02-01,S029,SKU00093,28,26,20.73
2024-02-01,S029,SKU00239,30,26,7.57
2024-02-01,S029,SKU00223,24,15,14.14
2024-02-01,S029,SKU00069,55,12,10.26
2024-02-01,S029,SKU00115,20,0,16.78
2024-02-01,S029,SKU00337,39,23,20.41
2024-02-01,S029,SKU00350,23,20,24.41
2024-02-01,S029,SKU00157,57,26,26.67
2024-02-01,S029,SKU00087,65,9,9.32
2024-02-01,S029,SKU00080,33,10,21.0
2024-02-01,S029,SKU00128,38,14,12.06
2024-02-01,S029,SKU00374,41,10,17.57
2024-02-01,S030,SKU00210,28,10,17.08
2024-02-01,S030,SKU00387,44,13,19.03
2024-02-01,S030,SKU00152,27,12,34.48
2024-02-01,S030,SKU00241,48,22,22.03
2024-02-01,S030,SKU00389,53,6,26.23
2024-02-01,S030,SKU00289,53,14,20.83
2024-02-01,S030,SKU00081,43,17,16.01
2024-02-01,S030,SKU00027,24,21,8.1
2024-02-01,S030,SKU00064,31,18,14.1
2024-02-01,S030,SKU00001,27,0,20.02
2024-02-01,S030,SKU00048,75,19,35.43
2024-02-01,S030,SKU00124,52,5,18.08
2024-02-01,S030,SKU00136,42,29,21.43
2024-02-01,S030,SKU00220,50,21,23.06
2024-02-01,S030,SKU00032,42,20,26.13
2024-02-01,S030,SKU00264,37,31,13.51
2024-02-01,S030,SKU00173,39,16,24.41
2024-02-01,S030,SKU00143,24,11,9.07
2024-02-01,S030,SKU00328,35,9,20.31
2024-02-01,S030,SKU00178,47,3,23.85
2024-02-01,S030,SKU00061,63,14,13.6
2024-02-01,S030,SKU00273,40,0,21.29
2024-02-01,S030,SKU00337,24,18,20.41
2024-02-01,S030,SKU00298,27,13,11.72
2024-02-01,S030,SKU00228,68,23,42.12
2024-02-01,S030,SKU00370,37,12,19.59
2024-02-01,S030,SKU00174,9,8,23.97
2024-02-01,S030,SKU00288,58,29,22.22
2024-02-01,S030,SKU00206,39,24,12.31
2024-02-01,S030,SKU00010,41,27,22.61
2024-02-01,S030,SKU00057,29,16,19.41
2024-02-01,S030,SKU00242,29,28,23.88
2024-02-01,S030,SKU00022,38,6,10.6
2024-02-01,S030,SKU00252,36,12,35.29
2024-02-01,S030,SKU00300,35,9,19.9
2024-02-01,S030,SKU00185,34,13,22.74
2024-02-01,S030,SKU00243,48,26,20.2
2024-02-01,S030,SKU00277,38,9,17.75
2024-02-01,S030,SKU00119,48,24,21.19
2024-02-01,S030,SKU00030,35,3,9.58
2024-02-01,S030,SKU00238,43,21,47.65
2024-02-01,S030,SKU00393,62,15,7.6
2024-02-01,S030,SKU00163,20,8,15.73
2024-02-01,S030,SKU00266,52,8,15.48
2024-02-01,S030,SKU00287,54,7,23.44
2024-02-01,S030,SKU00083,17,14,22.59
2024-02-01,S030,SKU00168,29,14,18.6
2024-02-01,S030,SKU00100,49,13,7.48
2024-02-01,S030,SKU00390,6,1,20.94
2024-02-01,S030,SKU00153,42,27,27.58
2024-02-01,S030,SKU00336,40,18,21.13
2024-02-01,S030,SKU00255,29,20,33.68
2024-02-01,S030,SKU00375,47,16,23.14
2024-02-01,S030,SKU00245,40,9,19.78
2024-02-01,S030,SKU00297,43,13,20.51
2024-02-01,S030,SKU00320,52,11,13.56
2024-02-01,S030,SKU00213,36,18,21.39
2024-02-01,S030,SKU00282,44,14,31.83
2024-02-01,S030,SKU00203,22,7,27.92
2024-02-01,S030,SKU00224,34,12,28.25
2024-03-01,S001,SKU00317,40,16,22.08
2024-03-01,S001,SKU00260,36,16,16.1
2024-03-01,S001,SKU00279,50,7,18.46
2024-03-01,S001,SKU00355,45,9,17.98
2024-03-01,S001,SKU00307,53,15,19.13
2024-03-01,S001,SKU00164,40,19,20.75
2024-03-01,S001,SKU00031,32,14,18.97
2024-03-01,S001,SKU00011,18,16,17.51
2024-03-01,S001,SKU00095,31,12,27.04
2024-03-01,S001,SKU00036,33,20,15.82
2024-03-01,S001,SKU00071,54,22,18.24
2024-03-01,S001,SKU00191,52,7,24.12
2024-03-01,S001,SKU00190,30,17,23.47
2024-03-01,S001,SKU00165,23,17,12.62
2024-03-01,S001,SKU00345,44,16,21.99
2024-03-01,S001,SKU00337,42,16,20.41
2024-03-01,S001,SKU00286,59,0,25.41
2024-03-01,S001,SKU00170,42,21,19.07
2024-03-01,S001,SKU00194,0,0,15.09
2024-03-01,S001,SKU00026,55,22,28.01
2024-03-01,S001,SKU00391,42,15,20.67
2024-03-01,S001,SKU00362,50,0,17.84
2024-03-01,S001,SKU00211,38,16,37.2
2024-03-01,S001,SKU00310,47,17,23.34
2024-03-01,S001,SKU00299,36,15,21.87
2024-03-01,S001,SKU00103,53,18,12.99
2024-03-01,S001,SKU00393,27,5,7.6
2024-03-01,S001,SKU00263,56,15,12.54
2024-03-01,S001,SKU00264,40,29,13.51
2024-03-01,S001,SKU00210,5,22,17.08
2024-03-01,S001,SKU00356,42,0,6.76
2024-03-01,S001,SKU00176,69,14,14.59
2024-03-01,S001,SKU00025,27,16,18.13
2024-03-01,S001,SKU00187,38,13,25.15
2024-03-01,S001,SKU00124,15,3,18.08
2024-03-01,S001,SKU00373,34,16,43.52
2024-03-01,S001,SKU00078,26,18,9.74
2024-03-01,S001,SKU00108,49,14,8.67
2024-03-01,S001,SKU00298,18,29,11.72
2024-03-01,S001,SKU00159,32,23,20.64
2024-03-01,S001,SKU00123,58,22,17.11
2024-03-01,S001,SKU00352,20,20,23.46
2024-03-01,S001,SKU00087,17,25,9.32
2024-03-01,S001,SKU00027,32,12,8.1
2024-03-01,S001,SKU00040,24,9,18.22
2024-03-01,S001,SKU00374,32,22,17.57
2024-03-01,S001,SKU00276,25,19,8.52
2024-03-01,S001,SKU00375,40,25,23.14
2024-03-01,S001,SKU00380,23,16,21.56
2024-03-01,S001,SKU00198,28,22,25.14
2024-03-01,S001,SKU00249,49,12,14.24
2024-03-01,S001,SKU00332,39,30,53.2
2024-03-01,S001,SKU00094,26,20,30.76
2024-03-01,S001,SKU00125,46,21,14.87
2024-03-01,S001,SKU00090,54,22,19.09
2024-03-01,S001,SKU00240,34,24,30.32
2024-03-01,S001,SKU00329,80,19,21.42
2024-03-01,S001,SKU00128,31,6,12.06
2024-03-01,S001,SKU00092,30,20,6.71
2024-03-01,S001,SKU00283,45,19,35.29
2024-03-01,S002,SKU00252,51,6,35.29
2024-03-01,S002,SKU00094,47,26,30.76
2024-03-01,S002,SKU00350,49,5,24.41
2024-03-01,S002,SKU00270,43,15,23.19
2024-03-01,S002,SKU00269,5,20,13.31
2024-03-01,S002,SKU00105,13,12,24.88
2024-03-01,S002,SKU00115,52,32,16.78
2024-03-01,S002,SKU00316,64,6,9.13
2024-03-01,S002,SKU00285,12,20,16.17
2024-03-01,S002,SKU00360,47,22,35.66
2024-03-01,S002,SKU00113,46,8,20.63
2024-03-01,S002,SKU00090,58,23,19.09
2024-03-01,S002,SKU00358,27,8,20.44
2024-03-01,S002,SKU00156,40,12,13.5
2024-03-01,S002,SKU00380,40,2,21.56
2024-03-01,S002,SKU00089,52,21,25.61
2024-03-01,S002,SKU00085,30,27,21.5
2024-03-01,S002,SKU00376,11,16,22.09
2024-03-01,S002,SKU00176,58,17,14.59
2024-03-01,S002,SKU00078,56,12,9.74
2024-03-01,S002,SKU00190,68,14,23.47
2024-03-01,S002,SKU00169,39,18,15.35
2024-03-01,S002,SKU00264,59,18,13.51
2024-03-01,S002,SKU00214,21,20,47.96
2024-03-01,S002,SKU00362,28,10,17.84
2024-03-01,S002,SKU00331,34,1,9.22
2024-03-01,S002,SKU00295,37,16,21.15
2024-03-01,S002,SKU00344,30,14,6.67
2024-03-01,S002,SKU00155,30,24,22.47
2024-03-01,S002,SKU00243,48,18,20.2
2024-03-01,S002,SKU00355,43,10,17.98
2024-03-01,S002,SKU00229,58,13,28.44
2024-03-01,S002,SKU00240,42,15,30.32
2024-03-01,S002,SKU00296,65,16,18.93
2024-03-01,S002,SKU00087,60,27,9.32
2024-03-01,S002,SKU00212,51,9,8.51
2024-03-01,S002,SKU00371,67,26,23.22
2024-03-01,S002,SKU00230,50,4,28.51
2024-03-01,S002,SKU00148,43,16,18.3
2024-03-01,S002,SKU00365,37,25,9.96
2024-03-01,S002,SKU00249,28,10,14.24
2024-03-01,S002,SKU00263,61,15,12.54
2024-03-01,S002,SKU00053,27,10,26.92
2024-03-01,S002,SKU00391,57,12,20.67
2024-03-01,S002,SKU00097,40,26,11.93
2024-03-01,S002,SKU00392,20,8,28.95
2024-03-01,S002,SKU00002,17,20,22.95
2024-03-01,S002,SKU00017,28,12,22.2
2024-03-01,S002,SKU00060,49,16,30.63
2024-03-01,S002,SKU00250,33,15,22.08
2024-03-01,S002,SKU00177,50,28,24.36
2024-03-01,S002,SKU00207,50,12,16.29
2024-03-01,S002,SKU00198,33,24,25.14
2024-03-01,S002,SKU00309,39,18,27.53
2024-03-01,S002,SKU00337,74,14,20.41
2024-03-01,S002,SKU00351,26,31,20.29
2024-03-01,S002,SKU00056,43,13,21.74
2024-03-01,S002,SKU00045,76,0,19.14
2024-03-01,S002,SKU00106,27,13,11.12
2024-03-01,S002,SKU00092,0,19,6.71
2024-03-01,S003,SKU00400,41,19,16.59
2024-03-01,S003,SKU00082,42,20,18.27
2024-03-01,S003,SKU00313,20,7,21.61
2024-03-01,S003,SKU00173,22,28,24.41
2024-03-01,S003,SKU00323,21,11,17.89
2024-03-01,S003,SKU00335,29,24,10.25
2024-03-01,S003,SKU00359,28,0,12.22
2024-03-01,S003,SKU00302,41,10,11.51
2024-03-01,S003,SKU00161,67,24,6.86
2024-03-01,S003,SKU00299,35,16,21.87
2024-03-01,S003,SKU00322,25,12,9.39
2024-03-01,S003,SKU00185,51,4,22.74
2024-03-01,S003,SKU00303,30,14,27.57
2024-03-01,S003,SKU00235,32,7,17.69
2024-03-01,S003,SKU00046,58,15,11.26
2024-03-01,S003,SKU00352,11,12,23.46
2024-03-01,S003,SKU00251,64,12,16.74
2024-03-01,S003,SKU00270,29,19,23.19
2024-03-01,S003,SKU00388,44,13,18.08
2024-03-01,S003,SKU00191,38,10,24.12
2024-03-01,S003,SKU00039,30,20,31.34
2024-03-01,S003,SKU00394,43,15,10.9
2024-03-01,S003,SKU00305,35,16,19.27
2024-03-01,S003,SKU00340,58,9,14.8
2024-03-01,S003,SKU00362,25,7,17.84
2024-03-01,S003,SKU00293,31,21,28.83
2024-03-01,S003,SKU00097,51,25,11.93
2024-03-01,S003,SKU00060,48,19,30.63
2024-03-01,S003,SKU00367,59,25,23.63
2024-03-01,S003,SKU00007,28,6,12.89
2024-03-01,S003,SKU00230,68,12,28.51
2024-03-01,S003,SKU00278,18,21,29.28
2024-03-01,S003,SKU00250,45,16,22.08
2024-03-01,S003,SKU00249,48,18,14.24
2024-03-01,S003,SKU00148,60,16,18.3
2024-03-01,S003,SKU00245,29,28,19.78
2024-03-01,S003,SKU00127,46,10,18.2
2024-03-01,S003,SKU00382,21,19,8.38
2024-03-01,S003,SKU00360,73,12,35.66
2024-03-01,S003,SKU00101,64,5,13.03
2024-03-01,S003,SKU00078,35,23,9.74
2024-03-01,S003,SKU00098,55,2,23.96
2024-03-01,S003,SKU00153,70,14,27.58
2024-03-01,S003,SKU00242,53,13,23.88
2024-03-01,S003,SKU00130,5,19,29.35
2024-03-01,S003,SKU00103,35,22,12.99
2024-03-01,S003,SKU00080,45,19,21.0
2024-03-01,S003,SKU00079,45,13,18.54
2024-03-01,S003,SKU00003,34,11,19.34
2024-03-01,S003,SKU00008,76,23,14.83
2024-03-01,S003,SKU00166,5,9,26.57
2024-03-01,S003,SKU00215,26,12,20.75
2024-03-01,S003,SKU00341,54,13,20.55
2024-03-01,S003,SKU00102,47,28,7.81
2024-03-01,S003,SKU00072,41,23,22.01
2024-03-01,S003,SKU00076,39,17,16.2
2024-03-01,S003,SKU00300,39,25,19.9
2024-03-01,S003,SKU00193,41,13,26.54
2024-03-01,S003,SKU00356,42,24,6.76
2024-03-01,S003,SKU00314,38,10,15.81
2024-03-01,S004,SKU00171,34,16,26.18
2024-03-01,S004,SKU00306,28,20,13.85
2024-03-01,S004,SKU00148,35,18,18.3
2024-03-01,S004,SKU00026,28,19,28.01
2024-03-01,S004,SKU00070,36,13,19.96
2024-03-01,S004,SKU00332,19,11,53.2
2024-03-01,S004,SKU00043,39,20,24.13
2024-03-01,S004,SKU00191,32,13,24.12
2024-03-01,S004,SKU00280,42,18,11.07
2024-03-01,S004,SKU00210,32,18,17.08
2024-03-01,S004,SKU00291,62,15,20.61
2024-03-01,S004,SKU00101,57,24,13.03
2024-03-01,S004,SKU00333,22,19,19.02
2024-03-01,S004,SKU00324,56,12,27.35
2024-03-01,S004,SKU00135,52,24,21.41
2024-03-01,S004,SKU00296,40,32,18.93
2024-03-01,S004,SKU00295,20,7,21.15
2024-03-01,S004,SKU00267,55,26,32.29
2024-03-01,S004,SKU00246,28,18,19.79
2024-03-01,S004,SKU00326,50,23,21.09
2024-03-01,S004,SKU00152,52,15,34.48
2024-03-01,S004,SKU00088,35,22,27.73
2024-03-01,S004,SKU00098,42,17,23.96
2024-03-01,S004,SKU00142,31,18,22.57
2024-03-01,S004,SKU00061,52,18,13.6
2024-03-01,S004,SKU00228,70,10,42.12
2024-03-01,S004,SKU00265,53,14,15.45
2024-03-01,S004,SKU00206,32,10,12.31
2024-03-01,S004,SKU00379,33,11,19.61
2024-03-01,S004,SKU00041,19,17,19.41
2024-03-01,S004,SKU00269,46,15,13.31
2024-03-01,S004,SKU00327,29,14,24.66
2024-03-01,S004,SKU00038,26,23,22.05
2024-03-01,S004,SKU00203,31,22,27.92
2024-03-01,S004,SKU00112,37,23,17.88
2024-03-01,S004,SKU00197,52,11,14.73
2024-03-01,S004,SKU00063,46,13,13.32
2024-03-01,S004,SKU00196,23,17,14.66
2024-03-01,S004,SKU00023,32,15,23.51
2024-03-01,S004,SKU00139,28,11,19.06
2024-03-01,S004,SKU00249,26,11,14.24
2024-03-01,S004,SKU00021,26,20,21.44
2024-03-01,S004,SKU00315,53,24,25.73
2024-03-01,S004,SKU00382,37,28,8.38
2024-03-01,S004,SKU00011,37,10,17.51
2024-03-01,S004,SKU00336,39,10,21.13
2024-03-01,S004,SKU00066,33,17,21.71
2024-03-01,S004,SKU00299,35,25,21.87
2024-03-01,S004,SKU00138,11,11,9.29
2024-03-01,S004,SKU00385,56,16,24.15
2024-03-01,S004,SKU00174,34,7,23.97
2024-03-01,S004,SKU00383,42,14,21.74
2024-03-01,S004,SKU00037,73,21,14.43
2024-03-01,S004,SKU00204,21,17,22.75
2024-03-01,S004,SKU00040,56,6,18.22
2024-03-01,S004,SKU00002,79,0,22.95
2024-03-01,S004,SKU00093,33,14,20.73
2024-03-01,S004,SKU00083,45,28,22.59
2024-03-01,S004,SKU00019,39,13,14.15
2024-03-01,S004,SKU00121,34,8,21.13
2024-03-01,S005,SKU00392,20,25,28.95
2024-03-01,S005,SKU00128,35,20,12.06
2024-03-01,S005,SKU00081,24,12,16.01
2024-03-01,S005,SKU00249,48,8,14.24
2024-03-01,S005,SKU00386,69,19,24.27
2024-03-01,S005,SKU00178,44,10,23.85
2024-03-01,S005,SKU00150,53,14,17.58
2024-03-01,S005,SKU00239,40,3,7.57
2024-03-01,S005,SKU00179,40,23,8.72
2024-03-01,S005,SKU00108,24,14,8.67
2024-03-01,S005,SKU00087,37,19,9.32
2024-03-01,S005,SKU00370,23,17,19.59
2024-03-01,S005,SKU00390,48,15,20.94
2024-03-01,S005,SKU00043,54,8,24.13
2024-03-01,S005,SKU00148,19,16,18.3
2024-03-01,S005,SKU00198,43,22,25.14
2024-03-01,S005,SKU00382,30,16,8.38
2024-03-01,S005,SKU00245,29,20,19.78
2024-03-01,S005,SKU00165,47,22,12.62
2024-03-01,S005,SKU00197,44,11,14.73
2024-03-01,S005,SKU00214,36,9,47.96
2024-03-01,S005,SKU00188,37,23,22.21
2024-03-01,S005,SKU00218,63,24,10.78
2024-03-01,S005,SKU00252,33,22,35.29
2024-03-01,S005,SKU00315,44,8,25.73
2024-03-01,S005,SKU00195,60,4,20.76
2024-03-01,S005,SKU00116,32,17,40.0
2024-03-01,S005,SKU00147,31,9,26.65
2024-03-01,S005,SKU00182,42,11,22.49
2024-03-01,S005,SKU00042,42,11,27.28
2024-03-01,S005,SKU00272,32,16,18.35
2024-03-01,S005,SKU00138,65,27,9.29
2024-03-01,S005,SKU00062,38,21,21.8
2024-03-01,S005,SKU00095,5,15,27.04
2024-03-01,S005,SKU00202,46,23,41.7
2024-03-01,S005,SKU00359,27,21,12.22
2024-03-01,S005,SKU00296,60,14,18.93
2024-03-01,S005,SKU00026,78,8,28.01
2024-03-01,S005,SKU00213,53,11,21.39
2024-03-01,S005,SKU00260,33,17,16.1
2024-03-01,S005,SKU00342,30,17,17.51
2024-03-01,S005,SKU00067,54,4,12.5
2024-03-01,S005,SKU00332,21,16,53.2
2024-03-01,S005,SKU00084,40,7,22.85
2024-03-01,S005,SKU00022,40,23,10.6
2024-03-01,S005,SKU00324,31,21,27.35
2024-03-01,S005,SKU00112,41,13,17.88
2024-03-01,S005,SKU00050,33,22,9.35
2024-03-01,S005,SKU00357,40,10,14.08
2024-03-01,S005,SKU00291,38,19,20.61
2024-03-01,S005,SKU00196,41,11,14.66
2024-03-01,S005,SKU00007,16,28,12.89
2024-03-01,S005,SKU00056,48,17,21.74
2024-03-01,S005,SKU00280,39,10,11.07
2024-03-01,S005,SKU00028,51,17,14.87
2024-03-01,S005,SKU00208,38,2,7.02
2024-03-01,S005,SKU00325,58,6,11.47
2024-03-01,S005,SKU00240,43,15,30.32
2024-03-01,S005,SKU00305,58,23,19.27
2024-03-01,S005,SKU00334,38,9,7.9
2024-03-01,S006,SKU00145,32,11,13.72
2024-03-01,S006,SKU00261,34,12,33.76
2024-03-01,S006,SKU00076,41,11,16.2
2024-03-01,S006,SKU00081,28,11,16.01
2024-03-01,S006,SKU00028,55,22,14.87
2024-03-01,S006,SKU00232,44,18,17.89
2024-03-01,S006,SKU00354,51,1,16.32
2024-03-01,S006,SKU00029,34,12,18.21
2024-03-01,S006,SKU00399,44,6,25.01
2024-03-01,S006,SKU00245,9,17,19.78
2024-03-01,S006,SKU00014,33,8,17.1
2024-03-01,S006,SKU00390,34,17,20.94
2024-03-01,S006,SKU00258,42,8,29.8
2024-03-01,S006,SKU00206,27,27,12.31
2024-03-01,S006,SKU00373,47,4,43.52
2024-03-01,S006,SKU00386,44,6,24.27
2024-03-01,S006,SKU00162,68,5,23.58
2024-03-01,S006,SKU00395,27,5,14.64
2024-03-01,S006,SKU00313,42,24,21.61
2024-03-01,S006,SKU00156,31,15,13.5
2024-03-01,S006,SKU00006,30,20,22.21
2024-03-01,S006,SKU00002,63,7,22.95
2024-03-01,S006,SKU00211,38,21,37.2
2024-03-01,S006,SKU00072,54,13,22.01
2024-03-01,S006,SKU00019,24,11,14.15
2024-03-01,S006,SKU00295,51,20,21.15
2024-03-01,S006,SKU00053,26,19,26.92
2024-03-01,S006,SKU00376,44,5,22.09
2024-03-01,S006,SKU00091,35,31,16.61
2024-03-01,S006,SKU00398,39,19,31.97
2024-03-01,S006,SKU00012,46,24,6.48
2024-03-01,S006,SKU00079,49,6,18.54
2024-03-01,S006,SKU00341,24,22,20.55
2024-03-01,S006,SKU00299,26,3,21.87
2024-03-01,S006,SKU00260,58,27,16.1
2024-03-01,S006,SKU00344,30,11,6.67
2024-03-01,S006,SKU00290,42,26,20.85
2024-03-01,S006,SKU00209,39,21,40.26
2024-03-01,S006,SKU00339,71,1,14.34
2024-03-01,S006,SKU00343,55,22,25.69
2024-03-01,S006,SKU00400,27,20,16.59
2024-03-01,S006,SKU00037,30,32,14.43
2024-03-01,S006,SKU00235,34,14,17.69
2024-03-01,S006,SKU00119,38,26,21.19
2024-03-01,S006,SKU00134,19,11,22.15
2024-03-01,S006,SKU00086,50,16,27.42
2024-03-01,S006,SKU00334,39,11,7.9
2024-03-01,S006,SKU00244,55,12,14.65
2024-03-01,S006,SKU00194,31,10,15.09
2024-03-01,S006,SKU00328,46,22,20.31
2024-03-01,S006,SKU00259,47,26,16.74
2024-03-01,S006,SKU00139,50,29,19.06
2024-03-01,S006,SKU00256,63,5,16.17
2024-03-01,S006,SKU00021,52,10,21.44
2024-03-01,S006,SKU00041,45,14,19.41
2024-03-01,S006,SKU00099,26,22,12.91
2024-03-01,S006,SKU00098,40,9,23.96
2024-03-01,S006,SKU00161,60,24,6.86
2024-03-01,S006,SKU00167,46,8,11.09
2024-03-01,S006,SKU00363,67,16,19.67
2024-03-01,S007,SKU00064,39,16,14.1
2024-03-01,S007,SKU00128,74,7,12.06
2024-03-01,S007,SKU00165,60,9,12.62
2024-03-01,S007,SKU00349,19,13,11.12
2024-03-01,S007,SKU00036,54,19,15.82
2024-03-01,S007,SKU00362,42,17,17.84
2024-03-01,S007,SKU00211,28,12,37.2
2024-03-01,S007,SKU00377,42,0,24.12
2024-03-01,S007,SKU00266,33,16,15.48
2024-03-01,S007,SKU00004,47,15,9.51
2024-03-01,S007,SKU00319,67,18,18.17
2024-03-01,S007,SKU00114,68,11,16.42
2024-03-01,S007,SKU00117,49,8,14.81
2024-03-01,S007,SKU00214,49,13,47.96
2024-03-01,S007,SKU00156,42,27,13.5
2024-03-01,S007,SKU00161,39,19,6.86
2024-03-01,S007,SKU00050,55,21,9.35
2024-03-01,S007,SKU00355,31,5,17.98
2024-03-01,S007,SKU00230,82,16,28.51
2024-03-01,S007,SKU00058,40,19,33.62
2024-03-01,S007,SKU00168,36,4,18.6
2024-03-01,S007,SKU00372,40,9,8.73
2024-03-01,S007,SKU00159,10,13,20.64
2024-03-01,S007,SKU00247,35,2,19.17
2024-03-01,S007,SKU00342,31,14,17.51
2024-03-01,S007,SKU00276,34,17,8.52
2024-03-01,S007,SKU00022,28,4,10.6
2024-03-01,S007,SKU00332,17,10,53.2
2024-03-01,S007,SKU00242,72,10,23.88
2024-03-01,S007,SKU00256,59,17,16.17
2024-03-01,S007,SKU00384,20,19,6.97
2024-03-01,S007,SKU00345,43,18,21.99
2024-03-01,S007,SKU00051,47,13,21.15
2024-03-01,S007,SKU00382,34,10,8.38
2024-03-01,S007,SKU00067,48,21,12.5
2024-03-01,S007,SKU00399,44,12,25.01
2024-03-01,S007,SKU00257,35,12,12.09
2024-03-01,S007,SKU00178,48,17,23.85
2024-03-01,S007,SKU00011,44,16,17.51
2024-03-01,S007,SKU00240,48,18,30.32
2024-03-01,S007,SKU00111,24,13,22.67
2024-03-01,S007,SKU00314,34,28,15.81
2024-03-01,S007,SKU00301,44,15,13.89
2024-03-01,S007,SKU00311,41,9,23.51
2024-03-01,S007,SKU00313,35,13,21.61
2024-03-01,S007,SKU00066,47,11,21.71
2024-03-01,S007,SKU00089,57,9,25.61
2024-03-01,S007,SKU00084,14,19,22.85
2024-03-01,S007,SKU00359,39,8,12.22
2024-03-01,S007,SKU00019,54,23,14.15
2024-03-01,S007,SKU00341,37,24,20.55
2024-03-01,S007,SKU00231,18,9,23.4
2024-03-01,S007,SKU00144,49,13,12.22
2024-03-01,S007,SKU00083,45,17,22.59
2024-03-01,S007,SKU00122,41,18,15.22
2024-03-01,S007,SKU00116,40,14,40.0
2024-03-01,S007,SKU00147,33,21,26.65
2024-03-01,S007,SKU00294,52,6,21.46
2024-03-01,S007,SKU00079,41,22,18.54
2024-03-01,S007,SKU00087,22,4,9.32
2024-03-01,S008,SKU00025,20,17,18.13
2024-03-01,S008,SKU00287,37,22,23.44
2024-03-01,S008,SKU00097,41,24,11.93
2024-03-01,S008,SKU00333,32,19,19.02
2024-03-01,S008,SKU00023,40,7,23.51
2024-03-01,S008,SKU00193,37,14,26.54
2024-03-01,S008,SKU00346,36,10,46.67
2024-03-01,S008,SKU00121,19,13,21.13
2024-03-01,S008,SKU00021,38,13,21.44
2024-03-01,S008,SKU00355,39,21,17.98
2024-03-01,S008,SKU00373,32,26,43.52
2024-03-01,S008,SKU00328,45,13,20.31
2024-03-01,S008,SKU00357,13,17,14.08
2024-03-01,S008,SKU00155,16,6,22.47
2024-03-01,S008,SKU00034,44,16,25.34
2024-03-01,S008,SKU00362,52,20,17.84
2024-03-01,S008,SKU00072,59,18,22.01
2024-03-01,S008,SKU00280,64,6,11.07
2024-03-01,S008,SKU00298,3,16,11.72
2024-03-01,S008,SKU00057,21,10,19.41
2024-03-01,S008,SKU00290,55,13,20.85
2024-03-01,S008,SKU00318,51,22,20.51
2024-03-01,S008,SKU00353,27,13,28.84
2024-03-01,S008,SKU00251,39,15,16.74
2024-03-01,S008,SKU00388,33,11,18.08
2024-03-01,S008,SKU00211,60,31,37.2
2024-03-01,S008,SKU00352,53,19,23.46
2024-03-01,S008,SKU00304,37,19,13.37
2024-03-01,S008,SKU00009,46,17,21.87
2024-03-01,S008,SKU00190,46,23,23.47
2024-03-01,S008,SKU00252,53,24,35.29
2024-03-01,S008,SKU00157,89,0,26.67
2024-03-01,S008,SKU00344,57,9,6.67
2024-03-01,S008,SKU00369,22,8,27.28
2024-03-01,S008,SKU00324,20,6,27.35
2024-03-01,S008,SKU00285,17,0,16.17
2024-03-01,S008,SKU00108,49,26,8.67
2024-03-01,S008,SKU00165,48,10,12.62
2024-03-01,S008,SKU00068,58,15,9.04
2024-03-01,S008,SKU00371,52,6,23.22
2024-03-01,S008,SKU00269,23,21,13.31
2024-03-01,S008,SKU00109,33,7,32.26
2024-03-01,S008,SKU00173,18,6,24.41
2024-03-01,S008,SKU00196,37,17,14.66
2024-03-01,S008,SKU00229,55,14,28.44
2024-03-01,S008,SKU00244,48,10,14.65
2024-03-01,S008,SKU00015,48,21,25.51
2024-03-01,S008,SKU00267,47,10,32.29
2024-03-01,S008,SKU00099,20,16,12.91
2024-03-01,S008,SKU00090,64,13,19.09
2024-03-01,S008,SKU00400,48,15,16.59
2024-03-01,S008,SKU00036,58,17,15.82
2024-03-01,S008,SKU00375,38,4,23.14
2024-03-01,S008,SKU00279,56,17,18.46
2024-03-01,S008,SKU00175,39,28,22.23
2024-03-01,S008,SKU00278,32,13,29.28
2024-03-01,S008,SKU00059,57,11,18.63
2024-03-01,S008,SKU00088,104,20,27.73
2024-03-01,S008,SKU00006,46,9,22.21
2024-03-01,S008,SKU00245,19,27,19.78
2024-03-01,S009,SKU00303,59,15,27.57
2024-03-01,S009,SKU00111,48,13,22.67
2024-03-01,S009,SKU00146,59,5,30.59
2024-03-01,S009,SKU00226,48,15,37.85
2024-03-01,S009,SKU00115,55,21,16.78
2024-03-01,S009,SKU00353,56,14,28.84
2024-03-01,S009,SKU00260,49,19,16.1
2024-03-01,S009,SKU00138,42,3,9.29
2024-03-01,S009,SKU00091,37,12,16.61
2024-03-01,S009,SKU00030,31,10,9.58
2024-03-01,S009,SKU00384,39,20,6.97
2024-03-01,S009,SKU00352,64,0,23.46
2024-03-01,S009,SKU00203,31,14,27.92
2024-03-01,S009,SKU00052,81,14,25.94
2024-03-01,S009,SKU00098,46,18,23.96
2024-03-01,S009,SKU00379,43,20,19.61
2024-03-01,S009,SKU00008,43,11,14.83
2024-03-01,S009,SKU00093,51,4,20.73
2024-03-01,S009,SKU00280,50,18,11.07
2024-03-01,S009,SKU00084,55,16,22.85
2024-03-01,S009,SKU00022,49,25,10.6
2024-03-01,S009,SKU00141,41,17,34.29
2024-03-01,S009,SKU00399,38,8,25.01
2024-03-01,S009,SKU00358,54,8,20.44
2024-03-01,S009,SKU00060,26,10,30.63
2024-03-01,S009,SKU00356,31,7,6.76
2024-03-01,S009,SKU00318,9,18,20.51
2024-03-01,S009,SKU00126,68,8,25.54
2024-03-01,S009,SKU00184,46,11,15.79
2024-03-01,S009,SKU00036,27,18,15.82
2024-03-01,S009,SKU00186,27,20,24.0
2024-03-01,S009,SKU00109,54,24,32.26
2024-03-01,S009,SKU00137,51,15,32.34
2024-03-01,S009,SKU00373,41,25,43.52
2024-03-01,S009,SKU00096,26,17,19.19
2024-03-01,S009,SKU00077,34,10,7.81
2024-03-01,S009,SKU00185,39,16,22.74
2024-03-01,S009,SKU00334,43,22,7.9
2024-03-01,S009,SKU00039,40,9,31.34
2024-03-01,S009,SKU00288,9,16,22.22
2024-03-01,S009,SKU00350,55,27,24.41
2024-03-01,S009,SKU00367,63,24,23.63
2024-03-01,S009,SKU00142,51,0,22.57
2024-03-01,S009,SKU00233,43,23,14.08
2024-03-01,S009,SKU00240,47,15,30.32
2024-03-01,S009,SKU00043,27,17,24.13
2024-03-01,S009,SKU00320,44,14,13.56
2024-03-01,S009,SKU00127,52,0,18.2
2024-03-01,S009,SKU00166,45,7,26.57
2024-03-01,S009,SKU00139,40,7,19.06
2024-03-01,S009,SKU00249,6,8,14.24
2024-03-01,S009,SKU00016,44,16,20.2
2024-03-01,S009,SKU00032,46,13,26.13
2024-03-01,S009,SKU00258,39,14,29.8
2024-03-01,S009,SKU00065,46,14,21.23
2024-03-01,S009,SKU00087,58,17,9.32
2024-03-01,S009,SKU00194,34,16,15.09
2024-03-01,S009,SKU00158,72,13,7.83
2024-03-01,S009,SKU00007,62,10,12.89
2024-03-01,S009,SKU00152,21,20,34.48
2024-03-01,S010,SKU00135,37,10,21.41
2024-03-01,S010,SKU00022,39,16,10.6
2024-03-01,S010,SKU00109,32,16,32.26
2024-03-01,S010,SKU00075,42,19,19.82
2024-03-01,S010,SKU00048,50,14,35.43
2024-03-01,S010,SKU00132,29,14,18.85
2024-03-01,S010,SKU00235,68,33,17.69
2024-03-01,S010,SKU00181,20,17,21.21
2024-03-01,S010,SKU00300,24,3,19.9
2024-03-01,S010,SKU00147,51,6,26.65
2024-03-01,S010,SKU00382,59,18,8.38
2024-03-01,S010,SKU00336,39,14,21.13
2024-03-01,S010,SKU00037,49,16,14.43
2024-03-01,S010,SKU00121,29,12,21.13
2024-03-01,S010,SKU00218,38,25,10.78
2024-03-01,S010,SKU00333,38,22,19.02
2024-03-01,S010,SKU00400,54,16,16.59
2024-03-01,S010,SKU00092,32,10,6.71
2024-03-01,S010,SKU00370,30,24,19.59
2024-03-01,S010,SKU00101,22,14,13.03
2024-03-01,S010,SKU00204,50,14,22.75
2024-03-01,S010,SKU00134,34,24,22.15
2024-03-01,S010,SKU00206,25,22,12.31
2024-03-01,S010,SKU00155,34,8,22.47
2024-03-01,S010,SKU00001,30,14,20.02
2024-03-01,S010,SKU00095,44,11,27.04
2024-03-01,S010,SKU00375,53,10,23.14
2024-03-01,S010,SKU00216,52,7,35.17
2024-03-01,S010,SKU00160,25,19,18.48
2024-03-01,S010,SKU00040,33,11,18.22
2024-03-01,S010,SKU00104,48,7,30.27
2024-03-01,S010,SKU00317,28,11,22.08
2024-03-01,S010,SKU00029,51,25,18.21
2024-03-01,S010,SKU00377,12,6,24.12
2024-03-01,S010,SKU00356,54,21,6.76
2024-03-01,S010,SKU00036,41,16,15.82
2024-03-01,S010,SKU00221,34,5,18.46
2024-03-01,S010,SKU00212,34,18,8.51
2024-03-01,S010,SKU00396,34,12,6.08
2024-03-01,S010,SKU00124,30,21,18.08
2024-03-01,S010,SKU00102,24,9,7.81
2024-03-01,S010,SKU00141,29,20,34.29
2024-03-01,S010,SKU00164,27,9,20.75
2024-03-01,S010,SKU00364,12,8,20.03
2024-03-01,S010,SKU00290,6,23,20.85
2024-03-01,S010,SKU00391,46,21,20.67
2024-03-01,S010,SKU00269,27,12,13.31
2024-03-01,S010,SKU00065,41,14,21.23
2024-03-01,S010,SKU00250,32,13,22.08
2024-03-01,S010,SKU00045,33,14,19.14
2024-03-01,S010,SKU00232,32,11,17.89
2024-03-01,S010,SKU00303,42,9,27.57
2024-03-01,S010,SKU00198,57,11,25.14
2024-03-01,S010,SKU00112,42,17,17.88
2024-03-01,S010,SKU00274,38,22,8.22
2024-03-01,S010,SKU00379,30,7,19.61
2024-03-01,S010,SKU00083,48,4,22.59
2024-03-01,S010,SKU00261,39,14,33.76
2024-03-01,S010,SKU00088,44,12,27.73
2024-03-01,S010,SKU00247,43,8,19.17
2024-03-01,S011,SKU00213,3,13,21.39
2024-03-01,S011,SKU00322,37,16,9.39
2024-03-01,S011,SKU00176,54,29,14.59
2024-03-01,S011,SKU00020,32,22,19.96
2024-03-01,S011,SKU00282,44,23,31.83
2024-03-01,S011,SKU00181,36,21,21.21
2024-03-01,S011,SKU00219,27,29,24.96
2024-03-01,S011,SKU00153,29,13,27.58
2024-03-01,S011,SKU00076,27,5,16.2
2024-03-01,S011,SKU00047,15,15,30.28
2024-03-01,S011,SKU00223,56,5,14.14
2024-03-01,S011,SKU00086,56,10,27.42
2024-03-01,S011,SKU00326,48,28,21.09
2024-03-01,S011,SKU00345,45,12,21.99
2024-03-01,S011,SKU00391,48,13,20.67
2024-03-01,S011,SKU00039,32,5,31.34
2024-03-01,S011,SKU00308,33,23,33.04
2024-03-01,S011,SKU00041,51,32,19.41
2024-03-01,S011,SKU00056,23,14,21.74
2024-03-01,S011,SKU00150,50,21,17.58
2024-03-01,S011,SKU00215,39,32,20.75
2024-03-01,S011,SKU00294,30,7,21.46
2024-03-01,S011,SKU00151,43,18,7.16
2024-03-01,S011,SKU00177,54,7,24.36
2024-03-01,S011,SKU00331,42,21,9.22
2024-03-01,S011,SKU00051,42,9,21.15
2024-03-01,S011,SKU00216,43,11,35.17
2024-03-01,S011,SKU00057,42,8,19.41
2024-03-01,S011,SKU00353,61,9,28.84
2024-03-01,S011,SKU00054,20,18,12.05
2024-03-01,S011,SKU00115,55,20,16.78
2024-03-01,S011,SKU00023,27,22,23.51
2024-03-01,S011,SKU00248,31,18,24.2
2024-03-01,S011,SKU00131,36,19,22.93
2024-03-01,S011,SKU00254,12,22,12.16
2024-03-01,S011,SKU00170,44,18,19.07
2024-03-01,S011,SKU00296,42,6,18.93
2024-03-01,S011,SKU00134,46,15,22.15
2024-03-01,S011,SKU00321,0,12,8.77
2024-03-01,S011,SKU00046,76,0,11.26
2024-03-01,S011,SKU00001,29,29,20.02
2024-03-01,S011,SKU00262,39,22,6.97
2024-03-01,S011,SKU00381,18,8,29.5
2024-03-01,S011,SKU00022,31,13,10.6
2024-03-01,S011,SKU00368,0,26,14.01
2024-03-01,S011,SKU00188,50,26,22.21
2024-03-01,S011,SKU00233,29,30,14.08
2024-03-01,S011,SKU00284,46,11,20.24
2024-03-01,S011,SKU00169,64,2,15.35
2024-03-01,S011,SKU00165,42,22,12.62
2024-03-01,S011,SKU00021,30,13,21.44
2024-03-01,S011,SKU00154,59,25,36.04
2024-03-01,S011,SKU00377,65,20,24.12
2024-03-01,S011,SKU00015,40,15,25.51
2024-03-01,S011,SKU00052,67,18,25.94
2024-03-01,S011,SKU00164,40,7,20.75
2024-03-01,S011,SKU00092,31,18,6.71
2024-03-01,S011,SKU00008,44,22,14.83
2024-03-01,S011,SKU00172,45,18,9.82
2024-03-01,S011,SKU00011,11,22,17.51
2024-03-01,S012,SKU00335,47,14,10.25
2024-03-01,S012,SKU00042,22,34,27.28
2024-03-01,S012,SKU00067,35,2,12.5
2024-03-01,S012,SKU00228,28,17,42.12
2024-03-01,S012,SKU00204,53,15,22.75
2024-03-01,S012,SKU00043,29,19,24.13
2024-03-01,S012,SKU00195,10,19,20.76
2024-03-01,S012,SKU00376,60,22,22.09
2024-03-01,S012,SKU00183,35,11,7.71
2024-03-01,S012,SKU00270,26,10,23.19
2024-03-01,S012,SKU00122,61,16,15.22
2024-03-01,S012,SKU00251,26,15,16.74
2024-03-01,S012,SKU00302,23,0,11.51
2024-03-01,S012,SKU00355,48,17,17.98
2024-03-01,S012,SKU00066,44,6,21.71
2024-03-01,S012,SKU00175,49,21,22.23
2024-03-01,S012,SKU00019,47,14,14.15
2024-03-01,S012,SKU00124,30,7,18.08
2024-03-01,S012,SKU00162,25,10,23.58
2024-03-01,S012,SKU00221,36,21,18.46
2024-03-01,S012,SKU00170,53,4,19.07
2024-03-01,S012,SKU00050,31,9,9.35
2024-03-01,S012,SKU00222,45,11,21.69
2024-03-01,S012,SKU00247,56,6,19.17
2024-03-01,S012,SKU00074,48,11,28.23
2024-03-01,S012,SKU00392,34,9,28.95
2024-03-01,S012,SKU00209,22,11,40.26
2024-03-01,S012,SKU00331,25,13,9.22
2024-03-01,S012,SKU00037,34,9,14.43
2024-03-01,S012,SKU00379,68,11,19.61
2024-03-01,S012,SKU00386,25,16,24.27
2024-03-01,S012,SKU00094,39,24,30.76
2024-03-01,S012,SKU00020,45,23,19.96
2024-03-01,S012,SKU00248,77,20,24.2
2024-03-01,S012,SKU00080,55,14,21.0
2024-03-01,S012,SKU00200,32,2,35.75
2024-03-01,S012,SKU00317,45,16,22.08
2024-03-01,S012,SKU00277,59,20,17.75
2024-03-01,S012,SKU00017,21,22,22.2
2024-03-01,S012,SKU00256,50,8,16.17
2024-03-01,S012,SKU00337,32,20,20.41
2024-03-01,S012,SKU00348,36,21,24.11
2024-03-01,S012,SKU00049,0,34,21.35
2024-03-01,S012,SKU00196,36,26,14.66
2024-03-01,S012,SKU00038,49,1,22.05
2024-03-01,S012,SKU00237,54,21,22.91
2024-03-01,S012,SKU00289,65,43,20.83
2024-03-01,S012,SKU00213,33,7,21.39
2024-03-01,S012,SKU00061,19,19,13.6
2024-03-01,S012,SKU00120,50,12,10.19
2024-03-01,S012,SKU00388,34,18,18.08
2024-03-01,S012,SKU00004,80,5,9.51
2024-03-01,S012,SKU00137,53,20,32.34
2024-03-01,S012,SKU00163,33,16,15.73
2024-03-01,S012,SKU00055,44,12,24.5
2024-03-01,S012,SKU00068,74,27,9.04
2024-03-01,S012,SKU00298,44,5,11.72
2024-03-01,S012,SKU00215,60,9,20.75
2024-03-01,S012,SKU00351,56,19,20.29
2024-03-01,S012,SKU00112,56,18,17.88
2024-03-01,S013,SKU00230,67,19,28.51
2024-03-01,S013,SKU00053,58,2,26.92
2024-03-01,S013,SKU00276,52,28,8.52
2024-03-01,S013,SKU00392,45,11,28.95
2024-03-01,S013,SKU00183,48,6,7.71
2024-03-01,S013,SKU00307,34,22,19.13
2024-03-01,S013,SKU00363,43,8,19.67
2024-03-01,S013,SKU00055,37,21,24.5
2024-03-01,S013,SKU00266,17,14,15.48
2024-03-01,S013,SKU00193,46,24,26.54
2024-03-01,S013,SKU00017,31,15,22.2
2024-03-01,S013,SKU00205,24,27,13.85
2024-03-01,S013,SKU00045,53,24,19.14
2024-03-01,S013,SKU00091,38,5,16.61
2024-03-01,S013,SKU00088,36,16,27.73
2024-03-01,S013,SKU00007,33,19,12.89
2024-03-01,S013,SKU00367,34,12,23.63
2024-03-01,S013,SKU00128,55,12,12.06
2024-03-01,S013,SKU00061,32,10,13.6
2024-03-01,S013,SKU00188,36,25,22.21
2024-03-01,S013,SKU00026,12,5,28.01
2024-03-01,S013,SKU00122,19,13,15.22
2024-03-01,S013,SKU00215,25,8,20.75
2024-03-01,S013,SKU00378,47,16,16.37
2024-03-01,S013,SKU00023,47,16,23.51
2024-03-01,S013,SKU00208,41,14,7.02
2024-03-01,S013,SKU00314,3,19,15.81
2024-03-01,S013,SKU00126,40,14,25.54
2024-03-01,S013,SKU00050,44,15,9.35
2024-03-01,S013,SKU00334,36,19,7.9
2024-03-01,S013,SKU00174,65,12,23.97
2024-03-01,S013,SKU00256,41,16,16.17
2024-03-01,S013,SKU00296,40,14,18.93
2024-03-01,S013,SKU00253,54,12,19.63
2024-03-01,S013,SKU00144,14,14,12.22
2024-03-01,S013,SKU00200,56,25,35.75
2024-03-01,S013,SKU00354,32,13,16.32
2024-03-01,S013,SKU00260,49,9,16.1
2024-03-01,S013,SKU00330,23,17,28.29
2024-03-01,S013,SKU00288,32,17,22.22
2024-03-01,S013,SKU00271,57,6,41.0
2024-03-01,S013,SKU00074,76,19,28.23
2024-03-01,S013,SKU00015,35,26,25.51
2024-03-01,S013,SKU00366,27,10,12.66
2024-03-01,S013,SKU00239,32,14,7.57
2024-03-01,S013,SKU00202,18,15,41.7
2024-03-01,S013,SKU00108,28,17,8.67
2024-03-01,S013,SKU00043,30,16,24.13
2024-03-01,S013,SKU00333,61,20,19.02
2024-03-01,S013,SKU00080,18,14,21.0
2024-03-01,S013,SKU00247,62,0,19.17
2024-03-01,S013,SKU00326,48,16,21.09
2024-03-01,S013,SKU00136,39,13,21.43
2024-03-01,S013,SKU00259,39,18,16.74
2024-03-01,S013,SKU00173,32,12,24.41
2024-03-01,S013,SKU00310,74,12,23.34
2024-03-01,S013,SKU00369,35,11,27.28
2024-03-01,S013,SKU00047,33,15,30.28
2024-03-01,S013,SKU00201,40,9,17.59
2024-03-01,S013,SKU00268,33,15,22.72
2024-03-01,S014,SKU00384,76,7,6.97
2024-03-01,S014,SKU00281,37,28,24.82
2024-03-01,S014,SKU00267,56,10,32.29
2024-03-01,S014,SKU00330,25,20,28.29
2024-03-01,S014,SKU00122,36,10,15.22
2024-03-01,S014,SKU00241,16,19,22.03
2024-03-01,S014,SKU00279,34,18,18.46
2024-03-01,S014,SKU00336,34,16,21.13
2024-03-01,S014,SKU00175,0,8,22.23
2024-03-01,S014,SKU00232,35,24,17.89
2024-03-01,S014,SKU00088,33,22,27.73
2024-03-01,S014,SKU00222,45,19,21.69
2024-03-01,S014,SKU00263,50,10,12.54
2024-03-01,S014,SKU00393,70,2,7.6
2024-03-01,S014,SKU00039,49,23,31.34
2024-03-01,S014,SKU00014,21,19,17.1
2024-03-01,S014,SKU00149,64,34,16.9
2024-03-01,S014,SKU00103,36,11,12.99
2024-03-01,S014,SKU00379,45,19,19.61
2024-03-01,S014,SKU00107,61,0,27.98
2024-03-01,S014,SKU00120,37,17,10.19
2024-03-01,S014,SKU00370,38,22,19.59
2024-03-01,S014,SKU00234,25,18,14.14
2024-03-01,S014,SKU00012,62,23,6.48
2024-03-01,S014,SKU00201,51,17,17.59
2024-03-01,S014,SKU00394,51,24,10.9
2024-03-01,S014,SKU00146,49,21,30.59
2024-03-01,S014,SKU00387,9,22,19.03
2024-03-01,S014,SKU00329,30,18,21.42
2024-03-01,S014,SKU00153,35,21,27.58
2024-03-01,S014,SKU00101,39,19,13.03
2024-03-01,S014,SKU00365,22,5,9.96
2024-03-01,S014,SKU00230,26,16,28.51
2024-03-01,S014,SKU00108,46,18,8.67
2024-03-01,S014,SKU00388,55,16,18.08
2024-03-01,S014,SKU00378,21,9,16.37
2024-03-01,S014,SKU00273,50,20,21.29
2024-03-01,S014,SKU00295,41,15,21.15
2024-03-01,S014,SKU00099,44,14,12.91
2024-03-01,S014,SKU00162,47,16,23.58
2024-03-01,S014,SKU00306,39,18,13.85
2024-03-01,S014,SKU00006,64,14,22.21
2024-03-01,S014,SKU00009,43,4,21.87
2024-03-01,S014,SKU00226,23,0,37.85
2024-03-01,S014,SKU00169,69,11,15.35
2024-03-01,S014,SKU00360,46,7,35.66
2024-03-01,S014,SKU00058,47,15,33.62
2024-03-01,S014,SKU00180,12,10,18.4
2024-03-01,S014,SKU00362,60,22,17.84
2024-03-01,S014,SKU00093,31,9,20.73
2024-03-01,S014,SKU00043,46,20,24.13
2024-03-01,S014,SKU00159,56,18,20.64
2024-03-01,S014,SKU00337,54,5,20.41
2024-03-01,S014,SKU00154,42,9,36.04
2024-03-01,S014,SKU00368,44,17,14.01
2024-03-01,S014,SKU00187,34,14,25.15
2024-03-01,S014,SKU00277,23,23,17.75
2024-03-01,S014,SKU00322,49,22,9.39
2024-03-01,S014,SKU00061,59,8,13.6
2024-03-01,S014,SKU00042,33,15,27.28
2024-03-01,S015,SKU00177,63,3,24.36
2024-03-01,S015,SKU00088,27,11,27.73
2024-03-01,S015,SKU00217,48,11,19.37
2024-03-01,S015,SKU00078,67,10,9.74
2024-03-01,S015,SKU00011,39,28,17.51
2024-03-01,S015,SKU00138,31,14,9.29
2024-03-01,S015,SKU00309,37,10,27.53
2024-03-01,S015,SKU00064,46,26,14.1
2024-03-01,S015,SKU00145,50,1,13.72
2024-03-01,S015,SKU00045,52,5,19.14
2024-03-01,S015,SKU00119,16,3,21.19
2024-03-01,S015,SKU00323,53,6,17.89
2024-03-01,S015,SKU00141,62,15,34.29
2024-03-01,S015,SKU00079,22,10,18.54
2024-03-01,S015,SKU00196,30,25,14.66
2024-03-01,S015,SKU00397,20,26,24.95
2024-03-01,S015,SKU00297,62,23,20.51
2024-03-01,S015,SKU00359,38,11,12.22
2024-03-01,S015,SKU00393,47,19,7.6
2024-03-01,S015,SKU00001,11,12,20.02
2024-03-01,S015,SKU00223,55,19,14.14
2024-03-01,S015,SKU00382,30,27,8.38
2024-03-01,S015,SKU00257,71,14,12.09
2024-03-01,S015,SKU00364,40,4,20.03
2024-03-01,S015,SKU00024,47,5,19.95
2024-03-01,S015,SKU00152,38,3,34.48
2024-03-01,S015,SKU00027,56,10,8.1
2024-03-01,S015,SKU00243,32,5,20.2
2024-03-01,S015,SKU00371,23,11,23.22
2024-03-01,S015,SKU00216,36,22,35.17
2024-03-01,S015,SKU00058,13,2,33.62
2024-03-01,S015,SKU00357,0,11,14.08
2024-03-01,S015,SKU00039,45,22,31.34
2024-03-01,S015,SKU00189,58,4,21.3
2024-03-01,S015,SKU00325,47,12,11.47
2024-03-01,S015,SKU00215,53,9,20.75
2024-03-01,S015,SKU00165,75,19,12.62
2024-03-01,S015,SKU00158,28,8,7.83
2024-03-01,S015,SKU00316,10,14,9.13
2024-03-01,S015,SKU00020,64,12,19.96
2024-03-01,S015,SKU00281,42,21,24.82
2024-03-01,S015,SKU00283,18,13,35.29
2024-03-01,S015,SKU00002,57,14,22.95
2024-03-01,S015,SKU00199,33,0,28.75
2024-03-01,S015,SKU00194,66,20,15.09
2024-03-01,S015,SKU00318,52,17,20.51
2024-03-01,S015,SKU00398,39,21,31.97
2024-03-01,S015,SKU00023,28,10,23.51
2024-03-01,S015,SKU00043,54,0,24.13
2024-03-01,S015,SKU00255,19,18,33.68
2024-03-01,S015,SKU00249,38,11,14.24
2024-03-01,S015,SKU00321,50,17,8.77
2024-03-01,S015,SKU00366,41,6,12.66
2024-03-01,S015,SKU00092,76,14,6.71
2024-03-01,S015,SKU00015,24,13,25.51
2024-03-01,S015,SKU00065,34,10,21.23
2024-03-01,S015,SKU00134,66,18,22.15
2024-03-01,S015,SKU00256,29,22,16.17
2024-03-01,S015,SKU00192,32,21,15.31
2024-03-01,S015,SKU00362,61,11,17.84
2024-03-01,S016,SKU00244,52,8,14.65
2024-03-01,S016,SKU00234,38,0,14.14
2024-03-01,S016,SKU00382,23,13,8.38
2024-03-01,S016,SKU00009,54,9,21.87
2024-03-01,S016,SKU00364,47,16,20.03
2024-03-01,S016,SKU00201,30,1,17.59
2024-03-01,S016,SKU00377,29,16,24.12
2024-03-01,S016,SKU00336,44,17,21.13
2024-03-01,S016,SKU00276,62,3,8.52
2024-03-01,S016,SKU00069,71,15,10.26
2024-03-01,S016,SKU00396,20,10,6.08
2024-03-01,S016,SKU00338,33,15,23.32
2024-03-01,S016,SKU00092,35,3,6.71
2024-03-01,S016,SKU00018,40,24,11.75
2024-03-01,S016,SKU00024,43,16,19.95
2024-03-01,S016,SKU00031,46,14,18.97
2024-03-01,S016,SKU00288,18,9,22.22
2024-03-01,S016,SKU00185,41,27,22.74
2024-03-01,S016,SKU00115,48,33,16.78
2024-03-01,S016,SKU00255,41,6,33.68
2024-03-01,S016,SKU00078,29,9,9.74
2024-03-01,S016,SKU00132,11,2,18.85
2024-03-01,S016,SKU00084,29,19,22.85
2024-03-01,S016,SKU00039,45,13,31.34
2024-03-01,S016,SKU00395,48,19,14.64
2024-03-01,S016,SKU00117,70,27,14.81
2024-03-01,S016,SKU00156,11,3,13.5
2024-03-01,S016,SKU00065,18,19,21.23
2024-03-01,S016,SKU00301,58,12,13.89
2024-03-01,S016,SKU00217,34,15,19.37
2024-03-01,S016,SKU00241,62,13,22.03
2024-03-01,S016,SKU00073,24,18,31.53
2024-03-01,S016,SKU00225,47,18,14.42
2024-03-01,S016,SKU00195,72,10,20.76
2024-03-01,S016,SKU00003,36,17,19.34
2024-03-01,S016,SKU00334,36,21,7.9
2024-03-01,S016,SKU00273,31,18,21.29
2024-03-01,S016,SKU00056,54,10,21.74
2024-03-01,S016,SKU00224,72,12,28.25
2024-03-01,S016,SKU00088,57,10,27.73
2024-03-01,S016,SKU00071,49,11,18.24
2024-03-01,S016,SKU00111,61,25,22.67
2024-03-01,S016,SKU00353,32,17,28.84
2024-03-01,S016,SKU00124,44,19,18.08
2024-03-01,S016,SKU00059,20,23,18.63
2024-03-01,S016,SKU00248,43,10,24.2
2024-03-01,S016,SKU00243,17,9,20.2
2024-03-01,S016,SKU00275,36,6,24.1
2024-03-01,S016,SKU00200,49,4,35.75
2024-03-01,S016,SKU00383,28,12,21.74
2024-03-01,S016,SKU00222,55,16,21.69
2024-03-01,S016,SKU00167,33,15,11.09
2024-03-01,S016,SKU00254,48,14,12.16
2024-03-01,S016,SKU00125,48,15,14.87
2024-03-01,S016,SKU00025,22,23,18.13
2024-03-01,S016,SKU00287,22,21,23.44
2024-03-01,S016,SKU00142,29,17,22.57
2024-03-01,S016,SKU00165,33,13,12.62
2024-03-01,S016,SKU00227,45,18,38.72
2024-03-01,S016,SKU00257,38,22,12.09
2024-03-01,S017,SKU00038,54,18,22.05
2024-03-01,S017,SKU00270,45,0,23.19
2024-03-01,S017,SKU00310,35,18,23.34
2024-03-01,S017,SKU00274,19,17,8.22
2024-03-01,S017,SKU00229,26,7,28.44
2024-03-01,S017,SKU00396,65,8,6.08
2024-03-01,S017,SKU00385,53,3,24.15
2024-03-01,S017,SKU00091,46,22,16.61
2024-03-01,S017,SKU00054,14,23,12.05
2024-03-01,S017,SKU00112,35,19,17.88
2024-03-01,S017,SKU00354,69,6,16.32
2024-03-01,S017,SKU00212,32,6,8.51
2024-03-01,S017,SKU00307,70,8,19.13
2024-03-01,S017,SKU00375,38,7,23.14
2024-03-01,S017,SKU00006,26,14,22.21
2024-03-01,S017,SKU00241,69,12,22.03
2024-03-01,S017,SKU00357,56,15,14.08
2024-03-01,S017,SKU00387,20,19,19.03
2024-03-01,S017,SKU00308,60,19,33.04
2024-03-01,S017,SKU00300,46,26,19.9
2024-03-01,S017,SKU00237,45,6,22.91
2024-03-01,S017,SKU00316,63,18,9.13
2024-03-01,S017,SKU00039,43,6,31.34
2024-03-01,S017,SKU00320,58,25,13.56
2024-03-01,S017,SKU00165,43,22,12.62
2024-03-01,S017,SKU00135,28,13,21.41
2024-03-01,S017,SKU00157,23,11,26.67
2024-03-01,S017,SKU00004,36,8,9.51
2024-03-01,S017,SKU00154,39,22,36.04
2024-03-01,S017,SKU00319,24,29,18.17
2024-03-01,S017,SKU00336,52,12,21.13
2024-03-01,S017,SKU00189,33,13,21.3
2024-03-01,S017,SKU00355,32,7,17.98
2024-03-01,S017,SKU00380,47,15,21.56
2024-03-01,S017,SKU00242,36,11,23.88
2024-03-01,S017,SKU00201,43,19,17.59
2024-03-01,S017,SKU00373,13,2,43.52
2024-03-01,S017,SKU00110,25,22,22.59
2024-03-01,S017,SKU00181,27,15,21.21
2024-03-01,S017,SKU00106,63,9,11.12
2024-03-01,S017,SKU00089,48,2,25.61
2024-03-01,S017,SKU00392,36,0,28.95
2024-03-01,S017,SKU00016,41,23,20.2
2024-03-01,S017,SKU00364,16,4,20.03
2024-03-01,S017,SKU00060,34,21,30.63
2024-03-01,S017,SKU00374,45,17,17.57
2024-03-01,S017,SKU00080,24,19,21.0
2024-03-01,S017,SKU00011,37,33,17.51
2024-03-01,S017,SKU00215,6,0,20.75
2024-03-01,S017,SKU00081,59,14,16.01
2024-03-01,S017,SKU00090,18,23,19.09
2024-03-01,S017,SKU00339,65,1,14.34
2024-03-01,S017,SKU00313,38,14,21.61
2024-03-01,S017,SKU00104,65,4,30.27
2024-03-01,S017,SKU00382,2,16,8.38
2024-03-01,S017,SKU00117,46,14,14.81
2024-03-01,S017,SKU00021,39,0,21.44
2024-03-01,S017,SKU00047,22,8,30.28
2024-03-01,S017,SKU00273,27,7,21.29
2024-03-01,S017,SKU00395,36,8,14.64
2024-03-01,S018,SKU00218,57,19,10.78
2024-03-01,S018,SKU00042,28,15,27.28
2024-03-01,S018,SKU00251,19,2,16.74
2024-03-01,S018,SKU00147,42,5,26.65
2024-03-01,S018,SKU00129,39,24,17.3
2024-03-01,S018,SKU00279,17,8,18.46
2024-03-01,S018,SKU00047,32,9,30.28
2024-03-01,S018,SKU00288,52,18,22.22
2024-03-01,S018,SKU00001,54,7,20.02
2024-03-01,S018,SKU00353,37,17,28.84
2024-03-01,S018,SKU00232,48,15,17.89
2024-03-01,S018,SKU00110,29,15,22.59
2024-03-01,S018,SKU00033,45,10,10.76
2024-03-01,S018,SKU00094,42,19,30.76
2024-03-01,S018,SKU00226,39,8,37.85
2024-03-01,S018,SKU00082,19,19,18.27
2024-03-01,S018,SKU00319,63,15,18.17
2024-03-01,S018,SKU00250,30,11,22.08
2024-03-01,S018,SKU00076,69,19,16.2
2024-03-01,S018,SKU00043,32,21,24.13
2024-03-01,S018,SKU00270,48,16,23.19
2024-03-01,S018,SKU00199,32,25,28.75
2024-03-01,S018,SKU00182,52,9,22.49
2024-03-01,S018,SKU00036,23,23,15.82
2024-03-01,S018,SKU00347,17,21,35.52
2024-03-01,S018,SKU00313,32,12,21.61
2024-03-01,S018,SKU00191,33,31,24.12
2024-03-01,S018,SKU00296,54,12,18.93
2024-03-01,S018,SKU00253,38,5,19.63
2024-03-01,S018,SKU00007,2,17,12.89
2024-03-01,S018,SKU00023,50,7,23.51
2024-03-01,S018,SKU00376,15,19,22.09
2024-03-01,S018,SKU00152,25,31,34.48
2024-03-01,S018,SKU00374,63,16,17.57
2024-03-01,S018,SKU00350,20,17,24.41
2024-03-01,S018,SKU00386,80,5,24.27
2024-03-01,S018,SKU00322,49,16,9.39
2024-03-01,S018,SKU00207,38,15,16.29
2024-03-01,S018,SKU00233,13,21,14.08
2024-03-01,S018,SKU00206,39,15,12.31
2024-03-01,S018,SKU00169,65,21,15.35
2024-03-01,S018,SKU00356,52,22,6.76
2024-03-01,S018,SKU00126,46,30,25.54
2024-03-01,S018,SKU00189,62,26,21.3
2024-03-01,S018,SKU00144,57,1,12.22
2024-03-01,S018,SKU00002,41,17,22.95
2024-03-01,S018,SKU00180,40,19,18.4
2024-03-01,S018,SKU00369,14,29,27.28
2024-03-01,S018,SKU00004,49,28,9.51
2024-03-01,S018,SKU00315,36,9,25.73
2024-03-01,S018,SKU00131,13,2,22.93
2024-03-01,S018,SKU00150,55,17,17.58
2024-03-01,S018,SKU00114,23,21,16.42
2024-03-01,S018,SKU00395,21,2,14.64
2024-03-01,S018,SKU00375,60,14,23.14
2024-03-01,S018,SKU00192,46,18,15.31
2024-03-01,S018,SKU00160,48,15,18.48
2024-03-01,S018,SKU00368,41,16,14.01
2024-03-01,S018,SKU00292,35,7,27.78
2024-03-01,S018,SKU00307,45,21,19.13
2024-03-01,S019,SKU00155,64,14,22.47
2024-03-01,S019,SKU00278,29,11,29.28
2024-03-01,S019,SKU00072,35,21,22.01
2024-03-01,S019,SKU00267,47,12,32.29
2024-03-01,S019,SKU00320,31,11,13.56
2024-03-01,S019,SKU00190,44,0,23.47
2024-03-01,S019,SKU00063,14,9,13.32
2024-03-01,S019,SKU00318,44,16,20.51
2024-03-01,S019,SKU00375,59,6,23.14
2024-03-01,S019,SKU00233,17,17,14.08
2024-03-01,S019,SKU00216,39,12,35.17
2024-03-01,S019,SKU00247,54,15,19.17
2024-03-01,S019,SKU00147,40,23,26.65
2024-03-01,S019,SKU00296,50,1,18.93
2024-03-01,S019,SKU00204,64,25,22.75
2024-03-01,S019,SKU00304,29,20,13.37
2024-03-01,S019,SKU00217,35,29,19.37
2024-03-01,S019,SKU00103,58,25,12.99
2024-03-01,S019,SKU00366,16,29,12.66
2024-03-01,S019,SKU00090,33,7,19.09
2024-03-01,S019,SKU00187,43,19,25.15
2024-03-01,S019,SKU00124,30,14,18.08
2024-03-01,S019,SKU00009,61,23,21.87
2024-03-01,S019,SKU00330,55,25,28.29
2024-03-01,S019,SKU00146,41,13,30.59
2024-03-01,S019,SKU00052,42,20,25.94
2024-03-01,S019,SKU00347,36,10,35.52
2024-03-01,S019,SKU00248,48,11,24.2
2024-03-01,S019,SKU00389,65,17,26.23
2024-03-01,S019,SKU00345,28,0,21.99
2024-03-01,S019,SKU00086,46,16,27.42
2024-03-01,S019,SKU00106,18,30,11.12
2024-03-01,S019,SKU00040,37,7,18.22
2024-03-01,S019,SKU00230,43,9,28.51
2024-03-01,S019,SKU00192,45,22,15.31
2024-03-01,S019,SKU00298,24,12,11.72
2024-03-01,S019,SKU00377,67,17,24.12
2024-03-01,S019,SKU00016,70,2,20.2
2024-03-01,S019,SKU00044,47,17,16.43
2024-03-01,S019,SKU00159,38,21,20.64
2024-03-01,S019,SKU00308,22,12,33.04
2024-03-01,S019,SKU00091,39,8,16.61
2024-03-01,S019,SKU00398,59,1,31.97
2024-03-01,S019,SKU00013,8,19,15.96
2024-03-01,S019,SKU00348,45,26,24.11
2024-03-01,S019,SKU00316,23,23,9.13
2024-03-01,S019,SKU00129,35,17,17.3
2024-03-01,S019,SKU00313,23,16,21.61
2024-03-01,S019,SKU00209,47,7,40.26
2024-03-01,S019,SKU00126,46,14,25.54
2024-03-01,S019,SKU00128,41,14,12.06
2024-03-01,S019,SKU00231,55,7,23.4
2024-03-01,S019,SKU00079,22,17,18.54
2024-03-01,S019,SKU00328,45,18,20.31
2024-03-01,S019,SKU00266,51,29,15.48
2024-03-01,S019,SKU00351,37,7,20.29
2024-03-01,S019,SKU00323,35,9,17.89
2024-03-01,S019,SKU00100,55,26,7.48
2024-03-01,S019,SKU00386,42,0,24.27
2024-03-01,S019,SKU00268,21,11,22.72
2024-03-01,S020,SKU00381,37,13,29.5
2024-03-01,S020,SKU00195,39,10,20.76
2024-03-01,S020,SKU00051,38,2,21.15
2024-03-01,S020,SKU00398,13,15,31.97
2024-03-01,S020,SKU00213,28,17,21.39
2024-03-01,S020,SKU00135,46,10,21.41
2024-03-01,S020,SKU00042,56,16,27.28
2024-03-01,S020,SKU00385,62,4,24.15
2024-03-01,S020,SKU00169,37,11,15.35
2024-03-01,S020,SKU00125,20,20,14.87
2024-03-01,S020,SKU00344,13,22,6.67
2024-03-01,S020,SKU00282,20,13,31.83
2024-03-01,S020,SKU00354,40,8,16.32
2024-03-01,S020,SKU00208,18,3,7.02
2024-03-01,S020,SKU00194,63,16,15.09
2024-03-01,S020,SKU00295,17,7,21.15
2024-03-01,S020,SKU00106,28,0,11.12
2024-03-01,S020,SKU00316,39,12,9.13
2024-03-01,S020,SKU00309,41,22,27.53
2024-03-01,S020,SKU00350,33,2,24.41
2024-03-01,S020,SKU00270,27,14,23.19
2024-03-01,S020,SKU00227,45,4,38.72
2024-03-01,S020,SKU00182,26,17,22.49
2024-03-01,S020,SKU00244,40,17,14.65
2024-03-01,S020,SKU00057,38,14,19.41
2024-03-01,S020,SKU00281,32,9,24.82
2024-03-01,S020,SKU00199,38,8,28.75
2024-03-01,S020,SKU00368,36,16,14.01
2024-03-01,S020,SKU00007,33,7,12.89
2024-03-01,S020,SKU00265,16,9,15.45
2024-03-01,S020,SKU00346,48,15,46.67
2024-03-01,S020,SKU00234,36,24,14.14
2024-03-01,S020,SKU00298,45,12,11.72
2024-03-01,S020,SKU00003,48,8,19.34
2024-03-01,S020,SKU00099,42,7,12.91
2024-03-01,S020,SKU00296,62,25,18.93
2024-03-01,S020,SKU00020,47,13,19.96
2024-03-01,S020,SKU00233,30,7,14.08
2024-03-01,S020,SKU00276,31,5,8.52
2024-03-01,S020,SKU00086,43,11,27.42
2024-03-01,S020,SKU00158,25,18,7.83
2024-03-01,S020,SKU00373,49,8,43.52
2024-03-01,S020,SKU00247,68,14,19.17
2024-03-01,S020,SKU00291,49,17,20.61
2024-03-01,S020,SKU00102,54,10,7.81
2024-03-01,S020,SKU00268,68,15,22.72
2024-03-01,S020,SKU00064,24,18,14.1
2024-03-01,S020,SKU00015,62,14,25.51
2024-03-01,S020,SKU00299,34,14,21.87
2024-03-01,S020,SKU00149,53,1,16.9
2024-03-01,S020,SKU00137,35,21,32.34
2024-03-01,S020,SKU00217,45,6,19.37
2024-03-01,S020,SKU00308,34,11,33.04
2024-03-01,S020,SKU00039,30,18,31.34
2024-03-01,S020,SKU00387,16,14,19.03
2024-03-01,S020,SKU00333,19,17,19.02
2024-03-01,S020,SKU00030,32,0,9.58
2024-03-01,S020,SKU00340,45,14,14.8
2024-03-01,S020,SKU00134,38,16,22.15
2024-03-01,S020,SKU00302,55,26,11.51
2024-03-01,S021,SKU00027,36,9,8.1
2024-03-01,S021,SKU00229,39,16,28.44
2024-03-01,S021,SKU00145,23,10,13.72
2024-03-01,S021,SKU00302,50,11,11.51
2024-03-01,S021,SKU00383,47,19,21.74
2024-03-01,S021,SKU00339,45,16,14.34
2024-03-01,S021,SKU00106,56,17,11.12
2024-03-01,S021,SKU00086,38,19,27.42
2024-03-01,S021,SKU00092,51,16,6.71
2024-03-01,S021,SKU00324,57,15,27.35
2024-03-01,S021,SKU00266,51,16,15.48
2024-03-01,S021,SKU00317,29,8,22.08
2024-03-01,S021,SKU00352,34,18,23.46
2024-03-01,S021,SKU00253,0,3,19.63
2024-03-01,S021,SKU00224,42,14,28.25
2024-03-01,S021,SKU00356,41,15,6.76
2024-03-01,S021,SKU00117,39,22,14.81
2024-03-01,S021,SKU00168,56,23,18.6
2024-03-01,S021,SKU00284,42,1,20.24
2024-03-01,S021,SKU00023,28,19,23.51
2024-03-01,S021,SKU00122,48,11,15.22
2024-03-01,S021,SKU00087,58,18,9.32
2024-03-01,S021,SKU00189,45,16,21.3
2024-03-01,S021,SKU00048,34,13,35.43
2024-03-01,S021,SKU00193,58,16,26.54
2024-03-01,S021,SKU00115,12,12,16.78
2024-03-01,S021,SKU00223,36,12,14.14
2024-03-01,S021,SKU00031,35,8,18.97
2024-03-01,S021,SKU00118,47,24,9.41
2024-03-01,S021,SKU00346,49,16,46.67
2024-03-01,S021,SKU00392,62,18,28.95
2024-03-01,S021,SKU00395,48,25,14.64
2024-03-01,S021,SKU00148,48,18,18.3
2024-03-01,S021,SKU00059,67,21,18.63
2024-03-01,S021,SKU00141,40,14,34.29
2024-03-01,S021,SKU00014,31,24,17.1
2024-03-01,S021,SKU00203,36,3,27.92
2024-03-01,S021,SKU00091,49,4,16.61
2024-03-01,S021,SKU00326,35,19,21.09
2024-03-01,S021,SKU00042,40,27,27.28
2024-03-01,S021,SKU00085,56,29,21.5
2024-03-01,S021,SKU00319,26,17,18.17
2024-03-01,S021,SKU00176,38,12,14.59
2024-03-01,S021,SKU00267,34,19,32.29
2024-03-01,S021,SKU00058,36,16,33.62
2024-03-01,S021,SKU00312,50,13,19.86
2024-03-01,S021,SKU00074,39,28,28.23
2024-03-01,S021,SKU00044,41,15,16.43
2024-03-01,S021,SKU00030,52,14,9.58
2024-03-01,S021,SKU00249,28,25,14.24
2024-03-01,S021,SKU00323,61,2,17.89
2024-03-01,S021,SKU00146,22,24,30.59
2024-03-01,S021,SKU00296,32,28,18.93
2024-03-01,S021,SKU00050,31,10,9.35
2024-03-01,S021,SKU00179,45,6,8.72
2024-03-01,S021,SKU00197,38,19,14.73
2024-03-01,S021,SKU00367,59,11,23.63
2024-03-01,S021,SKU00271,54,0,41.0
2024-03-01,S021,SKU00291,30,13,20.61
2024-03-01,S021,SKU00221,48,27,18.46
2024-03-01,S022,SKU00339,40,18,14.34
2024-03-01,S022,SKU00104,45,24,30.27
2024-03-01,S022,SKU00107,32,8,27.98
2024-03-01,S022,SKU00249,62,1,14.24
2024-03-01,S022,SKU00079,14,10,18.54
2024-03-01,S022,SKU00251,33,20,16.74
2024-03-01,S022,SKU00062,6,6,21.8
2024-03-01,S022,SKU00173,64,10,24.41
2024-03-01,S022,SKU00134,52,13,22.15
2024-03-01,S022,SKU00247,50,12,19.17
2024-03-01,S022,SKU00257,44,19,12.09
2024-03-01,S022,SKU00204,19,26,22.75
2024-03-01,S022,SKU00238,62,13,47.65
2024-03-01,S022,SKU00239,59,15,7.57
2024-03-01,S022,SKU00356,45,18,6.76
2024-03-01,S022,SKU00324,23,22,27.35
2024-03-01,S022,SKU00234,19,16,14.14
2024-03-01,S022,SKU00047,52,22,30.28
2024-03-01,S022,SKU00318,59,14,20.51
2024-03-01,S022,SKU00045,45,13,19.14
2024-03-01,S022,SKU00013,44,16,15.96
2024-03-01,S022,SKU00289,42,10,20.83
2024-03-01,S022,SKU00024,42,5,19.95
2024-03-01,S022,SKU00126,39,5,25.54
2024-03-01,S022,SKU00359,33,16,12.22
2024-03-01,S022,SKU00388,54,8,18.08
2024-03-01,S022,SKU00174,23,8,23.97
2024-03-01,S022,SKU00199,50,22,28.75
2024-03-01,S022,SKU00207,36,11,16.29
2024-03-01,S022,SKU00366,48,26,12.66
2024-03-01,S022,SKU00218,32,6,10.78
2024-03-01,S022,SKU00106,56,4,11.12
2024-03-01,S022,SKU00187,33,20,25.15
2024-03-01,S022,SKU00041,34,7,19.41
2024-03-01,S022,SKU00110,16,11,22.59
2024-03-01,S022,SKU00354,48,7,16.32
2024-03-01,S022,SKU00039,53,10,31.34
2024-03-01,S022,SKU00072,21,14,22.01
2024-03-01,S022,SKU00341,52,8,20.55
2024-03-01,S022,SKU00089,27,18,25.61
2024-03-01,S022,SKU00068,47,16,9.04
2024-03-01,S022,SKU00105,39,15,24.88
2024-03-01,S022,SKU00163,40,21,15.73
2024-03-01,S022,SKU00030,39,15,9.58
2024-03-01,S022,SKU00049,56,7,21.35
2024-03-01,S022,SKU00060,43,31,30.63
2024-03-01,S022,SKU00130,10,18,29.35
2024-03-01,S022,SKU00151,27,13,7.16
2024-03-01,S022,SKU00281,14,4,24.82
2024-03-01,S022,SKU00033,43,21,10.76
2024-03-01,S022,SKU00109,17,28,32.26
2024-03-01,S022,SKU00264,34,11,13.51
2024-03-01,S022,SKU00127,36,13,18.2
2024-03-01,S022,SKU00137,43,18,32.34
2024-03-01,S022,SKU00139,50,5,19.06
2024-03-01,S022,SKU00342,37,17,17.51
2024-03-01,S022,SKU00015,43,10,25.51
2024-03-01,S022,SKU00124,26,15,18.08
2024-03-01,S022,SKU00351,46,6,20.29
2024-03-01,S022,SKU00091,34,6,16.61
2024-03-01,S023,SKU00322,33,7,9.39
2024-03-01,S023,SKU00374,38,10,17.57
2024-03-01,S023,SKU00136,41,15,21.43
2024-03-01,S023,SKU00273,34,13,21.29
2024-03-01,S023,SKU00312,33,15,19.86
2024-03-01,S023,SKU00183,50,6,7.71
2024-03-01,S023,SKU00334,43,18,7.9
2024-03-01,S023,SKU00309,11,10,27.53
2024-03-01,S023,SKU00010,33,4,22.61
2024-03-01,S023,SKU00197,39,17,14.73
2024-03-01,S023,SKU00247,32,19,19.17
2024-03-01,S023,SKU00227,42,20,38.72
2024-03-01,S023,SKU00185,41,12,22.74
2024-03-01,S023,SKU00198,56,15,25.14
2024-03-01,S023,SKU00064,47,24,14.1
2024-03-01,S023,SKU00400,52,6,16.59
2024-03-01,S023,SKU00156,53,8,13.5
2024-03-01,S023,SKU00102,35,7,7.81
2024-03-01,S023,SKU00126,46,14,25.54
2024-03-01,S023,SKU00207,55,17,16.29
2024-03-01,S023,SKU00093,46,13,20.73
2024-03-01,S023,SKU00046,56,9,11.26
2024-03-01,S023,SKU00263,38,21,12.54
2024-03-01,S023,SKU00002,29,26,22.95
2024-03-01,S023,SKU00240,45,15,30.32
2024-03-01,S023,SKU00065,40,18,21.23
2024-03-01,S023,SKU00284,14,7,20.24
2024-03-01,S023,SKU00348,46,9,24.11
2024-03-01,S023,SKU00161,38,20,6.86
2024-03-01,S023,SKU00137,31,7,32.34
2024-03-01,S023,SKU00162,34,15,23.58
2024-03-01,S023,SKU00389,46,21,26.23
2024-03-01,S023,SKU00013,73,8,15.96
2024-03-01,S023,SKU00272,34,13,18.35
2024-03-01,S023,SKU00220,17,15,23.06
2024-03-01,S023,SKU00078,41,3,9.74
2024-03-01,S023,SKU00216,54,27,35.17
2024-03-01,S023,SKU00398,36,24,31.97
2024-03-01,S023,SKU00194,31,7,15.09
2024-03-01,S023,SKU00278,46,18,29.28
2024-03-01,S023,SKU00176,53,0,14.59
2024-03-01,S023,SKU00155,47,22,22.47
2024-03-01,S023,SKU00296,72,27,18.93
2024-03-01,S023,SKU00315,42,19,25.73
2024-03-01,S023,SKU00293,31,19,28.83
2024-03-01,S023,SKU00215,38,21,20.75
2024-03-01,S023,SKU00048,16,15,35.43
2024-03-01,S023,SKU00040,26,8,18.22
2024-03-01,S023,SKU00254,48,21,12.16
2024-03-01,S023,SKU00265,52,8,15.45
2024-03-01,S023,SKU00282,39,18,31.83
2024-03-01,S023,SKU00304,25,15,13.37
2024-03-01,S023,SKU00116,37,7,40.0
2024-03-01,S023,SKU00386,35,8,24.27
2024-03-01,S023,SKU00089,44,20,25.61
2024-03-01,S023,SKU00382,65,21,8.38
2024-03-01,S023,SKU00177,51,13,24.36
2024-03-01,S023,SKU00124,65,21,18.08
2024-03-01,S023,SKU00153,44,9,27.58
2024-03-01,S023,SKU00317,23,24,22.08
2024-03-01,S024,SKU00157,26,15,26.67
2024-03-01,S024,SKU00020,48,11,19.96
2024-03-01,S024,SKU00378,44,6,16.37
2024-03-01,S024,SKU00119,42,21,21.19
2024-03-01,S024,SKU00103,45,16,12.99
2024-03-01,S024,SKU00252,12,9,35.29
2024-03-01,S024,SKU00004,31,1,9.51
2024-03-01,S024,SKU00213,26,25,21.39
2024-03-01,S024,SKU00397,59,27,24.95
2024-03-01,S024,SKU00172,35,22,9.82
2024-03-01,S024,SKU00387,38,21,19.03
2024-03-01,S024,SKU00246,57,11,19.79
2024-03-01,S024,SKU00012,49,23,6.48
2024-03-01,S024,SKU00108,26,14,8.67
2024-03-01,S024,SKU00161,55,8,6.86
2024-03-01,S024,SKU00062,36,22,21.8
2024-03-01,S024,SKU00168,37,15,18.6
2024-03-01,S024,SKU00178,32,11,23.85
2024-03-01,S024,SKU00379,29,23,19.61
2024-03-01,S024,SKU00294,35,22,21.46
2024-03-01,S024,SKU00320,55,7,13.56
2024-03-01,S024,SKU00102,36,11,7.81
2024-03-01,S024,SKU00039,40,19,31.34
2024-03-01,S024,SKU00050,57,12,9.35
2024-03-01,S024,SKU00114,37,23,16.42
2024-03-01,S024,SKU00124,44,7,18.08
2024-03-01,S024,SKU00288,34,18,22.22
2024-03-01,S024,SKU00021,61,5,21.44
2024-03-01,S024,SKU00223,27,13,14.14
2024-03-01,S024,SKU00334,64,0,7.9
2024-03-01,S024,SKU00200,25,30,35.75
2024-03-01,S024,SKU00092,22,19,6.71
2024-03-01,S024,SKU00176,33,9,14.59
2024-03-01,S024,SKU00097,40,19,11.93
2024-03-01,S024,SKU00307,36,10,19.13
2024-03-01,S024,SKU00202,26,7,41.7
2024-03-01,S024,SKU00325,3,10,11.47
2024-03-01,S024,SKU00259,18,15,16.74
2024-03-01,S024,SKU00380,70,13,21.56
2024-03-01,S024,SKU00293,10,14,28.83
2024-03-01,S024,SKU00287,19,16,23.44
2024-03-01,S024,SKU00204,15,16,22.75
2024-03-01,S024,SKU00137,38,1,32.34
2024-03-01,S024,SKU00098,80,21,23.96
2024-03-01,S024,SKU00184,47,16,15.79
2024-03-01,S024,SKU00295,0,17,21.15
2024-03-01,S024,SKU00185,43,12,22.74
2024-03-01,S024,SKU00037,44,19,14.43
2024-03-01,S024,SKU00122,37,21,15.22
2024-03-01,S024,SKU00129,15,5,17.3
2024-03-01,S024,SKU00158,49,14,7.83
2024-03-01,S024,SKU00296,40,13,18.93
2024-03-01,S024,SKU00175,30,8,22.23
2024-03-01,S024,SKU00027,25,20,8.1
2024-03-01,S024,SKU00132,21,17,18.85
2024-03-01,S024,SKU00349,23,12,11.12
2024-03-01,S024,SKU00393,66,15,7.6
2024-03-01,S024,SKU00241,42,21,22.03
2024-03-01,S024,SKU00337,27,20,20.41
2024-03-01,S024,SKU00370,25,15,19.59
2024-03-01,S025,SKU00024,33,22,19.95
2024-03-01,S025,SKU00196,45,15,14.66
2024-03-01,S025,SKU00186,48,17,24.0
2024-03-01,S025,SKU00211,39,21,37.2
2024-03-01,S025,SKU00082,18,10,18.27
2024-03-01,S025,SKU00026,63,20,28.01
2024-03-01,S025,SKU00208,41,9,7.02
2024-03-01,S025,SKU00275,26,21,24.1
2024-03-01,S025,SKU00035,50,14,34.51
2024-03-01,S025,SKU00098,55,0,23.96
2024-03-01,S025,SKU00202,36,12,41.7
2024-03-01,S025,SKU00062,44,1,21.8
2024-03-01,S025,SKU00336,34,22,21.13
2024-03-01,S025,SKU00335,23,15,10.25
2024-03-01,S025,SKU00100,47,22,7.48
2024-03-01,S025,SKU00032,47,24,26.13
2024-03-01,S025,SKU00189,52,30,21.3
2024-03-01,S025,SKU00355,69,17,17.98
2024-03-01,S025,SKU00051,16,14,21.15
2024-03-01,S025,SKU00280,36,24,11.07
2024-03-01,S025,SKU00088,46,6,27.73
2024-03-01,S025,SKU00347,35,27,35.52
2024-03-01,S025,SKU00177,26,5,24.36
2024-03-01,S025,SKU00293,44,15,28.83
2024-03-01,S025,SKU00182,55,12,22.49
2024-03-01,S025,SKU00266,59,8,15.48
2024-03-01,S025,SKU00103,57,22,12.99
2024-03-01,S025,SKU00061,30,16,13.6
2024-03-01,S025,SKU00244,34,12,14.65
2024-03-01,S025,SKU00278,91,8,29.28
2024-03-01,S025,SKU00076,47,21,16.2
2024-03-01,S025,SKU00261,44,13,33.76
2024-03-01,S025,SKU00233,36,7,14.08
2024-03-01,S025,SKU00228,26,22,42.12
2024-03-01,S025,SKU00368,26,8,14.01
2024-03-01,S025,SKU00034,23,11,25.34
2024-03-01,S025,SKU00204,46,15,22.75
2024-03-01,S025,SKU00296,32,9,18.93
2024-03-01,S025,SKU00029,28,5,18.21
2024-03-01,S025,SKU00185,23,10,22.74
2024-03-01,S025,SKU00121,61,6,21.13
2024-03-01,S025,SKU00218,36,0,10.78
2024-03-01,S025,SKU00337,23,31,20.41
2024-03-01,S025,SKU00207,20,12,16.29
2024-03-01,S025,SKU00338,36,11,23.32
2024-03-01,S025,SKU00192,45,19,15.31
2024-03-01,S025,SKU00390,23,18,20.94
2024-03-01,S025,SKU00326,30,15,21.09
2024-03-01,S025,SKU00014,55,15,17.1
2024-03-01,S025,SKU00322,28,18,9.39
2024-03-01,S025,SKU00289,38,17,20.83
2024-03-01,S025,SKU00048,37,19,35.43
2024-03-01,S025,SKU00152,21,12,34.48
2024-03-01,S025,SKU00262,29,23,6.97
2024-03-01,S025,SKU00374,33,3,17.57
2024-03-01,S025,SKU00264,55,11,13.51
2024-03-01,S025,SKU00173,38,15,24.41
2024-03-01,S025,SKU00049,24,15,21.35
2024-03-01,S025,SKU00004,21,17,9.51
2024-03-01,S025,SKU00113,43,0,20.63
2024-03-01,S026,SKU00111,59,21,22.67
2024-03-01,S026,SKU00247,44,13,19.17
2024-03-01,S026,SKU00322,26,10,9.39
2024-03-01,S026,SKU00330,53,12,28.29
2024-03-01,S026,SKU00069,15,15,10.26
2024-03-01,S026,SKU00303,17,16,27.57
2024-03-01,S026,SKU00007,43,13,12.89
2024-03-01,S026,SKU00150,39,23,17.58
2024-03-01,S026,SKU00212,31,16,8.51
2024-03-01,S026,SKU00333,61,21,19.02
2024-03-01,S026,SKU00074,47,8,28.23
2024-03-01,S026,SKU00189,43,17,21.3
2024-03-01,S026,SKU00168,25,14,18.6
2024-03-01,S026,SKU00035,42,19,34.51
2024-03-01,S026,SKU00188,59,0,22.21
2024-03-01,S026,SKU00271,30,13,41.0
2024-03-01,S026,SKU00246,43,30,19.79
2024-03-01,S026,SKU00261,28,20,33.76
2024-03-01,S026,SKU00199,49,11,28.75
2024-03-01,S026,SKU00310,47,9,23.34
2024-03-01,S026,SKU00351,55,16,20.29
2024-03-01,S026,SKU00033,47,17,10.76
2024-03-01,S026,SKU00380,47,23,21.56
2024-03-01,S026,SKU00127,66,13,18.2
2024-03-01,S026,SKU00008,23,4,14.83
2024-03-01,S026,SKU00362,31,16,17.84
2024-03-01,S026,SKU00057,7,6,19.41
2024-03-01,S026,SKU00047,36,21,30.28
2024-03-01,S026,SKU00107,83,17,27.98
2024-03-01,S026,SKU00368,32,4,14.01
2024-03-01,S026,SKU00054,47,14,12.05
2024-03-01,S026,SKU00284,30,10,20.24
2024-03-01,S026,SKU00004,26,0,9.51
2024-03-01,S026,SKU00121,18,29,21.13
2024-03-01,S026,SKU00348,65,22,24.11
2024-03-01,S026,SKU00360,33,3,35.66
2024-03-01,S026,SKU00234,28,11,14.14
2024-03-01,S026,SKU00147,27,26,26.65
2024-03-01,S026,SKU00190,13,13,23.47
2024-03-01,S026,SKU00119,61,23,21.19
2024-03-01,S026,SKU00224,57,20,28.25
2024-03-01,S026,SKU00021,41,14,21.44
2024-03-01,S026,SKU00032,22,15,26.13
2024-03-01,S026,SKU00167,32,19,11.09
2024-03-01,S026,SKU00039,40,23,31.34
2024-03-01,S026,SKU00331,35,19,9.22
2024-03-01,S026,SKU00165,20,13,12.62
2024-03-01,S026,SKU00062,47,2,21.8
2024-03-01,S026,SKU00300,29,6,19.9
2024-03-01,S026,SKU00090,45,1,19.09
2024-03-01,S026,SKU00272,37,11,18.35
2024-03-01,S026,SKU00037,52,18,14.43
2024-03-01,S026,SKU00108,46,13,8.67
2024-03-01,S026,SKU00084,41,17,22.85
2024-03-01,S026,SKU00355,32,15,17.98
2024-03-01,S026,SKU00292,44,19,27.78
2024-03-01,S026,SKU00323,74,17,17.89
2024-03-01,S026,SKU00100,54,5,7.48
2024-03-01,S026,SKU00372,38,12,8.73
2024-03-01,S026,SKU00017,47,13,22.2
2024-03-01,S027,SKU00255,48,17,33.68
2024-03-01,S027,SKU00027,67,19,8.1
2024-03-01,S027,SKU00207,36,10,16.29
2024-03-01,S027,SKU00128,33,5,12.06
2024-03-01,S027,SKU00373,45,18,43.52
2024-03-01,S027,SKU00305,10,14,19.27
2024-03-01,S027,SKU00322,40,19,9.39
2024-03-01,S027,SKU00396,34,13,6.08
2024-03-01,S027,SKU00371,36,3,23.22
2024-03-01,S027,SKU00121,44,8,21.13
2024-03-01,S027,SKU00096,36,20,19.19
2024-03-01,S027,SKU00302,27,21,11.51
2024-03-01,S027,SKU00104,41,21,30.27
2024-03-01,S027,SKU00076,39,21,16.2
2024-03-01,S027,SKU00336,39,9,21.13
2024-03-01,S027,SKU00384,64,3,6.97
2024-03-01,S027,SKU00257,35,9,12.09
2024-03-01,S027,SKU00009,64,9,21.87
2024-03-01,S027,SKU00028,29,15,14.87
2024-03-01,S027,SKU00260,45,9,16.1
2024-03-01,S027,SKU00242,61,23,23.88
2024-03-01,S027,SKU00001,59,12,20.02
2024-03-01,S027,SKU00364,47,14,20.03
2024-03-01,S027,SKU00317,28,1,22.08
2024-03-01,S027,SKU00346,41,0,46.67
2024-03-01,S027,SKU00380,48,30,21.56
2024-03-01,S027,SKU00163,28,20,15.73
2024-03-01,S027,SKU00287,39,9,23.44
2024-03-01,S027,SKU00256,54,11,16.17
2024-03-01,S027,SKU00335,34,15,10.25
2024-03-01,S027,SKU00143,58,21,9.07
2024-03-01,S027,SKU00369,31,9,27.28
2024-03-01,S027,SKU00091,34,15,16.61
2024-03-01,S027,SKU00261,31,6,33.76
2024-03-01,S027,SKU00215,44,21,20.75
2024-03-01,S027,SKU00352,27,10,23.46
2024-03-01,S027,SKU00134,40,14,22.15
2024-03-01,S027,SKU00119,53,24,21.19
2024-03-01,S027,SKU00340,22,15,14.8
2024-03-01,S027,SKU00147,47,20,26.65
2024-03-01,S027,SKU00241,29,24,22.03
2024-03-01,S027,SKU00353,39,18,28.84
2024-03-01,S027,SKU00125,35,10,14.87
2024-03-01,S027,SKU00006,33,12,22.21
2024-03-01,S027,SKU00022,51,27,10.6
2024-03-01,S027,SKU00285,63,0,16.17
2024-03-01,S027,SKU00174,37,20,23.97
2024-03-01,S027,SKU00130,26,11,29.35
2024-03-01,S027,SKU00190,48,16,23.47
2024-03-01,S027,SKU00010,47,16,22.61
2024-03-01,S027,SKU00140,31,20,22.39
2024-03-01,S027,SKU00153,65,12,27.58
2024-03-01,S027,SKU00325,24,24,11.47
2024-03-01,S027,SKU00338,42,13,23.32
2024-03-01,S027,SKU00075,36,31,19.82
2024-03-01,S027,SKU00392,71,4,28.95
2024-03-01,S027,SKU00208,43,16,7.02
2024-03-01,S027,SKU00330,40,11,28.29
2024-03-01,S027,SKU00158,17,0,7.83
2024-03-01,S027,SKU00288,30,20,22.22
2024-03-01,S028,SKU00279,43,11,18.46
2024-03-01,S028,SKU00146,14,13,30.59
2024-03-01,S028,SKU00184,33,22,15.79
2024-03-01,S028,SKU00203,38,18,27.92
2024-03-01,S028,SKU00230,25,19,28.51
2024-03-01,S028,SKU00399,49,8,25.01
2024-03-01,S028,SKU00097,49,23,11.93
2024-03-01,S028,SKU00091,16,6,16.61
2024-03-01,S028,SKU00380,57,20,21.56
2024-03-01,S028,SKU00294,39,28,21.46
2024-03-01,S028,SKU00378,26,5,16.37
2024-03-01,S028,SKU00252,70,22,35.29
2024-03-01,S028,SKU00361,54,3,22.51
2024-03-01,S028,SKU00313,32,0,21.61
2024-03-01,S028,SKU00357,42,29,14.08
2024-03-01,S028,SKU00032,55,7,26.13
2024-03-01,S028,SKU00241,21,27,22.03
2024-03-01,S028,SKU00095,47,24,27.04
2024-03-01,S028,SKU00335,13,23,10.25
2024-03-01,S028,SKU00045,61,16,19.14
2024-03-01,S028,SKU00243,45,16,20.2
2024-03-01,S028,SKU00129,45,16,17.3
2024-03-01,S028,SKU00102,22,15,7.81
2024-03-01,S028,SKU00100,62,22,7.48
2024-03-01,S028,SKU00058,58,13,33.62
2024-03-01,S028,SKU00220,48,10,23.06
2024-03-01,S028,SKU00379,39,11,19.61
2024-03-01,S028,SKU00037,67,13,14.43
2024-03-01,S028,SKU00015,42,16,25.51
2024-03-01,S028,SKU00080,58,28,21.0
2024-03-01,S028,SKU00188,60,22,22.21
2024-03-01,S028,SKU00262,55,10,6.97
2024-03-01,S028,SKU00364,16,7,20.03
2024-03-01,S028,SKU00387,36,17,19.03
2024-03-01,S028,SKU00114,34,8,16.42
2024-03-01,S028,SKU00285,52,16,16.17
2024-03-01,S028,SKU00167,23,32,11.09
2024-03-01,S028,SKU00126,39,15,25.54
2024-03-01,S028,SKU00098,46,8,23.96
2024-03-01,S028,SKU00086,31,15,27.42
2024-03-01,S028,SKU00373,37,15,43.52
2024-03-01,S028,SKU00001,32,13,20.02
2024-03-01,S028,SKU00217,59,15,19.37
2024-03-01,S028,SKU00057,50,24,19.41
2024-03-01,S028,SKU00215,51,21,20.75
2024-03-01,S028,SKU00277,62,23,17.75
2024-03-01,S028,SKU00042,38,8,27.28
2024-03-01,S028,SKU00204,44,20,22.75
2024-03-01,S028,SKU00304,45,16,13.37
2024-03-01,S028,SKU00012,49,15,6.48
2024-03-01,S028,SKU00136,35,11,21.43
2024-03-01,S028,SKU00150,44,19,17.58
2024-03-01,S028,SKU00388,26,14,18.08
2024-03-01,S028,SKU00263,20,14,12.54
2024-03-01,S028,SKU00024,26,9,19.95
2024-03-01,S028,SKU00198,49,23,25.14
2024-03-01,S028,SKU00030,24,4,9.58
2024-03-01,S028,SKU00056,53,19,21.74
2024-03-01,S028,SKU00274,42,14,8.22
2024-03-01,S028,SKU00268,41,12,22.72
2024-03-01,S029,SKU00036,44,18,15.82
2024-03-01,S029,SKU00388,34,10,18.08
2024-03-01,S029,SKU00379,22,5,19.61
2024-03-01,S029,SKU00344,27,24,6.67
2024-03-01,S029,SKU00065,46,14,21.23
2024-03-01,S029,SKU00008,36,8,14.83
2024-03-01,S029,SKU00159,40,17,20.64
2024-03-01,S029,SKU00246,62,7,19.79
2024-03-01,S029,SKU00127,55,7,18.2
2024-03-01,S029,SKU00025,48,12,18.13
2024-03-01,S029,SKU00061,42,8,13.6
2024-03-01,S029,SKU00206,8,16,12.31
2024-03-01,S029,SKU00117,44,15,14.81
2024-03-01,S029,SKU00094,37,10,30.76
2024-03-01,S029,SKU00017,30,18,22.2
2024-03-01,S029,SKU00177,55,14,24.36
2024-03-01,S029,SKU00247,61,16,19.17
2024-03-01,S029,SKU00204,32,28,22.75
2024-03-01,S029,SKU00223,38,19,14.14
2024-03-01,S029,SKU00318,49,9,20.51
2024-03-01,S029,SKU00113,43,28,20.63
2024-03-01,S029,SKU00394,62,5,10.9
2024-03-01,S029,SKU00365,40,11,9.96
2024-03-01,S029,SKU00231,37,16,23.4
2024-03-01,S029,SKU00371,33,10,23.22
2024-03-01,S029,SKU00226,37,17,37.85
2024-03-01,S029,SKU00327,52,10,24.66
2024-03-01,S029,SKU00172,49,19,9.82
2024-03-01,S029,SKU00047,36,13,30.28
2024-03-01,S029,SKU00019,48,20,14.15
2024-03-01,S029,SKU00143,40,14,9.07
2024-03-01,S029,SKU00319,38,19,18.17
2024-03-01,S029,SKU00237,28,19,22.91
2024-03-01,S029,SKU00375,41,15,23.14
2024-03-01,S029,SKU00258,50,3,29.8
2024-03-01,S029,SKU00064,28,16,14.1
2024-03-01,S029,SKU00303,59,13,27.57
2024-03-01,S029,SKU00109,47,21,32.26
2024-03-01,S029,SKU00165,59,26,12.62
2024-03-01,S029,SKU00049,41,10,21.35
2024-03-01,S029,SKU00187,43,16,25.15
2024-03-01,S029,SKU00171,15,17,26.18
2024-03-01,S029,SKU00098,47,16,23.96
2024-03-01,S029,SKU00218,27,22,10.78
2024-03-01,S029,SKU00068,57,4,9.04
2024-03-01,S029,SKU00080,32,11,21.0
2024-03-01,S029,SKU00325,5,16,11.47
2024-03-01,S029,SKU00192,68,17,15.31
2024-03-01,S029,SKU00054,41,25,12.05
2024-03-01,S029,SKU00014,50,19,17.1
2024-03-01,S029,SKU00370,39,17,19.59
2024-03-01,S029,SKU00386,35,22,24.27
2024-03-01,S029,SKU00308,48,17,33.04
2024-03-01,S029,SKU00352,40,17,23.46
2024-03-01,S029,SKU00102,22,18,7.81
2024-03-01,S029,SKU00320,46,16,13.56
2024-03-01,S029,SKU00205,0,22,13.85
2024-03-01,S029,SKU00153,7,17,27.58
2024-03-01,S029,SKU00357,24,11,14.08
2024-03-01,S029,SKU00121,17,11,21.13
2024-03-01,S030,SKU00254,43,8,12.16
2024-03-01,S030,SKU00012,14,7,6.48
2024-03-01,S030,SKU00206,43,11,12.31
2024-03-01,S030,SKU00097,47,6,11.93
2024-03-01,S030,SKU00341,24,19,20.55
2024-03-01,S030,SKU00040,38,16,18.22
2024-03-01,S030,SKU00263,51,26,12.54
2024-03-01,S030,SKU00049,42,9,21.35
2024-03-01,S030,SKU00189,48,19,21.3
2024-03-01,S030,SKU00158,33,15,7.83
2024-03-01,S030,SKU00394,18,1,10.9
2024-03-01,S030,SKU00078,24,23,9.74
2024-03-01,S030,SKU00248,39,15,24.2
2024-03-01,S030,SKU00387,64,14,19.03
2024-03-01,S030,SKU00080,52,14,21.0
2024-03-01,S030,SKU00190,27,17,23.47
2024-03-01,S030,SKU00010,42,8,22.61
2024-03-01,S030,SKU00171,52,13,26.18
2024-03-01,S030,SKU00184,42,11,15.79
2024-03-01,S030,SKU00020,40,20,19.96
2024-03-01,S030,SKU00217,18,19,19.37
2024-03-01,S030,SKU00342,60,5,17.51
2024-03-01,S030,SKU00055,28,6,24.5
2024-03-01,S030,SKU00085,42,17,21.5
2024-03-01,S030,SKU00154,50,21,36.04
2024-03-01,S030,SKU00027,33,23,8.1
2024-03-01,S030,SKU00256,48,17,16.17
2024-03-01,S030,SKU00024,47,13,19.95
2024-03-01,S030,SKU00369,50,28,27.28
2024-03-01,S030,SKU00209,46,22,40.26
2024-03-01,S030,SKU00239,56,22,7.57
2024-03-01,S030,SKU00169,28,8,15.35
2024-03-01,S030,SKU00386,67,8,24.27
2024-03-01,S030,SKU00207,15,9,16.29
2024-03-01,S030,SKU00366,42,10,12.66
2024-03-01,S030,SKU00316,27,13,9.13
2024-03-01,S030,SKU00053,29,17,26.92
2024-03-01,S030,SKU00213,30,21,21.39
2024-03-01,S030,SKU00266,21,10,15.48
2024-03-01,S030,SKU00111,17,15,22.67
2024-03-01,S030,SKU00232,55,20,17.89
2024-03-01,S030,SKU00201,66,28,17.59
2024-03-01,S030,SKU00145,27,8,13.72
2024-03-01,S030,SKU00382,70,13,8.38
2024-03-01,S030,SKU00114,41,13,16.42
2024-03-01,S030,SKU00370,32,23,19.59
2024-03-01,S030,SKU00142,60,16,22.57
2024-03-01,S030,SKU00026,21,9,28.01
2024-03-01,S030,SKU00242,40,32,23.88
2024-03-01,S030,SKU00100,48,18,7.48
2024-03-01,S030,SKU00141,43,5,34.29
2024-03-01,S030,SKU00399,59,0,25.01
2024-03-01,S030,SKU00167,57,16,11.09
2024-03-01,S030,SKU00106,30,28,11.12
2024-03-01,S030,SKU00151,54,19,7.16
2024-03-01,S030,SKU00048,51,12,35.43
2024-03-01,S030,SKU00272,48,16,18.35
2024-03-01,S030,SKU00381,29,7,29.5
2024-03-01,S030,SKU00057,28,8,19.41
2024-03-01,S030,SKU00252,43,5,35.29
2024-04-01,S001,SKU00187,36,15,25.15
2024-04-01,S001,SKU00115,22,13,16.78
2024-04-01,S001,SKU00266,40,4,15.48
2024-04-01,S001,SKU00196,32,25,14.66
2024-04-01,S001,SKU00240,26,26,30.32
2024-04-01,S001,SKU00309,42,18,27.53
2024-04-01,S001,SKU00348,52,22,24.11
2024-04-01,S001,SKU00068,49,0,9.04
2024-04-01,S001,SKU00103,32,7,12.99
2024-04-01,S001,SKU00028,26,15,14.87
2024-04-01,S001,SKU00389,42,14,26.23
2024-04-01,S001,SKU00297,42,9,20.51
2024-04-01,S001,SKU00322,21,28,9.39
2024-04-01,S001,SKU00301,80,12,13.89
2024-04-01,S001,SKU00332,38,5,53.2
2024-04-01,S001,SKU00109,41,12,32.26
2024-04-01,S001,SKU00185,30,28,22.74
2024-04-01,S001,SKU00120,31,12,10.19
2024-04-01,S001,SKU00144,46,5,12.22
2024-04-01,S001,SKU00107,50,10,27.98
2024-04-01,S001,SKU00033,8,12,10.76
2024-04-01,S001,SKU00148,33,11,18.3
2024-04-01,S001,SKU00188,61,17,22.21
2024-04-01,S001,SKU00203,49,24,27.92
2024-04-01,S001,SKU00057,43,24,19.41
2024-04-01,S001,SKU00030,29,11,9.58
2024-04-01,S001,SKU00019,40,6,14.15
2024-04-01,S001,SKU00158,79,2,7.83
2024-04-01,S001,SKU00143,66,15,9.07
2024-04-01,S001,SKU00140,36,8,22.39
2024-04-01,S001,SKU00225,39,0,14.42
2024-04-01,S001,SKU00372,30,18,8.73
2024-04-01,S001,SKU00026,43,10,28.01
2024-04-01,S001,SKU00285,41,8,16.17
2024-04-01,S001,SKU00320,51,6,13.56
2024-04-01,S001,SKU00390,29,28,20.94
2024-04-01,S001,SKU00271,52,20,41.0
2024-04-01,S001,SKU00337,54,15,20.41
2024-04-01,S001,SKU00164,29,0,20.75
2024-04-01,S001,SKU00092,22,20,6.71
2024-04-01,S001,SKU00121,38,23,21.13
2024-04-01,S001,SKU00161,27,14,6.86
2024-04-01,S001,SKU00008,47,12,14.83
2024-04-01,S001,SKU00383,39,5,21.74
2024-04-01,S001,SKU00276,71,27,8.52
2024-04-01,S001,SKU00310,39,15,23.34
2024-04-01,S001,SKU00231,10,13,23.4
2024-04-01,S001,SKU00295,42,20,21.15
2024-04-01,S001,SKU00021,31,14,21.44
2024-04-01,S001,SKU00112,27,23,17.88
2024-04-01,S001,SKU00204,52,15,22.75
2024-04-01,S001,SKU00323,31,13,17.89
2024-04-01,S001,SKU00174,56,10,23.97
2024-04-01,S001,SKU00217,24,17,19.37
2024-04-01,S001,SKU00339,44,16,14.34
2024-04-01,S001,SKU00178,19,0,23.85
2024-04-01,S001,SKU00270,55,0,23.19
2024-04-01,S001,SKU00363,62,4,19.67
2024-04-01,S001,SKU00041,22,0,19.41
2024-04-01,S001,SKU00119,37,13,21.19
2024-04-01,S002,SKU00233,33,18,14.08
2024-04-01,S002,SKU00277,30,22,17.75
2024-04-01,S002,SKU00256,88,19,16.17
2024-04-01,S002,SKU00004,34,7,9.51
2024-04-01,S002,SKU00051,38,20,21.15
2024-04-01,S002,SKU00042,34,1,27.28
2024-04-01,S002,SKU00241,41,4,22.03
2024-04-01,S002,SKU00367,41,10,23.63
2024-04-01,S002,SKU00361,59,12,22.51
2024-04-01,S002,SKU00065,40,2,21.23
2024-04-01,S002,SKU00104,47,22,30.27
2024-04-01,S002,SKU00115,35,22,16.78
2024-04-01,S002,SKU00060,37,9,30.63
2024-04-01,S002,SKU00221,33,14,18.46
2024-04-01,S002,SKU00038,39,10,22.05
2024-04-01,S002,SKU00114,16,18,16.42
2024-04-01,S002,SKU00077,61,17,7.81
2024-04-01,S002,SKU00137,26,4,32.34
2024-04-01,S002,SKU00366,53,16,12.66
2024-04-01,S002,SKU00376,11,6,22.09
2024-04-01,S002,SKU00249,31,11,14.24
2024-04-01,S002,SKU00164,53,3,20.75
2024-04-01,S002,SKU00330,58,18,28.29
2024-04-01,S002,SKU00008,31,18,14.83
2024-04-01,S002,SKU00225,42,6,14.42
2024-04-01,S002,SKU00339,57,20,14.34
2024-04-01,S002,SKU00174,46,13,23.97
2024-04-01,S002,SKU00043,22,12,24.13
2024-04-01,S002,SKU00188,29,22,22.21
2024-04-01,S002,SKU00232,19,23,17.89
2024-04-01,S002,SKU00238,23,13,47.65
2024-04-01,S002,SKU00325,29,16,11.47
2024-04-01,S002,SKU00214,44,22,47.96
2024-04-01,S002,SKU00237,38,14,22.91
2024-04-01,S002,SKU00387,26,8,19.03
2024-04-01,S002,SKU00101,0,25,13.03
2024-04-01,S002,SKU00176,32,9,14.59
2024-04-01,S002,SKU00208,57,14,7.02
2024-04-01,S002,SKU00318,83,13,20.51
2024-04-01,S002,SKU00166,65,11,26.57
2024-04-01,S002,SKU00316,43,11,9.13
2024-04-01,S002,SKU00266,54,7,15.48
2024-04-01,S002,SKU00031,49,11,18.97
2024-04-01,S002,SKU00022,41,25,10.6
2024-04-01,S002,SKU00356,37,23,6.76
2024-04-01,S002,SKU00067,46,15,12.5
2024-04-01,S002,SKU00282,52,5,31.83
2024-04-01,S002,SKU00259,55,21,16.74
2024-04-01,S002,SKU00005,32,11,5.18
2024-04-01,S002,SKU00303,35,18,27.57
2024-04-01,S002,SKU00310,42,22,23.34
2024-04-01,S002,SKU00346,49,15,46.67
2024-04-01,S002,SKU00283,58,4,35.29
2024-04-01,S002,SKU00337,35,11,20.41
2024-04-01,S002,SKU00251,12,18,16.74
2024-04-01,S002,SKU00126,41,21,25.54
2024-04-01,S002,SKU00372,54,12,8.73
2024-04-01,S002,SKU00275,40,12,24.1
2024-04-01,S002,SKU00190,36,15,23.47
2024-04-01,S002,SKU00096,52,27,19.19
2024-04-01,S003,SKU00250,47,2,22.08
2024-04-01,S003,SKU00352,27,17,23.46
2024-04-01,S003,SKU00356,42,18,6.76
2024-04-01,S003,SKU00018,37,7,11.75
2024-04-01,S003,SKU00302,41,8,11.51
2024-04-01,S003,SKU00063,19,17,13.32
2024-04-01,S003,SKU00265,10,2,15.45
2024-04-01,S003,SKU00310,0,12,23.34
2024-04-01,S003,SKU00094,26,6,30.76
2024-04-01,S003,SKU00266,41,14,15.48
2024-04-01,S003,SKU00113,54,17,20.63
2024-04-01,S003,SKU00312,45,12,19.86
2024-04-01,S003,SKU00123,47,11,17.11
2024-04-01,S003,SKU00350,27,15,24.41
2024-04-01,S003,SKU00047,32,20,30.28
2024-04-01,S003,SKU00234,44,13,14.14
2024-04-01,S003,SKU00035,36,20,34.51
2024-04-01,S003,SKU00019,38,15,14.15
2024-04-01,S003,SKU00276,58,20,8.52
2024-04-01,S003,SKU00229,44,30,28.44
2024-04-01,S003,SKU00174,23,20,23.97
2024-04-01,S003,SKU00121,58,14,21.13
2024-04-01,S003,SKU00237,43,16,22.91
2024-04-01,S003,SKU00176,43,9,14.59
2024-04-01,S003,SKU00297,19,7,20.51
2024-04-01,S003,SKU00294,46,14,21.46
2024-04-01,S003,SKU00082,48,25,18.27
2024-04-01,S003,SKU00367,19,10,23.63
2024-04-01,S003,SKU00083,35,14,22.59
2024-04-01,S003,SKU00259,39,27,16.74
2024-04-01,S003,SKU00120,35,12,10.19
2024-04-01,S003,SKU00021,48,16,21.44
2024-04-01,S003,SKU00383,51,21,21.74
2024-04-01,S003,SKU00221,31,19,18.46
2024-04-01,S003,SKU00100,51,4,7.48
2024-04-01,S003,SKU00287,39,15,23.44
2024-04-01,S003,SKU00167,45,18,11.09
2024-04-01,S003,SKU00332,63,26,53.2
2024-04-01,S003,SKU00223,25,2,14.14
2024-04-01,S003,SKU00374,66,21,17.57
2024-04-01,S003,SKU00257,31,16,12.09
2024-04-01,S003,SKU00060,7,10,30.63
2024-04-01,S003,SKU00173,37,19,24.41
2024-04-01,S003,SKU00386,11,8,24.27
2024-04-01,S003,SKU00078,44,6,9.74
2024-04-01,S003,SKU00180,39,25,18.4
2024-04-01,S003,SKU00068,49,7,9.04
2024-04-01,S003,SKU00016,26,17,20.2
2024-04-01,S003,SKU00008,45,15,14.83
2024-04-01,S003,SKU00281,45,12,24.82
2024-04-01,S003,SKU00185,42,14,22.74
2024-04-01,S003,SKU00010,18,21,22.61
2024-04-01,S003,SKU00124,36,13,18.08
2024-04-01,S003,SKU00101,31,21,13.03
2024-04-01,S003,SKU00253,35,20,19.63
2024-04-01,S003,SKU00029,42,27,18.21
2024-04-01,S003,SKU00260,10,20,16.1
2024-04-01,S003,SKU00077,24,23,7.81
2024-04-01,S003,SKU00136,66,10,21.43
2024-04-01,S003,SKU00198,40,16,25.14
2024-04-01,S004,SKU00230,37,11,28.51
2024-04-01,S004,SKU00033,42,28,10.76
2024-04-01,S004,SKU00313,28,15,21.61
2024-04-01,S004,SKU00385,35,25,24.15
2024-04-01,S004,SKU00173,67,10,24.41
2024-04-01,S004,SKU00311,19,10,23.51
2024-04-01,S004,SKU00286,42,9,25.41
2024-04-01,S004,SKU00267,56,27,32.29
2024-04-01,S004,SKU00162,47,21,23.58
2024-04-01,S004,SKU00139,47,0,19.06
2024-04-01,S004,SKU00234,20,8,14.14
2024-04-01,S004,SKU00118,21,16,9.41
2024-04-01,S004,SKU00179,63,11,8.72
2024-04-01,S004,SKU00278,40,18,29.28
2024-04-01,S004,SKU00324,31,19,27.35
2024-04-01,S004,SKU00208,31,9,7.02
2024-04-01,S004,SKU00031,72,25,18.97
2024-04-01,S004,SKU00079,33,12,18.54
2024-04-01,S004,SKU00200,40,25,35.75
2024-04-01,S004,SKU00360,45,26,35.66
2024-04-01,S004,SKU00225,27,22,14.42
2024-04-01,S004,SKU00048,42,19,35.43
2024-04-01,S004,SKU00380,55,11,21.56
2024-04-01,S004,SKU00314,44,7,15.81
2024-04-01,S004,SKU00307,36,7,19.13
2024-04-01,S004,SKU00376,51,12,22.09
2024-04-01,S004,SKU00103,43,3,12.99
2024-04-01,S004,SKU00155,41,27,22.47
2024-04-01,S004,SKU00051,18,25,21.15
2024-04-01,S004,SKU00293,29,11,28.83
2024-04-01,S004,SKU00340,1,19,14.8
2024-04-01,S004,SKU00124,52,0,18.08
2024-04-01,S004,SKU00361,31,7,22.51
2024-04-01,S004,SKU00026,56,24,28.01
2024-04-01,S004,SKU00114,16,12,16.42
2024-04-01,S004,SKU00001,61,13,20.02
2024-04-01,S004,SKU00126,38,10,25.54
2024-04-01,S004,SKU00037,40,13,14.43
2024-04-01,S004,SKU00006,38,18,22.21
2024-04-01,S004,SKU00341,44,7,20.55
2024-04-01,S004,SKU00113,27,20,20.63
2024-04-01,S004,SKU00145,33,9,13.72
2024-04-01,S004,SKU00084,35,15,22.85
2024-04-01,S004,SKU00248,11,13,24.2
2024-04-01,S004,SKU00345,37,2,21.99
2024-04-01,S004,SKU00247,40,10,19.17
2024-04-01,S004,SKU00221,45,15,18.46
2024-04-01,S004,SKU00135,40,17,21.41
2024-04-01,S004,SKU00301,26,10,13.89
2024-04-01,S004,SKU00170,19,10,19.07
2024-04-01,S004,SKU00327,28,18,24.66
2024-04-01,S004,SKU00316,36,6,9.13
2024-04-01,S004,SKU00175,57,0,22.23
2024-04-01,S004,SKU00294,49,13,21.46
2024-04-01,S004,SKU00370,40,12,19.59
2024-04-01,S004,SKU00188,44,26,22.21
2024-04-01,S004,SKU00023,14,10,23.51
2024-04-01,S004,SKU00097,32,7,11.93
2024-04-01,S004,SKU00374,39,14,17.57
2024-04-01,S004,SKU00356,36,15,6.76
2024-04-01,S005,SKU00340,32,14,14.8
2024-04-01,S005,SKU00152,62,27,34.48
2024-04-01,S005,SKU00323,50,24,17.89
2024-04-01,S005,SKU00043,22,19,24.13
2024-04-01,S005,SKU00388,32,36,18.08
2024-04-01,S005,SKU00222,70,12,21.69
2024-04-01,S005,SKU00176,34,23,14.59
2024-04-01,S005,SKU00389,47,20,26.23
2024-04-01,S005,SKU00088,37,18,27.73
2024-04-01,S005,SKU00293,7,19,28.83
2024-04-01,S005,SKU00035,45,27,34.51
2024-04-01,S005,SKU00287,31,0,23.44
2024-04-01,S005,SKU00058,49,11,33.62
2024-04-01,S005,SKU00288,42,34,22.22
2024-04-01,S005,SKU00013,56,15,15.96
2024-04-01,S005,SKU00080,49,11,21.0
2024-04-01,S005,SKU00202,52,15,41.7
2024-04-01,S005,SKU00028,17,13,14.87
2024-04-01,S005,SKU00154,38,27,36.04
2024-04-01,S005,SKU00382,32,22,8.38
2024-04-01,S005,SKU00077,38,20,7.81
2024-04-01,S005,SKU00157,50,0,26.67
2024-04-01,S005,SKU00272,45,10,18.35
2024-04-01,S005,SKU00136,35,13,21.43
2024-04-01,S005,SKU00218,40,11,10.78
2024-04-01,S005,SKU00243,21,23,20.2
2024-04-01,S005,SKU00241,49,13,22.03
2024-04-01,S005,SKU00112,45,8,17.88
2024-04-01,S005,SKU00211,55,14,37.2
2024-04-01,S005,SKU00031,41,9,18.97
2024-04-01,S005,SKU00114,39,13,16.42
2024-04-01,S005,SKU00313,46,24,21.61
2024-04-01,S005,SKU00317,32,21,22.08
2024-04-01,S005,SKU00330,45,19,28.29
2024-04-01,S005,SKU00155,38,18,22.47
2024-04-01,S005,SKU00103,36,14,12.99
2024-04-01,S005,SKU00374,61,5,17.57
2024-04-01,S005,SKU00085,15,13,21.5
2024-04-01,S005,SKU00012,31,18,6.48
2024-04-01,S005,SKU00246,66,6,19.79
2024-04-01,S005,SKU00038,20,12,22.05
2024-04-01,S005,SKU00104,28,16,30.27
2024-04-01,S005,SKU00371,26,21,23.22
2024-04-01,S005,SKU00219,33,19,24.96
2024-04-01,S005,SKU00325,20,11,11.47
2024-04-01,S005,SKU00090,62,8,19.09
2024-04-01,S005,SKU00042,23,20,27.28
2024-04-01,S005,SKU00328,47,10,20.31
2024-04-01,S005,SKU00192,55,13,15.31
2024-04-01,S005,SKU00006,30,19,22.21
2024-04-01,S005,SKU00233,63,15,14.08
2024-04-01,S005,SKU00220,49,13,23.06
2024-04-01,S005,SKU00191,82,11,24.12
2024-04-01,S005,SKU00132,47,12,18.85
2024-04-01,S005,SKU00116,37,12,40.0
2024-04-01,S005,SKU00175,51,27,22.23
2024-04-01,S005,SKU00051,51,14,21.15
2024-04-01,S005,SKU00322,63,24,9.39
2024-04-01,S005,SKU00163,41,37,15.73
2024-04-01,S005,SKU00064,31,32,14.1
2024-04-01,S006,SKU00155,60,15,22.47
2024-04-01,S006,SKU00321,30,6,8.77
2024-04-01,S006,SKU00363,30,20,19.67
2024-04-01,S006,SKU00177,35,12,24.36
2024-04-01,S006,SKU00303,62,7,27.57
2024-04-01,S006,SKU00170,52,13,19.07
2024-04-01,S006,SKU00237,0,16,22.91
2024-04-01,S006,SKU00294,67,2,21.46
2024-04-01,S006,SKU00011,36,13,17.51
2024-04-01,S006,SKU00007,24,20,12.89
2024-04-01,S006,SKU00145,47,17,13.72
2024-04-01,S006,SKU00298,55,14,11.72
2024-04-01,S006,SKU00081,30,17,16.01
2024-04-01,S006,SKU00133,25,15,10.11
2024-04-01,S006,SKU00245,62,2,19.78
2024-04-01,S006,SKU00121,55,15,21.13
2024-04-01,S006,SKU00203,18,14,27.92
2024-04-01,S006,SKU00022,31,4,10.6
2024-04-01,S006,SKU00106,41,22,11.12
2024-04-01,S006,SKU00149,34,15,16.9
2024-04-01,S006,SKU00199,66,21,28.75
2024-04-01,S006,SKU00312,48,12,19.86
2024-04-01,S006,SKU00317,29,17,22.08
2024-04-01,S006,SKU00089,20,11,25.61
2024-04-01,S006,SKU00197,38,23,14.73
2024-04-01,S006,SKU00360,29,17,35.66
2024-04-01,S006,SKU00249,19,18,14.24
2024-04-01,S006,SKU00159,44,17,20.64
2024-04-01,S006,SKU00102,52,2,7.81
2024-04-01,S006,SKU00247,31,28,19.17
2024-04-01,S006,SKU00322,54,13,9.39
2024-04-01,S006,SKU00330,58,18,28.29
2024-04-01,S006,SKU00222,28,6,21.69
2024-04-01,S006,SKU00258,44,20,29.8
2024-04-01,S006,SKU00238,16,17,47.65
2024-04-01,S006,SKU00006,26,15,22.21
2024-04-01,S006,SKU00157,62,10,26.67
2024-04-01,S006,SKU00391,24,8,20.67
2024-04-01,S006,SKU00257,36,14,12.09
2024-04-01,S006,SKU00295,49,19,21.15
2024-04-01,S006,SKU00350,51,9,24.41
2024-04-01,S006,SKU00167,28,23,11.09
2024-04-01,S006,SKU00300,38,15,19.9
2024-04-01,S006,SKU00267,18,20,32.29
2024-04-01,S006,SKU00301,25,13,13.89
2024-04-01,S006,SKU00072,60,0,22.01
2024-04-01,S006,SKU00104,53,24,30.27
2024-04-01,S006,SKU00252,44,13,35.29
2024-04-01,S006,SKU00179,45,21,8.72
2024-04-01,S006,SKU00296,57,10,18.93
2024-04-01,S006,SKU00308,34,19,33.04
2024-04-01,S006,SKU00074,50,8,28.23
2024-04-01,S006,SKU00096,21,16,19.19
2024-04-01,S006,SKU00354,29,14,16.32
2024-04-01,S006,SKU00225,43,27,14.42
2024-04-01,S006,SKU00384,57,8,6.97
2024-04-01,S006,SKU00313,56,19,21.61
2024-04-01,S006,SKU00297,59,16,20.51
2024-04-01,S006,SKU00132,19,7,18.85
2024-04-01,S006,SKU00123,17,23,17.11
2024-04-01,S007,SKU00373,38,12,43.52
2024-04-01,S007,SKU00271,63,21,41.0
2024-04-01,S007,SKU00179,49,12,8.72
2024-04-01,S007,SKU00166,65,12,26.57
2024-04-01,S007,SKU00176,81,25,14.59
2024-04-01,S007,SKU00302,39,10,11.51
2024-04-01,S007,SKU00220,32,18,23.06
2024-04-01,S007,SKU00371,42,14,23.22
2024-04-01,S007,SKU00051,21,7,21.15
2024-04-01,S007,SKU00352,35,7,23.46
2024-04-01,S007,SKU00196,50,6,14.66
2024-04-01,S007,SKU00283,5,17,35.29
2024-04-01,S007,SKU00240,45,6,30.32
2024-04-01,S007,SKU00346,9,10,46.67
2024-04-01,S007,SKU00362,18,26,17.84
2024-04-01,S007,SKU00197,51,11,14.73
2024-04-01,S007,SKU00119,38,8,21.19
2024-04-01,S007,SKU00226,51,24,37.85
2024-04-01,S007,SKU00198,50,15,25.14
2024-04-01,S007,SKU00253,60,15,19.63
2024-04-01,S007,SKU00045,38,12,19.14
2024-04-01,S007,SKU00292,55,18,27.78
2024-04-01,S007,SKU00245,37,15,19.78
2024-04-01,S007,SKU00348,17,29,24.11
2024-04-01,S007,SKU00121,62,7,21.13
2024-04-01,S007,SKU00340,26,5,14.8
2024-04-01,S007,SKU00254,47,17,12.16
2024-04-01,S007,SKU00127,18,16,18.2
2024-04-01,S007,SKU00299,46,13,21.87
2024-04-01,S007,SKU00279,37,13,18.46
2024-04-01,S007,SKU00191,63,13,24.12
2024-04-01,S007,SKU00007,36,3,12.89
2024-04-01,S007,SKU00081,53,3,16.01
2024-04-01,S007,SKU00344,40,11,6.67
2024-04-01,S007,SKU00293,7,14,28.83
2024-04-01,S007,SKU00048,21,9,35.43
2024-04-01,S007,SKU00392,39,18,28.95
2024-04-01,S007,SKU00055,30,12,24.5
2024-04-01,S007,SKU00248,29,13,24.2
2024-04-01,S007,SKU00367,50,16,23.63
2024-04-01,S007,SKU00030,19,9,9.58
2024-04-01,S007,SKU00175,41,18,22.23
2024-04-01,S007,SKU00074,30,4,28.23
2024-04-01,S007,SKU00037,19,16,14.43
2024-04-01,S007,SKU00174,35,15,23.97
2024-04-01,S007,SKU00294,27,22,21.46
2024-04-01,S007,SKU00332,21,12,53.2
2024-04-01,S007,SKU00187,45,15,25.15
2024-04-01,S007,SKU00184,27,0,15.79
2024-04-01,S007,SKU00085,33,16,21.5
2024-04-01,S007,SKU00006,30,6,22.21
2024-04-01,S007,SKU00353,35,12,28.84
2024-04-01,S007,SKU00190,39,6,23.47
2024-04-01,S007,SKU00286,42,13,25.41
2024-04-01,S007,SKU00047,34,18,30.28
2024-04-01,S007,SKU00390,38,16,20.94
2024-04-01,S007,SKU00023,68,20,23.51
2024-04-01,S007,SKU00088,56,2,27.73
2024-04-01,S007,SKU00057,50,23,19.41
2024-04-01,S007,SKU00306,52,13,13.85
2024-04-01,S008,SKU00151,37,10,7.16
2024-04-01,S008,SKU00031,41,25,18.97
2024-04-01,S008,SKU00254,27,24,12.16
2024-04-01,S008,SKU00155,36,14,22.47
2024-04-01,S008,SKU00311,41,15,23.51
2024-04-01,S008,SKU00100,27,10,7.48
2024-04-01,S008,SKU00379,17,15,19.61
2024-04-01,S008,SKU00171,32,12,26.18
2024-04-01,S008,SKU00106,20,12,11.12
2024-04-01,S008,SKU00302,39,14,11.51
2024-04-01,S008,SKU00093,30,14,20.73
2024-04-01,S008,SKU00320,40,7,13.56
2024-04-01,S008,SKU00142,47,14,22.57
2024-04-01,S008,SKU00269,47,14,13.31
2024-04-01,S008,SKU00038,61,18,22.05
2024-04-01,S008,SKU00090,41,17,19.09
2024-04-01,S008,SKU00006,39,0,22.21
2024-04-01,S008,SKU00289,55,14,20.83
2024-04-01,S008,SKU00308,20,15,33.04
2024-04-01,S008,SKU00388,43,12,18.08
2024-04-01,S008,SKU00069,19,26,10.26
2024-04-01,S008,SKU00059,31,17,18.63
2024-04-01,S008,SKU00008,39,22,14.83
2024-04-01,S008,SKU00244,30,12,14.65
2024-04-01,S008,SKU00109,38,13,32.26
2024-04-01,S008,SKU00096,51,3,19.19
2024-04-01,S008,SKU00195,59,33,20.76
2024-04-01,S008,SKU00234,17,11,14.14
2024-04-01,S008,SKU00091,47,22,16.61
2024-04-01,S008,SKU00054,42,22,12.05
2024-04-01,S008,SKU00213,41,22,21.39
2024-04-01,S008,SKU00199,33,9,28.75
2024-04-01,S008,SKU00383,65,22,21.74
2024-04-01,S008,SKU00013,54,31,15.96
2024-04-01,S008,SKU00397,30,23,24.95
2024-04-01,S008,SKU00318,27,10,20.51
2024-04-01,S008,SKU00067,25,14,12.5
2024-04-01,S008,SKU00028,44,28,14.87
2024-04-01,S008,SKU00262,39,22,6.97
2024-04-01,S008,SKU00097,56,23,11.93
2024-04-01,S008,SKU00313,16,3,21.61
2024-04-01,S008,SKU00160,34,9,18.48
2024-04-01,S008,SKU00023,44,25,23.51
2024-04-01,S008,SKU00233,31,24,14.08
2024-04-01,S008,SKU00221,44,6,18.46
2024-04-01,S008,SKU00382,6,19,8.38
2024-04-01,S008,SKU00239,16,9,7.57
2024-04-01,S008,SKU00196,42,29,14.66
2024-04-01,S008,SKU00376,27,20,22.09
2024-04-01,S008,SKU00146,38,18,30.59
2024-04-01,S008,SKU00061,42,21,13.6
2024-04-01,S008,SKU00398,59,29,31.97
2024-04-01,S008,SKU00126,15,18,25.54
2024-04-01,S008,SKU00298,28,13,11.72
2024-04-01,S008,SKU00217,45,8,19.37
2024-04-01,S008,SKU00115,29,26,16.78
2024-04-01,S008,SKU00393,11,17,7.6
2024-04-01,S008,SKU00200,16,12,35.75
2024-04-01,S008,SKU00011,41,12,17.51
2024-04-01,S008,SKU00394,61,27,10.9
2024-04-01,S009,SKU00293,34,13,28.83
2024-04-01,S009,SKU00287,34,25,23.44
2024-04-01,S009,SKU00005,12,28,5.18
2024-04-01,S009,SKU00131,53,14,22.93
2024-04-01,S009,SKU00213,40,7,21.39
2024-04-01,S009,SKU00380,51,14,21.56
2024-04-01,S009,SKU00109,54,8,32.26
2024-04-01,S009,SKU00046,46,19,11.26
2024-04-01,S009,SKU00017,56,12,22.2
2024-04-01,S009,SKU00331,54,21,9.22
2024-04-01,S009,SKU00347,47,12,35.52
2024-04-01,S009,SKU00354,66,15,16.32
2024-04-01,S009,SKU00389,12,20,26.23
2024-04-01,S009,SKU00165,31,26,12.62
2024-04-01,S009,SKU00001,59,19,20.02
2024-04-01,S009,SKU00291,28,9,20.61
2024-04-01,S009,SKU00393,25,10,7.6
2024-04-01,S009,SKU00045,35,15,19.14
2024-04-01,S009,SKU00099,26,19,12.91
2024-04-01,S009,SKU00140,21,9,22.39
2024-04-01,S009,SKU00121,69,6,21.13
2024-04-01,S009,SKU00215,39,15,20.75
2024-04-01,S009,SKU00085,28,26,21.5
2024-04-01,S009,SKU00377,19,5,24.12
2024-04-01,S009,SKU00244,17,15,14.65
2024-04-01,S009,SKU00155,29,18,22.47
2024-04-01,S009,SKU00142,33,13,22.57
2024-04-01,S009,SKU00239,21,19,7.57
2024-04-01,S009,SKU00355,60,27,17.98
2024-04-01,S009,SKU00263,38,7,12.54
2024-04-01,S009,SKU00228,26,4,42.12
2024-04-01,S009,SKU00339,44,20,14.34
2024-04-01,S009,SKU00344,28,8,6.67
2024-04-01,S009,SKU00189,40,11,21.3
2024-04-01,S009,SKU00372,46,14,8.73
2024-04-01,S009,SKU00167,65,14,11.09
2024-04-01,S009,SKU00256,25,14,16.17
2024-04-01,S009,SKU00235,0,14,17.69
2024-04-01,S009,SKU00362,17,17,17.84
2024-04-01,S009,SKU00337,57,13,20.41
2024-04-01,S009,SKU00145,45,7,13.72
2024-04-01,S009,SKU00212,23,11,8.51
2024-04-01,S009,SKU00348,56,17,24.11
2024-04-01,S009,SKU00033,36,15,10.76
2024-04-01,S009,SKU00160,28,3,18.48
2024-04-01,S009,SKU00241,36,21,22.03
2024-04-01,S009,SKU00369,40,22,27.28
2024-04-01,S009,SKU00304,38,6,13.37
2024-04-01,S009,SKU00031,47,15,18.97
2024-04-01,S009,SKU00390,27,4,20.94
2024-04-01,S009,SKU00383,59,1,21.74
2024-04-01,S009,SKU00107,37,22,27.98
2024-04-01,S009,SKU00316,60,18,9.13
2024-04-01,S009,SKU00067,47,12,12.5
2024-04-01,S009,SKU00271,36,27,41.0
2024-04-01,S009,SKU00234,37,16,14.14
2024-04-01,S009,SKU00201,48,8,17.59
2024-04-01,S009,SKU00021,51,18,21.44
2024-04-01,S009,SKU00016,49,11,20.2
2024-04-01,S009,SKU00164,18,7,20.75
2024-04-01,S010,SKU00082,35,3,18.27
2024-04-01,S010,SKU00196,28,13,14.66
2024-04-01,S010,SKU00161,40,28,6.86
2024-04-01,S010,SKU00142,28,15,22.57
2024-04-01,S010,SKU00156,41,22,13.5
2024-04-01,S010,SKU00251,40,20,16.74
2024-04-01,S010,SKU00262,58,9,6.97
2024-04-01,S010,SKU00146,24,23,30.59
2024-04-01,S010,SKU00316,40,1,9.13
2024-04-01,S010,SKU00167,26,18,11.09
2024-04-01,S010,SKU00116,45,10,40.0
2024-04-01,S010,SKU00138,34,19,9.29
2024-04-01,S010,SKU00100,61,8,7.48
2024-04-01,S010,SKU00342,37,14,17.51
2024-04-01,S010,SKU00298,47,15,11.72
2024-04-01,S010,SKU00346,35,13,46.67
2024-04-01,S010,SKU00305,32,6,19.27
2024-04-01,S010,SKU00284,28,9,20.24
2024-04-01,S010,SKU00331,36,25,9.22
2024-04-01,S010,SKU00326,28,18,21.09
2024-04-01,S010,SKU00366,74,12,12.66
2024-04-01,S010,SKU00243,45,16,20.2
2024-04-01,S010,SKU00134,71,5,22.15
2024-04-01,S010,SKU00026,30,7,28.01
2024-04-01,S010,SKU00271,22,6,41.0
2024-04-01,S010,SKU00041,55,23,19.41
2024-04-01,S010,SKU00005,30,17,5.18
2024-04-01,S010,SKU00188,11,5,22.21
2024-04-01,S010,SKU00064,45,18,14.1
2024-04-01,S010,SKU00266,39,5,15.48
2024-04-01,S010,SKU00178,29,13,23.85
2024-04-01,S010,SKU00388,29,15,18.08
2024-04-01,S010,SKU00045,34,15,19.14
2024-04-01,S010,SKU00036,51,28,15.82
2024-04-01,S010,SKU00007,45,5,12.89
2024-04-01,S010,SKU00237,20,2,22.91
2024-04-01,S010,SKU00017,34,24,22.2
2024-04-01,S010,SKU00158,53,2,7.83
2024-04-01,S010,SKU00084,34,10,22.85
2024-04-01,S010,SKU00184,50,19,15.79
2024-04-01,S010,SKU00049,47,31,21.35
2024-04-01,S010,SKU00190,23,10,23.47
2024-04-01,S010,SKU00030,26,8,9.58
2024-04-01,S010,SKU00218,73,9,10.78
2024-04-01,S010,SKU00386,43,16,24.27
2024-04-01,S010,SKU00008,63,17,14.83
2024-04-01,S010,SKU00213,56,14,21.39
2024-04-01,S010,SKU00119,27,8,21.19
2024-04-01,S010,SKU00205,46,0,13.85
2024-04-01,S010,SKU00288,52,10,22.22
2024-04-01,S010,SKU00123,29,24,17.11
2024-04-01,S010,SKU00172,46,14,9.82
2024-04-01,S010,SKU00282,30,25,31.83
2024-04-01,S010,SKU00085,47,19,21.5
2024-04-01,S010,SKU00332,67,12,53.2
2024-04-01,S010,SKU00141,37,15,34.29
2024-04-01,S010,SKU00285,26,4,16.17
2024-04-01,S010,SKU00216,33,14,35.17
2024-04-01,S010,SKU00375,35,0,23.14
2024-04-01,S010,SKU00308,41,17,33.04
2024-04-01,S011,SKU00297,42,8,20.51
2024-04-01,S011,SKU00180,55,8,18.4
2024-04-01,S011,SKU00189,28,33,21.3
2024-04-01,S011,SKU00108,57,11,8.67
2024-04-01,S011,SKU00183,28,0,7.71
2024-04-01,S011,SKU00102,47,20,7.81
2024-04-01,S011,SKU00209,21,13,40.26
2024-04-01,S011,SKU00290,25,15,20.85
2024-04-01,S011,SKU00335,32,20,10.25
2024-04-01,S011,SKU00059,22,18,18.63
2024-04-01,S011,SKU00239,21,28,7.57
2024-04-01,S011,SKU00045,37,8,19.14
2024-04-01,S011,SKU00075,75,11,19.82
2024-04-01,S011,SKU00314,18,12,15.81
2024-04-01,S011,SKU00105,9,24,24.88
2024-04-01,S011,SKU00244,30,19,14.65
2024-04-01,S011,SKU00366,31,5,12.66
2024-04-01,S011,SKU00082,6,14,18.27
2024-04-01,S011,SKU00238,50,8,47.65
2024-04-01,S011,SKU00169,50,2,15.35
2024-04-01,S011,SKU00181,10,18,21.21
2024-04-01,S011,SKU00203,54,10,27.92
2024-04-01,S011,SKU00088,41,20,27.73
2024-04-01,S011,SKU00002,24,27,22.95
2024-04-01,S011,SKU00284,44,18,20.24
2024-04-01,S011,SKU00195,32,11,20.76
2024-04-01,S011,SKU00348,24,15,24.11
2024-04-01,S011,SKU00400,23,17,16.59
2024-04-01,S011,SKU00226,45,18,37.85
2024-04-01,S011,SKU00327,46,22,24.66
2024-04-01,S011,SKU00368,39,29,14.01
2024-04-01,S011,SKU00278,39,16,29.28
2024-04-01,S011,SKU00103,29,15,12.99
2024-04-01,S011,SKU00369,30,12,27.28
2024-04-01,S011,SKU00092,42,13,6.71
2024-04-01,S011,SKU00262,29,9,6.97
2024-04-01,S011,SKU00081,44,14,16.01
2024-04-01,S011,SKU00051,63,20,21.15
2024-04-01,S011,SKU00387,35,0,19.03
2024-04-01,S011,SKU00134,44,12,22.15
2024-04-01,S011,SKU00280,40,14,11.07
2024-04-01,S011,SKU00173,28,4,24.41
2024-04-01,S011,SKU00044,33,8,16.43
2024-04-01,S011,SKU00012,33,9,6.48
2024-04-01,S011,SKU00213,11,15,21.39
2024-04-01,S011,SKU00269,34,10,13.31
2024-04-01,S011,SKU00150,30,13,17.58
2024-04-01,S011,SKU00250,23,21,22.08
2024-04-01,S011,SKU00392,47,25,28.95
2024-04-01,S011,SKU00155,53,13,22.47
2024-04-01,S011,SKU00273,62,21,21.29
2024-04-01,S011,SKU00289,51,14,20.83
2024-04-01,S011,SKU00162,17,19,23.58
2024-04-01,S011,SKU00293,30,20,28.83
2024-04-01,S011,SKU00390,44,4,20.94
2024-04-01,S011,SKU00207,42,18,16.29
2024-04-01,S011,SKU00161,10,17,6.86
2024-04-01,S011,SKU00079,19,11,18.54
2024-04-01,S011,SKU00196,27,18,14.66
2024-04-01,S011,SKU00256,45,18,16.17
2024-04-01,S012,SKU00213,31,13,21.39
2024-04-01,S012,SKU00391,18,19,20.67
2024-04-01,S012,SKU00207,65,0,16.29
2024-04-01,S012,SKU00020,72,24,19.96
2024-04-01,S012,SKU00271,47,16,41.0
2024-04-01,S012,SKU00343,28,18,25.69
2024-04-01,S012,SKU00141,68,3,34.29
2024-04-01,S012,SKU00154,37,11,36.04
2024-04-01,S012,SKU00245,67,19,19.78
2024-04-01,S012,SKU00116,56,11,40.0
2024-04-01,S012,SKU00009,4,13,21.87
2024-04-01,S012,SKU00263,14,11,12.54
2024-04-01,S012,SKU00002,62,14,22.95
2024-04-01,S012,SKU00347,55,19,35.52
2024-04-01,S012,SKU00167,30,4,11.09
2024-04-01,S012,SKU00223,39,15,14.14
2024-04-01,S012,SKU00360,61,16,35.66
2024-04-01,S012,SKU00036,23,20,15.82
2024-04-01,S012,SKU00008,22,14,14.83
2024-04-01,S012,SKU00159,36,13,20.64
2024-04-01,S012,SKU00033,45,8,10.76
2024-04-01,S012,SKU00286,3,17,25.41
2024-04-01,S012,SKU00295,53,3,21.15
2024-04-01,S012,SKU00344,39,17,6.67
2024-04-01,S012,SKU00140,53,22,22.39
2024-04-01,S012,SKU00357,41,9,14.08
2024-04-01,S012,SKU00369,53,14,27.28
2024-04-01,S012,SKU00372,39,21,8.73
2024-04-01,S012,SKU00358,50,15,20.44
2024-04-01,S012,SKU00285,46,14,16.17
2024-04-01,S012,SKU00307,50,14,19.13
2024-04-01,S012,SKU00230,42,30,28.51
2024-04-01,S012,SKU00170,47,11,19.07
2024-04-01,S012,SKU00280,50,15,11.07
2024-04-01,S012,SKU00025,54,11,18.13
2024-04-01,S012,SKU00362,59,14,17.84
2024-04-01,S012,SKU00303,15,5,27.57
2024-04-01,S012,SKU00380,45,23,21.56
2024-04-01,S012,SKU00199,40,19,28.75
2024-04-01,S012,SKU00173,37,16,24.41
2024-04-01,S012,SKU00174,24,21,23.97
2024-04-01,S012,SKU00037,68,8,14.43
2024-04-01,S012,SKU00306,58,12,13.85
2024-04-01,S012,SKU00348,17,18,24.11
2024-04-01,S012,SKU00134,19,6,22.15
2024-04-01,S012,SKU00326,54,9,21.09
2024-04-01,S012,SKU00046,31,11,11.26
2024-04-01,S012,SKU00040,16,18,18.22
2024-04-01,S012,SKU00279,53,17,18.46
2024-04-01,S012,SKU00065,60,19,21.23
2024-04-01,S012,SKU00177,55,15,24.36
2024-04-01,S012,SKU00111,59,11,22.67
2024-04-01,S012,SKU00100,57,21,7.48
2024-04-01,S012,SKU00185,45,16,22.74
2024-04-01,S012,SKU00314,7,7,15.81
2024-04-01,S012,SKU00075,32,14,19.82
2024-04-01,S012,SKU00212,62,23,8.51
2024-04-01,S012,SKU00162,35,18,23.58
2024-04-01,S012,SKU00227,32,15,38.72
2024-04-01,S012,SKU00329,42,16,21.42
2024-04-01,S013,SKU00105,33,14,24.88
2024-04-01,S013,SKU00120,41,12,10.19
2024-04-01,S013,SKU00201,11,20,17.59
2024-04-01,S013,SKU00161,60,22,6.86
2024-04-01,S013,SKU00183,37,17,7.71
2024-04-01,S013,SKU00152,41,21,34.48
2024-04-01,S013,SKU00045,25,12,19.14
2024-04-01,S013,SKU00237,31,14,22.91
2024-04-01,S013,SKU00044,30,3,16.43
2024-04-01,S013,SKU00138,37,18,9.29
2024-04-01,S013,SKU00174,26,1,23.97
2024-04-01,S013,SKU00293,25,10,28.83
2024-04-01,S013,SKU00140,40,14,22.39
2024-04-01,S013,SKU00180,42,8,18.4
2024-04-01,S013,SKU00122,32,29,15.22
2024-04-01,S013,SKU00073,42,5,31.53
2024-04-01,S013,SKU00065,21,14,21.23
2024-04-01,S013,SKU00015,37,11,25.51
2024-04-01,S013,SKU00259,21,16,16.74
2024-04-01,S013,SKU00096,26,10,19.19
2024-04-01,S013,SKU00107,54,7,27.98
2024-04-01,S013,SKU00275,75,15,24.1
2024-04-01,S013,SKU00267,48,8,32.29
2024-04-01,S013,SKU00050,23,9,9.35
2024-04-01,S013,SKU00049,35,22,21.35
2024-04-01,S013,SKU00247,13,22,19.17
2024-04-01,S013,SKU00367,32,15,23.63
2024-04-01,S013,SKU00102,18,13,7.81
2024-04-01,S013,SKU00292,31,21,27.78
2024-04-01,S013,SKU00341,13,10,20.55
2024-04-01,S013,SKU00079,39,22,18.54
2024-04-01,S013,SKU00137,9,25,32.34
2024-04-01,S013,SKU00252,51,15,35.29
2024-04-01,S013,SKU00232,21,13,17.89
2024-04-01,S013,SKU00368,3,12,14.01
2024-04-01,S013,SKU00349,62,2,11.12
2024-04-01,S013,SKU00248,44,27,24.2
2024-04-01,S013,SKU00144,38,24,12.22
2024-04-01,S013,SKU00085,36,14,21.5
2024-04-01,S013,SKU00319,41,7,18.17
2024-04-01,S013,SKU00333,37,15,19.02
2024-04-01,S013,SKU00325,45,19,11.47
2024-04-01,S013,SKU00118,22,18,9.41
2024-04-01,S013,SKU00083,31,0,22.59
2024-04-01,S013,SKU00358,63,22,20.44
2024-04-01,S013,SKU00131,22,23,22.93
2024-04-01,S013,SKU00266,38,15,15.48
2024-04-01,S013,SKU00099,49,17,12.91
2024-04-01,S013,SKU00019,48,9,14.15
2024-04-01,S013,SKU00011,40,16,17.51
2024-04-01,S013,SKU00117,59,28,14.81
2024-04-01,S013,SKU00399,16,11,25.01
2024-04-01,S013,SKU00280,76,18,11.07
2024-04-01,S013,SKU00054,61,15,12.05
2024-04-01,S013,SKU00203,40,15,27.92
2024-04-01,S013,SKU00243,43,14,20.2
2024-04-01,S013,SKU00206,36,4,12.31
2024-04-01,S013,SKU00189,35,14,21.3
2024-04-01,S013,SKU00234,41,5,14.14
2024-04-01,S013,SKU00331,23,16,9.22
2024-04-01,S014,SKU00058,32,7,33.62
2024-04-01,S014,SKU00079,42,3,18.54
2024-04-01,S014,SKU00185,33,14,22.74
2024-04-01,S014,SKU00396,31,9,6.08
2024-04-01,S014,SKU00264,45,10,13.51
2024-04-01,S014,SKU00289,33,20,20.83
2024-04-01,S014,SKU00180,28,15,18.4
2024-04-01,S014,SKU00258,38,17,29.8
2024-04-01,S014,SKU00030,32,16,9.58
2024-04-01,S014,SKU00251,37,18,16.74
2024-04-01,S014,SKU00214,38,23,47.96
2024-04-01,S014,SKU00182,31,17,22.49
2024-04-01,S014,SKU00116,31,20,40.0
2024-04-01,S014,SKU00240,22,22,30.32
2024-04-01,S014,SKU00013,27,4,15.96
2024-04-01,S014,SKU00118,34,8,9.41
2024-04-01,S014,SKU00057,31,12,19.41
2024-04-01,S014,SKU00263,40,24,12.54
2024-04-01,S014,SKU00050,40,23,9.35
2024-04-01,S014,SKU00176,42,9,14.59
2024-04-01,S014,SKU00388,9,25,18.08
2024-04-01,S014,SKU00341,43,16,20.55
2024-04-01,S014,SKU00091,36,20,16.61
2024-04-01,S014,SKU00199,28,21,28.75
2024-04-01,S014,SKU00063,13,3,13.32
2024-04-01,S014,SKU00383,21,29,21.74
2024-04-01,S014,SKU00018,40,17,11.75
2024-04-01,S014,SKU00367,21,32,23.63
2024-04-01,S014,SKU00026,37,3,28.01
2024-04-01,S014,SKU00337,29,18,20.41
2024-04-01,S014,SKU00098,11,5,23.96
2024-04-01,S014,SKU00198,15,16,25.14
2024-04-01,S014,SKU00213,21,7,21.39
2024-04-01,S014,SKU00156,54,15,13.5
2024-04-01,S014,SKU00045,47,21,19.14
2024-04-01,S014,SKU00331,49,11,9.22
2024-04-01,S014,SKU00056,36,4,21.74
2024-04-01,S014,SKU00196,20,11,14.66
2024-04-01,S014,SKU00363,82,11,19.67
2024-04-01,S014,SKU00090,41,13,19.09
2024-04-01,S014,SKU00354,57,8,16.32
2024-04-01,S014,SKU00387,8,11,19.03
2024-04-01,S014,SKU00040,50,9,18.22
2024-04-01,S014,SKU00252,29,8,35.29
2024-04-01,S014,SKU00342,39,8,17.51
2024-04-01,S014,SKU00373,43,29,43.52
2024-04-01,S014,SKU00094,26,11,30.76
2024-04-01,S014,SKU00379,22,21,19.61
2024-04-01,S014,SKU00225,63,3,14.42
2024-04-01,S014,SKU00319,26,10,18.17
2024-04-01,S014,SKU00394,51,5,10.9
2024-04-01,S014,SKU00158,29,16,7.83
2024-04-01,S014,SKU00239,21,18,7.57
2024-04-01,S014,SKU00237,55,24,22.91
2024-04-01,S014,SKU00257,50,12,12.09
2024-04-01,S014,SKU00078,52,20,9.74
2024-04-01,S014,SKU00210,38,14,17.08
2024-04-01,S014,SKU00233,43,10,14.08
2024-04-01,S014,SKU00268,37,17,22.72
2024-04-01,S014,SKU00269,11,1,13.31
2024-04-01,S015,SKU00212,11,15,8.51
2024-04-01,S015,SKU00204,48,17,22.75
2024-04-01,S015,SKU00050,39,9,9.35
2024-04-01,S015,SKU00241,49,13,22.03
2024-04-01,S015,SKU00004,31,19,9.51
2024-04-01,S015,SKU00097,18,17,11.93
2024-04-01,S015,SKU00296,53,10,18.93
2024-04-01,S015,SKU00334,57,9,7.9
2024-04-01,S015,SKU00092,36,2,6.71
2024-04-01,S015,SKU00181,35,14,21.21
2024-04-01,S015,SKU00195,67,2,20.76
2024-04-01,S015,SKU00371,35,15,23.22
2024-04-01,S015,SKU00290,23,12,20.85
2024-04-01,S015,SKU00130,32,16,29.35
2024-04-01,S015,SKU00061,15,5,13.6
2024-04-01,S015,SKU00017,41,11,22.2
2024-04-01,S015,SKU00222,62,21,21.69
2024-04-01,S015,SKU00395,24,10,14.64
2024-04-01,S015,SKU00040,32,4,18.22
2024-04-01,S015,SKU00187,18,19,25.15
2024-04-01,S015,SKU00308,31,12,33.04
2024-04-01,S015,SKU00117,34,16,14.81
2024-04-01,S015,SKU00376,38,0,22.09
2024-04-01,S015,SKU00063,32,8,13.32
2024-04-01,S015,SKU00025,28,7,18.13
2024-04-01,S015,SKU00173,19,19,24.41
2024-04-01,S015,SKU00213,31,2,21.39
2024-04-01,S015,SKU00104,30,11,30.27
2024-04-01,S015,SKU00385,34,11,24.15
2024-04-01,S015,SKU00335,59,28,10.25
2024-04-01,S015,SKU00060,29,9,30.63
2024-04-01,S015,SKU00108,41,16,8.67
2024-04-01,S015,SKU00265,34,11,15.45
2024-04-01,S015,SKU00322,23,9,9.39
2024-04-01,S015,SKU00333,60,19,19.02
2024-04-01,S015,SKU00197,42,18,14.73
2024-04-01,S015,SKU00246,52,21,19.79
2024-04-01,S015,SKU00206,16,12,12.31
2024-04-01,S015,SKU00264,42,17,13.51
2024-04-01,S015,SKU00079,35,9,18.54
2024-04-01,S015,SKU00383,57,0,21.74
2024-04-01,S015,SKU00072,27,20,22.01
2024-04-01,S015,SKU00386,26,5,24.27
2024-04-01,S015,SKU00273,14,6,21.29
2024-04-01,S015,SKU00255,51,19,33.68
2024-04-01,S015,SKU00056,56,16,21.74
2024-04-01,S015,SKU00182,20,21,22.49
2024-04-01,S015,SKU00019,43,13,14.15
2024-04-01,S015,SKU00363,23,4,19.67
2024-04-01,S015,SKU00279,44,20,18.46
2024-04-01,S015,SKU00148,29,22,18.3
2024-04-01,S015,SKU00165,36,23,12.62
2024-04-01,S015,SKU00280,24,27,11.07
2024-04-01,S015,SKU00196,22,16,14.66
2024-04-01,S015,SKU00146,55,9,30.59
2024-04-01,S015,SKU00200,33,14,35.75
2024-04-01,S015,SKU00150,34,12,17.58
2024-04-01,S015,SKU00100,14,4,7.48
2024-04-01,S015,SKU00023,56,0,23.51
2024-04-01,S015,SKU00344,43,6,6.67
2024-04-01,S016,SKU00285,32,30,16.17
2024-04-01,S016,SKU00222,65,15,21.69
2024-04-01,S016,SKU00035,56,9,34.51
2024-04-01,S016,SKU00105,52,26,24.88
2024-04-01,S016,SKU00164,53,8,20.75
2024-04-01,S016,SKU00199,59,7,28.75
2024-04-01,S016,SKU00144,61,15,12.22
2024-04-01,S016,SKU00360,32,7,35.66
2024-04-01,S016,SKU00203,26,10,27.92
2024-04-01,S016,SKU00054,29,18,12.05
2024-04-01,S016,SKU00272,30,9,18.35
2024-04-01,S016,SKU00114,26,12,16.42
2024-04-01,S016,SKU00059,61,0,18.63
2024-04-01,S016,SKU00286,43,13,25.41
2024-04-01,S016,SKU00171,38,6,26.18
2024-04-01,S016,SKU00245,65,12,19.78
2024-04-01,S016,SKU00004,25,17,9.51
2024-04-01,S016,SKU00247,50,7,19.17
2024-04-01,S016,SKU00085,23,15,21.5
2024-04-01,S016,SKU00294,31,2,21.46
2024-04-01,S016,SKU00301,5,9,13.89
2024-04-01,S016,SKU00174,21,14,23.97
2024-04-01,S016,SKU00010,61,19,22.61
2024-04-01,S016,SKU00104,31,16,30.27
2024-04-01,S016,SKU00096,24,30,19.19
2024-04-01,S016,SKU00225,56,15,14.42
2024-04-01,S016,SKU00093,10,20,20.73
2024-04-01,S016,SKU00342,37,3,17.51
2024-04-01,S016,SKU00081,23,13,16.01
2024-04-01,S016,SKU00012,46,14,6.48
2024-04-01,S016,SKU00216,35,8,35.17
2024-04-01,S016,SKU00354,48,12,16.32
2024-04-01,S016,SKU00207,47,10,16.29
2024-04-01,S016,SKU00151,41,2,7.16
2024-04-01,S016,SKU00007,61,22,12.89
2024-04-01,S016,SKU00153,38,23,27.58
2024-04-01,S016,SKU00048,22,1,35.43
2024-04-01,S016,SKU00305,46,8,19.27
2024-04-01,S016,SKU00311,23,9,23.51
2024-04-01,S016,SKU00163,15,17,15.73
2024-04-01,S016,SKU00069,52,10,10.26
2024-04-01,S016,SKU00111,0,23,22.67
2024-04-01,S016,SKU00141,31,9,34.29
2024-04-01,S016,SKU00238,61,0,47.65
2024-04-01,S016,SKU00306,54,17,13.85
2024-04-01,S016,SKU00259,49,19,16.74
2024-04-01,S016,SKU00251,15,5,16.74
2024-04-01,S016,SKU00039,43,19,31.34
2024-04-01,S016,SKU00351,32,14,20.29
2024-04-01,S016,SKU00037,17,0,14.43
2024-04-01,S016,SKU00375,60,15,23.14
2024-04-01,S016,SKU00334,35,14,7.9
2024-04-01,S016,SKU00381,42,16,29.5
2024-04-01,S016,SKU00080,46,27,21.0
2024-04-01,S016,SKU00318,57,18,20.51
2024-04-01,S016,SKU00215,22,9,20.75
2024-04-01,S016,SKU00366,30,6,12.66
2024-04-01,S016,SKU00176,32,16,14.59
2024-04-01,S016,SKU00349,28,6,11.12
2024-04-01,S016,SKU00188,64,7,22.21
2024-04-01,S017,SKU00369,30,24,27.28
2024-04-01,S017,SKU00128,42,13,12.06
2024-04-01,S017,SKU00248,66,21,24.2
2024-04-01,S017,SKU00099,56,21,12.91
2024-04-01,S017,SKU00031,20,11,18.97
2024-04-01,S017,SKU00381,61,15,29.5
2024-04-01,S017,SKU00180,51,13,18.4
2024-04-01,S017,SKU00304,45,15,13.37
2024-04-01,S017,SKU00379,38,11,19.61
2024-04-01,S017,SKU00005,61,20,5.18
2024-04-01,S017,SKU00059,33,10,18.63
2024-04-01,S017,SKU00135,57,11,21.41
2024-04-01,S017,SKU00380,57,24,21.56
2024-04-01,S017,SKU00278,55,9,29.28
2024-04-01,S017,SKU00051,13,22,21.15
2024-04-01,S017,SKU00174,21,18,23.97
2024-04-01,S017,SKU00164,10,12,20.75
2024-04-01,S017,SKU00006,57,24,22.21
2024-04-01,S017,SKU00143,42,17,9.07
2024-04-01,S017,SKU00315,25,21,25.73
2024-04-01,S017,SKU00372,59,10,8.73
2024-04-01,S017,SKU00161,40,12,6.86
2024-04-01,S017,SKU00291,42,20,20.61
2024-04-01,S017,SKU00283,52,14,35.29
2024-04-01,S017,SKU00064,63,14,14.1
2024-04-01,S017,SKU00074,3,18,28.23
2024-04-01,S017,SKU00261,38,24,33.76
2024-04-01,S017,SKU00120,16,9,10.19
2024-04-01,S017,SKU00312,27,19,19.86
2024-04-01,S017,SKU00178,20,27,23.85
2024-04-01,S017,SKU00152,24,21,34.48
2024-04-01,S017,SKU00084,32,17,22.85
2024-04-01,S017,SKU00257,38,16,12.09
2024-04-01,S017,SKU00217,45,2,19.37
2024-04-01,S017,SKU00302,43,6,11.51
2024-04-01,S017,SKU00243,36,28,20.2
2024-04-01,S017,SKU00260,44,13,16.1
2024-04-01,S017,SKU00008,51,20,14.83
2024-04-01,S017,SKU00259,28,18,16.74
2024-04-01,S017,SKU00330,15,10,28.29
2024-04-01,S017,SKU00339,25,10,14.34
2024-04-01,S017,SKU00012,21,23,6.48
2024-04-01,S017,SKU00231,30,8,23.4
2024-04-01,S017,SKU00246,25,13,19.79
2024-04-01,S017,SKU00332,29,13,53.2
2024-04-01,S017,SKU00185,28,13,22.74
2024-04-01,S017,SKU00183,41,13,7.71
2024-04-01,S017,SKU00054,55,13,12.05
2024-04-01,S017,SKU00390,50,10,20.94
2024-04-01,S017,SKU00121,28,8,21.13
2024-04-01,S017,SKU00175,37,23,22.23
2024-04-01,S017,SKU00365,49,0,9.96
2024-04-01,S017,SKU00091,47,13,16.61
2024-04-01,S017,SKU00298,38,17,11.72
2024-04-01,S017,SKU00226,45,16,37.85
2024-04-01,S017,SKU00382,29,6,8.38
2024-04-01,S017,SKU00286,13,20,25.41
2024-04-01,S017,SKU00299,61,7,21.87
2024-04-01,S017,SKU00092,39,15,6.71
2024-04-01,S017,SKU00389,38,12,26.23
2024-04-01,S018,SKU00341,28,14,20.55
2024-04-01,S018,SKU00250,53,17,22.08
2024-04-01,S018,SKU00087,46,12,9.32
2024-04-01,S018,SKU00192,71,14,15.31
2024-04-01,S018,SKU00245,40,14,19.78
2024-04-01,S018,SKU00181,20,23,21.21
2024-04-01,S018,SKU00066,39,16,21.71
2024-04-01,S018,SKU00300,42,19,19.9
2024-04-01,S018,SKU00247,60,20,19.17
2024-04-01,S018,SKU00340,47,16,14.8
2024-04-01,S018,SKU00121,31,19,21.13
2024-04-01,S018,SKU00259,27,22,16.74
2024-04-01,S018,SKU00195,41,14,20.76
2024-04-01,S018,SKU00032,56,12,26.13
2024-04-01,S018,SKU00370,20,23,19.59
2024-04-01,S018,SKU00329,40,15,21.42
2024-04-01,S018,SKU00376,37,22,22.09
2024-04-01,S018,SKU00336,31,16,21.13
2024-04-01,S018,SKU00148,24,20,18.3
2024-04-01,S018,SKU00112,64,16,17.88
2024-04-01,S018,SKU00022,43,0,10.6
2024-04-01,S018,SKU00219,55,12,24.96
2024-04-01,S018,SKU00126,47,17,25.54
2024-04-01,S018,SKU00218,51,27,10.78
2024-04-01,S018,SKU00296,35,16,18.93
2024-04-01,S018,SKU00017,25,14,22.2
2024-04-01,S018,SKU00081,34,17,16.01
2024-04-01,S018,SKU00297,51,19,20.51
2024-04-01,S018,SKU00151,48,16,7.16
2024-04-01,S018,SKU00077,56,14,7.81
2024-04-01,S018,SKU00138,55,24,9.29
2024-04-01,S018,SKU00304,7,12,13.37
2024-04-01,S018,SKU00156,26,17,13.5
2024-04-01,S018,SKU00136,44,18,21.43
2024-04-01,S018,SKU00109,21,4,32.26
2024-04-01,S018,SKU00144,47,15,12.22
2024-04-01,S018,SKU00055,49,7,24.5
2024-04-01,S018,SKU00306,35,21,13.85
2024-04-01,S018,SKU00147,26,18,26.65
2024-04-01,S018,SKU00269,14,19,13.31
2024-04-01,S018,SKU00315,36,24,25.73
2024-04-01,S018,SKU00090,26,24,19.09
2024-04-01,S018,SKU00054,65,21,12.05
2024-04-01,S018,SKU00335,45,10,10.25
2024-04-01,S018,SKU00096,46,13,19.19
2024-04-01,S018,SKU00132,67,22,18.85
2024-04-01,S018,SKU00249,56,19,14.24
2024-04-01,S018,SKU00164,41,25,20.75
2024-04-01,S018,SKU00037,34,1,14.43
2024-04-01,S018,SKU00334,79,29,7.9
2024-04-01,S018,SKU00030,50,7,9.58
2024-04-01,S018,SKU00213,45,21,21.39
2024-04-01,S018,SKU00154,8,22,36.04
2024-04-01,S018,SKU00158,58,6,7.83
2024-04-01,S018,SKU00221,31,0,18.46
2024-04-01,S018,SKU00393,22,10,7.6
2024-04-01,S018,SKU00309,38,29,27.53
2024-04-01,S018,SKU00233,38,23,14.08
2024-04-01,S018,SKU00062,28,13,21.8
2024-04-01,S018,SKU00084,35,13,22.85
2024-04-01,S019,SKU00280,44,27,11.07
2024-04-01,S019,SKU00244,38,20,14.65
2024-04-01,S019,SKU00376,45,10,22.09
2024-04-01,S019,SKU00055,36,5,24.5
2024-04-01,S019,SKU00093,58,18,20.73
2024-04-01,S019,SKU00058,41,17,33.62
2024-04-01,S019,SKU00301,25,6,13.89
2024-04-01,S019,SKU00113,29,9,20.63
2024-04-01,S019,SKU00315,33,13,25.73
2024-04-01,S019,SKU00375,51,23,23.14
2024-04-01,S019,SKU00203,42,6,27.92
2024-04-01,S019,SKU00074,41,11,28.23
2024-04-01,S019,SKU00270,56,5,23.19
2024-04-01,S019,SKU00210,41,14,17.08
2024-04-01,S019,SKU00216,29,15,35.17
2024-04-01,S019,SKU00264,46,4,13.51
2024-04-01,S019,SKU00282,63,18,31.83
2024-04-01,S019,SKU00061,58,20,13.6
2024-04-01,S019,SKU00024,35,12,19.95
2024-04-01,S019,SKU00363,49,0,19.67
2024-04-01,S019,SKU00105,6,0,24.88
2024-04-01,S019,SKU00247,22,22,19.17
2024-04-01,S019,SKU00116,42,6,40.0
2024-04-01,S019,SKU00334,21,22,7.9
2024-04-01,S019,SKU00043,49,2,24.13
2024-04-01,S019,SKU00124,38,18,18.08
2024-04-01,S019,SKU00169,33,18,15.35
2024-04-01,S019,SKU00281,53,13,24.82
2024-04-01,S019,SKU00317,47,19,22.08
2024-04-01,S019,SKU00226,50,36,37.85
2024-04-01,S019,SKU00063,47,15,13.32
2024-04-01,S019,SKU00380,42,2,21.56
2024-04-01,S019,SKU00129,38,8,17.3
2024-04-01,S019,SKU00011,38,8,17.51
2024-04-01,S019,SKU00213,48,28,21.39
2024-04-01,S019,SKU00001,48,20,20.02
2024-04-01,S019,SKU00308,25,1,33.04
2024-04-01,S019,SKU00202,35,17,41.7
2024-04-01,S019,SKU00382,32,0,8.38
2024-04-01,S019,SKU00330,24,25,28.29
2024-04-01,S019,SKU00360,30,16,35.66
2024-04-01,S019,SKU00277,10,27,17.75
2024-04-01,S019,SKU00373,43,19,43.52
2024-04-01,S019,SKU00073,31,28,31.53
2024-04-01,S019,SKU00341,28,12,20.55
2024-04-01,S019,SKU00288,22,14,22.22
2024-04-01,S019,SKU00397,31,23,24.95
2024-04-01,S019,SKU00128,46,15,12.06
2024-04-01,S019,SKU00354,72,14,16.32
2024-04-01,S019,SKU00115,43,19,16.78
2024-04-01,S019,SKU00296,55,16,18.93
2024-04-01,S019,SKU00108,61,23,8.67
2024-04-01,S019,SKU00227,62,12,38.72
2024-04-01,S019,SKU00219,42,6,24.96
2024-04-01,S019,SKU00014,27,21,17.1
2024-04-01,S019,SKU00305,75,17,19.27
2024-04-01,S019,SKU00353,37,15,28.84
2024-04-01,S019,SKU00370,22,23,19.59
2024-04-01,S019,SKU00297,47,28,20.51
2024-04-01,S019,SKU00342,55,15,17.51
2024-04-01,S020,SKU00398,43,12,31.97
2024-04-01,S020,SKU00333,37,14,19.02
2024-04-01,S020,SKU00129,51,4,17.3
2024-04-01,S020,SKU00021,56,12,21.44
2024-04-01,S020,SKU00135,43,10,21.41
2024-04-01,S020,SKU00193,42,3,26.54
2024-04-01,S020,SKU00220,24,9,23.06
2024-04-01,S020,SKU00357,39,13,14.08
2024-04-01,S020,SKU00097,52,18,11.93
2024-04-01,S020,SKU00036,57,27,15.82
2024-04-01,S020,SKU00088,42,21,27.73
2024-04-01,S020,SKU00389,41,13,26.23
2024-04-01,S020,SKU00297,38,14,20.51
2024-04-01,S020,SKU00028,29,9,14.87
2024-04-01,S020,SKU00240,33,15,30.32
2024-04-01,S020,SKU00160,40,9,18.48
2024-04-01,S020,SKU00292,44,10,27.78
2024-04-01,S020,SKU00358,57,13,20.44
2024-04-01,S020,SKU00004,49,19,9.51
2024-04-01,S020,SKU00228,24,15,42.12
2024-04-01,S020,SKU00100,60,18,7.48
2024-04-01,S020,SKU00216,52,17,35.17
2024-04-01,S020,SKU00255,51,3,33.68
2024-04-01,S020,SKU00114,41,19,16.42
2024-04-01,S020,SKU00053,46,2,26.92
2024-04-01,S020,SKU00319,70,17,18.17
2024-04-01,S020,SKU00120,45,14,10.19
2024-04-01,S020,SKU00080,35,25,21.0
2024-04-01,S020,SKU00200,36,2,35.75
2024-04-01,S020,SKU00227,56,14,38.72
2024-04-01,S020,SKU00385,31,14,24.15
2024-04-01,S020,SKU00009,24,9,21.87
2024-04-01,S020,SKU00383,38,14,21.74
2024-04-01,S020,SKU00056,44,24,21.74
2024-04-01,S020,SKU00106,18,21,11.12
2024-04-01,S020,SKU00320,53,30,13.56
2024-04-01,S020,SKU00067,47,22,12.5
2024-04-01,S020,SKU00262,43,11,6.97
2024-04-01,S020,SKU00060,44,19,30.63
2024-04-01,S020,SKU00314,34,9,15.81
2024-04-01,S020,SKU00313,52,15,21.61
2024-04-01,S020,SKU00218,29,21,10.78
2024-04-01,S020,SKU00370,63,23,19.59
2024-04-01,S020,SKU00375,21,13,23.14
2024-04-01,S020,SKU00346,31,18,46.67
2024-04-01,S020,SKU00363,32,12,19.67
2024-04-01,S020,SKU00221,44,19,18.46
2024-04-01,S020,SKU00186,46,12,24.0
2024-04-01,S020,SKU00233,70,20,14.08
2024-04-01,S020,SKU00207,63,19,16.29
2024-04-01,S020,SKU00277,37,17,17.75
2024-04-01,S020,SKU00001,32,23,20.02
2024-04-01,S020,SKU00073,38,14,31.53
2024-04-01,S020,SKU00023,60,0,23.51
2024-04-01,S020,SKU00288,44,8,22.22
2024-04-01,S020,SKU00286,34,17,25.41
2024-04-01,S020,SKU00331,39,11,9.22
2024-04-01,S020,SKU00108,57,25,8.67
2024-04-01,S020,SKU00118,39,17,9.41
2024-04-01,S020,SKU00062,50,12,21.8
2024-04-01,S021,SKU00371,53,19,23.22
2024-04-01,S021,SKU00346,38,19,46.67
2024-04-01,S021,SKU00199,38,17,28.75
2024-04-01,S021,SKU00110,79,19,22.59
2024-04-01,S021,SKU00394,41,6,10.9
2024-04-01,S021,SKU00067,46,6,12.5
2024-04-01,S021,SKU00129,17,13,17.3
2024-04-01,S021,SKU00208,41,7,7.02
2024-04-01,S021,SKU00302,44,18,11.51
2024-04-01,S021,SKU00201,53,8,17.59
2024-04-01,S021,SKU00185,12,19,22.74
2024-04-01,S021,SKU00276,45,18,8.52
2024-04-01,S021,SKU00181,46,12,21.21
2024-04-01,S021,SKU00177,45,21,24.36
2024-04-01,S021,SKU00134,30,19,22.15
2024-04-01,S021,SKU00306,51,6,13.85
2024-04-01,S021,SKU00234,38,9,14.14
2024-04-01,S021,SKU00304,55,21,13.37
2024-04-01,S021,SKU00171,29,10,26.18
2024-04-01,S021,SKU00025,47,12,18.13
2024-04-01,S021,SKU00011,70,16,17.51
2024-04-01,S021,SKU00190,74,15,23.47
2024-04-01,S021,SKU00158,35,10,7.83
2024-04-01,S021,SKU00317,23,16,22.08
2024-04-01,S021,SKU00144,8,13,12.22
2024-04-01,S021,SKU00210,34,12,17.08
2024-04-01,S021,SKU00308,35,9,33.04
2024-04-01,S021,SKU00037,52,18,14.43
2024-04-01,S021,SKU00284,33,15,20.24
2024-04-01,S021,SKU00088,47,15,27.73
2024-04-01,S021,SKU00165,46,19,12.62
2024-04-01,S021,SKU00081,45,17,16.01
2024-04-01,S021,SKU00164,35,21,20.75
2024-04-01,S021,SKU00124,37,11,18.08
2024-04-01,S021,SKU00038,45,26,22.05
2024-04-01,S021,SKU00298,9,15,11.72
2024-04-01,S021,SKU00345,37,0,21.99
2024-04-01,S021,SKU00147,31,15,26.65
2024-04-01,S021,SKU00071,33,15,18.24
2024-04-01,S021,SKU00218,51,7,10.78
2024-04-01,S021,SKU00003,47,27,19.34
2024-04-01,S021,SKU00322,27,11,9.39
2024-04-01,S021,SKU00338,47,6,23.32
2024-04-01,S021,SKU00169,31,15,15.35
2024-04-01,S021,SKU00254,52,19,12.16
2024-04-01,S021,SKU00283,47,22,35.29
2024-04-01,S021,SKU00384,38,20,6.97
2024-04-01,S021,SKU00261,2,9,33.76
2024-04-01,S021,SKU00347,3,9,35.52
2024-04-01,S021,SKU00400,19,7,16.59
2024-04-01,S021,SKU00053,22,14,26.92
2024-04-01,S021,SKU00219,52,5,24.96
2024-04-01,S021,SKU00354,30,27,16.32
2024-04-01,S021,SKU00319,36,19,18.17
2024-04-01,S021,SKU00076,49,8,16.2
2024-04-01,S021,SKU00057,51,18,19.41
2024-04-01,S021,SKU00022,22,11,10.6
2024-04-01,S021,SKU00112,33,19,17.88
2024-04-01,S021,SKU00079,51,24,18.54
2024-04-01,S021,SKU00041,55,18,19.41
2024-04-01,S022,SKU00119,59,19,21.19
2024-04-01,S022,SKU00030,55,16,9.58
2024-04-01,S022,SKU00290,68,18,20.85
2024-04-01,S022,SKU00251,59,3,16.74
2024-04-01,S022,SKU00170,61,5,19.07
2024-04-01,S022,SKU00145,32,15,13.72
2024-04-01,S022,SKU00274,67,10,8.22
2024-04-01,S022,SKU00211,37,12,37.2
2024-04-01,S022,SKU00161,33,16,6.86
2024-04-01,S022,SKU00159,52,22,20.64
2024-04-01,S022,SKU00085,45,17,21.5
2024-04-01,S022,SKU00178,43,27,23.85
2024-04-01,S022,SKU00151,22,2,7.16
2024-04-01,S022,SKU00065,35,20,21.23
2024-04-01,S022,SKU00165,40,14,12.62
2024-04-01,S022,SKU00303,40,28,27.57
2024-04-01,S022,SKU00012,53,9,6.48
2024-04-01,S022,SKU00393,13,21,7.6
2024-04-01,S022,SKU00142,52,12,22.57
2024-04-01,S022,SKU00213,34,13,21.39
2024-04-01,S022,SKU00263,26,6,12.54
2024-04-01,S022,SKU00052,36,0,25.94
2024-04-01,S022,SKU00307,27,23,19.13
2024-04-01,S022,SKU00025,14,20,18.13
2024-04-01,S022,SKU00398,49,6,31.97
2024-04-01,S022,SKU00186,55,16,24.0
2024-04-01,S022,SKU00068,62,23,9.04
2024-04-01,S022,SKU00325,30,11,11.47
2024-04-01,S022,SKU00319,44,5,18.17
2024-04-01,S022,SKU00278,46,19,29.28
2024-04-01,S022,SKU00099,41,26,12.91
2024-04-01,S022,SKU00225,52,18,14.42
2024-04-01,S022,SKU00050,42,20,9.35
2024-04-01,S022,SKU00228,39,11,42.12
2024-04-01,S022,SKU00288,54,5,22.22
2024-04-01,S022,SKU00006,32,7,22.21
2024-04-01,S022,SKU00350,33,14,24.41
2024-04-01,S022,SKU00092,36,15,6.71
2024-04-01,S022,SKU00061,31,21,13.6
2024-04-01,S022,SKU00204,28,22,22.75
2024-04-01,S022,SKU00270,52,25,23.19
2024-04-01,S022,SKU00266,23,12,15.48
2024-04-01,S022,SKU00181,50,21,21.21
2024-04-01,S022,SKU00075,40,30,19.82
2024-04-01,S022,SKU00083,67,8,22.59
2024-04-01,S022,SKU00249,37,25,14.24
2024-04-01,S022,SKU00293,46,28,28.83
2024-04-01,S022,SKU00140,20,19,22.39
2024-04-01,S022,SKU00351,37,9,20.29
2024-04-01,S022,SKU00348,54,0,24.11
2024-04-01,S022,SKU00020,20,9,19.96
2024-04-01,S022,SKU00341,15,11,20.55
2024-04-01,S022,SKU00365,36,16,9.96
2024-04-01,S022,SKU00128,38,9,12.06
2024-04-01,S022,SKU00358,59,12,20.44
2024-04-01,S022,SKU00207,21,20,16.29
2024-04-01,S022,SKU00110,55,24,22.59
2024-04-01,S022,SKU00100,66,22,7.48
2024-04-01,S022,SKU00157,52,32,26.67
2024-04-01,S022,SKU00118,15,9,9.41
2024-04-01,S023,SKU00049,61,19,21.35
2024-04-01,S023,SKU00346,57,28,46.67
2024-04-01,S023,SKU00280,41,2,11.07
2024-04-01,S023,SKU00177,27,26,24.36
2024-04-01,S023,SKU00059,16,15,18.63
2024-04-01,S023,SKU00220,42,14,23.06
2024-04-01,S023,SKU00301,40,4,13.89
2024-04-01,S023,SKU00066,50,27,21.71
2024-04-01,S023,SKU00369,16,16,27.28
2024-04-01,S023,SKU00176,49,16,14.59
2024-04-01,S023,SKU00297,51,24,20.51
2024-04-01,S023,SKU00166,35,11,26.57
2024-04-01,S023,SKU00293,41,10,28.83
2024-04-01,S023,SKU00052,43,19,25.94
2024-04-01,S023,SKU00124,56,11,18.08
2024-04-01,S023,SKU00206,22,7,12.31
2024-04-01,S023,SKU00048,24,27,35.43
2024-04-01,S023,SKU00344,54,18,6.67
2024-04-01,S023,SKU00307,70,6,19.13
2024-04-01,S023,SKU00365,41,13,9.96
2024-04-01,S023,SKU00044,57,24,16.43
2024-04-01,S023,SKU00127,51,9,18.2
2024-04-01,S023,SKU00396,61,7,6.08
2024-04-01,S023,SKU00064,39,7,14.1
2024-04-01,S023,SKU00007,32,5,12.89
2024-04-01,S023,SKU00200,13,24,35.75
2024-04-01,S023,SKU00112,0,12,17.88
2024-04-01,S023,SKU00372,30,18,8.73
2024-04-01,S023,SKU00251,55,10,16.74
2024-04-01,S023,SKU00020,35,6,19.96
2024-04-01,S023,SKU00317,13,23,22.08
2024-04-01,S023,SKU00179,32,11,8.72
2024-04-01,S023,SKU00207,56,17,16.29
2024-04-01,S023,SKU00016,37,22,20.2
2024-04-01,S023,SKU00316,41,19,9.13
2024-04-01,S023,SKU00333,36,11,19.02
2024-04-01,S023,SKU00195,61,9,20.76
2024-04-01,S023,SKU00386,30,15,24.27
2024-04-01,S023,SKU00002,53,32,22.95
2024-04-01,S023,SKU00072,37,4,22.01
2024-04-01,S023,SKU00139,21,15,19.06
2024-04-01,S023,SKU00243,44,16,20.2
2024-04-01,S023,SKU00149,56,7,16.9
2024-04-01,S023,SKU00259,39,11,16.74
2024-04-01,S023,SKU00137,14,22,32.34
2024-04-01,S023,SKU00038,66,16,22.05
2024-04-01,S023,SKU00037,45,23,14.43
2024-04-01,S023,SKU00312,66,15,19.86
2024-04-01,S023,SKU00013,23,15,15.96
2024-04-01,S023,SKU00378,43,19,16.37
2024-04-01,S023,SKU00029,49,23,18.21
2024-04-01,S023,SKU00210,61,16,17.08
2024-04-01,S023,SKU00009,40,13,21.87
2024-04-01,S023,SKU00300,28,0,19.9
2024-04-01,S023,SKU00201,57,17,17.59
2024-04-01,S023,SKU00266,47,9,15.48
2024-04-01,S023,SKU00395,49,7,14.64
2024-04-01,S023,SKU00078,20,21,9.74
2024-04-01,S023,SKU00188,51,19,22.21
2024-04-01,S023,SKU00377,49,14,24.12
2024-04-01,S024,SKU00060,38,26,30.63
2024-04-01,S024,SKU00246,47,6,19.79
2024-04-01,S024,SKU00362,65,19,17.84
2024-04-01,S024,SKU00365,41,15,9.96
2024-04-01,S024,SKU00033,8,9,10.76
2024-04-01,S024,SKU00196,36,12,14.66
2024-04-01,S024,SKU00367,14,5,23.63
2024-04-01,S024,SKU00190,53,24,23.47
2024-04-01,S024,SKU00141,33,15,34.29
2024-04-01,S024,SKU00092,6,20,6.71
2024-04-01,S024,SKU00108,34,9,8.67
2024-04-01,S024,SKU00303,56,21,27.57
2024-04-01,S024,SKU00099,33,26,12.91
2024-04-01,S024,SKU00182,25,10,22.49
2024-04-01,S024,SKU00066,44,25,21.71
2024-04-01,S024,SKU00346,44,14,46.67
2024-04-01,S024,SKU00057,40,4,19.41
2024-04-01,S024,SKU00083,44,11,22.59
2024-04-01,S024,SKU00128,39,13,12.06
2024-04-01,S024,SKU00035,60,7,34.51
2024-04-01,S024,SKU00089,25,14,25.61
2024-04-01,S024,SKU00315,30,11,25.73
2024-04-01,S024,SKU00376,51,10,22.09
2024-04-01,S024,SKU00248,33,17,24.2
2024-04-01,S024,SKU00096,70,22,19.19
2024-04-01,S024,SKU00091,32,15,16.61
2024-04-01,S024,SKU00134,33,11,22.15
2024-04-01,S024,SKU00191,61,4,24.12
2024-04-01,S024,SKU00052,13,23,25.94
2024-04-01,S024,SKU00076,51,9,16.2
2024-04-01,S024,SKU00081,26,14,16.01
2024-04-01,S024,SKU00185,32,11,22.74
2024-04-01,S024,SKU00333,22,19,19.02
2024-04-01,S024,SKU00110,58,12,22.59
2024-04-01,S024,SKU00106,46,12,11.12
2024-04-01,S024,SKU00373,43,21,43.52
2024-04-01,S024,SKU00345,11,11,21.99
2024-04-01,S024,SKU00276,25,7,8.52
2024-04-01,S024,SKU00181,23,0,21.21
2024-04-01,S024,SKU00086,33,10,27.42
2024-04-01,S024,SKU00337,19,7,20.41
2024-04-01,S024,SKU00208,22,21,7.02
2024-04-01,S024,SKU00267,45,17,32.29
2024-04-01,S024,SKU00349,57,15,11.12
2024-04-01,S024,SKU00050,29,7,9.35
2024-04-01,S024,SKU00263,51,6,12.54
2024-04-01,S024,SKU00249,38,11,14.24
2024-04-01,S024,SKU00034,21,11,25.34
2024-04-01,S024,SKU00322,41,2,9.39
2024-04-01,S024,SKU00059,70,10,18.63
2024-04-01,S024,SKU00310,48,13,23.34
2024-04-01,S024,SKU00163,49,28,15.73
2024-04-01,S024,SKU00213,48,14,21.39
2024-04-01,S024,SKU00268,39,27,22.72
2024-04-01,S024,SKU00283,18,16,35.29
2024-04-01,S024,SKU00389,74,16,26.23
2024-04-01,S024,SKU00094,17,16,30.76
2024-04-01,S024,SKU00006,54,15,22.21
2024-04-01,S024,SKU00046,54,8,11.26
2024-04-01,S024,SKU00242,17,20,23.88
2024-04-01,S025,SKU00191,61,11,24.12
2024-04-01,S025,SKU00092,51,18,6.71
2024-04-01,S025,SKU00321,35,6,8.77
2024-04-01,S025,SKU00142,37,22,22.57
2024-04-01,S025,SKU00338,28,18,23.32
2024-04-01,S025,SKU00391,29,4,20.67
2024-04-01,S025,SKU00316,45,3,9.13
2024-04-01,S025,SKU00190,26,14,23.47
2024-04-01,S025,SKU00353,38,22,28.84
2024-04-01,S025,SKU00164,25,7,20.75
2024-04-01,S025,SKU00204,47,15,22.75
2024-04-01,S025,SKU00034,26,14,25.34
2024-04-01,S025,SKU00297,24,11,20.51
2024-04-01,S025,SKU00285,48,17,16.17
2024-04-01,S025,SKU00100,31,7,7.48
2024-04-01,S025,SKU00038,18,19,22.05
2024-04-01,S025,SKU00013,59,23,15.96
2024-04-01,S025,SKU00146,11,15,30.59
2024-04-01,S025,SKU00292,28,16,27.78
2024-04-01,S025,SKU00166,64,11,26.57
2024-04-01,S025,SKU00264,46,18,13.51
2024-04-01,S025,SKU00007,36,13,12.89
2024-04-01,S025,SKU00122,43,25,15.22
2024-04-01,S025,SKU00196,34,10,14.66
2024-04-01,S025,SKU00106,30,14,11.12
2024-04-01,S025,SKU00248,35,18,24.2
2024-04-01,S025,SKU00014,63,15,17.1
2024-04-01,S025,SKU00386,49,4,24.27
2024-04-01,S025,SKU00086,56,10,27.42
2024-04-01,S025,SKU00371,31,10,23.22
2024-04-01,S025,SKU00133,22,19,10.11
2024-04-01,S025,SKU00110,20,22,22.59
2024-04-01,S025,SKU00046,18,18,11.26
2024-04-01,S025,SKU00132,30,20,18.85
2024-04-01,S025,SKU00342,57,0,17.51
2024-04-01,S025,SKU00114,29,15,16.42
2024-04-01,S025,SKU00350,35,0,24.41
2024-04-01,S025,SKU00066,25,21,21.71
2024-04-01,S025,SKU00296,36,11,18.93
2024-04-01,S025,SKU00253,62,7,19.63
2024-04-01,S025,SKU00187,53,11,25.15
2024-04-01,S025,SKU00068,40,15,9.04
2024-04-01,S025,SKU00398,33,17,31.97
2024-04-01,S025,SKU00138,51,23,9.29
2024-04-01,S025,SKU00058,35,13,33.62
2024-04-01,S025,SKU00159,55,8,20.64
2024-04-01,S025,SKU00197,34,14,14.73
2024-04-01,S025,SKU00025,37,18,18.13
2024-04-01,S025,SKU00282,28,14,31.83
2024-04-01,S025,SKU00344,45,0,6.67
2024-04-01,S025,SKU00298,35,16,11.72
2024-04-01,S025,SKU00130,37,21,29.35
2024-04-01,S025,SKU00060,59,30,30.63
2024-04-01,S025,SKU00047,33,20,30.28
2024-04-01,S025,SKU00212,53,10,8.51
2024-04-01,S025,SKU00137,36,22,32.34
2024-04-01,S025,SKU00274,47,16,8.22
2024-04-01,S025,SKU00319,32,29,18.17
2024-04-01,S025,SKU00237,53,8,22.91
2024-04-01,S025,SKU00188,41,19,22.21
2024-04-01,S026,SKU00192,39,18,15.31
2024-04-01,S026,SKU00158,42,12,7.83
2024-04-01,S026,SKU00218,30,11,10.78
2024-04-01,S026,SKU00150,38,9,17.58
2024-04-01,S026,SKU00071,52,16,18.24
2024-04-01,S026,SKU00232,46,7,17.89
2024-04-01,S026,SKU00194,41,21,15.09
2024-04-01,S026,SKU00065,67,5,21.23
2024-04-01,S026,SKU00400,63,15,16.59
2024-04-01,S026,SKU00216,31,14,35.17
2024-04-01,S026,SKU00021,10,0,21.44
2024-04-01,S026,SKU00052,36,22,25.94
2024-04-01,S026,SKU00262,56,6,6.97
2024-04-01,S026,SKU00383,45,17,21.74
2024-04-01,S026,SKU00347,48,10,35.52
2024-04-01,S026,SKU00125,69,15,14.87
2024-04-01,S026,SKU00082,46,5,18.27
2024-04-01,S026,SKU00210,31,2,17.08
2024-04-01,S026,SKU00222,41,14,21.69
2024-04-01,S026,SKU00363,48,15,19.67
2024-04-01,S026,SKU00361,35,19,22.51
2024-04-01,S026,SKU00080,48,17,21.0
2024-04-01,S026,SKU00005,44,8,5.18
2024-04-01,S026,SKU00271,30,22,41.0
2024-04-01,S026,SKU00078,51,5,9.74
2024-04-01,S026,SKU00178,46,12,23.85
2024-04-01,S026,SKU00380,28,29,21.56
2024-04-01,S026,SKU00299,74,13,21.87
2024-04-01,S026,SKU00164,36,19,20.75
2024-04-01,S026,SKU00188,34,6,22.21
2024-04-01,S026,SKU00043,19,7,24.13
2024-04-01,S026,SKU00068,23,19,9.04
2024-04-01,S026,SKU00175,90,9,22.23
2024-04-01,S026,SKU00182,39,18,22.49
2024-04-01,S026,SKU00268,51,14,22.72
2024-04-01,S026,SKU00159,24,23,20.64
2024-04-01,S026,SKU00253,41,27,19.63
2024-04-01,S026,SKU00028,60,22,14.87
2024-04-01,S026,SKU00153,16,15,27.58
2024-04-01,S026,SKU00053,57,21,26.92
2024-04-01,S026,SKU00371,42,11,23.22
2024-04-01,S026,SKU00139,49,21,19.06
2024-04-01,S026,SKU00108,45,11,8.67
2024-04-01,S026,SKU00318,55,11,20.51
2024-04-01,S026,SKU00287,70,12,23.44
2024-04-01,S026,SKU00345,44,21,21.99
2024-04-01,S026,SKU00392,64,31,28.95
2024-04-01,S026,SKU00348,43,16,24.11
2024-04-01,S026,SKU00362,10,8,17.84
2024-04-01,S026,SKU00381,61,12,29.5
2024-04-01,S026,SKU00100,18,14,7.48
2024-04-01,S026,SKU00011,19,24,17.51
2024-04-01,S026,SKU00104,22,17,30.27
2024-04-01,S026,SKU00387,27,4,19.03
2024-04-01,S026,SKU00060,18,11,30.63
2024-04-01,S026,SKU00110,74,15,22.59
2024-04-01,S026,SKU00310,67,9,23.34
2024-04-01,S026,SKU00239,31,24,7.57
2024-04-01,S026,SKU00148,44,12,18.3
2024-04-01,S026,SKU00290,38,24,20.85
2024-04-01,S027,SKU00397,38,9,24.95
2024-04-01,S027,SKU00064,33,23,14.1
2024-04-01,S027,SKU00116,33,0,40.0
2024-04-01,S027,SKU00393,65,21,7.6
2024-04-01,S027,SKU00026,49,18,28.01
2024-04-01,S027,SKU00241,33,4,22.03
2024-04-01,S027,SKU00388,53,9,18.08
2024-04-01,S027,SKU00112,50,17,17.88
2024-04-01,S027,SKU00288,25,27,22.22
2024-04-01,S027,SKU00243,46,17,20.2
2024-04-01,S027,SKU00246,32,18,19.79
2024-04-01,S027,SKU00235,44,21,17.69
2024-04-01,S027,SKU00198,14,3,25.14
2024-04-01,S027,SKU00233,61,25,14.08
2024-04-01,S027,SKU00186,45,21,24.0
2024-04-01,S027,SKU00137,31,10,32.34
2024-04-01,S027,SKU00111,27,15,22.67
2024-04-01,S027,SKU00315,47,13,25.73
2024-04-01,S027,SKU00254,39,17,12.16
2024-04-01,S027,SKU00046,46,12,11.26
2024-04-01,S027,SKU00313,30,20,21.61
2024-04-01,S027,SKU00191,35,15,24.12
2024-04-01,S027,SKU00093,55,14,20.73
2024-04-01,S027,SKU00208,52,15,7.02
2024-04-01,S027,SKU00040,31,28,18.22
2024-04-01,S027,SKU00195,34,7,20.76
2024-04-01,S027,SKU00036,32,13,15.82
2024-04-01,S027,SKU00378,26,8,16.37
2024-04-01,S027,SKU00098,68,12,23.96
2024-04-01,S027,SKU00265,51,17,15.45
2024-04-01,S027,SKU00074,40,3,28.23
2024-04-01,S027,SKU00096,51,0,19.19
2024-04-01,S027,SKU00350,42,19,24.41
2024-04-01,S027,SKU00049,49,7,21.35
2024-04-01,S027,SKU00038,42,26,22.05
2024-04-01,S027,SKU00068,21,8,9.04
2024-04-01,S027,SKU00292,47,23,27.78
2024-04-01,S027,SKU00202,22,13,41.7
2024-04-01,S027,SKU00275,19,9,24.1
2024-04-01,S027,SKU00011,56,17,17.51
2024-04-01,S027,SKU00357,52,11,14.08
2024-04-01,S027,SKU00124,63,26,18.08
2024-04-01,S027,SKU00072,56,0,22.01
2024-04-01,S027,SKU00174,53,4,23.97
2024-04-01,S027,SKU00071,40,20,18.24
2024-04-01,S027,SKU00280,27,14,11.07
2024-04-01,S027,SKU00126,32,20,25.54
2024-04-01,S027,SKU00376,55,21,22.09
2024-04-01,S027,SKU00271,19,27,41.0
2024-04-01,S027,SKU00260,16,20,16.1
2024-04-01,S027,SKU00284,38,26,20.24
2024-04-01,S027,SKU00003,39,20,19.34
2024-04-01,S027,SKU00041,55,15,19.41
2024-04-01,S027,SKU00301,47,10,13.89
2024-04-01,S027,SKU00056,44,17,21.74
2024-04-01,S027,SKU00287,51,19,23.44
2024-04-01,S027,SKU00027,46,13,8.1
2024-04-01,S027,SKU00316,33,11,9.13
2024-04-01,S027,SKU00207,26,13,16.29
2024-04-01,S027,SKU00189,67,22,21.3
2024-04-01,S028,SKU00064,65,16,14.1
2024-04-01,S028,SKU00103,46,26,12.99
2024-04-01,S028,SKU00066,37,18,21.71
2024-04-01,S028,SKU00061,30,34,13.6
2024-04-01,S028,SKU00289,59,27,20.83
2024-04-01,S028,SKU00391,26,12,20.67
2024-04-01,S028,SKU00345,30,14,21.99
2024-04-01,S028,SKU00045,58,18,19.14
2024-04-01,S028,SKU00395,44,17,14.64
2024-04-01,S028,SKU00070,6,11,19.96
2024-04-01,S028,SKU00012,30,10,6.48
2024-04-01,S028,SKU00198,0,12,25.14
2024-04-01,S028,SKU00294,38,0,21.46
2024-04-01,S028,SKU00153,67,2,27.58
2024-04-01,S028,SKU00287,38,24,23.44
2024-04-01,S028,SKU00292,37,4,27.78
2024-04-01,S028,SKU00195,51,20,20.76
2024-04-01,S028,SKU00042,30,2,27.28
2024-04-01,S028,SKU00316,33,27,9.13
2024-04-01,S028,SKU00014,31,8,17.1
2024-04-01,S028,SKU00258,46,5,29.8
2024-04-01,S028,SKU00016,32,18,20.2
2024-04-01,S028,SKU00170,83,22,19.07
2024-04-01,S028,SKU00112,61,6,17.88
2024-04-01,S028,SKU00196,73,14,14.66
2024-04-01,S028,SKU00327,23,6,24.66
2024-04-01,S028,SKU00008,39,21,14.83
2024-04-01,S028,SKU00384,44,17,6.97
2024-04-01,S028,SKU00351,24,31,20.29
2024-04-01,S028,SKU00320,51,13,13.56
2024-04-01,S028,SKU00353,41,14,28.84
2024-04-01,S028,SKU00181,55,18,21.21
2024-04-01,S028,SKU00076,60,10,16.2
2024-04-01,S028,SKU00296,37,0,18.93
2024-04-01,S028,SKU00023,27,10,23.51
2024-04-01,S028,SKU00285,58,4,16.17
2024-04-01,S028,SKU00346,61,17,46.67
2024-04-01,S028,SKU00173,25,0,24.41
2024-04-01,S028,SKU00248,48,19,24.2
2024-04-01,S028,SKU00399,45,16,25.01
2024-04-01,S028,SKU00099,30,15,12.91
2024-04-01,S028,SKU00197,55,26,14.73
2024-04-01,S028,SKU00091,58,10,16.61
2024-04-01,S028,SKU00355,32,9,17.98
2024-04-01,S028,SKU00139,11,20,19.06
2024-04-01,S028,SKU00336,34,17,21.13
2024-04-01,S028,SKU00214,66,18,47.96
2024-04-01,S028,SKU00297,53,17,20.51
2024-04-01,S028,SKU00058,35,17,33.62
2024-04-01,S028,SKU00305,57,19,19.27
2024-04-01,S028,SKU00087,24,2,9.32
2024-04-01,S028,SKU00212,58,18,8.51
2024-04-01,S028,SKU00386,31,14,24.27
2024-04-01,S028,SKU00166,42,28,26.57
2024-04-01,S028,SKU00350,22,28,24.41
2024-04-01,S028,SKU00138,43,22,9.29
2024-04-01,S028,SKU00048,18,11,35.43
2024-04-01,S028,SKU00090,55,15,19.09
2024-04-01,S028,SKU00060,31,22,30.63
2024-04-01,S028,SKU00278,39,26,29.28
2024-04-01,S029,SKU00106,40,6,11.12
2024-04-01,S029,SKU00124,62,13,18.08
2024-04-01,S029,SKU00104,47,12,30.27
2024-04-01,S029,SKU00262,39,14,6.97
2024-04-01,S029,SKU00288,50,19,22.22
2024-04-01,S029,SKU00098,59,15,23.96
2024-04-01,S029,SKU00305,19,17,19.27
2024-04-01,S029,SKU00043,50,10,24.13
2024-04-01,S029,SKU00358,46,26,20.44
2024-04-01,S029,SKU00160,22,20,18.48
2024-04-01,S029,SKU00361,31,9,22.51
2024-04-01,S029,SKU00081,33,26,16.01
2024-04-01,S029,SKU00208,38,30,7.02
2024-04-01,S029,SKU00007,48,10,12.89
2024-04-01,S029,SKU00304,39,19,13.37
2024-04-01,S029,SKU00248,44,6,24.2
2024-04-01,S029,SKU00362,40,5,17.84
2024-04-01,S029,SKU00383,48,5,21.74
2024-04-01,S029,SKU00337,41,18,20.41
2024-04-01,S029,SKU00259,50,6,16.74
2024-04-01,S029,SKU00109,80,15,32.26
2024-04-01,S029,SKU00091,40,12,16.61
2024-04-01,S029,SKU00196,42,14,14.66
2024-04-01,S029,SKU00349,43,3,11.12
2024-04-01,S029,SKU00041,44,10,19.41
2024-04-01,S029,SKU00092,32,10,6.71
2024-04-01,S029,SKU00103,22,19,12.99
2024-04-01,S029,SKU00056,54,7,21.74
2024-04-01,S029,SKU00057,43,14,19.41
2024-04-01,S029,SKU00049,66,22,21.35
2024-04-01,S029,SKU00352,32,18,23.46
2024-04-01,S029,SKU00274,16,27,8.22
2024-04-01,S029,SKU00099,20,9,12.91
2024-04-01,S029,SKU00155,42,17,22.47
2024-04-01,S029,SKU00252,25,17,35.29
2024-04-01,S029,SKU00331,66,10,9.22
2024-04-01,S029,SKU00158,27,11,7.83
2024-04-01,S029,SKU00030,49,21,9.58
2024-04-01,S029,SKU00319,16,12,18.17
2024-04-01,S029,SKU00255,15,8,33.68
2024-04-01,S029,SKU00392,27,19,28.95
2024-04-01,S029,SKU00072,60,28,22.01
2024-04-01,S029,SKU00400,21,13,16.59
2024-04-01,S029,SKU00298,28,27,11.72
2024-04-01,S029,SKU00039,41,3,31.34
2024-04-01,S029,SKU00289,44,28,20.83
2024-04-01,S029,SKU00351,18,12,20.29
2024-04-01,S029,SKU00228,52,9,42.12
2024-04-01,S029,SKU00237,37,10,22.91
2024-04-01,S029,SKU00202,40,8,41.7
2024-04-01,S029,SKU00044,53,3,16.43
2024-04-01,S029,SKU00170,48,27,19.07
2024-04-01,S029,SKU00236,30,21,14.52
2024-04-01,S029,SKU00387,36,23,19.03
2024-04-01,S029,SKU00018,43,5,11.75
2024-04-01,S029,SKU00015,59,19,25.51
2024-04-01,S029,SKU00308,72,6,33.04
2024-04-01,S029,SKU00175,59,13,22.23
2024-04-01,S029,SKU00388,54,22,18.08
2024-04-01,S029,SKU00293,46,8,28.83
2024-04-01,S030,SKU00155,29,20,22.47
2024-04-01,S030,SKU00039,29,22,31.34
2024-04-01,S030,SKU00338,48,12,23.32
2024-04-01,S030,SKU00347,41,35,35.52
2024-04-01,S030,SKU00202,16,10,41.7
2024-04-01,S030,SKU00174,46,17,23.97
2024-04-01,S030,SKU00209,21,12,40.26
2024-04-01,S030,SKU00250,16,0,22.08
2024-04-01,S030,SKU00214,20,18,47.96
2024-04-01,S030,SKU00267,43,17,32.29
2024-04-01,S030,SKU00334,72,17,7.9
2024-04-01,S030,SKU00135,48,9,21.41
2024-04-01,S030,SKU00232,55,6,17.89
2024-04-01,S030,SKU00117,29,21,14.81
2024-04-01,S030,SKU00052,55,9,25.94
2024-04-01,S030,SKU00172,44,13,9.82
2024-04-01,S030,SKU00297,39,15,20.51
2024-04-01,S030,SKU00112,11,13,17.88
2024-04-01,S030,SKU00186,50,7,24.0
2024-04-01,S030,SKU00293,32,23,28.83
2024-04-01,S030,SKU00092,32,8,6.71
2024-04-01,S030,SKU00311,42,13,23.51
2024-04-01,S030,SKU00223,64,20,14.14
2024-04-01,S030,SKU00105,63,21,24.88
2024-04-01,S030,SKU00056,39,3,21.74
2024-04-01,S030,SKU00367,44,13,23.63
2024-04-01,S030,SKU00187,45,3,25.15
2024-04-01,S030,SKU00067,24,13,12.5
2024-04-01,S030,SKU00378,51,15,16.37
2024-04-01,S030,SKU00164,30,19,20.75
2024-04-01,S030,SKU00284,41,6,20.24
2024-04-01,S030,SKU00074,38,15,28.23
2024-04-01,S030,SKU00110,46,1,22.59
2024-04-01,S030,SKU00273,32,15,21.29
2024-04-01,S030,SKU00049,36,9,21.35
2024-04-01,S030,SKU00061,44,26,13.6
2024-04-01,S030,SKU00398,21,19,31.97
2024-04-01,S030,SKU00330,15,23,28.29
2024-04-01,S030,SKU00106,49,11,11.12
2024-04-01,S030,SKU00357,23,28,14.08
2024-04-01,S030,SKU00271,54,15,41.0
2024-04-01,S030,SKU00010,56,14,22.61
2024-04-01,S030,SKU00282,56,14,31.83
2024-04-01,S030,SKU00108,29,30,8.67
2024-04-01,S030,SKU00329,20,27,21.42
2024-04-01,S030,SKU00268,76,19,22.72
2024-04-01,S030,SKU00203,20,12,27.92
2024-04-01,S030,SKU00107,40,19,27.98
2024-04-01,S030,SKU00266,22,6,15.48
2024-04-01,S030,SKU00002,39,18,22.95
2024-04-01,S030,SKU00113,41,6,20.63
2024-04-01,S030,SKU00265,25,10,15.45
2024-04-01,S030,SKU00373,37,26,43.52
2024-04-01,S030,SKU00274,44,12,8.22
2024-04-01,S030,SKU00036,62,8,15.82
2024-04-01,S030,SKU00007,56,18,12.89
2024-04-01,S030,SKU00396,33,21,6.08
2024-04-01,S030,SKU00288,74,9,22.22
2024-04-01,S030,SKU00080,46,4,21.0
2024-04-01,S030,SKU00383,20,17,21.74
2024-05-01,S001,SKU00142,37,19,22.57
2024-05-01,S001,SKU00134,52,7,22.15
2024-05-01,S001,SKU00376,38,11,22.09
2024-05-01,S001,SKU00240,42,14,30.32
2024-05-01,S001,SKU00359,42,22,12.22
2024-05-01,S001,SKU00018,16,15,11.75
2024-05-01,S001,SKU00004,78,7,9.51
2024-05-01,S001,SKU00276,30,8,8.52
2024-05-01,S001,SKU00006,30,14,22.21
2024-05-01,S001,SKU00185,39,13,22.74
2024-05-01,S001,SKU00374,53,21,17.57
2024-05-01,S001,SKU00121,48,8,21.13
2024-05-01,S001,SKU00251,49,15,16.74
2024-05-01,S001,SKU00205,58,10,13.85
2024-05-01,S001,SKU00075,28,5,19.82
2024-05-01,S001,SKU00174,2,24,23.97
2024-05-01,S001,SKU00378,24,4,16.37
2024-05-01,S001,SKU00310,43,8,23.34
2024-05-01,S001,SKU00366,44,11,12.66
2024-05-01,S001,SKU00033,33,14,10.76
2024-05-01,S001,SKU00302,23,10,11.51
2024-05-01,S001,SKU00339,25,29,14.34
2024-05-01,S001,SKU00171,44,18,26.18
2024-05-01,S001,SKU00308,43,16,33.04
2024-05-01,S001,SKU00167,9,24,11.09
2024-05-01,S001,SKU00269,36,0,13.31
2024-05-01,S001,SKU00135,38,12,21.41
2024-05-01,S001,SKU00338,69,16,23.32
2024-05-01,S001,SKU00120,34,13,10.19
2024-05-01,S001,SKU00223,46,14,14.14
2024-05-01,S001,SKU00150,30,9,17.58
2024-05-01,S001,SKU00222,33,15,21.69
2024-05-01,S001,SKU00191,1,15,24.12
2024-05-01,S001,SKU00250,14,17,22.08
2024-05-01,S001,SKU00073,41,8,31.53
2024-05-01,S001,SKU00025,34,11,18.13
2024-05-01,S001,SKU00243,36,28,20.2
2024-05-01,S001,SKU00119,33,31,21.19
2024-05-01,S001,SKU00028,29,13,14.87
2024-05-01,S001,SKU00085,69,14,21.5
2024-05-01,S001,SKU00375,41,5,23.14
2024-05-01,S001,SKU00228,35,7,42.12
2024-05-01,S001,SKU00100,27,15,7.48
2024-05-01,S001,SKU00293,60,17,28.83
2024-05-01,S001,SKU00091,39,17,16.61
2024-05-01,S001,SKU00169,35,15,15.35
2024-05-01,S001,SKU00198,8,9,25.14
2024-05-01,S001,SKU00336,70,27,21.13
2024-05-01,S001,SKU00196,30,19,14.66
2024-05-01,S001,SKU00035,50,20,34.51
2024-05-01,S001,SKU00087,51,13,9.32
2024-05-01,S001,SKU00130,56,7,29.35
2024-05-01,S001,SKU00056,58,13,21.74
2024-05-01,S001,SKU00212,23,9,8.51
2024-05-01,S001,SKU00093,40,22,20.73
2024-05-01,S001,SKU00194,26,6,15.09
2024-05-01,S001,SKU00187,34,16,25.15
2024-05-01,S001,SKU00177,44,10,24.36
2024-05-01,S001,SKU00372,46,10,8.73
2024-05-01,S001,SKU00047,40,33,30.28
2024-05-01,S002,SKU00207,56,14,16.29
2024-05-01,S002,SKU00214,38,9,47.96
2024-05-01,S002,SKU00153,65,15,27.58
2024-05-01,S002,SKU00212,34,2,8.51
2024-05-01,S002,SKU00129,51,11,17.3
2024-05-01,S002,SKU00183,17,16,7.71
2024-05-01,S002,SKU00220,35,18,23.06
2024-05-01,S002,SKU00243,45,16,20.2
2024-05-01,S002,SKU00202,7,11,41.7
2024-05-01,S002,SKU00151,2,14,7.16
2024-05-01,S002,SKU00031,39,18,18.97
2024-05-01,S002,SKU00185,43,8,22.74
2024-05-01,S002,SKU00124,35,23,18.08
2024-05-01,S002,SKU00173,45,15,24.41
2024-05-01,S002,SKU00050,43,14,9.35
2024-05-01,S002,SKU00376,39,9,22.09
2024-05-01,S002,SKU00287,35,20,23.44
2024-05-01,S002,SKU00286,43,3,25.41
2024-05-01,S002,SKU00073,42,12,31.53
2024-05-01,S002,SKU00291,12,18,20.61
2024-05-01,S002,SKU00075,38,7,19.82
2024-05-01,S002,SKU00176,28,16,14.59
2024-05-01,S002,SKU00394,63,7,10.9
2024-05-01,S002,SKU00189,39,0,21.3
2024-05-01,S002,SKU00352,33,25,23.46
2024-05-01,S002,SKU00108,62,20,8.67
2024-05-01,S002,SKU00377,46,17,24.12
2024-05-01,S002,SKU00206,30,4,12.31
2024-05-01,S002,SKU00196,35,8,14.66
2024-05-01,S002,SKU00303,44,13,27.57
2024-05-01,S002,SKU00009,33,0,21.87
2024-05-01,S002,SKU00278,34,7,29.28
2024-05-01,S002,SKU00138,53,10,9.29
2024-05-01,S002,SKU00387,54,14,19.03
2024-05-01,S002,SKU00338,40,20,23.32
2024-05-01,S002,SKU00314,29,18,15.81
2024-05-01,S002,SKU00277,15,19,17.75
2024-05-01,S002,SKU00178,31,16,23.85
2024-05-01,S002,SKU00141,34,15,34.29
2024-05-01,S002,SKU00069,37,16,10.26
2024-05-01,S002,SKU00164,46,17,20.75
2024-05-01,S002,SKU00023,24,24,23.51
2024-05-01,S002,SKU00199,39,15,28.75
2024-05-01,S002,SKU00354,46,11,16.32
2024-05-01,S002,SKU00388,37,21,18.08
2024-05-01,S002,SKU00094,27,0,30.76
2024-05-01,S002,SKU00308,61,24,33.04
2024-05-01,S002,SKU00186,21,1,24.0
2024-05-01,S002,SKU00116,50,18,40.0
2024-05-01,S002,SKU00240,46,15,30.32
2024-05-01,S002,SKU00224,53,10,28.25
2024-05-01,S002,SKU00188,15,15,22.21
2024-05-01,S002,SKU00190,50,2,23.47
2024-05-01,S002,SKU00311,27,10,23.51
2024-05-01,S002,SKU00078,40,16,9.74
2024-05-01,S002,SKU00179,63,24,8.72
2024-05-01,S002,SKU00344,61,1,6.67
2024-05-01,S002,SKU00319,37,16,18.17
2024-05-01,S002,SKU00171,79,3,26.18
2024-05-01,S002,SKU00381,58,17,29.5
2024-05-01,S003,SKU00171,37,14,26.18
2024-05-01,S003,SKU00231,52,12,23.4
2024-05-01,S003,SKU00187,26,9,25.15
2024-05-01,S003,SKU00190,53,20,23.47
2024-05-01,S003,SKU00247,41,16,19.17
2024-05-01,S003,SKU00309,9,12,27.53
2024-05-01,S003,SKU00367,52,8,23.63
2024-05-01,S003,SKU00208,44,19,7.02
2024-05-01,S003,SKU00376,39,4,22.09
2024-05-01,S003,SKU00298,29,8,11.72
2024-05-01,S003,SKU00253,31,14,19.63
2024-05-01,S003,SKU00398,30,30,31.97
2024-05-01,S003,SKU00071,38,9,18.24
2024-05-01,S003,SKU00274,26,11,8.22
2024-05-01,S003,SKU00189,22,19,21.3
2024-05-01,S003,SKU00025,52,19,18.13
2024-05-01,S003,SKU00210,54,21,17.08
2024-05-01,S003,SKU00304,29,6,13.37
2024-05-01,S003,SKU00270,22,18,23.19
2024-05-01,S003,SKU00137,56,16,32.34
2024-05-01,S003,SKU00090,39,18,19.09
2024-05-01,S003,SKU00244,35,12,14.65
2024-05-01,S003,SKU00204,31,21,22.75
2024-05-01,S003,SKU00019,31,13,14.15
2024-05-01,S003,SKU00123,41,24,17.11
2024-05-01,S003,SKU00307,36,15,19.13
2024-05-01,S003,SKU00087,22,27,9.32
2024-05-01,S003,SKU00349,30,11,11.12
2024-05-01,S003,SKU00002,48,27,22.95
2024-05-01,S003,SKU00194,36,17,15.09
2024-05-01,S003,SKU00136,9,13,21.43
2024-05-01,S003,SKU00332,54,8,53.2
2024-05-01,S003,SKU00214,33,0,47.96
2024-05-01,S003,SKU00138,45,9,9.29
2024-05-01,S003,SKU00128,58,17,12.06
2024-05-01,S003,SKU00239,62,18,7.57
2024-05-01,S003,SKU00031,0,14,18.97
2024-05-01,S003,SKU00181,59,9,21.21
2024-05-01,S003,SKU00118,48,4,9.41
2024-05-01,S003,SKU00199,40,14,28.75
2024-05-01,S003,SKU00169,33,10,15.35
2024-05-01,S003,SKU00124,60,8,18.08
2024-05-01,S003,SKU00076,13,13,16.2
2024-05-01,S003,SKU00053,46,4,26.92
2024-05-01,S003,SKU00292,72,25,27.78
2024-05-01,S003,SKU00099,47,10,12.91
2024-05-01,S003,SKU00145,57,17,13.72
2024-05-01,S003,SKU00045,42,11,19.14
2024-05-01,S003,SKU00395,21,20,14.64
2024-05-01,S003,SKU00044,63,25,16.43
2024-05-01,S003,SKU00131,49,35,22.93
2024-05-01,S003,SKU00222,60,20,21.69
2024-05-01,S003,SKU00081,41,10,16.01
2024-05-01,S003,SKU00330,29,6,28.29
2024-05-01,S003,SKU00134,21,16,22.15
2024-05-01,S003,SKU00314,12,10,15.81
2024-05-01,S003,SKU00185,49,18,22.74
2024-05-01,S003,SKU00369,14,10,27.28
2024-05-01,S003,SKU00232,53,19,17.89
2024-05-01,S003,SKU00386,23,10,24.27
2024-05-01,S004,SKU00053,32,22,26.92
2024-05-01,S004,SKU00148,29,11,18.3
2024-05-01,S004,SKU00035,39,15,34.51
2024-05-01,S004,SKU00190,37,16,23.47
2024-05-01,S004,SKU00102,57,15,7.81
2024-05-01,S004,SKU00042,63,20,27.28
2024-05-01,S004,SKU00011,69,11,17.51
2024-05-01,S004,SKU00177,39,25,24.36
2024-05-01,S004,SKU00274,30,18,8.22
2024-05-01,S004,SKU00327,23,19,24.66
2024-05-01,S004,SKU00335,38,19,10.25
2024-05-01,S004,SKU00354,27,22,16.32
2024-05-01,S004,SKU00341,39,16,20.55
2024-05-01,S004,SKU00263,36,15,12.54
2024-05-01,S004,SKU00260,61,11,16.1
2024-05-01,S004,SKU00336,13,16,21.13
2024-05-01,S004,SKU00184,38,7,15.79
2024-05-01,S004,SKU00349,47,15,11.12
2024-05-01,S004,SKU00376,81,12,22.09
2024-05-01,S004,SKU00322,41,13,9.39
2024-05-01,S004,SKU00298,33,20,11.72
2024-05-01,S004,SKU00070,30,6,19.96
2024-05-01,S004,SKU00383,18,18,21.74
2024-05-01,S004,SKU00018,23,11,11.75
2024-05-01,S004,SKU00137,57,17,32.34
2024-05-01,S004,SKU00374,39,10,17.57
2024-05-01,S004,SKU00175,35,9,22.23
2024-05-01,S004,SKU00090,82,13,19.09
2024-05-01,S004,SKU00333,18,19,19.02
2024-05-01,S004,SKU00013,14,10,15.96
2024-05-01,S004,SKU00072,39,17,22.01
2024-05-01,S004,SKU00237,45,22,22.91
2024-05-01,S004,SKU00078,7,10,9.74
2024-05-01,S004,SKU00357,75,23,14.08
2024-05-01,S004,SKU00347,22,10,35.52
2024-05-01,S004,SKU00119,37,14,21.19
2024-05-01,S004,SKU00188,34,12,22.21
2024-05-01,S004,SKU00008,24,15,14.83
2024-05-01,S004,SKU00205,29,9,13.85
2024-05-01,S004,SKU00178,30,21,23.85
2024-05-01,S004,SKU00092,30,17,6.71
2024-05-01,S004,SKU00217,54,8,19.37
2024-05-01,S004,SKU00231,3,5,23.4
2024-05-01,S004,SKU00316,24,19,9.13
2024-05-01,S004,SKU00104,10,13,30.27
2024-05-01,S004,SKU00147,7,24,26.65
2024-05-01,S004,SKU00232,28,18,17.89
2024-05-01,S004,SKU00227,19,19,38.72
2024-05-01,S004,SKU00194,32,15,15.09
2024-05-01,S004,SKU00351,46,8,20.29
2024-05-01,S004,SKU00126,48,19,25.54
2024-05-01,S004,SKU00076,32,2,16.2
2024-05-01,S004,SKU00293,22,7,28.83
2024-05-01,S004,SKU00198,29,13,25.14
2024-05-01,S004,SKU00037,18,23,14.43
2024-05-01,S004,SKU00059,13,18,18.63
2024-05-01,S004,SKU00279,69,7,18.46
2024-05-01,S004,SKU00048,44,11,35.43
2024-05-01,S004,SKU00128,59,13,12.06
2024-05-01,S004,SKU00083,20,13,22.59
2024-05-01,S005,SKU00058,43,26,33.62
2024-05-01,S005,SKU00081,18,10,16.01
2024-05-01,S005,SKU00186,32,23,24.0
2024-05-01,S005,SKU00196,16,5,14.66
2024-05-01,S005,SKU00340,53,12,14.8
2024-05-01,S005,SKU00232,64,3,17.89
2024-05-01,S005,SKU00022,36,16,10.6
2024-05-01,S005,SKU00235,25,16,17.69
2024-05-01,S005,SKU00327,39,17,24.66
2024-05-01,S005,SKU00125,38,10,14.87
2024-05-01,S005,SKU00319,34,20,18.17
2024-05-01,S005,SKU00158,36,10,7.83
2024-05-01,S005,SKU00015,35,15,25.51
2024-05-01,S005,SKU00241,29,5,22.03
2024-05-01,S005,SKU00269,42,14,13.31
2024-05-01,S005,SKU00180,59,12,18.4
2024-05-01,S005,SKU00251,51,17,16.74
2024-05-01,S005,SKU00314,43,21,15.81
2024-05-01,S005,SKU00139,4,22,19.06
2024-05-01,S005,SKU00068,20,22,9.04
2024-05-01,S005,SKU00387,17,13,19.03
2024-05-01,S005,SKU00335,30,14,10.25
2024-05-01,S005,SKU00288,35,22,22.22
2024-05-01,S005,SKU00049,57,18,21.35
2024-05-01,S005,SKU00246,56,4,19.79
2024-05-01,S005,SKU00134,26,14,22.15
2024-05-01,S005,SKU00154,69,6,36.04
2024-05-01,S005,SKU00336,12,22,21.13
2024-05-01,S005,SKU00070,32,30,19.96
2024-05-01,S005,SKU00400,46,11,16.59
2024-05-01,S005,SKU00002,44,25,22.95
2024-05-01,S005,SKU00193,58,17,26.54
2024-05-01,S005,SKU00010,62,18,22.61
2024-05-01,S005,SKU00247,13,17,19.17
2024-05-01,S005,SKU00203,62,12,27.92
2024-05-01,S005,SKU00063,26,9,13.32
2024-05-01,S005,SKU00261,29,11,33.76
2024-05-01,S005,SKU00172,54,6,9.82
2024-05-01,S005,SKU00222,66,20,21.69
2024-05-01,S005,SKU00104,46,13,30.27
2024-05-01,S005,SKU00333,57,1,19.02
2024-05-01,S005,SKU00171,46,10,26.18
2024-05-01,S005,SKU00054,52,15,12.05
2024-05-01,S005,SKU00276,41,18,8.52
2024-05-01,S005,SKU00324,21,3,27.35
2024-05-01,S005,SKU00123,30,17,17.11
2024-05-01,S005,SKU00396,59,7,6.08
2024-05-01,S005,SKU00331,43,5,9.22
2024-05-01,S005,SKU00361,45,5,22.51
2024-05-01,S005,SKU00239,45,15,7.57
2024-05-01,S005,SKU00229,54,13,28.44
2024-05-01,S005,SKU00146,52,8,30.59
2024-05-01,S005,SKU00067,33,17,12.5
2024-05-01,S005,SKU00390,36,16,20.94
2024-05-01,S005,SKU00161,61,8,6.86
2024-05-01,S005,SKU00201,36,2,17.59
2024-05-01,S005,SKU00185,36,0,22.74
2024-05-01,S005,SKU00379,31,7,19.61
2024-05-01,S005,SKU00236,36,23,14.52
2024-05-01,S005,SKU00354,39,8,16.32
2024-05-01,S006,SKU00057,19,14,19.41
2024-05-01,S006,SKU00183,41,7,7.71
2024-05-01,S006,SKU00248,33,10,24.2
2024-05-01,S006,SKU00166,34,23,26.57
2024-05-01,S006,SKU00224,42,2,28.25
2024-05-01,S006,SKU00171,33,14,26.18
2024-05-01,S006,SKU00252,46,10,35.29
2024-05-01,S006,SKU00315,41,2,25.73
2024-05-01,S006,SKU00204,46,23,22.75
2024-05-01,S006,SKU00333,58,19,19.02
2024-05-01,S006,SKU00048,27,19,35.43
2024-05-01,S006,SKU00371,43,17,23.22
2024-05-01,S006,SKU00010,39,14,22.61
2024-05-01,S006,SKU00398,33,11,31.97
2024-05-01,S006,SKU00188,59,2,22.21
2024-05-01,S006,SKU00325,60,30,11.47
2024-05-01,S006,SKU00026,54,15,28.01
2024-05-01,S006,SKU00321,39,10,8.77
2024-05-01,S006,SKU00044,47,0,16.43
2024-05-01,S006,SKU00013,56,15,15.96
2024-05-01,S006,SKU00250,55,9,22.08
2024-05-01,S006,SKU00270,32,5,23.19
2024-05-01,S006,SKU00281,86,16,24.82
2024-05-01,S006,SKU00153,25,19,27.58
2024-05-01,S006,SKU00350,42,11,24.41
2024-05-01,S006,SKU00378,39,9,16.37
2024-05-01,S006,SKU00106,27,19,11.12
2024-05-01,S006,SKU00249,58,15,14.24
2024-05-01,S006,SKU00088,35,17,27.73
2024-05-01,S006,SKU00311,53,14,23.51
2024-05-01,S006,SKU00045,34,6,19.14
2024-05-01,S006,SKU00330,36,13,28.29
2024-05-01,S006,SKU00376,26,24,22.09
2024-05-01,S006,SKU00059,42,15,18.63
2024-05-01,S006,SKU00125,35,22,14.87
2024-05-01,S006,SKU00213,39,11,21.39
2024-05-01,S006,SKU00108,30,12,8.67
2024-05-01,S006,SKU00317,50,10,22.08
2024-05-01,S006,SKU00109,31,14,32.26
2024-05-01,S006,SKU00129,47,12,17.3
2024-05-01,S006,SKU00393,58,10,7.6
2024-05-01,S006,SKU00054,34,19,12.05
2024-05-01,S006,SKU00146,17,28,30.59
2024-05-01,S006,SKU00217,48,10,19.37
2024-05-01,S006,SKU00051,53,11,21.15
2024-05-01,S006,SKU00074,40,21,28.23
2024-05-01,S006,SKU00090,74,8,19.09
2024-05-01,S006,SKU00326,39,28,21.09
2024-05-01,S006,SKU00295,49,11,21.15
2024-05-01,S006,SKU00247,42,6,19.17
2024-05-01,S006,SKU00061,41,23,13.6
2024-05-01,S006,SKU00241,8,11,22.03
2024-05-01,S006,SKU00370,55,5,19.59
2024-05-01,S006,SKU00304,42,23,13.37
2024-05-01,S006,SKU00220,37,12,23.06
2024-05-01,S006,SKU00198,58,19,25.14
2024-05-01,S006,SKU00075,68,14,19.82
2024-05-01,S006,SKU00202,43,24,41.7
2024-05-01,S006,SKU00173,26,18,24.41
2024-05-01,S006,SKU00053,30,11,26.92
2024-05-01,S007,SKU00088,54,9,27.73
2024-05-01,S007,SKU00147,14,21,26.65
2024-05-01,S007,SKU00211,54,5,37.2
2024-05-01,S007,SKU00089,41,14,25.61
2024-05-01,S007,SKU00148,37,20,18.3
2024-05-01,S007,SKU00279,66,13,18.46
2024-05-01,S007,SKU00391,46,8,20.67
2024-05-01,S007,SKU00017,41,6,22.2
2024-05-01,S007,SKU00114,47,10,16.42
2024-05-01,S007,SKU00125,25,9,14.87
2024-05-01,S007,SKU00334,33,26,7.9
2024-05-01,S007,SKU00276,48,21,8.52
2024-05-01,S007,SKU00043,51,0,24.13
2024-05-01,S007,SKU00070,46,14,19.96
2024-05-01,S007,SKU00379,40,16,19.61
2024-05-01,S007,SKU00007,29,0,12.89
2024-05-01,S007,SKU00039,70,5,31.34
2024-05-01,S007,SKU00225,42,22,14.42
2024-05-01,S007,SKU00041,51,10,19.41
2024-05-01,S007,SKU00123,46,11,17.11
2024-05-01,S007,SKU00134,38,13,22.15
2024-05-01,S007,SKU00266,48,11,15.48
2024-05-01,S007,SKU00204,39,17,22.75
2024-05-01,S007,SKU00257,65,21,12.09
2024-05-01,S007,SKU00099,54,27,12.91
2024-05-01,S007,SKU00238,42,13,47.65
2024-05-01,S007,SKU00059,34,29,18.63
2024-05-01,S007,SKU00275,31,13,24.1
2024-05-01,S007,SKU00397,20,6,24.95
2024-05-01,S007,SKU00281,26,10,24.82
2024-05-01,S007,SKU00130,73,6,29.35
2024-05-01,S007,SKU00016,59,26,20.2
2024-05-01,S007,SKU00239,57,20,7.57
2024-05-01,S007,SKU00381,15,8,29.5
2024-05-01,S007,SKU00228,31,8,42.12
2024-05-01,S007,SKU00124,43,26,18.08
2024-05-01,S007,SKU00380,41,18,21.56
2024-05-01,S007,SKU00195,48,24,20.76
2024-05-01,S007,SKU00074,27,11,28.23
2024-05-01,S007,SKU00018,39,9,11.75
2024-05-01,S007,SKU00158,29,0,7.83
2024-05-01,S007,SKU00064,51,24,14.1
2024-05-01,S007,SKU00120,61,23,10.19
2024-05-01,S007,SKU00127,43,4,18.2
2024-05-01,S007,SKU00171,64,20,26.18
2024-05-01,S007,SKU00084,53,10,22.85
2024-05-01,S007,SKU00085,36,17,21.5
2024-05-01,S007,SKU00369,27,16,27.28
2024-05-01,S007,SKU00371,44,24,23.22
2024-05-01,S007,SKU00210,66,27,17.08
2024-05-01,S007,SKU00037,18,12,14.43
2024-05-01,S007,SKU00104,26,24,30.27
2024-05-01,S007,SKU00188,24,8,22.21
2024-05-01,S007,SKU00050,47,12,9.35
2024-05-01,S007,SKU00320,32,14,13.56
2024-05-01,S007,SKU00385,42,15,24.15
2024-05-01,S007,SKU00345,32,6,21.99
2024-05-01,S007,SKU00068,51,16,9.04
2024-05-01,S007,SKU00252,24,24,35.29
2024-05-01,S007,SKU00196,43,17,14.66
2024-05-01,S008,SKU00029,57,15,18.21
2024-05-01,S008,SKU00036,14,10,15.82
2024-05-01,S008,SKU00179,52,23,8.72
2024-05-01,S008,SKU00102,50,22,7.81
2024-05-01,S008,SKU00217,34,7,19.37
2024-05-01,S008,SKU00379,41,22,19.61
2024-05-01,S008,SKU00303,56,22,27.57
2024-05-01,S008,SKU00034,58,19,25.34
2024-05-01,S008,SKU00163,6,13,15.73
2024-05-01,S008,SKU00267,68,20,32.29
2024-05-01,S008,SKU00003,40,4,19.34
2024-05-01,S008,SKU00219,61,20,24.96
2024-05-01,S008,SKU00145,35,5,13.72
2024-05-01,S008,SKU00325,15,22,11.47
2024-05-01,S008,SKU00149,64,20,16.9
2024-05-01,S008,SKU00350,53,6,24.41
2024-05-01,S008,SKU00212,16,10,8.51
2024-05-01,S008,SKU00098,30,10,23.96
2024-05-01,S008,SKU00069,27,14,10.26
2024-05-01,S008,SKU00079,42,10,18.54
2024-05-01,S008,SKU00025,13,21,18.13
2024-05-01,S008,SKU00190,8,25,23.47
2024-05-01,S008,SKU00187,41,22,25.15
2024-05-01,S008,SKU00164,40,19,20.75
2024-05-01,S008,SKU00154,14,13,36.04
2024-05-01,S008,SKU00133,29,21,10.11
2024-05-01,S008,SKU00060,38,23,30.63
2024-05-01,S008,SKU00280,38,3,11.07
2024-05-01,S008,SKU00202,33,15,41.7
2024-05-01,S008,SKU00292,8,29,27.78
2024-05-01,S008,SKU00004,22,13,9.51
2024-05-01,S008,SKU00366,38,15,12.66
2024-05-01,S008,SKU00191,32,10,24.12
2024-05-01,S008,SKU00015,38,24,25.51
2024-05-01,S008,SKU00085,54,0,21.5
2024-05-01,S008,SKU00378,39,20,16.37
2024-05-01,S008,SKU00155,15,6,22.47
2024-05-01,S008,SKU00225,45,11,14.42
2024-05-01,S008,SKU00161,32,18,6.86
2024-05-01,S008,SKU00158,60,5,7.83
2024-05-01,S008,SKU00148,66,23,18.3
2024-05-01,S008,SKU00224,50,13,28.25
2024-05-01,S008,SKU00028,43,19,14.87
2024-05-01,S008,SKU00323,44,14,17.89
2024-05-01,S008,SKU00124,35,17,18.08
2024-05-01,S008,SKU00354,45,19,16.32
2024-05-01,S008,SKU00019,54,3,14.15
2024-05-01,S008,SKU00072,47,22,22.01
2024-05-01,S008,SKU00241,46,11,22.03
2024-05-01,S008,SKU00268,16,10,22.72
2024-05-01,S008,SKU00032,31,21,26.13
2024-05-01,S008,SKU00089,37,25,25.61
2024-05-01,S008,SKU00396,53,7,6.08
2024-05-01,S008,SKU00307,30,27,19.13
2024-05-01,S008,SKU00075,45,20,19.82
2024-05-01,S008,SKU00394,35,8,10.9
2024-05-01,S008,SKU00251,26,27,16.74
2024-05-01,S008,SKU00177,47,7,24.36
2024-05-01,S008,SKU00385,31,9,24.15
2024-05-01,S008,SKU00046,58,12,11.26
2024-05-01,S009,SKU00261,46,0,33.76
2024-05-01,S009,SKU00129,27,6,17.3
2024-05-01,S009,SKU00366,39,12,12.66
2024-05-01,S009,SKU00219,22,7,24.96
2024-05-01,S009,SKU00262,42,22,6.97
2024-05-01,S009,SKU00010,14,14,22.61
2024-05-01,S009,SKU00074,18,27,28.23
2024-05-01,S009,SKU00281,30,24,24.82
2024-05-01,S009,SKU00133,43,24,10.11
2024-05-01,S009,SKU00333,26,14,19.02
2024-05-01,S009,SKU00149,28,32,16.9
2024-05-01,S009,SKU00132,16,24,18.85
2024-05-01,S009,SKU00209,38,16,40.26
2024-05-01,S009,SKU00154,14,3,36.04
2024-05-01,S009,SKU00316,36,16,9.13
2024-05-01,S009,SKU00139,28,18,19.06
2024-05-01,S009,SKU00337,31,10,20.41
2024-05-01,S009,SKU00150,29,21,17.58
2024-05-01,S009,SKU00377,33,6,24.12
2024-05-01,S009,SKU00256,50,20,16.17
2024-05-01,S009,SKU00193,43,21,26.54
2024-05-01,S009,SKU00009,51,4,21.87
2024-05-01,S009,SKU00393,33,17,7.6
2024-05-01,S009,SKU00278,46,18,29.28
2024-05-01,S009,SKU00071,54,14,18.24
2024-05-01,S009,SKU00330,21,9,28.29
2024-05-01,S009,SKU00007,40,8,12.89
2024-05-01,S009,SKU00186,55,13,24.0
2024-05-01,S009,SKU00096,45,24,19.19
2024-05-01,S009,SKU00305,52,15,19.27
2024-05-01,S009,SKU00218,36,17,10.78
2024-05-01,S009,SKU00341,42,15,20.55
2024-05-01,S009,SKU00269,68,18,13.31
2024-05-01,S009,SKU00106,35,21,11.12
2024-05-01,S009,SKU00268,14,18,22.72
2024-05-01,S009,SKU00090,25,18,19.09
2024-05-01,S009,SKU00039,36,16,31.34
2024-05-01,S009,SKU00068,48,0,9.04
2024-05-01,S009,SKU00252,71,14,35.29
2024-05-01,S009,SKU00298,34,11,11.72
2024-05-01,S009,SKU00228,49,16,42.12
2024-05-01,S009,SKU00189,49,9,21.3
2024-05-01,S009,SKU00087,53,27,9.32
2024-05-01,S009,SKU00210,31,4,17.08
2024-05-01,S009,SKU00114,28,22,16.42
2024-05-01,S009,SKU00029,24,26,18.21
2024-05-01,S009,SKU00255,34,14,33.68
2024-05-01,S009,SKU00079,12,22,18.54
2024-05-01,S009,SKU00259,33,28,16.74
2024-05-01,S009,SKU00026,73,12,28.01
2024-05-01,S009,SKU00275,27,10,24.1
2024-05-01,S009,SKU00332,32,20,53.2
2024-05-01,S009,SKU00160,39,13,18.48
2024-05-01,S009,SKU00102,34,13,7.81
2024-05-01,S009,SKU00095,37,2,27.04
2024-05-01,S009,SKU00201,44,19,17.59
2024-05-01,S009,SKU00143,73,16,9.07
2024-05-01,S009,SKU00303,64,9,27.57
2024-05-01,S009,SKU00002,41,8,22.95
2024-05-01,S009,SKU00208,50,15,7.02
2024-05-01,S010,SKU00236,33,15,14.52
2024-05-01,S010,SKU00038,54,8,22.05
2024-05-01,S010,SKU00250,25,7,22.08
2024-05-01,S010,SKU00168,38,17,18.6
2024-05-01,S010,SKU00019,35,23,14.15
2024-05-01,S010,SKU00114,45,32,16.42
2024-05-01,S010,SKU00140,19,3,22.39
2024-05-01,S010,SKU00360,19,19,35.66
2024-05-01,S010,SKU00387,70,16,19.03
2024-05-01,S010,SKU00193,38,14,26.54
2024-05-01,S010,SKU00223,34,16,14.14
2024-05-01,S010,SKU00295,57,22,21.15
2024-05-01,S010,SKU00390,34,9,20.94
2024-05-01,S010,SKU00393,38,16,7.6
2024-05-01,S010,SKU00138,37,19,9.29
2024-05-01,S010,SKU00081,36,16,16.01
2024-05-01,S010,SKU00148,27,17,18.3
2024-05-01,S010,SKU00291,36,10,20.61
2024-05-01,S010,SKU00355,49,19,17.98
2024-05-01,S010,SKU00036,34,9,15.82
2024-05-01,S010,SKU00290,27,10,20.85
2024-05-01,S010,SKU00055,42,21,24.5
2024-05-01,S010,SKU00003,20,15,19.34
2024-05-01,S010,SKU00064,34,7,14.1
2024-05-01,S010,SKU00224,30,15,28.25
2024-05-01,S010,SKU00068,55,8,9.04
2024-05-01,S010,SKU00378,55,17,16.37
2024-05-01,S010,SKU00212,41,4,8.51
2024-05-01,S010,SKU00083,36,4,22.59
2024-05-01,S010,SKU00090,71,16,19.09
2024-05-01,S010,SKU00377,62,15,24.12
2024-05-01,S010,SKU00206,52,27,12.31
2024-05-01,S010,SKU00110,2,15,22.59
2024-05-01,S010,SKU00342,54,21,17.51
2024-05-01,S010,SKU00043,38,6,24.13
2024-05-01,S010,SKU00260,42,5,16.1
2024-05-01,S010,SKU00109,57,15,32.26
2024-05-01,S010,SKU00082,23,3,18.27
2024-05-01,S010,SKU00005,50,11,5.18
2024-05-01,S010,SKU00201,29,11,17.59
2024-05-01,S010,SKU00259,13,18,16.74
2024-05-01,S010,SKU00181,11,8,21.21
2024-05-01,S010,SKU00386,48,16,24.27
2024-05-01,S010,SKU00253,62,6,19.63
2024-05-01,S010,SKU00348,41,12,24.11
2024-05-01,S010,SKU00217,40,0,19.37
2024-05-01,S010,SKU00199,44,3,28.75
2024-05-01,S010,SKU00233,39,20,14.08
2024-05-01,S010,SKU00347,68,6,35.52
2024-05-01,S010,SKU00062,10,10,21.8
2024-05-01,S010,SKU00380,37,12,21.56
2024-05-01,S010,SKU00022,12,0,10.6
2024-05-01,S010,SKU00056,42,9,21.74
2024-05-01,S010,SKU00122,68,20,15.22
2024-05-01,S010,SKU00189,49,17,21.3
2024-05-01,S010,SKU00156,31,13,13.5
2024-05-01,S010,SKU00071,54,27,18.24
2024-05-01,S010,SKU00241,23,17,22.03
2024-05-01,S010,SKU00315,43,28,25.73
2024-05-01,S010,SKU00121,57,12,21.13
2024-05-01,S011,SKU00108,39,13,8.67
2024-05-01,S011,SKU00270,7,22,23.19
2024-05-01,S011,SKU00330,10,10,28.29
2024-05-01,S011,SKU00072,43,18,22.01
2024-05-01,S011,SKU00059,34,7,18.63
2024-05-01,S011,SKU00256,50,20,16.17
2024-05-01,S011,SKU00079,48,21,18.54
2024-05-01,S011,SKU00312,27,13,19.86
2024-05-01,S011,SKU00266,41,26,15.48
2024-05-01,S011,SKU00054,65,10,12.05
2024-05-01,S011,SKU00347,40,8,35.52
2024-05-01,S011,SKU00025,26,17,18.13
2024-05-01,S011,SKU00334,40,15,7.9
2024-05-01,S011,SKU00336,59,0,21.13
2024-05-01,S011,SKU00017,22,5,22.2
2024-05-01,S011,SKU00246,33,21,19.79
2024-05-01,S011,SKU00301,24,10,13.89
2024-05-01,S011,SKU00132,43,26,18.85
2024-05-01,S011,SKU00198,60,22,25.14
2024-05-01,S011,SKU00102,46,19,7.81
2024-05-01,S011,SKU00364,37,20,20.03
2024-05-01,S011,SKU00242,43,7,23.88
2024-05-01,S011,SKU00238,12,15,47.65
2024-05-01,S011,SKU00049,42,10,21.35
2024-05-01,S011,SKU00182,75,11,22.49
2024-05-01,S011,SKU00269,40,19,13.31
2024-05-01,S011,SKU00348,24,7,24.11
2024-05-01,S011,SKU00284,50,11,20.24
2024-05-01,S011,SKU00274,44,23,8.22
2024-05-01,S011,SKU00047,41,13,30.28
2024-05-01,S011,SKU00237,36,16,22.91
2024-05-01,S011,SKU00362,11,12,17.84
2024-05-01,S011,SKU00228,43,14,42.12
2024-05-01,S011,SKU00222,48,0,21.69
2024-05-01,S011,SKU00210,47,8,17.08
2024-05-01,S011,SKU00259,51,20,16.74
2024-05-01,S011,SKU00325,54,15,11.47
2024-05-01,S011,SKU00104,53,7,30.27
2024-05-01,S011,SKU00300,10,12,19.9
2024-05-01,S011,SKU00389,42,12,26.23
2024-05-01,S011,SKU00331,18,11,9.22
2024-05-01,S011,SKU00263,53,16,12.54
2024-05-01,S011,SKU00370,36,20,19.59
2024-05-01,S011,SKU00304,32,12,13.37
2024-05-01,S011,SKU00160,22,18,18.48
2024-05-01,S011,SKU00316,24,9,9.13
2024-05-01,S011,SKU00063,61,15,13.32
2024-05-01,S011,SKU00092,34,11,6.71
2024-05-01,S011,SKU00289,33,15,20.83
2024-05-01,S011,SKU00321,61,24,8.77
2024-05-01,S011,SKU00143,36,5,9.07
2024-05-01,S011,SKU00286,25,12,25.41
2024-05-01,S011,SKU00041,8,25,19.41
2024-05-01,S011,SKU00020,52,20,19.96
2024-05-01,S011,SKU00123,54,17,17.11
2024-05-01,S011,SKU00290,22,20,20.85
2024-05-01,S011,SKU00007,34,14,12.89
2024-05-01,S011,SKU00005,42,21,5.18
2024-05-01,S011,SKU00250,43,16,22.08
2024-05-01,S011,SKU00173,29,5,24.41
2024-05-01,S012,SKU00113,43,4,20.63
2024-05-01,S012,SKU00042,57,23,27.28
2024-05-01,S012,SKU00041,20,10,19.41
2024-05-01,S012,SKU00220,66,13,23.06
2024-05-01,S012,SKU00293,36,17,28.83
2024-05-01,S012,SKU00263,30,10,12.54
2024-05-01,S012,SKU00238,51,23,47.65
2024-05-01,S012,SKU00138,35,11,9.29
2024-05-01,S012,SKU00016,53,3,20.2
2024-05-01,S012,SKU00061,56,9,13.6
2024-05-01,S012,SKU00344,53,2,6.67
2024-05-01,S012,SKU00285,28,21,16.17
2024-05-01,S012,SKU00108,19,16,8.67
2024-05-01,S012,SKU00319,42,13,18.17
2024-05-01,S012,SKU00097,5,15,11.93
2024-05-01,S012,SKU00346,66,17,46.67
2024-05-01,S012,SKU00246,36,12,19.79
2024-05-01,S012,SKU00180,44,11,18.4
2024-05-01,S012,SKU00373,53,20,43.52
2024-05-01,S012,SKU00008,31,7,14.83
2024-05-01,S012,SKU00270,42,19,23.19
2024-05-01,S012,SKU00358,48,24,20.44
2024-05-01,S012,SKU00178,59,6,23.85
2024-05-01,S012,SKU00081,32,17,16.01
2024-05-01,S012,SKU00020,58,15,19.96
2024-05-01,S012,SKU00317,20,19,22.08
2024-05-01,S012,SKU00391,44,10,20.67
2024-05-01,S012,SKU00082,43,13,18.27
2024-05-01,S012,SKU00328,29,22,20.31
2024-05-01,S012,SKU00173,28,11,24.41
2024-05-01,S012,SKU00128,43,8,12.06
2024-05-01,S012,SKU00185,36,6,22.74
2024-05-01,S012,SKU00334,42,4,7.9
2024-05-01,S012,SKU00357,41,21,14.08
2024-05-01,S012,SKU00063,27,11,13.32
2024-05-01,S012,SKU00302,26,14,11.51
2024-05-01,S012,SKU00351,28,22,20.29
2024-05-01,S012,SKU00073,19,12,31.53
2024-05-01,S012,SKU00316,51,22,9.13
2024-05-01,S012,SKU00096,40,20,19.19
2024-05-01,S012,SKU00072,68,15,22.01
2024-05-01,S012,SKU00043,53,4,24.13
2024-05-01,S012,SKU00120,39,12,10.19
2024-05-01,S012,SKU00392,29,24,28.95
2024-05-01,S012,SKU00018,36,9,11.75
2024-05-01,S012,SKU00223,34,10,14.14
2024-05-01,S012,SKU00176,40,18,14.59
2024-05-01,S012,SKU00216,39,29,35.17
2024-05-01,S012,SKU00368,21,9,14.01
2024-05-01,S012,SKU00045,50,16,19.14
2024-05-01,S012,SKU00148,68,14,18.3
2024-05-01,S012,SKU00112,48,25,17.88
2024-05-01,S012,SKU00380,40,23,21.56
2024-05-01,S012,SKU00315,0,30,25.73
2024-05-01,S012,SKU00099,15,3,12.91
2024-05-01,S012,SKU00080,39,2,21.0
2024-05-01,S012,SKU00339,53,9,14.34
2024-05-01,S012,SKU00183,38,11,7.71
2024-05-01,S012,SKU00098,2,13,23.96
2024-05-01,S012,SKU00283,58,11,35.29
2024-05-01,S013,SKU00368,27,9,14.01
2024-05-01,S013,SKU00089,23,22,25.61
2024-05-01,S013,SKU00333,46,19,19.02
2024-05-01,S013,SKU00170,55,13,19.07
2024-05-01,S013,SKU00073,44,21,31.53
2024-05-01,S013,SKU00160,44,10,18.48
2024-05-01,S013,SKU00093,54,26,20.73
2024-05-01,S013,SKU00370,30,20,19.59
2024-05-01,S013,SKU00261,34,5,33.76
2024-05-01,S013,SKU00183,26,10,7.71
2024-05-01,S013,SKU00275,48,29,24.1
2024-05-01,S013,SKU00082,31,7,18.27
2024-05-01,S013,SKU00158,36,20,7.83
2024-05-01,S013,SKU00015,45,20,25.51
2024-05-01,S013,SKU00133,50,7,10.11
2024-05-01,S013,SKU00203,55,18,27.92
2024-05-01,S013,SKU00318,45,1,20.51
2024-05-01,S013,SKU00027,30,18,8.1
2024-05-01,S013,SKU00296,81,20,18.93
2024-05-01,S013,SKU00243,29,15,20.2
2024-05-01,S013,SKU00308,35,15,33.04
2024-05-01,S013,SKU00334,15,14,7.9
2024-05-01,S013,SKU00319,34,15,18.17
2024-05-01,S013,SKU00236,7,2,14.52
2024-05-01,S013,SKU00221,36,1,18.46
2024-05-01,S013,SKU00077,54,15,7.81
2024-05-01,S013,SKU00380,40,9,21.56
2024-05-01,S013,SKU00125,51,13,14.87
2024-05-01,S013,SKU00338,62,24,23.32
2024-05-01,S013,SKU00225,42,19,14.42
2024-05-01,S013,SKU00282,62,23,31.83
2024-05-01,S013,SKU00217,0,0,19.37
2024-05-01,S013,SKU00285,50,7,16.17
2024-05-01,S013,SKU00256,36,17,16.17
2024-05-01,S013,SKU00340,42,18,14.8
2024-05-01,S013,SKU00307,25,10,19.13
2024-05-01,S013,SKU00351,53,16,20.29
2024-05-01,S013,SKU00278,31,16,29.28
2024-05-01,S013,SKU00017,56,9,22.2
2024-05-01,S013,SKU00254,49,16,12.16
2024-05-01,S013,SKU00240,10,15,30.32
2024-05-01,S013,SKU00031,36,24,18.97
2024-05-01,S013,SKU00317,15,28,22.08
2024-05-01,S013,SKU00108,44,16,8.67
2024-05-01,S013,SKU00100,53,24,7.48
2024-05-01,S013,SKU00099,40,15,12.91
2024-05-01,S013,SKU00122,33,17,15.22
2024-05-01,S013,SKU00389,27,23,26.23
2024-05-01,S013,SKU00346,32,14,46.67
2024-05-01,S013,SKU00320,36,19,13.56
2024-05-01,S013,SKU00339,52,4,14.34
2024-05-01,S013,SKU00091,41,3,16.61
2024-05-01,S013,SKU00128,52,19,12.06
2024-05-01,S013,SKU00022,34,27,10.6
2024-05-01,S013,SKU00060,48,8,30.63
2024-05-01,S013,SKU00358,49,9,20.44
2024-05-01,S013,SKU00363,51,14,19.67
2024-05-01,S013,SKU00178,53,17,23.85
2024-05-01,S013,SKU00161,44,11,6.86
2024-05-01,S013,SKU00378,34,4,16.37
2024-05-01,S014,SKU00157,50,2,26.67
2024-05-01,S014,SKU00364,52,18,20.03
2024-05-01,S014,SKU00125,29,13,14.87
2024-05-01,S014,SKU00075,71,9,19.82
2024-05-01,S014,SKU00233,39,13,14.08
2024-05-01,S014,SKU00121,29,13,21.13
2024-05-01,S014,SKU00204,51,6,22.75
2024-05-01,S014,SKU00185,19,13,22.74
2024-05-01,S014,SKU00103,46,15,12.99
2024-05-01,S014,SKU00235,43,14,17.69
2024-05-01,S014,SKU00211,44,20,37.2
2024-05-01,S014,SKU00333,42,6,19.02
2024-05-01,S014,SKU00195,51,12,20.76
2024-05-01,S014,SKU00086,46,16,27.42
2024-05-01,S014,SKU00027,36,10,8.1
2024-05-01,S014,SKU00239,30,20,7.57
2024-05-01,S014,SKU00051,32,21,21.15
2024-05-01,S014,SKU00240,55,18,30.32
2024-05-01,S014,SKU00061,28,16,13.6
2024-05-01,S014,SKU00282,4,27,31.83
2024-05-01,S014,SKU00346,54,24,46.67
2024-05-01,S014,SKU00254,27,12,12.16
2024-05-01,S014,SKU00160,40,13,18.48
2024-05-01,S014,SKU00054,29,7,12.05
2024-05-01,S014,SKU00124,59,19,18.08
2024-05-01,S014,SKU00316,2,19,9.13
2024-05-01,S014,SKU00080,22,16,21.0
2024-05-01,S014,SKU00253,35,11,19.63
2024-05-01,S014,SKU00190,55,15,23.47
2024-05-01,S014,SKU00228,32,10,42.12
2024-05-01,S014,SKU00324,51,4,27.35
2024-05-01,S014,SKU00339,41,1,14.34
2024-05-01,S014,SKU00074,32,16,28.23
2024-05-01,S014,SKU00360,45,18,35.66
2024-05-01,S014,SKU00164,35,13,20.75
2024-05-01,S014,SKU00104,15,10,30.27
2024-05-01,S014,SKU00044,44,14,16.43
2024-05-01,S014,SKU00093,20,14,20.73
2024-05-01,S014,SKU00087,51,5,9.32
2024-05-01,S014,SKU00349,34,19,11.12
2024-05-01,S014,SKU00095,47,13,27.04
2024-05-01,S014,SKU00286,14,9,25.41
2024-05-01,S014,SKU00152,22,17,34.48
2024-05-01,S014,SKU00023,54,23,23.51
2024-05-01,S014,SKU00218,33,6,10.78
2024-05-01,S014,SKU00067,28,13,12.5
2024-05-01,S014,SKU00037,73,5,14.43
2024-05-01,S014,SKU00193,49,12,26.54
2024-05-01,S014,SKU00388,38,17,18.08
2024-05-01,S014,SKU00262,22,18,6.97
2024-05-01,S014,SKU00273,21,11,21.29
2024-05-01,S014,SKU00089,43,20,25.61
2024-05-01,S014,SKU00259,44,18,16.74
2024-05-01,S014,SKU00137,35,13,32.34
2024-05-01,S014,SKU00118,13,1,9.41
2024-05-01,S014,SKU00229,41,6,28.44
2024-05-01,S014,SKU00304,47,17,13.37
2024-05-01,S014,SKU00060,52,13,30.63
2024-05-01,S014,SKU00171,39,19,26.18
2024-05-01,S014,SKU00310,67,7,23.34
2024-05-01,S015,SKU00357,24,23,14.08
2024-05-01,S015,SKU00065,14,11,21.23
2024-05-01,S015,SKU00181,20,12,21.21
2024-05-01,S015,SKU00047,44,16,30.28
2024-05-01,S015,SKU00370,26,19,19.59
2024-05-01,S015,SKU00001,33,20,20.02
2024-05-01,S015,SKU00298,20,8,11.72
2024-05-01,S015,SKU00183,50,15,7.71
2024-05-01,S015,SKU00390,58,14,20.94
2024-05-01,S015,SKU00024,26,7,19.95
2024-05-01,S015,SKU00054,41,10,12.05
2024-05-01,S015,SKU00060,46,20,30.63
2024-05-01,S015,SKU00153,40,22,27.58
2024-05-01,S015,SKU00342,0,4,17.51
2024-05-01,S015,SKU00303,37,16,27.57
2024-05-01,S015,SKU00381,50,6,29.5
2024-05-01,S015,SKU00341,45,11,20.55
2024-05-01,S015,SKU00280,23,4,11.07
2024-05-01,S015,SKU00377,23,16,24.12
2024-05-01,S015,SKU00250,38,7,22.08
2024-05-01,S015,SKU00156,45,17,13.5
2024-05-01,S015,SKU00077,53,16,7.81
2024-05-01,S015,SKU00129,18,10,17.3
2024-05-01,S015,SKU00115,27,30,16.78
2024-05-01,S015,SKU00270,53,22,23.19
2024-05-01,S015,SKU00130,40,13,29.35
2024-05-01,S015,SKU00052,54,12,25.94
2024-05-01,S015,SKU00332,36,14,53.2
2024-05-01,S015,SKU00107,33,24,27.98
2024-05-01,S015,SKU00090,30,16,19.09
2024-05-01,S015,SKU00196,59,14,14.66
2024-05-01,S015,SKU00146,36,16,30.59
2024-05-01,S015,SKU00325,36,22,11.47
2024-05-01,S015,SKU00121,33,23,21.13
2024-05-01,S015,SKU00112,47,23,17.88
2024-05-01,S015,SKU00205,58,19,13.85
2024-05-01,S015,SKU00093,15,10,20.73
2024-05-01,S015,SKU00027,44,31,8.1
2024-05-01,S015,SKU00275,40,16,24.1
2024-05-01,S015,SKU00066,39,11,21.71
2024-05-01,S015,SKU00167,53,22,11.09
2024-05-01,S015,SKU00174,65,13,23.97
2024-05-01,S015,SKU00111,17,12,22.67
2024-05-01,S015,SKU00137,35,6,32.34
2024-05-01,S015,SKU00058,33,11,33.62
2024-05-01,S015,SKU00252,39,18,35.29
2024-05-01,S015,SKU00329,51,7,21.42
2024-05-01,S015,SKU00284,52,21,20.24
2024-05-01,S015,SKU00350,32,24,24.41
2024-05-01,S015,SKU00371,58,7,23.22
2024-05-01,S015,SKU00188,39,16,22.21
2024-05-01,S015,SKU00300,34,10,19.9
2024-05-01,S015,SKU00388,56,14,18.08
2024-05-01,S015,SKU00210,13,11,17.08
2024-05-01,S015,SKU00340,76,10,14.8
2024-05-01,S015,SKU00068,48,29,9.04
2024-05-01,S015,SKU00391,39,22,20.67
2024-05-01,S015,SKU00220,26,2,23.06
2024-05-01,S015,SKU00162,32,21,23.58
2024-05-01,S015,SKU00315,22,29,25.73
2024-05-01,S016,SKU00311,29,18,23.51
2024-05-01,S016,SKU00114,47,3,16.42
2024-05-01,S016,SKU00260,33,15,16.1
2024-05-01,S016,SKU00136,44,25,21.43
2024-05-01,S016,SKU00095,16,28,27.04
2024-05-01,S016,SKU00289,52,11,20.83
2024-05-01,S016,SKU00073,48,14,31.53
2024-05-01,S016,SKU00053,45,20,26.92
2024-05-01,S016,SKU00077,37,18,7.81
2024-05-01,S016,SKU00165,25,11,12.62
2024-05-01,S016,SKU00020,58,22,19.96
2024-05-01,S016,SKU00233,53,4,14.08
2024-05-01,S016,SKU00127,57,7,18.2
2024-05-01,S016,SKU00026,52,6,28.01
2024-05-01,S016,SKU00268,33,10,22.72
2024-05-01,S016,SKU00184,21,9,15.79
2024-05-01,S016,SKU00019,48,2,14.15
2024-05-01,S016,SKU00062,37,17,21.8
2024-05-01,S016,SKU00038,64,14,22.05
2024-05-01,S016,SKU00052,31,10,25.94
2024-05-01,S016,SKU00316,63,5,9.13
2024-05-01,S016,SKU00198,59,10,25.14
2024-05-01,S016,SKU00068,43,34,9.04
2024-05-01,S016,SKU00072,34,9,22.01
2024-05-01,S016,SKU00242,61,21,23.88
2024-05-01,S016,SKU00334,49,24,7.9
2024-05-01,S016,SKU00087,47,8,9.32
2024-05-01,S016,SKU00270,48,6,23.19
2024-05-01,S016,SKU00206,16,5,12.31
2024-05-01,S016,SKU00037,69,22,14.43
2024-05-01,S016,SKU00331,51,17,9.22
2024-05-01,S016,SKU00033,54,12,10.76
2024-05-01,S016,SKU00363,45,8,19.67
2024-05-01,S016,SKU00317,22,11,22.08
2024-05-01,S016,SKU00397,51,22,24.95
2024-05-01,S016,SKU00271,37,26,41.0
2024-05-01,S016,SKU00171,38,8,26.18
2024-05-01,S016,SKU00332,27,11,53.2
2024-05-01,S016,SKU00144,50,9,12.22
2024-05-01,S016,SKU00314,30,8,15.81
2024-05-01,S016,SKU00191,64,10,24.12
2024-05-01,S016,SKU00162,49,0,23.58
2024-05-01,S016,SKU00343,49,19,25.69
2024-05-01,S016,SKU00063,49,20,13.32
2024-05-01,S016,SKU00060,49,18,30.63
2024-05-01,S016,SKU00287,30,12,23.44
2024-05-01,S016,SKU00092,36,14,6.71
2024-05-01,S016,SKU00342,18,2,17.51
2024-05-01,S016,SKU00183,29,0,7.71
2024-05-01,S016,SKU00135,46,15,21.41
2024-05-01,S016,SKU00048,24,5,35.43
2024-05-01,S016,SKU00274,54,11,8.22
2024-05-01,S016,SKU00337,12,9,20.41
2024-05-01,S016,SKU00326,55,20,21.09
2024-05-01,S016,SKU00007,76,13,12.89
2024-05-01,S016,SKU00365,32,27,9.96
2024-05-01,S016,SKU00141,38,19,34.29
2024-05-01,S016,SKU00091,40,12,16.61
2024-05-01,S016,SKU00219,31,19,24.96
2024-05-01,S016,SKU00154,15,31,36.04
2024-05-01,S017,SKU00112,22,28,17.88
2024-05-01,S017,SKU00095,47,21,27.04
2024-05-01,S017,SKU00262,24,13,6.97
2024-05-01,S017,SKU00063,21,30,13.32
2024-05-01,S017,SKU00193,28,24,26.54
2024-05-01,S017,SKU00251,8,18,16.74
2024-05-01,S017,SKU00189,32,7,21.3
2024-05-01,S017,SKU00358,20,27,20.44
2024-05-01,S017,SKU00325,33,12,11.47
2024-05-01,S017,SKU00022,30,12,10.6
2024-05-01,S017,SKU00323,34,15,17.89
2024-05-01,S017,SKU00208,60,21,7.02
2024-05-01,S017,SKU00143,45,6,9.07
2024-05-01,S017,SKU00007,32,18,12.89
2024-05-01,S017,SKU00116,38,0,40.0
2024-05-01,S017,SKU00220,45,10,23.06
2024-05-01,S017,SKU00363,33,12,19.67
2024-05-01,S017,SKU00042,42,11,27.28
2024-05-01,S017,SKU00059,37,10,18.63
2024-05-01,S017,SKU00390,31,22,20.94
2024-05-01,S017,SKU00191,35,19,24.12
2024-05-01,S017,SKU00388,58,5,18.08
2024-05-01,S017,SKU00014,48,25,17.1
2024-05-01,S017,SKU00366,14,4,12.66
2024-05-01,S017,SKU00038,40,17,22.05
2024-05-01,S017,SKU00058,48,13,33.62
2024-05-01,S017,SKU00206,59,20,12.31
2024-05-01,S017,SKU00103,49,7,12.99
2024-05-01,S017,SKU00107,30,33,27.98
2024-05-01,S017,SKU00060,27,8,30.63
2024-05-01,S017,SKU00033,54,14,10.76
2024-05-01,S017,SKU00351,28,20,20.29
2024-05-01,S017,SKU00184,54,21,15.79
2024-05-01,S017,SKU00318,37,16,20.51
2024-05-01,S017,SKU00382,57,14,8.38
2024-05-01,S017,SKU00288,39,17,22.22
2024-05-01,S017,SKU00252,32,5,35.29
2024-05-01,S017,SKU00144,86,22,12.22
2024-05-01,S017,SKU00161,21,22,6.86
2024-05-01,S017,SKU00049,31,14,21.35
2024-05-01,S017,SKU00381,54,8,29.5
2024-05-01,S017,SKU00108,30,10,8.67
2024-05-01,S017,SKU00243,6,9,20.2
2024-05-01,S017,SKU00079,58,17,18.54
2024-05-01,S017,SKU00391,40,9,20.67
2024-05-01,S017,SKU00072,37,12,22.01
2024-05-01,S017,SKU00263,49,23,12.54
2024-05-01,S017,SKU00043,20,12,24.13
2024-05-01,S017,SKU00027,35,3,8.1
2024-05-01,S017,SKU00085,28,18,21.5
2024-05-01,S017,SKU00232,24,11,17.89
2024-05-01,S017,SKU00386,36,12,24.27
2024-05-01,S017,SKU00295,81,18,21.15
2024-05-01,S017,SKU00329,67,11,21.42
2024-05-01,S017,SKU00335,52,0,10.25
2024-05-01,S017,SKU00306,50,20,13.85
2024-05-01,S017,SKU00050,30,10,9.35
2024-05-01,S017,SKU00218,24,13,10.78
2024-05-01,S017,SKU00332,25,5,53.2
2024-05-01,S017,SKU00275,42,18,24.1
2024-05-01,S018,SKU00125,38,19,14.87
2024-05-01,S018,SKU00270,48,8,23.19
2024-05-01,S018,SKU00192,27,23,15.31
2024-05-01,S018,SKU00370,33,15,19.59
2024-05-01,S018,SKU00172,39,6,9.82
2024-05-01,S018,SKU00119,30,13,21.19
2024-05-01,S018,SKU00032,8,10,26.13
2024-05-01,S018,SKU00096,29,0,19.19
2024-05-01,S018,SKU00147,35,18,26.65
2024-05-01,S018,SKU00091,43,8,16.61
2024-05-01,S018,SKU00072,27,4,22.01
2024-05-01,S018,SKU00113,24,15,20.63
2024-05-01,S018,SKU00116,47,23,40.0
2024-05-01,S018,SKU00164,35,14,20.75
2024-05-01,S018,SKU00175,55,7,22.23
2024-05-01,S018,SKU00067,73,7,12.5
2024-05-01,S018,SKU00177,27,11,24.36
2024-05-01,S018,SKU00161,52,5,6.86
2024-05-01,S018,SKU00312,43,19,19.86
2024-05-01,S018,SKU00151,42,14,7.16
2024-05-01,S018,SKU00027,44,18,8.1
2024-05-01,S018,SKU00307,54,10,19.13
2024-05-01,S018,SKU00355,31,25,17.98
2024-05-01,S018,SKU00182,45,12,22.49
2024-05-01,S018,SKU00206,46,4,12.31
2024-05-01,S018,SKU00170,7,22,19.07
2024-05-01,S018,SKU00340,22,5,14.8
2024-05-01,S018,SKU00305,39,16,19.27
2024-05-01,S018,SKU00022,38,18,10.6
2024-05-01,S018,SKU00203,37,17,27.92
2024-05-01,S018,SKU00158,53,11,7.83
2024-05-01,S018,SKU00039,56,17,31.34
2024-05-01,S018,SKU00063,45,7,13.32
2024-05-01,S018,SKU00124,53,27,18.08
2024-05-01,S018,SKU00198,69,11,25.14
2024-05-01,S018,SKU00295,49,0,21.15
2024-05-01,S018,SKU00221,22,11,18.46
2024-05-01,S018,SKU00131,53,5,22.93
2024-05-01,S018,SKU00068,25,17,9.04
2024-05-01,S018,SKU00394,50,25,10.9
2024-05-01,S018,SKU00251,32,4,16.74
2024-05-01,S018,SKU00054,43,15,12.05
2024-05-01,S018,SKU00342,57,9,17.51
2024-05-01,S018,SKU00167,36,13,11.09
2024-05-01,S018,SKU00357,50,24,14.08
2024-05-01,S018,SKU00364,22,8,20.03
2024-05-01,S018,SKU00046,37,6,11.26
2024-05-01,S018,SKU00367,50,13,23.63
2024-05-01,S018,SKU00231,31,7,23.4
2024-05-01,S018,SKU00064,29,13,14.1
2024-05-01,S018,SKU00047,63,22,30.28
2024-05-01,S018,SKU00109,12,15,32.26
2024-05-01,S018,SKU00331,14,14,9.22
2024-05-01,S018,SKU00079,25,10,18.54
2024-05-01,S018,SKU00233,45,0,14.08
2024-05-01,S018,SKU00111,25,5,22.67
2024-05-01,S018,SKU00043,37,8,24.13
2024-05-01,S018,SKU00133,35,19,10.11
2024-05-01,S018,SKU00261,38,18,33.76
2024-05-01,S018,SKU00229,37,10,28.44
2024-05-01,S019,SKU00031,11,26,18.97
2024-05-01,S019,SKU00287,50,12,23.44
2024-05-01,S019,SKU00052,35,14,25.94
2024-05-01,S019,SKU00001,36,11,20.02
2024-05-01,S019,SKU00253,42,12,19.63
2024-05-01,S019,SKU00314,40,0,15.81
2024-05-01,S019,SKU00016,53,0,20.2
2024-05-01,S019,SKU00025,43,8,18.13
2024-05-01,S019,SKU00095,28,16,27.04
2024-05-01,S019,SKU00200,28,16,35.75
2024-05-01,S019,SKU00114,38,16,16.42
2024-05-01,S019,SKU00260,21,9,16.1
2024-05-01,S019,SKU00015,46,13,25.51
2024-05-01,S019,SKU00288,60,14,22.22
2024-05-01,S019,SKU00354,46,4,16.32
2024-05-01,S019,SKU00261,41,8,33.76
2024-05-01,S019,SKU00023,49,0,23.51
2024-05-01,S019,SKU00165,59,25,12.62
2024-05-01,S019,SKU00121,27,16,21.13
2024-05-01,S019,SKU00398,42,13,31.97
2024-05-01,S019,SKU00355,30,6,17.98
2024-05-01,S019,SKU00313,29,12,21.61
2024-05-01,S019,SKU00195,42,14,20.76
2024-05-01,S019,SKU00021,15,5,21.44
2024-05-01,S019,SKU00297,36,16,20.51
2024-05-01,S019,SKU00013,61,15,15.96
2024-05-01,S019,SKU00283,50,20,35.29
2024-05-01,S019,SKU00110,43,12,22.59
2024-05-01,S019,SKU00086,55,17,27.42
2024-05-01,S019,SKU00259,45,8,16.74
2024-05-01,S019,SKU00387,31,11,19.03
2024-05-01,S019,SKU00167,29,10,11.09
2024-05-01,S019,SKU00305,43,8,19.27
2024-05-01,S019,SKU00038,16,22,22.05
2024-05-01,S019,SKU00254,39,26,12.16
2024-05-01,S019,SKU00070,35,20,19.96
2024-05-01,S019,SKU00057,42,18,19.41
2024-05-01,S019,SKU00109,41,16,32.26
2024-05-01,S019,SKU00192,11,13,15.31
2024-05-01,S019,SKU00373,20,8,43.52
2024-05-01,S019,SKU00068,25,20,9.04
2024-05-01,S019,SKU00222,41,5,21.69
2024-05-01,S019,SKU00234,38,4,14.14
2024-05-01,S019,SKU00246,45,9,19.79
2024-05-01,S019,SKU00089,37,10,25.61
2024-05-01,S019,SKU00150,64,21,17.58
2024-05-01,S019,SKU00037,42,6,14.43
2024-05-01,S019,SKU00383,36,23,21.74
2024-05-01,S019,SKU00096,8,6,19.19
2024-05-01,S019,SKU00323,53,24,17.89
2024-05-01,S019,SKU00180,32,13,18.4
2024-05-01,S019,SKU00273,27,21,21.29
2024-05-01,S019,SKU00334,45,14,7.9
2024-05-01,S019,SKU00060,35,29,30.63
2024-05-01,S019,SKU00251,31,14,16.74
2024-05-01,S019,SKU00226,39,13,37.85
2024-05-01,S019,SKU00191,19,12,24.12
2024-05-01,S019,SKU00351,57,18,20.29
2024-05-01,S019,SKU00134,88,9,22.15
2024-05-01,S019,SKU00153,52,17,27.58
2024-05-01,S020,SKU00316,40,21,9.13
2024-05-01,S020,SKU00281,44,9,24.82
2024-05-01,S020,SKU00203,25,16,27.92
2024-05-01,S020,SKU00165,36,19,12.62
2024-05-01,S020,SKU00247,27,13,19.17
2024-05-01,S020,SKU00366,35,15,12.66
2024-05-01,S020,SKU00353,47,28,28.84
2024-05-01,S020,SKU00265,54,14,15.45
2024-05-01,S020,SKU00240,42,14,30.32
2024-05-01,S020,SKU00331,57,19,9.22
2024-05-01,S020,SKU00204,29,12,22.75
2024-05-01,S020,SKU00294,51,31,21.46
2024-05-01,S020,SKU00297,36,12,20.51
2024-05-01,S020,SKU00037,45,9,14.43
2024-05-01,S020,SKU00141,20,27,34.29
2024-05-01,S020,SKU00083,39,2,22.59
2024-05-01,S020,SKU00391,56,20,20.67
2024-05-01,S020,SKU00248,70,18,24.2
2024-05-01,S020,SKU00359,15,16,12.22
2024-05-01,S020,SKU00307,48,20,19.13
2024-05-01,S020,SKU00382,39,15,8.38
2024-05-01,S020,SKU00205,24,11,13.85
2024-05-01,S020,SKU00016,50,19,20.2
2024-05-01,S020,SKU00244,41,15,14.65
2024-05-01,S020,SKU00040,15,11,18.22
2024-05-01,S020,SKU00078,18,15,9.74
2024-05-01,S020,SKU00148,41,10,18.3
2024-05-01,S020,SKU00337,20,28,20.41
2024-05-01,S020,SKU00158,40,12,7.83
2024-05-01,S020,SKU00343,30,16,25.69
2024-05-01,S020,SKU00138,61,10,9.29
2024-05-01,S020,SKU00031,32,19,18.97
2024-05-01,S020,SKU00352,20,8,23.46
2024-05-01,S020,SKU00396,46,11,6.08
2024-05-01,S020,SKU00381,47,14,29.5
2024-05-01,S020,SKU00392,35,21,28.95
2024-05-01,S020,SKU00262,32,11,6.97
2024-05-01,S020,SKU00254,46,22,12.16
2024-05-01,S020,SKU00271,43,21,41.0
2024-05-01,S020,SKU00079,49,18,18.54
2024-05-01,S020,SKU00221,37,9,18.46
2024-05-01,S020,SKU00253,28,6,19.63
2024-05-01,S020,SKU00026,74,19,28.01
2024-05-01,S020,SKU00028,37,11,14.87
2024-05-01,S020,SKU00361,48,18,22.51
2024-05-01,S020,SKU00324,60,21,27.35
2024-05-01,S020,SKU00295,20,21,21.15
2024-05-01,S020,SKU00288,30,8,22.22
2024-05-01,S020,SKU00157,24,15,26.67
2024-05-01,S020,SKU00135,45,22,21.41
2024-05-01,S020,SKU00065,45,12,21.23
2024-05-01,S020,SKU00074,19,17,28.23
2024-05-01,S020,SKU00183,24,9,7.71
2024-05-01,S020,SKU00340,40,24,14.8
2024-05-01,S020,SKU00061,18,11,13.6
2024-05-01,S020,SKU00167,51,24,11.09
2024-05-01,S020,SKU00228,27,13,42.12
2024-05-01,S020,SKU00284,44,19,20.24
2024-05-01,S020,SKU00256,31,7,16.17
2024-05-01,S020,SKU00190,2,12,23.47
2024-05-01,S021,SKU00211,43,16,37.2
2024-05-01,S021,SKU00037,45,19,14.43
2024-05-01,S021,SKU00002,77,18,22.95
2024-05-01,S021,SKU00043,30,20,24.13
2024-05-01,S021,SKU00359,42,16,12.22
2024-05-01,S021,SKU00084,8,8,22.85
2024-05-01,S021,SKU00289,40,13,20.83
2024-05-01,S021,SKU00059,25,11,18.63
2024-05-01,S021,SKU00350,55,18,24.41
2024-05-01,S021,SKU00330,42,8,28.29
2024-05-01,S021,SKU00051,35,13,21.15
2024-05-01,S021,SKU00375,41,0,23.14
2024-05-01,S021,SKU00206,26,11,12.31
2024-05-01,S021,SKU00118,25,15,9.41
2024-05-01,S021,SKU00033,19,10,10.76
2024-05-01,S021,SKU00115,47,15,16.78
2024-05-01,S021,SKU00235,34,13,17.69
2024-05-01,S021,SKU00131,49,3,22.93
2024-05-01,S021,SKU00267,56,26,32.29
2024-05-01,S021,SKU00295,51,15,21.15
2024-05-01,S021,SKU00160,48,15,18.48
2024-05-01,S021,SKU00287,27,19,23.44
2024-05-01,S021,SKU00261,16,19,33.76
2024-05-01,S021,SKU00284,72,7,20.24
2024-05-01,S021,SKU00311,42,13,23.51
2024-05-01,S021,SKU00249,48,4,14.24
2024-05-01,S021,SKU00312,31,20,19.86
2024-05-01,S021,SKU00342,55,1,17.51
2024-05-01,S021,SKU00180,34,18,18.4
2024-05-01,S021,SKU00379,33,25,19.61
2024-05-01,S021,SKU00300,57,4,19.9
2024-05-01,S021,SKU00082,18,8,18.27
2024-05-01,S021,SKU00181,43,7,21.21
2024-05-01,S021,SKU00076,55,8,16.2
2024-05-01,S021,SKU00380,32,21,21.56
2024-05-01,S021,SKU00367,56,12,23.63
2024-05-01,S021,SKU00237,10,22,22.91
2024-05-01,S021,SKU00299,57,5,21.87
2024-05-01,S021,SKU00270,30,14,23.19
2024-05-01,S021,SKU00173,65,26,24.41
2024-05-01,S021,SKU00068,36,17,9.04
2024-05-01,S021,SKU00052,61,6,25.94
2024-05-01,S021,SKU00362,29,19,17.84
2024-05-01,S021,SKU00321,25,20,8.77
2024-05-01,S021,SKU00220,41,4,23.06
2024-05-01,S021,SKU00008,9,21,14.83
2024-05-01,S021,SKU00361,24,3,22.51
2024-05-01,S021,SKU00263,55,6,12.54
2024-05-01,S021,SKU00013,61,26,15.96
2024-05-01,S021,SKU00280,26,3,11.07
2024-05-01,S021,SKU00012,49,7,6.48
2024-05-01,S021,SKU00003,15,16,19.34
2024-05-01,S021,SKU00275,54,17,24.1
2024-05-01,S021,SKU00041,32,19,19.41
2024-05-01,S021,SKU00283,32,21,35.29
2024-05-01,S021,SKU00331,40,28,9.22
2024-05-01,S021,SKU00277,25,24,17.75
2024-05-01,S021,SKU00172,43,22,9.82
2024-05-01,S021,SKU00006,43,23,22.21
2024-05-01,S021,SKU00298,23,14,11.72
2024-05-01,S022,SKU00005,31,11,5.18
2024-05-01,S022,SKU00386,41,11,24.27
2024-05-01,S022,SKU00368,37,22,14.01
2024-05-01,S022,SKU00098,25,23,23.96
2024-05-01,S022,SKU00026,52,20,28.01
2024-05-01,S022,SKU00092,22,22,6.71
2024-05-01,S022,SKU00243,36,16,20.2
2024-05-01,S022,SKU00042,7,20,27.28
2024-05-01,S022,SKU00169,58,3,15.35
2024-05-01,S022,SKU00224,56,17,28.25
2024-05-01,S022,SKU00070,44,14,19.96
2024-05-01,S022,SKU00376,50,16,22.09
2024-05-01,S022,SKU00102,25,28,7.81
2024-05-01,S022,SKU00007,75,21,12.89
2024-05-01,S022,SKU00388,28,15,18.08
2024-05-01,S022,SKU00340,42,14,14.8
2024-05-01,S022,SKU00034,44,22,25.34
2024-05-01,S022,SKU00284,43,12,20.24
2024-05-01,S022,SKU00335,54,22,10.25
2024-05-01,S022,SKU00252,21,5,35.29
2024-05-01,S022,SKU00211,20,15,37.2
2024-05-01,S022,SKU00143,38,18,9.07
2024-05-01,S022,SKU00016,29,11,20.2
2024-05-01,S022,SKU00131,53,11,22.93
2024-05-01,S022,SKU00043,50,35,24.13
2024-05-01,S022,SKU00009,54,24,21.87
2024-05-01,S022,SKU00145,51,4,13.72
2024-05-01,S022,SKU00329,31,21,21.42
2024-05-01,S022,SKU00129,37,9,17.3
2024-05-01,S022,SKU00231,61,14,23.4
2024-05-01,S022,SKU00317,41,7,22.08
2024-05-01,S022,SKU00235,30,27,17.69
2024-05-01,S022,SKU00361,39,10,22.51
2024-05-01,S022,SKU00157,33,24,26.67
2024-05-01,S022,SKU00107,48,15,27.98
2024-05-01,S022,SKU00261,33,10,33.76
2024-05-01,S022,SKU00049,58,11,21.35
2024-05-01,S022,SKU00354,29,27,16.32
2024-05-01,S022,SKU00244,26,14,14.65
2024-05-01,S022,SKU00320,49,2,13.56
2024-05-01,S022,SKU00078,32,7,9.74
2024-05-01,S022,SKU00232,13,20,17.89
2024-05-01,S022,SKU00245,51,11,19.78
2024-05-01,S022,SKU00068,29,7,9.04
2024-05-01,S022,SKU00035,34,4,34.51
2024-05-01,S022,SKU00185,54,19,22.74
2024-05-01,S022,SKU00125,46,4,14.87
2024-05-01,S022,SKU00085,33,13,21.5
2024-05-01,S022,SKU00073,32,3,31.53
2024-05-01,S022,SKU00180,48,16,18.4
2024-05-01,S022,SKU00116,35,15,40.0
2024-05-01,S022,SKU00021,34,7,21.44
2024-05-01,S022,SKU00259,18,17,16.74
2024-05-01,S022,SKU00316,68,10,9.13
2024-05-01,S022,SKU00017,29,23,22.2
2024-05-01,S022,SKU00218,47,15,10.78
2024-05-01,S022,SKU00219,40,16,24.96
2024-05-01,S022,SKU00199,23,24,28.75
2024-05-01,S022,SKU00031,41,21,18.97
2024-05-01,S022,SKU00309,0,19,27.53
2024-05-01,S023,SKU00152,40,13,34.48
2024-05-01,S023,SKU00294,51,18,21.46
2024-05-01,S023,SKU00053,9,19,26.92
2024-05-01,S023,SKU00186,46,19,24.0
2024-05-01,S023,SKU00164,31,0,20.75
2024-05-01,S023,SKU00204,51,18,22.75
2024-05-01,S023,SKU00306,41,29,13.85
2024-05-01,S023,SKU00228,52,13,42.12
2024-05-01,S023,SKU00026,44,19,28.01
2024-05-01,S023,SKU00366,33,19,12.66
2024-05-01,S023,SKU00129,30,1,17.3
2024-05-01,S023,SKU00169,37,8,15.35
2024-05-01,S023,SKU00295,38,2,21.15
2024-05-01,S023,SKU00212,44,10,8.51
2024-05-01,S023,SKU00017,43,19,22.2
2024-05-01,S023,SKU00326,50,23,21.09
2024-05-01,S023,SKU00128,12,20,12.06
2024-05-01,S023,SKU00093,40,10,20.73
2024-05-01,S023,SKU00307,36,13,19.13
2024-05-01,S023,SKU00032,52,24,26.13
2024-05-01,S023,SKU00271,48,7,41.0
2024-05-01,S023,SKU00285,51,15,16.17
2024-05-01,S023,SKU00051,36,12,21.15
2024-05-01,S023,SKU00374,47,16,17.57
2024-05-01,S023,SKU00368,7,23,14.01
2024-05-01,S023,SKU00341,12,12,20.55
2024-05-01,S023,SKU00266,47,5,15.48
2024-05-01,S023,SKU00322,23,19,9.39
2024-05-01,S023,SKU00229,37,21,28.44
2024-05-01,S023,SKU00049,47,26,21.35
2024-05-01,S023,SKU00094,34,21,30.76
2024-05-01,S023,SKU00197,33,24,14.73
2024-05-01,S023,SKU00006,28,13,22.21
2024-05-01,S023,SKU00363,60,1,19.67
2024-05-01,S023,SKU00029,34,17,18.21
2024-05-01,S023,SKU00137,34,11,32.34
2024-05-01,S023,SKU00168,36,14,18.6
2024-05-01,S023,SKU00047,45,23,30.28
2024-05-01,S023,SKU00089,24,19,25.61
2024-05-01,S023,SKU00238,72,11,47.65
2024-05-01,S023,SKU00116,40,13,40.0
2024-05-01,S023,SKU00336,36,22,21.13
2024-05-01,S023,SKU00340,25,12,14.8
2024-05-01,S023,SKU00073,11,17,31.53
2024-05-01,S023,SKU00110,39,19,22.59
2024-05-01,S023,SKU00230,34,12,28.51
2024-05-01,S023,SKU00280,41,8,11.07
2024-05-01,S023,SKU00245,59,12,19.78
2024-05-01,S023,SKU00381,54,23,29.5
2024-05-01,S023,SKU00305,37,13,19.27
2024-05-01,S023,SKU00288,15,7,22.22
2024-05-01,S023,SKU00135,35,16,21.41
2024-05-01,S023,SKU00131,68,8,22.93
2024-05-01,S023,SKU00075,27,13,19.82
2024-05-01,S023,SKU00190,40,24,23.47
2024-05-01,S023,SKU00275,30,9,24.1
2024-05-01,S023,SKU00016,48,10,20.2
2024-05-01,S023,SKU00118,20,4,9.41
2024-05-01,S023,SKU00217,54,24,19.37
2024-05-01,S023,SKU00349,40,24,11.12
2024-05-01,S024,SKU00228,33,23,42.12
2024-05-01,S024,SKU00250,37,17,22.08
2024-05-01,S024,SKU00103,31,19,12.99
2024-05-01,S024,SKU00354,14,31,16.32
2024-05-01,S024,SKU00368,23,27,14.01
2024-05-01,S024,SKU00173,47,12,24.41
2024-05-01,S024,SKU00009,30,20,21.87
2024-05-01,S024,SKU00128,20,28,12.06
2024-05-01,S024,SKU00278,47,7,29.28
2024-05-01,S024,SKU00271,48,15,41.0
2024-05-01,S024,SKU00295,46,16,21.15
2024-05-01,S024,SKU00374,42,16,17.57
2024-05-01,S024,SKU00043,57,21,24.13
2024-05-01,S024,SKU00035,45,15,34.51
2024-05-01,S024,SKU00125,63,28,14.87
2024-05-01,S024,SKU00258,37,23,29.8
2024-05-01,S024,SKU00362,38,4,17.84
2024-05-01,S024,SKU00122,63,13,15.22
2024-05-01,S024,SKU00328,55,0,20.31
2024-05-01,S024,SKU00284,43,15,20.24
2024-05-01,S024,SKU00045,59,14,19.14
2024-05-01,S024,SKU00001,61,7,20.02
2024-05-01,S024,SKU00123,69,26,17.11
2024-05-01,S024,SKU00209,22,34,40.26
2024-05-01,S024,SKU00180,16,13,18.4
2024-05-01,S024,SKU00030,47,8,9.58
2024-05-01,S024,SKU00208,21,18,7.02
2024-05-01,S024,SKU00318,47,10,20.51
2024-05-01,S024,SKU00319,40,16,18.17
2024-05-01,S024,SKU00247,22,21,19.17
2024-05-01,S024,SKU00308,19,14,33.04
2024-05-01,S024,SKU00262,58,13,6.97
2024-05-01,S024,SKU00286,19,17,25.41
2024-05-01,S024,SKU00400,47,11,16.59
2024-05-01,S024,SKU00300,9,9,19.9
2024-05-01,S024,SKU00162,32,4,23.58
2024-05-01,S024,SKU00062,41,27,21.8
2024-05-01,S024,SKU00279,68,4,18.46
2024-05-01,S024,SKU00199,32,0,28.75
2024-05-01,S024,SKU00105,28,6,24.88
2024-05-01,S024,SKU00325,46,20,11.47
2024-05-01,S024,SKU00127,28,15,18.2
2024-05-01,S024,SKU00108,63,17,8.67
2024-05-01,S024,SKU00238,42,14,47.65
2024-05-01,S024,SKU00390,33,17,20.94
2024-05-01,S024,SKU00305,27,22,19.27
2024-05-01,S024,SKU00203,48,14,27.92
2024-05-01,S024,SKU00214,52,15,47.96
2024-05-01,S024,SKU00239,32,23,7.57
2024-05-01,S024,SKU00187,43,17,25.15
2024-05-01,S024,SKU00061,42,10,13.6
2024-05-01,S024,SKU00059,32,7,18.63
2024-05-01,S024,SKU00135,40,15,21.41
2024-05-01,S024,SKU00196,45,4,14.66
2024-05-01,S024,SKU00060,37,1,30.63
2024-05-01,S024,SKU00018,43,24,11.75
2024-05-01,S024,SKU00266,52,22,15.48
2024-05-01,S024,SKU00075,30,18,19.82
2024-05-01,S024,SKU00181,30,16,21.21
2024-05-01,S024,SKU00252,39,27,35.29
2024-05-01,S025,SKU00028,69,8,14.87
2024-05-01,S025,SKU00381,45,13,29.5
2024-05-01,S025,SKU00056,49,16,21.74
2024-05-01,S025,SKU00343,21,25,25.69
2024-05-01,S025,SKU00081,29,4,16.01
2024-05-01,S025,SKU00093,37,11,20.73
2024-05-01,S025,SKU00126,39,18,25.54
2024-05-01,S025,SKU00317,48,27,22.08
2024-05-01,S025,SKU00198,28,19,25.14
2024-05-01,S025,SKU00182,24,6,22.49
2024-05-01,S025,SKU00295,31,3,21.15
2024-05-01,S025,SKU00348,20,11,24.11
2024-05-01,S025,SKU00026,20,21,28.01
2024-05-01,S025,SKU00249,27,21,14.24
2024-05-01,S025,SKU00353,46,0,28.84
2024-05-01,S025,SKU00061,72,12,13.6
2024-05-01,S025,SKU00011,17,3,17.51
2024-05-01,S025,SKU00238,12,17,47.65
2024-05-01,S025,SKU00304,21,6,13.37
2024-05-01,S025,SKU00309,27,20,27.53
2024-05-01,S025,SKU00382,38,8,8.38
2024-05-01,S025,SKU00080,46,12,21.0
2024-05-01,S025,SKU00149,60,16,16.9
2024-05-01,S025,SKU00103,58,22,12.99
2024-05-01,S025,SKU00076,62,18,16.2
2024-05-01,S025,SKU00027,18,22,8.1
2024-05-01,S025,SKU00252,26,7,35.29
2024-05-01,S025,SKU00254,50,19,12.16
2024-05-01,S025,SKU00210,45,12,17.08
2024-05-01,S025,SKU00197,40,17,14.73
2024-05-01,S025,SKU00142,18,20,22.57
2024-05-01,S025,SKU00046,32,12,11.26
2024-05-01,S025,SKU00082,28,22,18.27
2024-05-01,S025,SKU00021,28,23,21.44
2024-05-01,S025,SKU00108,20,19,8.67
2024-05-01,S025,SKU00326,25,12,21.09
2024-05-01,S025,SKU00052,47,17,25.94
2024-05-01,S025,SKU00180,14,24,18.4
2024-05-01,S025,SKU00188,30,15,22.21
2024-05-01,S025,SKU00047,32,11,30.28
2024-05-01,S025,SKU00306,50,14,13.85
2024-05-01,S025,SKU00147,56,11,26.65
2024-05-01,S025,SKU00358,33,23,20.44
2024-05-01,S025,SKU00237,44,9,22.91
2024-05-01,S025,SKU00150,48,12,17.58
2024-05-01,S025,SKU00312,31,18,19.86
2024-05-01,S025,SKU00159,15,13,20.64
2024-05-01,S025,SKU00055,46,24,24.5
2024-05-01,S025,SKU00155,39,3,22.47
2024-05-01,S025,SKU00374,42,20,17.57
2024-05-01,S025,SKU00140,36,23,22.39
2024-05-01,S025,SKU00274,46,17,8.22
2024-05-01,S025,SKU00041,40,11,19.41
2024-05-01,S025,SKU00224,47,12,28.25
2024-05-01,S025,SKU00322,55,2,9.39
2024-05-01,S025,SKU00270,32,23,23.19
2024-05-01,S025,SKU00230,47,35,28.51
2024-05-01,S025,SKU00368,58,9,14.01
2024-05-01,S025,SKU00018,53,18,11.75
2024-05-01,S025,SKU00003,31,22,19.34
2024-05-01,S026,SKU00149,50,6,16.9
2024-05-01,S026,SKU00276,80,16,8.52
2024-05-01,S026,SKU00235,14,15,17.69
2024-05-01,S026,SKU00119,32,6,21.19
2024-05-01,S026,SKU00113,41,9,20.63
2024-05-01,S026,SKU00399,17,19,25.01
2024-05-01,S026,SKU00354,15,25,16.32
2024-05-01,S026,SKU00037,41,11,14.43
2024-05-01,S026,SKU00186,35,24,24.0
2024-05-01,S026,SKU00045,37,19,19.14
2024-05-01,S026,SKU00273,34,9,21.29
2024-05-01,S026,SKU00098,53,7,23.96
2024-05-01,S026,SKU00297,32,15,20.51
2024-05-01,S026,SKU00359,62,18,12.22
2024-05-01,S026,SKU00244,65,13,14.65
2024-05-01,S026,SKU00274,48,23,8.22
2024-05-01,S026,SKU00225,42,13,14.42
2024-05-01,S026,SKU00213,29,20,21.39
2024-05-01,S026,SKU00122,55,18,15.22
2024-05-01,S026,SKU00016,2,16,20.2
2024-05-01,S026,SKU00386,46,9,24.27
2024-05-01,S026,SKU00356,22,10,6.76
2024-05-01,S026,SKU00184,47,4,15.79
2024-05-01,S026,SKU00397,59,6,24.95
2024-05-01,S026,SKU00173,16,16,24.41
2024-05-01,S026,SKU00058,26,18,33.62
2024-05-01,S026,SKU00339,57,22,14.34
2024-05-01,S026,SKU00227,32,16,38.72
2024-05-01,S026,SKU00025,7,7,18.13
2024-05-01,S026,SKU00011,59,19,17.51
2024-05-01,S026,SKU00205,13,21,13.85
2024-05-01,S026,SKU00080,22,18,21.0
2024-05-01,S026,SKU00305,41,10,19.27
2024-05-01,S026,SKU00295,34,17,21.15
2024-05-01,S026,SKU00150,39,11,17.58
2024-05-01,S026,SKU00298,14,29,11.72
2024-05-01,S026,SKU00237,0,12,22.91
2024-05-01,S026,SKU00114,25,14,16.42
2024-05-01,S026,SKU00193,41,12,26.54
2024-05-01,S026,SKU00075,31,30,19.82
2024-05-01,S026,SKU00093,53,17,20.73
2024-05-01,S026,SKU00281,47,10,24.82
2024-05-01,S026,SKU00338,26,17,23.32
2024-05-01,S026,SKU00124,40,25,18.08
2024-05-01,S026,SKU00317,55,33,22.08
2024-05-01,S026,SKU00236,63,16,14.52
2024-05-01,S026,SKU00034,47,10,25.34
2024-05-01,S026,SKU00171,39,13,26.18
2024-05-01,S026,SKU00208,24,9,7.02
2024-05-01,S026,SKU00039,52,0,31.34
2024-05-01,S026,SKU00190,17,11,23.47
2024-05-01,S026,SKU00263,46,10,12.54
2024-05-01,S026,SKU00116,42,27,40.0
2024-05-01,S026,SKU00096,51,14,19.19
2024-05-01,S026,SKU00145,46,19,13.72
2024-05-01,S026,SKU00245,70,24,19.78
2024-05-01,S026,SKU00300,26,3,19.9
2024-05-01,S026,SKU00130,42,10,29.35
2024-05-01,S026,SKU00201,37,11,17.59
2024-05-01,S026,SKU00268,53,8,22.72
2024-05-01,S027,SKU00168,57,14,18.6
2024-05-01,S027,SKU00394,49,11,10.9
2024-05-01,S027,SKU00074,50,16,28.23
2024-05-01,S027,SKU00048,66,19,35.43
2024-05-01,S027,SKU00349,29,30,11.12
2024-05-01,S027,SKU00361,35,17,22.51
2024-05-01,S027,SKU00339,42,22,14.34
2024-05-01,S027,SKU00143,30,11,9.07
2024-05-01,S027,SKU00298,27,20,11.72
2024-05-01,S027,SKU00322,32,16,9.39
2024-05-01,S027,SKU00214,49,10,47.96
2024-05-01,S027,SKU00035,31,0,34.51
2024-05-01,S027,SKU00256,45,20,16.17
2024-05-01,S027,SKU00121,59,16,21.13
2024-05-01,S027,SKU00151,1,5,7.16
2024-05-01,S027,SKU00281,27,16,24.82
2024-05-01,S027,SKU00161,27,12,6.86
2024-05-01,S027,SKU00132,27,13,18.85
2024-05-01,S027,SKU00089,32,21,25.61
2024-05-01,S027,SKU00253,24,22,19.63
2024-05-01,S027,SKU00284,40,12,20.24
2024-05-01,S027,SKU00054,61,24,12.05
2024-05-01,S027,SKU00137,30,8,32.34
2024-05-01,S027,SKU00274,44,9,8.22
2024-05-01,S027,SKU00381,44,10,29.5
2024-05-01,S027,SKU00181,40,10,21.21
2024-05-01,S027,SKU00300,56,12,19.9
2024-05-01,S027,SKU00272,38,3,18.35
2024-05-01,S027,SKU00259,38,20,16.74
2024-05-01,S027,SKU00090,45,19,19.09
2024-05-01,S027,SKU00211,21,24,37.2
2024-05-01,S027,SKU00314,55,16,15.81
2024-05-01,S027,SKU00387,34,16,19.03
2024-05-01,S027,SKU00111,46,14,22.67
2024-05-01,S027,SKU00131,51,10,22.93
2024-05-01,S027,SKU00279,31,4,18.46
2024-05-01,S027,SKU00265,38,13,15.45
2024-05-01,S027,SKU00022,26,19,10.6
2024-05-01,S027,SKU00271,0,9,41.0
2024-05-01,S027,SKU00326,54,11,21.09
2024-05-01,S027,SKU00230,35,20,28.51
2024-05-01,S027,SKU00222,69,26,21.69
2024-05-01,S027,SKU00126,55,7,25.54
2024-05-01,S027,SKU00116,25,11,40.0
2024-05-01,S027,SKU00002,20,19,22.95
2024-05-01,S027,SKU00327,56,16,24.66
2024-05-01,S027,SKU00158,62,11,7.83
2024-05-01,S027,SKU00180,57,18,18.4
2024-05-01,S027,SKU00315,34,7,25.73
2024-05-01,S027,SKU00148,7,13,18.3
2024-05-01,S027,SKU00293,48,13,28.83
2024-05-01,S027,SKU00125,35,18,14.87
2024-05-01,S027,SKU00212,51,15,8.51
2024-05-01,S027,SKU00267,56,19,32.29
2024-05-01,S027,SKU00369,44,25,27.28
2024-05-01,S027,SKU00008,37,6,14.83
2024-05-01,S027,SKU00249,45,24,14.24
2024-05-01,S027,SKU00084,60,21,22.85
2024-05-01,S027,SKU00205,26,8,13.85
2024-05-01,S027,SKU00080,38,14,21.0
2024-05-01,S028,SKU00197,37,8,14.73
2024-05-01,S028,SKU00077,43,15,7.81
2024-05-01,S028,SKU00131,28,28,22.93
2024-05-01,S028,SKU00330,52,10,28.29
2024-05-01,S028,SKU00382,62,12,8.38
2024-05-01,S028,SKU00199,46,6,28.75
2024-05-01,S028,SKU00267,53,17,32.29
2024-05-01,S028,SKU00126,73,3,25.54
2024-05-01,S028,SKU00161,18,24,6.86
2024-05-01,S028,SKU00187,53,26,25.15
2024-05-01,S028,SKU00229,22,19,28.44
2024-05-01,S028,SKU00277,24,12,17.75
2024-05-01,S028,SKU00193,48,16,26.54
2024-05-01,S028,SKU00378,67,11,16.37
2024-05-01,S028,SKU00252,23,17,35.29
2024-05-01,S028,SKU00133,60,17,10.11
2024-05-01,S028,SKU00109,61,19,32.26
2024-05-01,S028,SKU00245,45,24,19.78
2024-05-01,S028,SKU00214,39,16,47.96
2024-05-01,S028,SKU00392,30,19,28.95
2024-05-01,S028,SKU00134,69,26,22.15
2024-05-01,S028,SKU00290,5,10,20.85
2024-05-01,S028,SKU00266,37,25,15.48
2024-05-01,S028,SKU00268,61,21,22.72
2024-05-01,S028,SKU00336,40,13,21.13
2024-05-01,S028,SKU00300,42,15,19.9
2024-05-01,S028,SKU00002,22,16,22.95
2024-05-01,S028,SKU00151,57,8,7.16
2024-05-01,S028,SKU00072,59,23,22.01
2024-05-01,S028,SKU00087,35,21,9.32
2024-05-01,S028,SKU00104,40,21,30.27
2024-05-01,S028,SKU00143,30,20,9.07
2024-05-01,S028,SKU00138,87,26,9.29
2024-05-01,S028,SKU00074,41,22,28.23
2024-05-01,S028,SKU00215,42,13,20.75
2024-05-01,S028,SKU00380,37,14,21.56
2024-05-01,S028,SKU00090,34,1,19.09
2024-05-01,S028,SKU00009,36,14,21.87
2024-05-01,S028,SKU00053,26,19,26.92
2024-05-01,S028,SKU00025,38,3,18.13
2024-05-01,S028,SKU00325,43,27,11.47
2024-05-01,S028,SKU00376,28,13,22.09
2024-05-01,S028,SKU00156,44,23,13.5
2024-05-01,S028,SKU00297,22,22,20.51
2024-05-01,S028,SKU00397,52,18,24.95
2024-05-01,S028,SKU00115,62,14,16.78
2024-05-01,S028,SKU00188,44,32,22.21
2024-05-01,S028,SKU00327,37,9,24.66
2024-05-01,S028,SKU00046,33,5,11.26
2024-05-01,S028,SKU00135,54,19,21.41
2024-05-01,S028,SKU00066,44,18,21.71
2024-05-01,S028,SKU00346,66,7,46.67
2024-05-01,S028,SKU00307,18,3,19.13
2024-05-01,S028,SKU00168,49,4,18.6
2024-05-01,S028,SKU00286,50,5,25.41
2024-05-01,S028,SKU00251,41,9,16.74
2024-05-01,S028,SKU00281,38,24,24.82
2024-05-01,S028,SKU00253,69,1,19.63
2024-05-01,S028,SKU00203,40,19,27.92
2024-05-01,S028,SKU00364,41,12,20.03
2024-05-01,S029,SKU00302,47,19,11.51
2024-05-01,S029,SKU00175,33,18,22.23
2024-05-01,S029,SKU00191,38,18,24.12
2024-05-01,S029,SKU00220,57,12,23.06
2024-05-01,S029,SKU00246,41,7,19.79
2024-05-01,S029,SKU00372,14,8,8.73
2024-05-01,S029,SKU00014,25,17,17.1
2024-05-01,S029,SKU00384,7,9,6.97
2024-05-01,S029,SKU00055,24,16,24.5
2024-05-01,S029,SKU00303,19,15,27.57
2024-05-01,S029,SKU00012,34,0,6.48
2024-05-01,S029,SKU00258,38,17,29.8
2024-05-01,S029,SKU00125,30,4,14.87
2024-05-01,S029,SKU00142,67,19,22.57
2024-05-01,S029,SKU00318,50,21,20.51
2024-05-01,S029,SKU00253,49,11,19.63
2024-05-01,S029,SKU00103,25,9,12.99
2024-05-01,S029,SKU00158,25,17,7.83
2024-05-01,S029,SKU00152,50,19,34.48
2024-05-01,S029,SKU00341,23,13,20.55
2024-05-01,S029,SKU00020,35,15,19.96
2024-05-01,S029,SKU00130,30,12,29.35
2024-05-01,S029,SKU00206,53,19,12.31
2024-05-01,S029,SKU00355,53,15,17.98
2024-05-01,S029,SKU00266,7,1,15.48
2024-05-01,S029,SKU00045,30,18,19.14
2024-05-01,S029,SKU00252,15,13,35.29
2024-05-01,S029,SKU00170,22,28,19.07
2024-05-01,S029,SKU00264,41,20,13.51
2024-05-01,S029,SKU00051,50,11,21.15
2024-05-01,S029,SKU00237,33,12,22.91
2024-05-01,S029,SKU00263,30,3,12.54
2024-05-01,S029,SKU00186,64,4,24.0
2024-05-01,S029,SKU00201,19,9,17.59
2024-05-01,S029,SKU00071,24,12,18.24
2024-05-01,S029,SKU00021,47,17,21.44
2024-05-01,S029,SKU00353,39,2,28.84
2024-05-01,S029,SKU00256,25,11,16.17
2024-05-01,S029,SKU00075,53,8,19.82
2024-05-01,S029,SKU00086,60,21,27.42
2024-05-01,S029,SKU00378,21,21,16.37
2024-05-01,S029,SKU00195,58,8,20.76
2024-05-01,S029,SKU00292,55,8,27.78
2024-05-01,S029,SKU00034,32,21,25.34
2024-05-01,S029,SKU00288,59,9,22.22
2024-05-01,S029,SKU00236,17,15,14.52
2024-05-01,S029,SKU00397,33,6,24.95
2024-05-01,S029,SKU00047,25,8,30.28
2024-05-01,S029,SKU00095,43,14,27.04
2024-05-01,S029,SKU00250,38,23,22.08
2024-05-01,S029,SKU00342,58,19,17.51
2024-05-01,S029,SKU00093,56,14,20.73
2024-05-01,S029,SKU00313,45,22,21.61
2024-05-01,S029,SKU00066,40,15,21.71
2024-05-01,S029,SKU00092,44,27,6.71
2024-05-01,S029,SKU00098,42,10,23.96
2024-05-01,S029,SKU00291,42,26,20.61
2024-05-01,S029,SKU00076,10,14,16.2
2024-05-01,S029,SKU00260,29,23,16.1
2024-05-01,S029,SKU00067,35,15,12.5
2024-05-01,S030,SKU00025,8,20,18.13
2024-05-01,S030,SKU00362,69,9,17.84
2024-05-01,S030,SKU00134,31,23,22.15
2024-05-01,S030,SKU00321,60,14,8.77
2024-05-01,S030,SKU00142,69,16,22.57
2024-05-01,S030,SKU00054,55,6,12.05
2024-05-01,S030,SKU00310,37,16,23.34
2024-05-01,S030,SKU00298,29,15,11.72
2024-05-01,S030,SKU00065,50,32,21.23
2024-05-01,S030,SKU00180,38,19,18.4
2024-05-01,S030,SKU00026,73,16,28.01
2024-05-01,S030,SKU00265,23,0,15.45
2024-05-01,S030,SKU00094,23,20,30.76
2024-05-01,S030,SKU00281,45,21,24.82
2024-05-01,S030,SKU00326,46,8,21.09
2024-05-01,S030,SKU00059,61,9,18.63
2024-05-01,S030,SKU00361,25,11,22.51
2024-05-01,S030,SKU00022,29,22,10.6
2024-05-01,S030,SKU00081,46,16,16.01
2024-05-01,S030,SKU00283,61,27,35.29
2024-05-01,S030,SKU00314,58,4,15.81
2024-05-01,S030,SKU00141,40,18,34.29
2024-05-01,S030,SKU00316,55,31,9.13
2024-05-01,S030,SKU00258,45,13,29.8
2024-05-01,S030,SKU00018,45,13,11.75
2024-05-01,S030,SKU00296,39,13,18.93
2024-05-01,S030,SKU00155,37,16,22.47
2024-05-01,S030,SKU00166,42,11,26.57
2024-05-01,S030,SKU00174,49,3,23.97
2024-05-01,S030,SKU00391,41,20,20.67
2024-05-01,S030,SKU00045,36,8,19.14
2024-05-01,S030,SKU00260,33,6,16.1
2024-05-01,S030,SKU00037,34,16,14.43
2024-05-01,S030,SKU00330,30,18,28.29
2024-05-01,S030,SKU00149,25,12,16.9
2024-05-01,S030,SKU00339,31,25,14.34
2024-05-01,S030,SKU00219,53,16,24.96
2024-05-01,S030,SKU00012,20,10,6.48
2024-05-01,S030,SKU00035,27,11,34.51
2024-05-01,S030,SKU00386,32,15,24.27
2024-05-01,S030,SKU00385,32,15,24.15
2024-05-01,S030,SKU00131,56,5,22.93
2024-05-01,S030,SKU00353,42,16,28.84
2024-05-01,S030,SKU00171,40,21,26.18
2024-05-01,S030,SKU00158,66,0,7.83
2024-05-01,S030,SKU00177,43,19,24.36
2024-05-01,S030,SKU00193,33,7,26.54
2024-05-01,S030,SKU00071,35,16,18.24
2024-05-01,S030,SKU00122,55,13,15.22
2024-05-01,S030,SKU00215,83,17,20.75
2024-05-01,S030,SKU00053,37,13,26.92
2024-05-01,S030,SKU00003,39,12,19.34
2024-05-01,S030,SKU00211,45,14,37.2
2024-05-01,S030,SKU00350,51,8,24.41
2024-05-01,S030,SKU00383,53,28,21.74
2024-05-01,S030,SKU00147,56,29,26.65
2024-05-01,S030,SKU00139,32,10,19.06
2024-05-01,S030,SKU00181,21,5,21.21
2024-05-01,S030,SKU00335,21,34,10.25
2024-05-01,S030,SKU00017,33,13,22.2
2024-06-01,S001,SKU00390,38,15,20.94
2024-06-01,S001,SKU00158,39,23,7.83
2024-06-01,S001,SKU00261,61,29,33.76
2024-06-01,S001,SKU00348,57,0,24.11
2024-06-01,S001,SKU00017,36,12,22.2
2024-06-01,S001,SKU00254,52,12,12.16
2024-06-01,S001,SKU00267,49,13,32.29
2024-06-01,S001,SKU00320,20,24,13.56
2024-06-01,S001,SKU00246,39,16,19.79
2024-06-01,S001,SKU00103,48,5,12.99
2024-06-01,S001,SKU00033,63,14,10.76
2024-06-01,S001,SKU00233,30,7,14.08
2024-06-01,S001,SKU00342,47,4,17.51
2024-06-01,S001,SKU00167,36,20,11.09
2024-06-01,S001,SKU00190,25,8,23.47
2024-06-01,S001,SKU00097,35,6,11.93
2024-06-01,S001,SKU00314,4,12,15.81
2024-06-01,S001,SKU00301,27,19,13.89
2024-06-01,S001,SKU00225,35,13,14.42
2024-06-01,S001,SKU00134,44,15,22.15
2024-06-01,S001,SKU00132,34,21,18.85
2024-06-01,S001,SKU00201,42,6,17.59
2024-06-01,S001,SKU00215,58,33,20.75
2024-06-01,S001,SKU00343,32,12,25.69
2024-06-01,S001,SKU00110,22,9,22.59
2024-06-01,S001,SKU00022,18,16,10.6
2024-06-01,S001,SKU00275,43,27,24.1
2024-06-01,S001,SKU00145,50,21,13.72
2024-06-01,S001,SKU00059,26,12,18.63
2024-06-01,S001,SKU00007,47,14,12.89
2024-06-01,S001,SKU00312,38,22,19.86
2024-06-01,S001,SKU00374,40,13,17.57
2024-06-01,S001,SKU00366,44,4,12.66
2024-06-01,S001,SKU00005,40,24,5.18
2024-06-01,S001,SKU00198,21,9,25.14
2024-06-01,S001,SKU00253,48,12,19.63
2024-06-01,S001,SKU00221,70,14,18.46
2024-06-01,S001,SKU00179,50,24,8.72
2024-06-01,S001,SKU00315,66,16,25.73
2024-06-01,S001,SKU00100,35,0,7.48
2024-06-01,S001,SKU00070,28,19,19.96
2024-06-01,S001,SKU00161,66,11,6.86
2024-06-01,S001,SKU00140,29,15,22.39
2024-06-01,S001,SKU00336,21,25,21.13
2024-06-01,S001,SKU00211,31,11,37.2
2024-06-01,S001,SKU00224,43,12,28.25
2024-06-01,S001,SKU00042,24,8,27.28
2024-06-01,S001,SKU00001,68,4,20.02
2024-06-01,S001,SKU00023,45,18,23.51
2024-06-01,S001,SKU00306,64,14,13.85
2024-06-01,S001,SKU00294,43,12,21.46
2024-06-01,S001,SKU00049,38,14,21.35
2024-06-01,S001,SKU00207,36,11,16.29
2024-06-01,S001,SKU00177,19,24,24.36
2024-06-01,S001,SKU00369,38,7,27.28
2024-06-01,S001,SKU00310,17,13,23.34
2024-06-01,S001,SKU00284,44,19,20.24
2024-06-01,S001,SKU00137,34,18,32.34
2024-06-01,S001,SKU00159,33,24,20.64
2024-06-01,S001,SKU00363,55,24,19.67
2024-06-01,S002,SKU00268,34,4,22.72
2024-06-01,S002,SKU00196,24,26,14.66
2024-06-01,S002,SKU00247,33,29,19.17
2024-06-01,S002,SKU00179,47,12,8.72
2024-06-01,S002,SKU00076,34,6,16.2
2024-06-01,S002,SKU00395,50,12,14.64
2024-06-01,S002,SKU00377,45,6,24.12
2024-06-01,S002,SKU00190,29,12,23.47
2024-06-01,S002,SKU00167,38,16,11.09
2024-06-01,S002,SKU00171,33,22,26.18
2024-06-01,S002,SKU00077,23,11,7.81
2024-06-01,S002,SKU00088,42,19,27.73
2024-06-01,S002,SKU00056,46,17,21.74
2024-06-01,S002,SKU00353,56,14,28.84
2024-06-01,S002,SKU00241,42,10,22.03
2024-06-01,S002,SKU00113,6,20,20.63
2024-06-01,S002,SKU00329,37,1,21.42
2024-06-01,S002,SKU00323,31,17,17.89
2024-06-01,S002,SKU00001,52,20,20.02
2024-06-01,S002,SKU00367,45,15,23.63
2024-06-01,S002,SKU00049,56,16,21.35
2024-06-01,S002,SKU00350,40,10,24.41
2024-06-01,S002,SKU00101,33,20,13.03
2024-06-01,S002,SKU00365,61,19,9.96
2024-06-01,S002,SKU00078,45,17,9.74
2024-06-01,S002,SKU00265,35,20,15.45
2024-06-01,S002,SKU00351,29,20,20.29
2024-06-01,S002,SKU00285,62,18,16.17
2024-06-01,S002,SKU00102,43,9,7.81
2024-06-01,S002,SKU00194,69,15,15.09
2024-06-01,S002,SKU00104,41,18,30.27
2024-06-01,S002,SKU00252,46,18,35.29
2024-06-01,S002,SKU00199,32,3,28.75
2024-06-01,S002,SKU00204,26,10,22.75
2024-06-01,S002,SKU00392,33,9,28.95
2024-06-01,S002,SKU00173,53,19,24.41
2024-06-01,S002,SKU00124,30,16,18.08
2024-06-01,S002,SKU00069,1,25,10.26
2024-06-01,S002,SKU00071,45,15,18.24
2024-06-01,S002,SKU00059,50,0,18.63
2024-06-01,S002,SKU00011,38,14,17.51
2024-06-01,S002,SKU00220,31,17,23.06
2024-06-01,S002,SKU00259,51,11,16.74
2024-06-01,S002,SKU00208,23,18,7.02
2024-06-01,S002,SKU00057,33,0,19.41
2024-06-01,S002,SKU00380,35,13,21.56
2024-06-01,S002,SKU00105,58,24,24.88
2024-06-01,S002,SKU00278,43,1,29.28
2024-06-01,S002,SKU00195,25,17,20.76
2024-06-01,S002,SKU00388,15,16,18.08
2024-06-01,S002,SKU00362,41,16,17.84
2024-06-01,S002,SKU00151,49,10,7.16
2024-06-01,S002,SKU00162,61,25,23.58
2024-06-01,S002,SKU00400,47,8,16.59
2024-06-01,S002,SKU00226,39,16,37.85
2024-06-01,S002,SKU00051,28,7,21.15
2024-06-01,S002,SKU00229,56,11,28.44
2024-06-01,S002,SKU00125,51,18,14.87
2024-06-01,S002,SKU00187,41,10,25.15
2024-06-01,S002,SKU00202,50,8,41.7
2024-06-01,S003,SKU00085,20,22,21.5
2024-06-01,S003,SKU00253,48,8,19.63
2024-06-01,S003,SKU00123,45,14,17.11
2024-06-01,S003,SKU00054,44,18,12.05
2024-06-01,S003,SKU00355,24,9,17.98
2024-06-01,S003,SKU00372,20,14,8.73
2024-06-01,S003,SKU00344,18,14,6.67
2024-06-01,S003,SKU00387,52,13,19.03
2024-06-01,S003,SKU00011,33,13,17.51
2024-06-01,S003,SKU00053,18,22,26.92
2024-06-01,S003,SKU00343,38,20,25.69
2024-06-01,S003,SKU00158,33,14,7.83
2024-06-01,S003,SKU00377,50,9,24.12
2024-06-01,S003,SKU00033,34,20,10.76
2024-06-01,S003,SKU00063,36,16,13.32
2024-06-01,S003,SKU00338,13,11,23.32
2024-06-01,S003,SKU00070,41,14,19.96
2024-06-01,S003,SKU00334,54,11,7.9
2024-06-01,S003,SKU00040,82,21,18.22
2024-06-01,S003,SKU00225,31,20,14.42
2024-06-01,S003,SKU00229,35,20,28.44
2024-06-01,S003,SKU00182,52,18,22.49
2024-06-01,S003,SKU00062,59,19,21.8
2024-06-01,S003,SKU00376,38,6,22.09
2024-06-01,S003,SKU00171,8,20,26.18
2024-06-01,S003,SKU00331,17,21,9.22
2024-06-01,S003,SKU00004,50,11,9.51
2024-06-01,S003,SKU00001,45,12,20.02
2024-06-01,S003,SKU00400,15,14,16.59
2024-06-01,S003,SKU00098,47,19,23.96
2024-06-01,S003,SKU00379,39,9,19.61
2024-06-01,S003,SKU00314,67,18,15.81
2024-06-01,S003,SKU00211,27,6,37.2
2024-06-01,S003,SKU00020,45,25,19.96
2024-06-01,S003,SKU00075,53,10,19.82
2024-06-01,S003,SKU00320,27,10,13.56
2024-06-01,S003,SKU00281,65,0,24.82
2024-06-01,S003,SKU00043,26,6,24.13
2024-06-01,S003,SKU00162,28,17,23.58
2024-06-01,S003,SKU00206,48,20,12.31
2024-06-01,S003,SKU00051,38,12,21.15
2024-06-01,S003,SKU00088,69,27,27.73
2024-06-01,S003,SKU00361,29,9,22.51
2024-06-01,S003,SKU00203,46,5,27.92
2024-06-01,S003,SKU00154,31,20,36.04
2024-06-01,S003,SKU00127,45,21,18.2
2024-06-01,S003,SKU00105,53,12,24.88
2024-06-01,S003,SKU00286,61,24,25.41
2024-06-01,S003,SKU00126,37,11,25.54
2024-06-01,S003,SKU00184,53,14,15.79
2024-06-01,S003,SKU00109,57,24,32.26
2024-06-01,S003,SKU00275,38,22,24.1
2024-06-01,S003,SKU00318,42,14,20.51
2024-06-01,S003,SKU00383,37,9,21.74
2024-06-01,S003,SKU00069,43,10,10.26
2024-06-01,S003,SKU00348,40,12,24.11
2024-06-01,S003,SKU00207,3,12,16.29
2024-06-01,S003,SKU00251,54,16,16.74
2024-06-01,S003,SKU00166,62,15,26.57
2024-06-01,S003,SKU00077,69,27,7.81
2024-06-01,S004,SKU00394,51,21,10.9
2024-06-01,S004,SKU00007,63,11,12.89
2024-06-01,S004,SKU00225,26,14,14.42
2024-06-01,S004,SKU00122,17,6,15.22
2024-06-01,S004,SKU00212,35,19,8.51
2024-06-01,S004,SKU00050,0,19,9.35
2024-06-01,S004,SKU00139,31,17,19.06
2024-06-01,S004,SKU00399,71,7,25.01
2024-06-01,S004,SKU00018,47,10,11.75
2024-06-01,S004,SKU00277,29,22,17.75
2024-06-01,S004,SKU00020,48,23,19.96
2024-06-01,S004,SKU00221,40,28,18.46
2024-06-01,S004,SKU00138,49,19,9.29
2024-06-01,S004,SKU00397,49,14,24.95
2024-06-01,S004,SKU00289,40,17,20.83
2024-06-01,S004,SKU00349,44,10,11.12
2024-06-01,S004,SKU00181,28,19,21.21
2024-06-01,S004,SKU00300,24,14,19.9
2024-06-01,S004,SKU00184,30,5,15.79
2024-06-01,S004,SKU00303,31,9,27.57
2024-06-01,S004,SKU00080,25,14,21.0
2024-06-01,S004,SKU00393,40,0,7.6
2024-06-01,S004,SKU00263,60,11,12.54
2024-06-01,S004,SKU00264,47,6,13.51
2024-06-01,S004,SKU00163,57,28,15.73
2024-06-01,S004,SKU00318,50,21,20.51
2024-06-01,S004,SKU00380,43,8,21.56
2024-06-01,S004,SKU00137,25,20,32.34
2024-06-01,S004,SKU00159,18,13,20.64
2024-06-01,S004,SKU00030,41,14,9.58
2024-06-01,S004,SKU00230,34,22,28.51
2024-06-01,S004,SKU00102,31,16,7.81
2024-06-01,S004,SKU00251,42,9,16.74
2024-06-01,S004,SKU00336,36,17,21.13
2024-06-01,S004,SKU00065,46,23,21.23
2024-06-01,S004,SKU00003,32,16,19.34
2024-06-01,S004,SKU00135,37,23,21.41
2024-06-01,S004,SKU00095,17,2,27.04
2024-06-01,S004,SKU00229,60,16,28.44
2024-06-01,S004,SKU00400,43,9,16.59
2024-06-01,S004,SKU00204,46,14,22.75
2024-06-01,S004,SKU00282,48,10,31.83
2024-06-01,S004,SKU00077,49,7,7.81
2024-06-01,S004,SKU00248,28,1,24.2
2024-06-01,S004,SKU00314,42,9,15.81
2024-06-01,S004,SKU00133,26,8,10.11
2024-06-01,S004,SKU00155,28,5,22.47
2024-06-01,S004,SKU00280,23,7,11.07
2024-06-01,S004,SKU00299,59,19,21.87
2024-06-01,S004,SKU00235,52,19,17.69
2024-06-01,S004,SKU00046,40,19,11.26
2024-06-01,S004,SKU00172,7,26,9.82
2024-06-01,S004,SKU00144,59,16,12.22
2024-06-01,S004,SKU00082,20,17,18.27
2024-06-01,S004,SKU00309,31,14,27.53
2024-06-01,S004,SKU00328,36,16,20.31
2024-06-01,S004,SKU00266,40,14,15.48
2024-06-01,S004,SKU00078,34,6,9.74
2024-06-01,S004,SKU00117,37,17,14.81
2024-06-01,S004,SKU00351,44,9,20.29
2024-06-01,S005,SKU00017,33,10,22.2
2024-06-01,S005,SKU00356,47,23,6.76
2024-06-01,S005,SKU00103,28,13,12.99
2024-06-01,S005,SKU00322,32,25,9.39
2024-06-01,S005,SKU00210,21,14,17.08
2024-06-01,S005,SKU00252,36,9,35.29
2024-06-01,S005,SKU00147,28,32,26.65
2024-06-01,S005,SKU00099,56,12,12.91
2024-06-01,S005,SKU00128,37,12,12.06
2024-06-01,S005,SKU00159,47,13,20.64
2024-06-01,S005,SKU00047,52,24,30.28
2024-06-01,S005,SKU00187,33,10,25.15
2024-06-01,S005,SKU00048,76,12,35.43
2024-06-01,S005,SKU00323,33,23,17.89
2024-06-01,S005,SKU00367,52,19,23.63
2024-06-01,S005,SKU00041,42,14,19.41
2024-06-01,S005,SKU00378,48,9,16.37
2024-06-01,S005,SKU00394,21,23,10.9
2024-06-01,S005,SKU00114,44,7,16.42
2024-06-01,S005,SKU00120,29,15,10.19
2024-06-01,S005,SKU00373,50,8,43.52
2024-06-01,S005,SKU00369,19,0,27.28
2024-06-01,S005,SKU00172,32,16,9.82
2024-06-01,S005,SKU00237,49,9,22.91
2024-06-01,S005,SKU00054,61,12,12.05
2024-06-01,S005,SKU00387,19,18,19.03
2024-06-01,S005,SKU00156,67,19,13.5
2024-06-01,S005,SKU00107,15,17,27.98
2024-06-01,S005,SKU00365,32,29,9.96
2024-06-01,S005,SKU00374,62,10,17.57
2024-06-01,S005,SKU00311,50,8,23.51
2024-06-01,S005,SKU00350,48,6,24.41
2024-06-01,S005,SKU00049,38,8,21.35
2024-06-01,S005,SKU00208,46,5,7.02
2024-06-01,S005,SKU00076,37,25,16.2
2024-06-01,S005,SKU00233,35,26,14.08
2024-06-01,S005,SKU00004,55,27,9.51
2024-06-01,S005,SKU00025,49,13,18.13
2024-06-01,S005,SKU00042,46,18,27.28
2024-06-01,S005,SKU00379,49,27,19.61
2024-06-01,S005,SKU00376,63,15,22.09
2024-06-01,S005,SKU00014,49,22,17.1
2024-06-01,S005,SKU00006,41,25,22.21
2024-06-01,S005,SKU00344,55,12,6.67
2024-06-01,S005,SKU00073,30,20,31.53
2024-06-01,S005,SKU00295,55,12,21.15
2024-06-01,S005,SKU00255,28,19,33.68
2024-06-01,S005,SKU00230,44,20,28.51
2024-06-01,S005,SKU00194,70,17,15.09
2024-06-01,S005,SKU00227,9,16,38.72
2024-06-01,S005,SKU00316,49,17,9.13
2024-06-01,S005,SKU00001,54,21,20.02
2024-06-01,S005,SKU00081,34,15,16.01
2024-06-01,S005,SKU00086,40,12,27.42
2024-06-01,S005,SKU00126,59,20,25.54
2024-06-01,S005,SKU00320,24,0,13.56
2024-06-01,S005,SKU00111,55,21,22.67
2024-06-01,S005,SKU00240,57,11,30.32
2024-06-01,S005,SKU00275,40,0,24.1
2024-06-01,S005,SKU00242,40,17,23.88
2024-06-01,S006,SKU00001,39,3,20.02
2024-06-01,S006,SKU00095,36,14,27.04
2024-06-01,S006,SKU00133,45,12,10.11
2024-06-01,S006,SKU00091,26,16,16.61
2024-06-01,S006,SKU00110,42,15,22.59
2024-06-01,S006,SKU00310,58,10,23.34
2024-06-01,S006,SKU00226,39,18,37.85
2024-06-01,S006,SKU00125,45,16,14.87
2024-06-01,S006,SKU00195,26,11,20.76
2024-06-01,S006,SKU00248,27,5,24.2
2024-06-01,S006,SKU00238,12,22,47.65
2024-06-01,S006,SKU00104,0,9,30.27
2024-06-01,S006,SKU00016,68,13,20.2
2024-06-01,S006,SKU00233,18,21,14.08
2024-06-01,S006,SKU00071,24,14,18.24
2024-06-01,S006,SKU00204,25,8,22.75
2024-06-01,S006,SKU00021,64,24,21.44
2024-06-01,S006,SKU00342,27,18,17.51
2024-06-01,S006,SKU00098,53,6,23.96
2024-06-01,S006,SKU00341,55,11,20.55
2024-06-01,S006,SKU00190,61,12,23.47
2024-06-01,S006,SKU00121,58,15,21.13
2024-06-01,S006,SKU00074,28,15,28.23
2024-06-01,S006,SKU00053,35,10,26.92
2024-06-01,S006,SKU00116,6,10,40.0
2024-06-01,S006,SKU00183,27,16,7.71
2024-06-01,S006,SKU00324,11,34,27.35
2024-06-01,S006,SKU00202,42,22,41.7
2024-06-01,S006,SKU00213,60,3,21.39
2024-06-01,S006,SKU00180,47,14,18.4
2024-06-01,S006,SKU00237,42,13,22.91
2024-06-01,S006,SKU00153,60,14,27.58
2024-06-01,S006,SKU00194,47,14,15.09
2024-06-01,S006,SKU00200,46,16,35.75
2024-06-01,S006,SKU00161,45,1,6.86
2024-06-01,S006,SKU00057,30,12,19.41
2024-06-01,S006,SKU00090,19,11,19.09
2024-06-01,S006,SKU00093,25,4,20.73
2024-06-01,S006,SKU00272,46,9,18.35
2024-06-01,S006,SKU00077,31,4,7.81
2024-06-01,S006,SKU00141,41,9,34.29
2024-06-01,S006,SKU00210,42,14,17.08
2024-06-01,S006,SKU00199,41,8,28.75
2024-06-01,S006,SKU00081,10,6,16.01
2024-06-01,S006,SKU00369,29,18,27.28
2024-06-01,S006,SKU00359,20,8,12.22
2024-06-01,S006,SKU00392,46,12,28.95
2024-06-01,S006,SKU00158,38,13,7.83
2024-06-01,S006,SKU00198,57,0,25.14
2024-06-01,S006,SKU00136,40,18,21.43
2024-06-01,S006,SKU00304,50,3,13.37
2024-06-01,S006,SKU00020,60,0,19.96
2024-06-01,S006,SKU00350,41,11,24.41
2024-06-01,S006,SKU00122,19,0,15.22
2024-06-01,S006,SKU00173,17,12,24.41
2024-06-01,S006,SKU00039,41,28,31.34
2024-06-01,S006,SKU00134,11,16,22.15
2024-06-01,S006,SKU00182,43,20,22.49
2024-06-01,S006,SKU00236,35,9,14.52
2024-06-01,S006,SKU00371,37,2,23.22
2024-06-01,S007,SKU00204,48,32,22.75
2024-06-01,S007,SKU00349,57,9,11.12
2024-06-01,S007,SKU00341,3,21,20.55
2024-06-01,S007,SKU00236,49,14,14.52
2024-06-01,S007,SKU00140,25,26,22.39
2024-06-01,S007,SKU00055,50,14,24.5
2024-06-01,S007,SKU00329,47,6,21.42
2024-06-01,S007,SKU00311,26,25,23.51
2024-06-01,S007,SKU00361,69,20,22.51
2024-06-01,S007,SKU00071,33,4,18.24
2024-06-01,S007,SKU00139,50,16,19.06
2024-06-01,S007,SKU00280,53,25,11.07
2024-06-01,S007,SKU00050,38,4,9.35
2024-06-01,S007,SKU00038,48,25,22.05
2024-06-01,S007,SKU00027,31,7,8.1
2024-06-01,S007,SKU00098,51,21,23.96
2024-06-01,S007,SKU00094,52,17,30.76
2024-06-01,S007,SKU00380,37,25,21.56
2024-06-01,S007,SKU00131,62,18,22.93
2024-06-01,S007,SKU00135,68,21,21.41
2024-06-01,S007,SKU00284,46,7,20.24
2024-06-01,S007,SKU00365,50,19,9.96
2024-06-01,S007,SKU00317,26,14,22.08
2024-06-01,S007,SKU00152,46,14,34.48
2024-06-01,S007,SKU00134,44,11,22.15
2024-06-01,S007,SKU00336,48,23,21.13
2024-06-01,S007,SKU00043,54,16,24.13
2024-06-01,S007,SKU00208,31,14,7.02
2024-06-01,S007,SKU00069,36,24,10.26
2024-06-01,S007,SKU00036,65,6,15.82
2024-06-01,S007,SKU00206,49,13,12.31
2024-06-01,S007,SKU00093,31,15,20.73
2024-06-01,S007,SKU00290,34,7,20.85
2024-06-01,S007,SKU00185,19,16,22.74
2024-06-01,S007,SKU00191,46,4,24.12
2024-06-01,S007,SKU00397,45,16,24.95
2024-06-01,S007,SKU00090,57,19,19.09
2024-06-01,S007,SKU00383,11,0,21.74
2024-06-01,S007,SKU00112,32,21,17.88
2024-06-01,S007,SKU00282,65,14,31.83
2024-06-01,S007,SKU00065,41,21,21.23
2024-06-01,S007,SKU00073,27,10,31.53
2024-06-01,S007,SKU00082,34,20,18.27
2024-06-01,S007,SKU00251,53,18,16.74
2024-06-01,S007,SKU00182,38,19,22.49
2024-06-01,S007,SKU00006,40,11,22.21
2024-06-01,S007,SKU00126,21,16,25.54
2024-06-01,S007,SKU00100,33,20,7.48
2024-06-01,S007,SKU00011,17,4,17.51
2024-06-01,S007,SKU00052,45,2,25.94
2024-06-01,S007,SKU00376,6,12,22.09
2024-06-01,S007,SKU00368,61,22,14.01
2024-06-01,S007,SKU00265,25,22,15.45
2024-06-01,S007,SKU00291,37,11,20.61
2024-06-01,S007,SKU00258,46,16,29.8
2024-06-01,S007,SKU00243,24,10,20.2
2024-06-01,S007,SKU00259,12,6,16.74
2024-06-01,S007,SKU00268,30,7,22.72
2024-06-01,S007,SKU00030,47,14,9.58
2024-06-01,S007,SKU00252,37,13,35.29
2024-06-01,S008,SKU00126,49,16,25.54
2024-06-01,S008,SKU00292,70,4,27.78
2024-06-01,S008,SKU00319,25,14,18.17
2024-06-01,S008,SKU00200,36,24,35.75
2024-06-01,S008,SKU00110,24,12,22.59
2024-06-01,S008,SKU00355,56,20,17.98
2024-06-01,S008,SKU00341,44,16,20.55
2024-06-01,S008,SKU00018,34,17,11.75
2024-06-01,S008,SKU00295,28,12,21.15
2024-06-01,S008,SKU00243,61,16,20.2
2024-06-01,S008,SKU00050,40,9,9.35
2024-06-01,S008,SKU00094,66,6,30.76
2024-06-01,S008,SKU00278,40,16,29.28
2024-06-01,S008,SKU00088,58,15,27.73
2024-06-01,S008,SKU00322,18,20,9.39
2024-06-01,S008,SKU00275,53,5,24.1
2024-06-01,S008,SKU00149,22,3,16.9
2024-06-01,S008,SKU00108,33,16,8.67
2024-06-01,S008,SKU00119,60,9,21.19
2024-06-01,S008,SKU00043,51,19,24.13
2024-06-01,S008,SKU00233,50,12,14.08
2024-06-01,S008,SKU00331,38,8,9.22
2024-06-01,S008,SKU00204,23,15,22.75
2024-06-01,S008,SKU00087,37,13,9.32
2024-06-01,S008,SKU00101,61,10,13.03
2024-06-01,S008,SKU00297,9,12,20.51
2024-06-01,S008,SKU00164,35,11,20.75
2024-06-01,S008,SKU00268,26,3,22.72
2024-06-01,S008,SKU00159,63,16,20.64
2024-06-01,S008,SKU00106,50,15,11.12
2024-06-01,S008,SKU00371,31,20,23.22
2024-06-01,S008,SKU00027,48,28,8.1
2024-06-01,S008,SKU00231,17,10,23.4
2024-06-01,S008,SKU00224,36,20,28.25
2024-06-01,S008,SKU00115,55,8,16.78
2024-06-01,S008,SKU00034,59,21,25.34
2024-06-01,S008,SKU00158,56,7,7.83
2024-06-01,S008,SKU00220,37,8,23.06
2024-06-01,S008,SKU00093,40,10,20.73
2024-06-01,S008,SKU00205,37,28,13.85
2024-06-01,S008,SKU00369,32,0,27.28
2024-06-01,S008,SKU00367,22,15,23.63
2024-06-01,S008,SKU00003,45,12,19.34
2024-06-01,S008,SKU00296,44,15,18.93
2024-06-01,S008,SKU00180,32,10,18.4
2024-06-01,S008,SKU00251,29,0,16.74
2024-06-01,S008,SKU00259,57,14,16.74
2024-06-01,S008,SKU00144,44,9,12.22
2024-06-01,S008,SKU00135,44,17,21.41
2024-06-01,S008,SKU00100,33,15,7.48
2024-06-01,S008,SKU00060,22,21,30.63
2024-06-01,S008,SKU00221,9,0,18.46
2024-06-01,S008,SKU00285,14,4,16.17
2024-06-01,S008,SKU00076,34,29,16.2
2024-06-01,S008,SKU00398,48,20,31.97
2024-06-01,S008,SKU00203,25,6,27.92
2024-06-01,S008,SKU00155,53,20,22.47
2024-06-01,S008,SKU00347,63,24,35.52
2024-06-01,S008,SKU00287,42,14,23.44
2024-06-01,S008,SKU00191,58,22,24.12
2024-06-01,S009,SKU00232,39,24,17.89
2024-06-01,S009,SKU00373,38,0,43.52
2024-06-01,S009,SKU00374,56,10,17.57
2024-06-01,S009,SKU00129,48,11,17.3
2024-06-01,S009,SKU00135,32,22,21.41
2024-06-01,S009,SKU00026,6,14,28.01
2024-06-01,S009,SKU00031,65,13,18.97
2024-06-01,S009,SKU00327,34,22,24.66
2024-06-01,S009,SKU00238,38,9,47.65
2024-06-01,S009,SKU00018,27,16,11.75
2024-06-01,S009,SKU00035,51,15,34.51
2024-06-01,S009,SKU00203,26,22,27.92
2024-06-01,S009,SKU00263,44,29,12.54
2024-06-01,S009,SKU00141,41,12,34.29
2024-06-01,S009,SKU00096,51,14,19.19
2024-06-01,S009,SKU00266,74,8,15.48
2024-06-01,S009,SKU00097,23,11,11.93
2024-06-01,S009,SKU00022,56,21,10.6
2024-06-01,S009,SKU00217,25,24,19.37
2024-06-01,S009,SKU00309,26,16,27.53
2024-06-01,S009,SKU00064,28,4,14.1
2024-06-01,S009,SKU00015,34,22,25.51
2024-06-01,S009,SKU00259,61,12,16.74
2024-06-01,S009,SKU00078,51,16,9.74
2024-06-01,S009,SKU00089,3,14,25.61
2024-06-01,S009,SKU00312,27,16,19.86
2024-06-01,S009,SKU00140,18,9,22.39
2024-06-01,S009,SKU00123,47,2,17.11
2024-06-01,S009,SKU00067,27,16,12.5
2024-06-01,S009,SKU00086,15,17,27.42
2024-06-01,S009,SKU00049,42,19,21.35
2024-06-01,S009,SKU00063,51,14,13.32
2024-06-01,S009,SKU00122,52,9,15.22
2024-06-01,S009,SKU00390,46,14,20.94
2024-06-01,S009,SKU00095,20,13,27.04
2024-06-01,S009,SKU00344,58,8,6.67
2024-06-01,S009,SKU00098,47,16,23.96
2024-06-01,S009,SKU00092,45,13,6.71
2024-06-01,S009,SKU00084,27,16,22.85
2024-06-01,S009,SKU00175,40,11,22.23
2024-06-01,S009,SKU00052,55,16,25.94
2024-06-01,S009,SKU00300,39,13,19.9
2024-06-01,S009,SKU00196,44,18,14.66
2024-06-01,S009,SKU00255,47,26,33.68
2024-06-01,S009,SKU00116,54,25,40.0
2024-06-01,S009,SKU00105,54,22,24.88
2024-06-01,S009,SKU00029,38,11,18.21
2024-06-01,S009,SKU00193,49,20,26.54
2024-06-01,S009,SKU00077,48,18,7.81
2024-06-01,S009,SKU00353,37,17,28.84
2024-06-01,S009,SKU00257,32,21,12.09
2024-06-01,S009,SKU00099,45,11,12.91
2024-06-01,S009,SKU00326,35,18,21.09
2024-06-01,S009,SKU00247,30,18,19.17
2024-06-01,S009,SKU00023,38,14,23.51
2024-06-01,S009,SKU00381,30,25,29.5
2024-06-01,S009,SKU00399,32,15,25.01
2024-06-01,S009,SKU00385,58,4,24.15
2024-06-01,S009,SKU00136,45,15,21.43
2024-06-01,S009,SKU00040,31,14,18.22
2024-06-01,S010,SKU00223,39,23,14.14
2024-06-01,S010,SKU00227,51,11,38.72
2024-06-01,S010,SKU00131,48,20,22.93
2024-06-01,S010,SKU00206,49,21,12.31
2024-06-01,S010,SKU00172,50,20,9.82
2024-06-01,S010,SKU00235,52,22,17.69
2024-06-01,S010,SKU00027,38,16,8.1
2024-06-01,S010,SKU00238,47,14,47.65
2024-06-01,S010,SKU00185,40,18,22.74
2024-06-01,S010,SKU00378,60,6,16.37
2024-06-01,S010,SKU00343,27,26,25.69
2024-06-01,S010,SKU00158,38,18,7.83
2024-06-01,S010,SKU00275,28,17,24.1
2024-06-01,S010,SKU00164,63,16,20.75
2024-06-01,S010,SKU00073,47,9,31.53
2024-06-01,S010,SKU00107,35,14,27.98
2024-06-01,S010,SKU00245,26,15,19.78
2024-06-01,S010,SKU00232,47,21,17.89
2024-06-01,S010,SKU00268,46,24,22.72
2024-06-01,S010,SKU00277,82,3,17.75
2024-06-01,S010,SKU00386,45,7,24.27
2024-06-01,S010,SKU00161,39,12,6.86
2024-06-01,S010,SKU00077,35,13,7.81
2024-06-01,S010,SKU00376,23,6,22.09
2024-06-01,S010,SKU00244,57,9,14.65
2024-06-01,S010,SKU00337,51,1,20.41
2024-06-01,S010,SKU00298,27,12,11.72
2024-06-01,S010,SKU00345,56,11,21.99
2024-06-01,S010,SKU00321,36,9,8.77
2024-06-01,S010,SKU00169,47,14,15.35
2024-06-01,S010,SKU00283,54,6,35.29
2024-06-01,S010,SKU00050,28,3,9.35
2024-06-01,S010,SKU00039,44,19,31.34
2024-06-01,S010,SKU00251,23,21,16.74
2024-06-01,S010,SKU00243,85,12,20.2
2024-06-01,S010,SKU00111,53,30,22.67
2024-06-01,S010,SKU00181,48,32,21.21
2024-06-01,S010,SKU00250,39,5,22.08
2024-06-01,S010,SKU00350,60,9,24.41
2024-06-01,S010,SKU00261,26,24,33.76
2024-06-01,S010,SKU00241,40,3,22.03
2024-06-01,S010,SKU00290,56,10,20.85
2024-06-01,S010,SKU00202,38,19,41.7
2024-06-01,S010,SKU00025,83,17,18.13
2024-06-01,S010,SKU00211,23,18,37.2
2024-06-01,S010,SKU00363,40,14,19.67
2024-06-01,S010,SKU00148,49,3,18.3
2024-06-01,S010,SKU00151,49,13,7.16
2024-06-01,S010,SKU00324,26,16,27.35
2024-06-01,S010,SKU00126,27,17,25.54
2024-06-01,S010,SKU00196,60,12,14.66
2024-06-01,S010,SKU00381,20,19,29.5
2024-06-01,S010,SKU00155,11,21,22.47
2024-06-01,S010,SKU00086,46,19,27.42
2024-06-01,S010,SKU00090,56,11,19.09
2024-06-01,S010,SKU00339,39,16,14.34
2024-06-01,S010,SKU00017,50,26,22.2
2024-06-01,S010,SKU00225,52,11,14.42
2024-06-01,S010,SKU00256,36,9,16.17
2024-06-01,S010,SKU00060,44,17,30.63
2024-06-01,S011,SKU00338,7,6,23.32
2024-06-01,S011,SKU00032,34,9,26.13
2024-06-01,S011,SKU00193,13,10,26.54
2024-06-01,S011,SKU00146,56,12,30.59
2024-06-01,S011,SKU00141,38,15,34.29
2024-06-01,S011,SKU00097,26,26,11.93
2024-06-01,S011,SKU00177,36,18,24.36
2024-06-01,S011,SKU00120,38,8,10.19
2024-06-01,S011,SKU00215,42,15,20.75
2024-06-01,S011,SKU00384,28,15,6.97
2024-06-01,S011,SKU00148,65,13,18.3
2024-06-01,S011,SKU00228,44,18,42.12
2024-06-01,S011,SKU00284,31,15,20.24
2024-06-01,S011,SKU00133,47,10,10.11
2024-06-01,S011,SKU00084,68,11,22.85
2024-06-01,S011,SKU00083,39,16,22.59
2024-06-01,S011,SKU00160,35,15,18.48
2024-06-01,S011,SKU00059,52,18,18.63
2024-06-01,S011,SKU00342,31,20,17.51
2024-06-01,S011,SKU00282,72,8,31.83
2024-06-01,S011,SKU00016,25,0,20.2
2024-06-01,S011,SKU00376,38,19,22.09
2024-06-01,S011,SKU00278,57,19,29.28
2024-06-01,S011,SKU00230,70,10,28.51
2024-06-01,S011,SKU00375,34,6,23.14
2024-06-01,S011,SKU00346,31,27,46.67
2024-06-01,S011,SKU00374,52,15,17.57
2024-06-01,S011,SKU00319,0,2,18.17
2024-06-01,S011,SKU00106,33,13,11.12
2024-06-01,S011,SKU00398,62,10,31.97
2024-06-01,S011,SKU00094,53,14,30.76
2024-06-01,S011,SKU00232,64,6,17.89
2024-06-01,S011,SKU00048,43,9,35.43
2024-06-01,S011,SKU00212,36,7,8.51
2024-06-01,S011,SKU00199,36,22,28.75
2024-06-01,S011,SKU00258,42,24,29.8
2024-06-01,S011,SKU00204,30,6,22.75
2024-06-01,S011,SKU00063,56,8,13.32
2024-06-01,S011,SKU00296,49,13,18.93
2024-06-01,S011,SKU00196,49,14,14.66
2024-06-01,S011,SKU00105,53,14,24.88
2024-06-01,S011,SKU00389,47,13,26.23
2024-06-01,S011,SKU00024,24,15,19.95
2024-06-01,S011,SKU00202,21,18,41.7
2024-06-01,S011,SKU00112,55,21,17.88
2024-06-01,S011,SKU00382,20,6,8.38
2024-06-01,S011,SKU00036,23,19,15.82
2024-06-01,S011,SKU00175,8,17,22.23
2024-06-01,S011,SKU00051,47,20,21.15
2024-06-01,S011,SKU00078,57,10,9.74
2024-06-01,S011,SKU00335,37,8,10.25
2024-06-01,S011,SKU00203,32,9,27.92
2024-06-01,S011,SKU00328,29,6,20.31
2024-06-01,S011,SKU00288,45,11,22.22
2024-06-01,S011,SKU00372,44,13,8.73
2024-06-01,S011,SKU00345,10,12,21.99
2024-06-01,S011,SKU00234,46,15,14.14
2024-06-01,S011,SKU00122,60,13,15.22
2024-06-01,S011,SKU00260,41,7,16.1
2024-06-01,S011,SKU00006,19,13,22.21
2024-06-01,S012,SKU00145,40,22,13.72
2024-06-01,S012,SKU00127,55,6,18.2
2024-06-01,S012,SKU00313,41,18,21.61
2024-06-01,S012,SKU00323,42,13,17.89
2024-06-01,S012,SKU00395,31,17,14.64
2024-06-01,S012,SKU00205,25,13,13.85
2024-06-01,S012,SKU00251,57,24,16.74
2024-06-01,S012,SKU00281,23,18,24.82
2024-06-01,S012,SKU00286,30,6,25.41
2024-06-01,S012,SKU00322,36,5,9.39
2024-06-01,S012,SKU00204,56,24,22.75
2024-06-01,S012,SKU00338,58,16,23.32
2024-06-01,S012,SKU00298,47,17,11.72
2024-06-01,S012,SKU00151,48,17,7.16
2024-06-01,S012,SKU00181,19,3,21.21
2024-06-01,S012,SKU00012,66,15,6.48
2024-06-01,S012,SKU00173,34,7,24.41
2024-06-01,S012,SKU00156,40,11,13.5
2024-06-01,S012,SKU00311,41,1,23.51
2024-06-01,S012,SKU00302,50,23,11.51
2024-06-01,S012,SKU00279,24,10,18.46
2024-06-01,S012,SKU00227,48,16,38.72
2024-06-01,S012,SKU00380,45,0,21.56
2024-06-01,S012,SKU00356,0,21,6.76
2024-06-01,S012,SKU00262,20,14,6.97
2024-06-01,S012,SKU00309,38,18,27.53
2024-06-01,S012,SKU00218,28,12,10.78
2024-06-01,S012,SKU00354,32,18,16.32
2024-06-01,S012,SKU00030,36,14,9.58
2024-06-01,S012,SKU00070,41,15,19.96
2024-06-01,S012,SKU00273,13,14,21.29
2024-06-01,S012,SKU00184,37,12,15.79
2024-06-01,S012,SKU00285,24,15,16.17
2024-06-01,S012,SKU00246,62,14,19.79
2024-06-01,S012,SKU00280,3,4,11.07
2024-06-01,S012,SKU00122,49,15,15.22
2024-06-01,S012,SKU00153,39,17,27.58
2024-06-01,S012,SKU00069,25,8,10.26
2024-06-01,S012,SKU00319,57,12,18.17
2024-06-01,S012,SKU00123,19,14,17.11
2024-06-01,S012,SKU00068,38,0,9.04
2024-06-01,S012,SKU00212,54,19,8.51
2024-06-01,S012,SKU00272,60,12,18.35
2024-06-01,S012,SKU00325,35,18,11.47
2024-06-01,S012,SKU00239,39,19,7.57
2024-06-01,S012,SKU00330,19,20,28.29
2024-06-01,S012,SKU00244,37,6,14.65
2024-06-01,S012,SKU00373,28,12,43.52
2024-06-01,S012,SKU00114,49,3,16.42
2024-06-01,S012,SKU00375,56,16,23.14
2024-06-01,S012,SKU00009,33,12,21.87
2024-06-01,S012,SKU00019,32,19,14.15
2024-06-01,S012,SKU00105,35,14,24.88
2024-06-01,S012,SKU00015,46,18,25.51
2024-06-01,S012,SKU00247,20,25,19.17
2024-06-01,S012,SKU00277,41,16,17.75
2024-06-01,S012,SKU00342,9,7,17.51
2024-06-01,S012,SKU00371,32,0,23.22
2024-06-01,S012,SKU00116,60,23,40.0
2024-06-01,S012,SKU00339,34,12,14.34
2024-06-01,S013,SKU00397,30,14,24.95
2024-06-01,S013,SKU00377,42,19,24.12
2024-06-01,S013,SKU00022,35,10,10.6
2024-06-01,S013,SKU00125,12,17,14.87
2024-06-01,S013,SKU00355,46,23,17.98
2024-06-01,S013,SKU00319,23,9,18.17
2024-06-01,S013,SKU00261,25,12,33.76
2024-06-01,S013,SKU00129,24,9,17.3
2024-06-01,S013,SKU00024,15,33,19.95
2024-06-01,S013,SKU00299,42,7,21.87
2024-06-01,S013,SKU00250,24,13,22.08
2024-06-01,S013,SKU00145,40,10,13.72
2024-06-01,S013,SKU00066,44,13,21.71
2024-06-01,S013,SKU00297,45,17,20.51
2024-06-01,S013,SKU00054,30,1,12.05
2024-06-01,S013,SKU00159,58,20,20.64
2024-06-01,S013,SKU00258,39,27,29.8
2024-06-01,S013,SKU00007,23,18,12.89
2024-06-01,S013,SKU00020,47,18,19.96
2024-06-01,S013,SKU00140,35,15,22.39
2024-06-01,S013,SKU00008,38,23,14.83
2024-06-01,S013,SKU00217,50,11,19.37
2024-06-01,S013,SKU00001,56,28,20.02
2024-06-01,S013,SKU00267,43,12,32.29
2024-06-01,S013,SKU00089,29,7,25.61
2024-06-01,S013,SKU00029,39,21,18.21
2024-06-01,S013,SKU00017,47,23,22.2
2024-06-01,S013,SKU00115,61,23,16.78
2024-06-01,S013,SKU00389,41,19,26.23
2024-06-01,S013,SKU00108,55,2,8.67
2024-06-01,S013,SKU00279,41,30,18.46
2024-06-01,S013,SKU00092,29,18,6.71
2024-06-01,S013,SKU00373,59,15,43.52
2024-06-01,S013,SKU00233,23,16,14.08
2024-06-01,S013,SKU00298,33,12,11.72
2024-06-01,S013,SKU00322,48,22,9.39
2024-06-01,S013,SKU00354,51,10,16.32
2024-06-01,S013,SKU00204,60,20,22.75
2024-06-01,S013,SKU00141,27,11,34.29
2024-06-01,S013,SKU00143,19,15,9.07
2024-06-01,S013,SKU00183,46,13,7.71
2024-06-01,S013,SKU00171,58,9,26.18
2024-06-01,S013,SKU00207,61,22,16.29
2024-06-01,S013,SKU00166,29,11,26.57
2024-06-01,S013,SKU00374,18,24,17.57
2024-06-01,S013,SKU00342,30,8,17.51
2024-06-01,S013,SKU00052,54,20,25.94
2024-06-01,S013,SKU00379,60,2,19.61
2024-06-01,S013,SKU00038,30,25,22.05
2024-06-01,S013,SKU00123,29,12,17.11
2024-06-01,S013,SKU00335,8,10,10.25
2024-06-01,S013,SKU00045,43,16,19.14
2024-06-01,S013,SKU00219,46,14,24.96
2024-06-01,S013,SKU00324,15,15,27.35
2024-06-01,S013,SKU00177,21,23,24.36
2024-06-01,S013,SKU00099,58,13,12.91
2024-06-01,S013,SKU00062,31,21,21.8
2024-06-01,S013,SKU00124,16,12,18.08
2024-06-01,S013,SKU00253,49,8,19.63
2024-06-01,S013,SKU00343,54,21,25.69
2024-06-01,S014,SKU00104,49,3,30.27
2024-06-01,S014,SKU00232,83,7,17.89
2024-06-01,S014,SKU00024,39,22,19.95
2024-06-01,S014,SKU00204,51,22,22.75
2024-06-01,S014,SKU00237,41,10,22.91
2024-06-01,S014,SKU00348,55,3,24.11
2024-06-01,S014,SKU00340,16,9,14.8
2024-06-01,S014,SKU00186,56,12,24.0
2024-06-01,S014,SKU00394,45,12,10.9
2024-06-01,S014,SKU00373,69,15,43.52
2024-06-01,S014,SKU00064,37,14,14.1
2024-06-01,S014,SKU00344,46,8,6.67
2024-06-01,S014,SKU00276,27,9,8.52
2024-06-01,S014,SKU00081,68,20,16.01
2024-06-01,S014,SKU00160,63,21,18.48
2024-06-01,S014,SKU00247,28,6,19.17
2024-06-01,S014,SKU00279,32,16,18.46
2024-06-01,S014,SKU00306,22,10,13.85
2024-06-01,S014,SKU00311,38,23,23.51
2024-06-01,S014,SKU00380,39,17,21.56
2024-06-01,S014,SKU00363,36,14,19.67
2024-06-01,S014,SKU00031,31,18,18.97
2024-06-01,S014,SKU00175,37,19,22.23
2024-06-01,S014,SKU00173,63,15,24.41
2024-06-01,S014,SKU00291,24,5,20.61
2024-06-01,S014,SKU00329,31,28,21.42
2024-06-01,S014,SKU00171,24,17,26.18
2024-06-01,S014,SKU00240,43,13,30.32
2024-06-01,S014,SKU00136,60,21,21.43
2024-06-01,S014,SKU00166,60,21,26.57
2024-06-01,S014,SKU00251,9,14,16.74
2024-06-01,S014,SKU00252,26,26,35.29
2024-06-01,S014,SKU00338,25,17,23.32
2024-06-01,S014,SKU00006,25,16,22.21
2024-06-01,S014,SKU00130,19,14,29.35
2024-06-01,S014,SKU00349,53,21,11.12
2024-06-01,S014,SKU00374,40,16,17.57
2024-06-01,S014,SKU00387,45,21,19.03
2024-06-01,S014,SKU00351,34,13,20.29
2024-06-01,S014,SKU00096,45,19,19.19
2024-06-01,S014,SKU00271,43,15,41.0
2024-06-01,S014,SKU00027,47,7,8.1
2024-06-01,S014,SKU00062,8,21,21.8
2024-06-01,S014,SKU00115,45,10,16.78
2024-06-01,S014,SKU00397,57,21,24.95
2024-06-01,S014,SKU00093,35,0,20.73
2024-06-01,S014,SKU00026,45,24,28.01
2024-06-01,S014,SKU00054,60,18,12.05
2024-06-01,S014,SKU00367,48,10,23.63
2024-06-01,S014,SKU00066,49,15,21.71
2024-06-01,S014,SKU00049,8,14,21.35
2024-06-01,S014,SKU00021,41,10,21.44
2024-06-01,S014,SKU00044,25,4,16.43
2024-06-01,S014,SKU00395,40,27,14.64
2024-06-01,S014,SKU00165,33,12,12.62
2024-06-01,S014,SKU00125,45,16,14.87
2024-06-01,S014,SKU00225,36,13,14.42
2024-06-01,S014,SKU00051,39,0,21.15
2024-06-01,S014,SKU00070,55,5,19.96
2024-06-01,S014,SKU00153,33,10,27.58
2024-06-01,S015,SKU00263,60,14,12.54
2024-06-01,S015,SKU00191,39,25,24.12
2024-06-01,S015,SKU00314,45,22,15.81
2024-06-01,S015,SKU00288,40,14,22.22
2024-06-01,S015,SKU00240,31,13,30.32
2024-06-01,S015,SKU00290,61,19,20.85
2024-06-01,S015,SKU00098,67,21,23.96
2024-06-01,S015,SKU00366,14,5,12.66
2024-06-01,S015,SKU00311,37,3,23.51
2024-06-01,S015,SKU00086,26,9,27.42
2024-06-01,S015,SKU00373,49,11,43.52
2024-06-01,S015,SKU00248,9,17,24.2
2024-06-01,S015,SKU00201,26,14,17.59
2024-06-01,S015,SKU00385,0,29,24.15
2024-06-01,S015,SKU00156,33,20,13.5
2024-06-01,S015,SKU00119,42,18,21.19
2024-06-01,S015,SKU00199,35,9,28.75
2024-06-01,S015,SKU00140,35,20,22.39
2024-06-01,S015,SKU00396,48,6,6.08
2024-06-01,S015,SKU00190,8,13,23.47
2024-06-01,S015,SKU00326,16,2,21.09
2024-06-01,S015,SKU00091,44,15,16.61
2024-06-01,S015,SKU00323,22,18,17.89
2024-06-01,S015,SKU00339,40,14,14.34
2024-06-01,S015,SKU00266,25,14,15.48
2024-06-01,S015,SKU00209,50,15,40.26
2024-06-01,S015,SKU00347,43,16,35.52
2024-06-01,S015,SKU00243,24,9,20.2
2024-06-01,S015,SKU00062,56,8,21.8
2024-06-01,S015,SKU00222,25,6,21.69
2024-06-01,S015,SKU00093,64,24,20.73
2024-06-01,S015,SKU00045,30,12,19.14
2024-06-01,S015,SKU00380,59,8,21.56
2024-06-01,S015,SKU00054,11,7,12.05
2024-06-01,S015,SKU00177,20,18,24.36
2024-06-01,S015,SKU00097,66,21,11.93
2024-06-01,S015,SKU00015,39,17,25.51
2024-06-01,S015,SKU00224,48,10,28.25
2024-06-01,S015,SKU00021,42,7,21.44
2024-06-01,S015,SKU00032,25,16,26.13
2024-06-01,S015,SKU00033,13,18,10.76
2024-06-01,S015,SKU00028,69,12,14.87
2024-06-01,S015,SKU00063,42,8,13.32
2024-06-01,S015,SKU00152,14,8,34.48
2024-06-01,S015,SKU00195,44,19,20.76
2024-06-01,S015,SKU00016,79,10,20.2
2024-06-01,S015,SKU00392,40,13,28.95
2024-06-01,S015,SKU00099,41,20,12.91
2024-06-01,S015,SKU00039,37,11,31.34
2024-06-01,S015,SKU00136,57,24,21.43
2024-06-01,S015,SKU00108,46,16,8.67
2024-06-01,S015,SKU00003,72,19,19.34
2024-06-01,S015,SKU00009,17,9,21.87
2024-06-01,S015,SKU00360,37,12,35.66
2024-06-01,S015,SKU00084,47,24,22.85
2024-06-01,S015,SKU00173,22,8,24.41
2024-06-01,S015,SKU00036,46,10,15.82
2024-06-01,S015,SKU00349,44,3,11.12
2024-06-01,S015,SKU00342,47,15,17.51
2024-06-01,S015,SKU00316,32,24,9.13
2024-06-01,S016,SKU00372,3,13,8.73
2024-06-01,S016,SKU00203,42,24,27.92
2024-06-01,S016,SKU00397,15,20,24.95
2024-06-01,S016,SKU00200,46,10,35.75
2024-06-01,S016,SKU00234,38,19,14.14
2024-06-01,S016,SKU00396,57,28,6.08
2024-06-01,S016,SKU00087,21,7,9.32
2024-06-01,S016,SKU00295,62,25,21.15
2024-06-01,S016,SKU00006,35,11,22.21
2024-06-01,S016,SKU00152,39,19,34.48
2024-06-01,S016,SKU00118,35,22,9.41
2024-06-01,S016,SKU00251,49,20,16.74
2024-06-01,S016,SKU00284,71,18,20.24
2024-06-01,S016,SKU00194,41,23,15.09
2024-06-01,S016,SKU00031,48,5,18.97
2024-06-01,S016,SKU00268,21,8,22.72
2024-06-01,S016,SKU00221,36,20,18.46
2024-06-01,S016,SKU00185,35,18,22.74
2024-06-01,S016,SKU00238,21,20,47.65
2024-06-01,S016,SKU00218,56,21,10.78
2024-06-01,S016,SKU00345,24,14,21.99
2024-06-01,S016,SKU00034,45,21,25.34
2024-06-01,S016,SKU00348,15,18,24.11
2024-06-01,S016,SKU00181,22,25,21.21
2024-06-01,S016,SKU00026,29,12,28.01
2024-06-01,S016,SKU00315,30,16,25.73
2024-06-01,S016,SKU00097,68,10,11.93
2024-06-01,S016,SKU00057,40,19,19.41
2024-06-01,S016,SKU00132,50,11,18.85
2024-06-01,S016,SKU00090,41,26,19.09
2024-06-01,S016,SKU00379,54,17,19.61
2024-06-01,S016,SKU00239,32,9,7.57
2024-06-01,S016,SKU00266,39,17,15.48
2024-06-01,S016,SKU00019,39,20,14.15
2024-06-01,S016,SKU00389,34,6,26.23
2024-06-01,S016,SKU00262,49,4,6.97
2024-06-01,S016,SKU00136,40,22,21.43
2024-06-01,S016,SKU00100,69,16,7.48
2024-06-01,S016,SKU00246,20,17,19.79
2024-06-01,S016,SKU00213,41,12,21.39
2024-06-01,S016,SKU00046,73,27,11.26
2024-06-01,S016,SKU00049,46,0,21.35
2024-06-01,S016,SKU00166,36,8,26.57
2024-06-01,S016,SKU00373,63,5,43.52
2024-06-01,S016,SKU00301,29,11,13.89
2024-06-01,S016,SKU00143,42,13,9.07
2024-06-01,S016,SKU00124,35,27,18.08
2024-06-01,S016,SKU00007,54,14,12.89
2024-06-01,S016,SKU00170,35,3,19.07
2024-06-01,S016,SKU00022,36,14,10.6
2024-06-01,S016,SKU00027,34,13,8.1
2024-06-01,S016,SKU00314,26,25,15.81
2024-06-01,S016,SKU00380,31,25,21.56
2024-06-01,S016,SKU00363,55,16,19.67
2024-06-01,S016,SKU00334,60,19,7.9
2024-06-01,S016,SKU00265,43,9,15.45
2024-06-01,S016,SKU00037,39,17,14.43
2024-06-01,S016,SKU00278,36,18,29.28
2024-06-01,S016,SKU00088,17,16,27.73
2024-06-01,S016,SKU00337,32,10,20.41
2024-06-01,S017,SKU00102,41,7,7.81
2024-06-01,S017,SKU00169,33,10,15.35
2024-06-01,S017,SKU00123,31,25,17.11
2024-06-01,S017,SKU00235,54,6,17.69
2024-06-01,S017,SKU00023,76,20,23.51
2024-06-01,S017,SKU00370,59,14,19.59
2024-06-01,S017,SKU00351,54,11,20.29
2024-06-01,S017,SKU00311,43,9,23.51
2024-06-01,S017,SKU00018,25,10,11.75
2024-06-01,S017,SKU00116,43,17,40.0
2024-06-01,S017,SKU00387,26,13,19.03
2024-06-01,S017,SKU00319,40,18,18.17
2024-06-01,S017,SKU00362,38,7,17.84
2024-06-01,S017,SKU00147,27,9,26.65
2024-06-01,S017,SKU00136,41,21,21.43
2024-06-01,S017,SKU00347,26,15,35.52
2024-06-01,S017,SKU00261,28,7,33.76
2024-06-01,S017,SKU00132,40,17,18.85
2024-06-01,S017,SKU00348,58,6,24.11
2024-06-01,S017,SKU00382,78,4,8.38
2024-06-01,S017,SKU00094,27,16,30.76
2024-06-01,S017,SKU00070,21,8,19.96
2024-06-01,S017,SKU00035,40,16,34.51
2024-06-01,S017,SKU00058,9,8,33.62
2024-06-01,S017,SKU00130,62,18,29.35
2024-06-01,S017,SKU00101,53,17,13.03
2024-06-01,S017,SKU00006,40,16,22.21
2024-06-01,S017,SKU00126,31,12,25.54
2024-06-01,S017,SKU00390,48,25,20.94
2024-06-01,S017,SKU00291,31,21,20.61
2024-06-01,S017,SKU00385,46,20,24.15
2024-06-01,S017,SKU00328,36,18,20.31
2024-06-01,S017,SKU00003,65,20,19.34
2024-06-01,S017,SKU00359,38,20,12.22
2024-06-01,S017,SKU00239,56,17,7.57
2024-06-01,S017,SKU00368,68,14,14.01
2024-06-01,S017,SKU00288,11,19,22.22
2024-06-01,S017,SKU00185,61,11,22.74
2024-06-01,S017,SKU00043,19,19,24.13
2024-06-01,S017,SKU00296,27,5,18.93
2024-06-01,S017,SKU00386,33,14,24.27
2024-06-01,S017,SKU00258,43,7,29.8
2024-06-01,S017,SKU00400,47,8,16.59
2024-06-01,S017,SKU00072,55,19,22.01
2024-06-01,S017,SKU00218,65,27,10.78
2024-06-01,S017,SKU00173,20,25,24.41
2024-06-01,S017,SKU00397,43,0,24.95
2024-06-01,S017,SKU00305,34,11,19.27
2024-06-01,S017,SKU00052,60,16,25.94
2024-06-01,S017,SKU00055,35,12,24.5
2024-06-01,S017,SKU00034,50,9,25.34
2024-06-01,S017,SKU00345,7,7,21.99
2024-06-01,S017,SKU00104,60,12,30.27
2024-06-01,S017,SKU00384,62,19,6.97
2024-06-01,S017,SKU00167,7,12,11.09
2024-06-01,S017,SKU00174,33,11,23.97
2024-06-01,S017,SKU00164,17,33,20.75
2024-06-01,S017,SKU00320,31,1,13.56
2024-06-01,S017,SKU00240,57,24,30.32
2024-06-01,S017,SKU00168,64,20,18.6
2024-06-01,S018,SKU00065,35,11,21.23
2024-06-01,S018,SKU00128,45,8,12.06
2024-06-01,S018,SKU00286,40,13,25.41
2024-06-01,S018,SKU00016,31,13,20.2
2024-06-01,S018,SKU00080,20,11,21.0
2024-06-01,S018,SKU00093,49,5,20.73
2024-06-01,S018,SKU00091,32,8,16.61
2024-06-01,S018,SKU00185,29,23,22.74
2024-06-01,S018,SKU00029,25,14,18.21
2024-06-01,S018,SKU00086,48,8,27.42
2024-06-01,S018,SKU00194,16,31,15.09
2024-06-01,S018,SKU00363,34,11,19.67
2024-06-01,S018,SKU00318,12,15,20.51
2024-06-01,S018,SKU00342,34,24,17.51
2024-06-01,S018,SKU00180,29,5,18.4
2024-06-01,S018,SKU00391,37,19,20.67
2024-06-01,S018,SKU00034,32,2,25.34
2024-06-01,S018,SKU00324,50,19,27.35
2024-06-01,S018,SKU00049,34,12,21.35
2024-06-01,S018,SKU00349,54,9,11.12
2024-06-01,S018,SKU00129,52,4,17.3
2024-06-01,S018,SKU00067,34,19,12.5
2024-06-01,S018,SKU00022,57,13,10.6
2024-06-01,S018,SKU00062,45,20,21.8
2024-06-01,S018,SKU00207,54,8,16.29
2024-06-01,S018,SKU00213,47,17,21.39
2024-06-01,S018,SKU00250,38,8,22.08
2024-06-01,S018,SKU00270,15,11,23.19
2024-06-01,S018,SKU00225,33,15,14.42
2024-06-01,S018,SKU00282,24,6,31.83
2024-06-01,S018,SKU00157,38,5,26.67
2024-06-01,S018,SKU00132,75,5,18.85
2024-06-01,S018,SKU00309,67,14,27.53
2024-06-01,S018,SKU00251,36,10,16.74
2024-06-01,S018,SKU00369,31,25,27.28
2024-06-01,S018,SKU00201,52,13,17.59
2024-06-01,S018,SKU00134,35,20,22.15
2024-06-01,S018,SKU00327,53,14,24.66
2024-06-01,S018,SKU00050,26,16,9.35
2024-06-01,S018,SKU00193,33,11,26.54
2024-06-01,S018,SKU00325,76,24,11.47
2024-06-01,S018,SKU00011,34,19,17.51
2024-06-01,S018,SKU00333,70,21,19.02
2024-06-01,S018,SKU00362,23,19,17.84
2024-06-01,S018,SKU00378,36,9,16.37
2024-06-01,S018,SKU00219,36,23,24.96
2024-06-01,S018,SKU00111,68,18,22.67
2024-06-01,S018,SKU00161,29,31,6.86
2024-06-01,S018,SKU00262,48,21,6.97
2024-06-01,S018,SKU00155,43,14,22.47
2024-06-01,S018,SKU00383,12,16,21.74
2024-06-01,S018,SKU00138,32,21,9.29
2024-06-01,S018,SKU00118,58,9,9.41
2024-06-01,S018,SKU00181,16,11,21.21
2024-06-01,S018,SKU00071,43,12,18.24
2024-06-01,S018,SKU00292,42,18,27.78
2024-06-01,S018,SKU00136,69,14,21.43
2024-06-01,S018,SKU00119,67,16,21.19
2024-06-01,S018,SKU00313,16,25,21.61
2024-06-01,S018,SKU00151,20,12,7.16
2024-06-01,S019,SKU00210,13,10,17.08
2024-06-01,S019,SKU00047,16,20,30.28
2024-06-01,S019,SKU00385,38,8,24.15
2024-06-01,S019,SKU00399,50,17,25.01
2024-06-01,S019,SKU00181,21,20,21.21
2024-06-01,S019,SKU00117,29,14,14.81
2024-06-01,S019,SKU00352,50,21,23.46
2024-06-01,S019,SKU00340,45,14,14.8
2024-06-01,S019,SKU00173,35,6,24.41
2024-06-01,S019,SKU00306,65,20,13.85
2024-06-01,S019,SKU00390,63,6,20.94
2024-06-01,S019,SKU00246,16,16,19.79
2024-06-01,S019,SKU00055,40,4,24.5
2024-06-01,S019,SKU00144,75,11,12.22
2024-06-01,S019,SKU00387,43,21,19.03
2024-06-01,S019,SKU00212,27,30,8.51
2024-06-01,S019,SKU00095,37,17,27.04
2024-06-01,S019,SKU00295,44,19,21.15
2024-06-01,S019,SKU00289,32,26,20.83
2024-06-01,S019,SKU00365,48,21,9.96
2024-06-01,S019,SKU00356,32,23,6.76
2024-06-01,S019,SKU00023,58,17,23.51
2024-06-01,S019,SKU00053,23,6,26.92
2024-06-01,S019,SKU00255,39,14,33.68
2024-06-01,S019,SKU00064,34,32,14.1
2024-06-01,S019,SKU00357,37,4,14.08
2024-06-01,S019,SKU00153,18,13,27.58
2024-06-01,S019,SKU00250,72,10,22.08
2024-06-01,S019,SKU00363,35,19,19.67
2024-06-01,S019,SKU00226,30,27,37.85
2024-06-01,S019,SKU00072,22,28,22.01
2024-06-01,S019,SKU00273,16,28,21.29
2024-06-01,S019,SKU00175,24,12,22.23
2024-06-01,S019,SKU00375,20,8,23.14
2024-06-01,S019,SKU00313,21,17,21.61
2024-06-01,S019,SKU00291,43,15,20.61
2024-06-01,S019,SKU00120,22,18,10.19
2024-06-01,S019,SKU00190,25,20,23.47
2024-06-01,S019,SKU00362,36,7,17.84
2024-06-01,S019,SKU00140,56,13,22.39
2024-06-01,S019,SKU00118,32,9,9.41
2024-06-01,S019,SKU00091,49,18,16.61
2024-06-01,S019,SKU00349,31,15,11.12
2024-06-01,S019,SKU00115,36,13,16.78
2024-06-01,S019,SKU00195,56,0,20.76
2024-06-01,S019,SKU00199,81,12,28.75
2024-06-01,S019,SKU00145,50,16,13.72
2024-06-01,S019,SKU00355,46,15,17.98
2024-06-01,S019,SKU00164,50,23,20.75
2024-06-01,S019,SKU00335,34,3,10.25
2024-06-01,S019,SKU00174,33,9,23.97
2024-06-01,S019,SKU00025,37,4,18.13
2024-06-01,S019,SKU00320,58,14,13.56
2024-06-01,S019,SKU00161,32,9,6.86
2024-06-01,S019,SKU00242,48,22,23.88
2024-06-01,S019,SKU00133,26,3,10.11
2024-06-01,S019,SKU00310,42,17,23.34
2024-06-01,S019,SKU00180,61,11,18.4
2024-06-01,S019,SKU00134,32,16,22.15
2024-06-01,S019,SKU00085,28,21,21.5
2024-06-01,S020,SKU00162,24,22,23.58
2024-06-01,S020,SKU00017,30,21,22.2
2024-06-01,S020,SKU00062,38,16,21.8
2024-06-01,S020,SKU00024,26,17,19.95
2024-06-01,S020,SKU00209,38,13,40.26
2024-06-01,S020,SKU00222,53,18,21.69
2024-06-01,S020,SKU00178,28,5,23.85
2024-06-01,S020,SKU00027,76,9,8.1
2024-06-01,S020,SKU00272,64,17,18.35
2024-06-01,S020,SKU00137,33,17,32.34
2024-06-01,S020,SKU00186,40,9,24.0
2024-06-01,S020,SKU00141,34,20,34.29
2024-06-01,S020,SKU00248,33,11,24.2
2024-06-01,S020,SKU00138,37,14,9.29
2024-06-01,S020,SKU00009,44,13,21.87
2024-06-01,S020,SKU00227,28,14,38.72
2024-06-01,S020,SKU00282,0,1,31.83
2024-06-01,S020,SKU00120,42,25,10.19
2024-06-01,S020,SKU00279,23,15,18.46
2024-06-01,S020,SKU00339,36,23,14.34
2024-06-01,S020,SKU00332,62,30,53.2
2024-06-01,S020,SKU00287,68,11,23.44
2024-06-01,S020,SKU00114,59,12,16.42
2024-06-01,S020,SKU00361,42,17,22.51
2024-06-01,S020,SKU00107,34,13,27.98
2024-06-01,S020,SKU00180,44,8,18.4
2024-06-01,S020,SKU00125,79,17,14.87
2024-06-01,S020,SKU00231,46,18,23.4
2024-06-01,S020,SKU00382,54,18,8.38
2024-06-01,S020,SKU00066,62,13,21.71
2024-06-01,S020,SKU00220,68,14,23.06
2024-06-01,S020,SKU00360,30,21,35.66
2024-06-01,S020,SKU00082,43,18,18.27
2024-06-01,S020,SKU00305,0,23,19.27
2024-06-01,S020,SKU00110,25,12,22.59
2024-06-01,S020,SKU00207,36,16,16.29
2024-06-01,S020,SKU00352,19,8,23.46
2024-06-01,S020,SKU00319,57,16,18.17
2024-06-01,S020,SKU00320,25,8,13.56
2024-06-01,S020,SKU00159,40,20,20.64
2024-06-01,S020,SKU00010,52,12,22.61
2024-06-01,S020,SKU00073,26,25,31.53
2024-06-01,S020,SKU00343,29,15,25.69
2024-06-01,S020,SKU00260,61,10,16.1
2024-06-01,S020,SKU00370,28,16,19.59
2024-06-01,S020,SKU00237,46,15,22.91
2024-06-01,S020,SKU00273,25,25,21.29
2024-06-01,S020,SKU00267,44,6,32.29
2024-06-01,S020,SKU00133,28,18,10.11
2024-06-01,S020,SKU00157,69,10,26.67
2024-06-01,S020,SKU00126,26,22,25.54
2024-06-01,S020,SKU00063,23,9,13.32
2024-06-01,S020,SKU00181,33,11,21.21
2024-06-01,S020,SKU00170,60,11,19.07
2024-06-01,S020,SKU00168,12,30,18.6
2024-06-01,S020,SKU00388,42,5,18.08
2024-06-01,S020,SKU00311,18,21,23.51
2024-06-01,S020,SKU00068,42,18,9.04
2024-06-01,S020,SKU00276,31,10,8.52
2024-06-01,S020,SKU00060,27,7,30.63
2024-06-01,S021,SKU00177,50,13,24.36
2024-06-01,S021,SKU00206,38,27,12.31
2024-06-01,S021,SKU00334,15,13,7.9
2024-06-01,S021,SKU00083,31,29,22.59
2024-06-01,S021,SKU00355,17,16,17.98
2024-06-01,S021,SKU00181,25,16,21.21
2024-06-01,S021,SKU00249,25,17,14.24
2024-06-01,S021,SKU00081,22,0,16.01
2024-06-01,S021,SKU00088,42,19,27.73
2024-06-01,S021,SKU00176,32,20,14.59
2024-06-01,S021,SKU00023,36,18,23.51
2024-06-01,S021,SKU00359,30,10,12.22
2024-06-01,S021,SKU00256,59,12,16.17
2024-06-01,S021,SKU00050,50,1,9.35
2024-06-01,S021,SKU00131,30,11,22.93
2024-06-01,S021,SKU00126,48,9,25.54
2024-06-01,S021,SKU00097,44,25,11.93
2024-06-01,S021,SKU00182,14,16,22.49
2024-06-01,S021,SKU00025,52,22,18.13
2024-06-01,S021,SKU00396,52,15,6.08
2024-06-01,S021,SKU00005,50,9,5.18
2024-06-01,S021,SKU00041,35,22,19.41
2024-06-01,S021,SKU00027,36,13,8.1
2024-06-01,S021,SKU00006,39,17,22.21
2024-06-01,S021,SKU00084,36,18,22.85
2024-06-01,S021,SKU00115,27,14,16.78
2024-06-01,S021,SKU00204,49,11,22.75
2024-06-01,S021,SKU00014,46,14,17.1
2024-06-01,S021,SKU00330,35,11,28.29
2024-06-01,S021,SKU00319,56,8,18.17
2024-06-01,S021,SKU00245,47,14,19.78
2024-06-01,S021,SKU00320,26,15,13.56
2024-06-01,S021,SKU00070,19,15,19.96
2024-06-01,S021,SKU00238,52,26,47.65
2024-06-01,S021,SKU00361,56,20,22.51
2024-06-01,S021,SKU00180,52,2,18.4
2024-06-01,S021,SKU00274,29,4,8.22
2024-06-01,S021,SKU00305,16,5,19.27
2024-06-01,S021,SKU00353,69,18,28.84
2024-06-01,S021,SKU00069,64,32,10.26
2024-06-01,S021,SKU00229,37,3,28.44
2024-06-01,S021,SKU00124,67,6,18.08
2024-06-01,S021,SKU00128,14,16,12.06
2024-06-01,S021,SKU00183,53,11,7.71
2024-06-01,S021,SKU00372,59,11,8.73
2024-06-01,S021,SKU00308,39,14,33.04
2024-06-01,S021,SKU00270,67,24,23.19
2024-06-01,S021,SKU00149,40,18,16.9
2024-06-01,S021,SKU00390,63,18,20.94
2024-06-01,S021,SKU00042,38,10,27.28
2024-06-01,S021,SKU00152,36,6,34.48
2024-06-01,S021,SKU00203,24,30,27.92
2024-06-01,S021,SKU00119,52,16,21.19
2024-06-01,S021,SKU00311,48,16,23.51
2024-06-01,S021,SKU00178,35,12,23.85
2024-06-01,S021,SKU00056,59,17,21.74
2024-06-01,S021,SKU00280,61,26,11.07
2024-06-01,S021,SKU00035,45,7,34.51
2024-06-01,S021,SKU00367,54,16,23.63
2024-06-01,S021,SKU00375,52,8,23.14
2024-06-01,S022,SKU00049,51,13,21.35
2024-06-01,S022,SKU00293,53,8,28.83
2024-06-01,S022,SKU00276,22,21,8.52
2024-06-01,S022,SKU00357,44,11,14.08
2024-06-01,S022,SKU00400,36,7,16.59
2024-06-01,S022,SKU00107,36,7,27.98
2024-06-01,S022,SKU00019,62,11,14.15
2024-06-01,S022,SKU00156,35,16,13.5
2024-06-01,S022,SKU00311,42,12,23.51
2024-06-01,S022,SKU00376,53,14,22.09
2024-06-01,S022,SKU00065,37,14,21.23
2024-06-01,S022,SKU00214,18,7,47.96
2024-06-01,S022,SKU00159,6,23,20.64
2024-06-01,S022,SKU00073,45,17,31.53
2024-06-01,S022,SKU00391,24,22,20.67
2024-06-01,S022,SKU00282,31,6,31.83
2024-06-01,S022,SKU00256,79,8,16.17
2024-06-01,S022,SKU00114,39,15,16.42
2024-06-01,S022,SKU00320,33,18,13.56
2024-06-01,S022,SKU00313,42,2,21.61
2024-06-01,S022,SKU00198,55,15,25.14
2024-06-01,S022,SKU00373,42,21,43.52
2024-06-01,S022,SKU00399,43,14,25.01
2024-06-01,S022,SKU00294,17,9,21.46
2024-06-01,S022,SKU00363,48,8,19.67
2024-06-01,S022,SKU00236,36,20,14.52
2024-06-01,S022,SKU00028,34,18,14.87
2024-06-01,S022,SKU00093,46,24,20.73
2024-06-01,S022,SKU00245,46,5,19.78
2024-06-01,S022,SKU00377,16,19,24.12
2024-06-01,S022,SKU00223,34,24,14.14
2024-06-01,S022,SKU00006,42,7,22.21
2024-06-01,S022,SKU00302,43,5,11.51
2024-06-01,S022,SKU00271,62,8,41.0
2024-06-01,S022,SKU00354,20,21,16.32
2024-06-01,S022,SKU00164,30,8,20.75
2024-06-01,S022,SKU00331,44,9,9.22
2024-06-01,S022,SKU00113,35,19,20.63
2024-06-01,S022,SKU00076,44,15,16.2
2024-06-01,S022,SKU00196,56,14,14.66
2024-06-01,S022,SKU00325,45,28,11.47
2024-06-01,S022,SKU00388,65,24,18.08
2024-06-01,S022,SKU00238,56,15,47.65
2024-06-01,S022,SKU00029,66,18,18.21
2024-06-01,S022,SKU00166,71,15,26.57
2024-06-01,S022,SKU00295,39,10,21.15
2024-06-01,S022,SKU00184,39,31,15.79
2024-06-01,S022,SKU00138,45,21,9.29
2024-06-01,S022,SKU00182,38,10,22.49
2024-06-01,S022,SKU00002,45,15,22.95
2024-06-01,S022,SKU00243,70,10,20.2
2024-06-01,S022,SKU00352,11,15,23.46
2024-06-01,S022,SKU00153,42,29,27.58
2024-06-01,S022,SKU00063,12,27,13.32
2024-06-01,S022,SKU00179,22,10,8.72
2024-06-01,S022,SKU00220,47,23,23.06
2024-06-01,S022,SKU00393,45,7,7.6
2024-06-01,S022,SKU00128,30,11,12.06
2024-06-01,S022,SKU00045,31,5,19.14
2024-06-01,S022,SKU00101,56,19,13.03
2024-06-01,S023,SKU00091,29,17,16.61
2024-06-01,S023,SKU00195,54,10,20.76
2024-06-01,S023,SKU00111,30,12,22.67
2024-06-01,S023,SKU00227,0,2,38.72
2024-06-01,S023,SKU00159,70,14,20.64
2024-06-01,S023,SKU00244,14,15,14.65
2024-06-01,S023,SKU00288,55,17,22.22
2024-06-01,S023,SKU00267,34,13,32.29
2024-06-01,S023,SKU00307,62,20,19.13
2024-06-01,S023,SKU00354,51,10,16.32
2024-06-01,S023,SKU00157,51,12,26.67
2024-06-01,S023,SKU00209,14,19,40.26
2024-06-01,S023,SKU00242,51,9,23.88
2024-06-01,S023,SKU00301,17,8,13.89
2024-06-01,S023,SKU00010,59,15,22.61
2024-06-01,S023,SKU00351,19,5,20.29
2024-06-01,S023,SKU00337,73,20,20.41
2024-06-01,S023,SKU00375,50,10,23.14
2024-06-01,S023,SKU00305,44,26,19.27
2024-06-01,S023,SKU00293,64,12,28.83
2024-06-01,S023,SKU00198,32,19,25.14
2024-06-01,S023,SKU00070,51,27,19.96
2024-06-01,S023,SKU00296,34,9,18.93
2024-06-01,S023,SKU00326,32,14,21.09
2024-06-01,S023,SKU00132,28,14,18.85
2024-06-01,S023,SKU00170,19,16,19.07
2024-06-01,S023,SKU00317,42,27,22.08
2024-06-01,S023,SKU00015,16,20,25.51
2024-06-01,S023,SKU00121,50,23,21.13
2024-06-01,S023,SKU00358,12,4,20.44
2024-06-01,S023,SKU00188,53,24,22.21
2024-06-01,S023,SKU00265,33,11,15.45
2024-06-01,S023,SKU00137,33,18,32.34
2024-06-01,S023,SKU00109,39,19,32.26
2024-06-01,S023,SKU00014,56,18,17.1
2024-06-01,S023,SKU00175,54,9,22.23
2024-06-01,S023,SKU00215,33,15,20.75
2024-06-01,S023,SKU00062,36,2,21.8
2024-06-01,S023,SKU00197,31,6,14.73
2024-06-01,S023,SKU00211,27,25,37.2
2024-06-01,S023,SKU00342,31,12,17.51
2024-06-01,S023,SKU00075,46,16,19.82
2024-06-01,S023,SKU00163,40,14,15.73
2024-06-01,S023,SKU00105,35,13,24.88
2024-06-01,S023,SKU00264,40,19,13.51
2024-06-01,S023,SKU00086,39,15,27.42
2024-06-01,S023,SKU00217,55,7,19.37
2024-06-01,S023,SKU00078,32,18,9.74
2024-06-01,S023,SKU00371,25,18,23.22
2024-06-01,S023,SKU00103,53,22,12.99
2024-06-01,S023,SKU00280,36,22,11.07
2024-06-01,S023,SKU00359,32,8,12.22
2024-06-01,S023,SKU00006,29,20,22.21
2024-06-01,S023,SKU00158,57,23,7.83
2024-06-01,S023,SKU00270,41,13,23.19
2024-06-01,S023,SKU00064,48,7,14.1
2024-06-01,S023,SKU00221,40,14,18.46
2024-06-01,S023,SKU00275,20,19,24.1
2024-06-01,S023,SKU00395,58,19,14.64
2024-06-01,S023,SKU00237,36,14,22.91
2024-06-01,S024,SKU00065,31,18,21.23
2024-06-01,S024,SKU00284,32,5,20.24
2024-06-01,S024,SKU00348,44,7,24.11
2024-06-01,S024,SKU00311,20,13,23.51
2024-06-01,S024,SKU00100,40,10,7.48
2024-06-01,S024,SKU00107,23,15,27.98
2024-06-01,S024,SKU00241,41,16,22.03
2024-06-01,S024,SKU00368,61,5,14.01
2024-06-01,S024,SKU00336,39,21,21.13
2024-06-01,S024,SKU00174,43,9,23.97
2024-06-01,S024,SKU00045,17,15,19.14
2024-06-01,S024,SKU00178,44,14,23.85
2024-06-01,S024,SKU00377,25,29,24.12
2024-06-01,S024,SKU00026,26,10,28.01
2024-06-01,S024,SKU00012,35,20,6.48
2024-06-01,S024,SKU00398,9,15,31.97
2024-06-01,S024,SKU00210,17,16,17.08
2024-06-01,S024,SKU00262,35,12,6.97
2024-06-01,S024,SKU00053,37,12,26.92
2024-06-01,S024,SKU00230,26,16,28.51
2024-06-01,S024,SKU00250,35,9,22.08
2024-06-01,S024,SKU00209,36,14,40.26
2024-06-01,S024,SKU00349,38,16,11.12
2024-06-01,S024,SKU00168,6,14,18.6
2024-06-01,S024,SKU00369,44,10,27.28
2024-06-01,S024,SKU00173,29,25,24.41
2024-06-01,S024,SKU00381,64,11,29.5
2024-06-01,S024,SKU00170,34,17,19.07
2024-06-01,S024,SKU00144,33,17,12.22
2024-06-01,S024,SKU00066,73,19,21.71
2024-06-01,S024,SKU00169,39,11,15.35
2024-06-01,S024,SKU00345,21,18,21.99
2024-06-01,S024,SKU00274,33,6,8.22
2024-06-01,S024,SKU00220,40,14,23.06
2024-06-01,S024,SKU00052,19,19,25.94
2024-06-01,S024,SKU00370,38,10,19.59
2024-06-01,S024,SKU00286,53,17,25.41
2024-06-01,S024,SKU00297,37,2,20.51
2024-06-01,S024,SKU00364,18,1,20.03
2024-06-01,S024,SKU00134,75,3,22.15
2024-06-01,S024,SKU00081,8,13,16.01
2024-06-01,S024,SKU00141,47,22,34.29
2024-06-01,S024,SKU00114,60,10,16.42
2024-06-01,S024,SKU00098,52,24,23.96
2024-06-01,S024,SKU00290,53,14,20.85
2024-06-01,S024,SKU00337,38,20,20.41
2024-06-01,S024,SKU00150,41,24,17.58
2024-06-01,S024,SKU00184,66,23,15.79
2024-06-01,S024,SKU00028,62,5,14.87
2024-06-01,S024,SKU00149,60,26,16.9
2024-06-01,S024,SKU00122,17,17,15.22
2024-06-01,S024,SKU00110,25,24,22.59
2024-06-01,S024,SKU00073,22,14,31.53
2024-06-01,S024,SKU00105,45,20,24.88
2024-06-01,S024,SKU00175,61,28,22.23
2024-06-01,S024,SKU00227,45,15,38.72
2024-06-01,S024,SKU00343,39,18,25.69
2024-06-01,S024,SKU00068,25,11,9.04
2024-06-01,S024,SKU00239,29,10,7.57
2024-06-01,S024,SKU00086,36,21,27.42
2024-06-01,S025,SKU00360,38,17,35.66
2024-06-01,S025,SKU00288,38,12,22.22
2024-06-01,S025,SKU00115,29,17,16.78
2024-06-01,S025,SKU00318,48,25,20.51
2024-06-01,S025,SKU00220,41,16,23.06
2024-06-01,S025,SKU00399,27,18,25.01
2024-06-01,S025,SKU00036,42,15,15.82
2024-06-01,S025,SKU00330,36,11,28.29
2024-06-01,S025,SKU00057,35,21,19.41
2024-06-01,S025,SKU00139,53,17,19.06
2024-06-01,S025,SKU00387,36,8,19.03
2024-06-01,S025,SKU00372,31,24,8.73
2024-06-01,S025,SKU00144,54,16,12.22
2024-06-01,S025,SKU00298,19,15,11.72
2024-06-01,S025,SKU00292,29,25,27.78
2024-06-01,S025,SKU00071,52,7,18.24
2024-06-01,S025,SKU00348,46,21,24.11
2024-06-01,S025,SKU00232,38,11,17.89
2024-06-01,S025,SKU00099,61,0,12.91
2024-06-01,S025,SKU00341,35,17,20.55
2024-06-01,S025,SKU00323,29,16,17.89
2024-06-01,S025,SKU00032,38,14,26.13
2024-06-01,S025,SKU00178,63,17,23.85
2024-06-01,S025,SKU00361,45,17,22.51
2024-06-01,S025,SKU00022,52,16,10.6
2024-06-01,S025,SKU00182,20,9,22.49
2024-06-01,S025,SKU00060,48,8,30.63
2024-06-01,S025,SKU00357,41,9,14.08
2024-06-01,S025,SKU00170,38,8,19.07
2024-06-01,S025,SKU00230,22,12,28.51
2024-06-01,S025,SKU00088,53,21,27.73
2024-06-01,S025,SKU00322,41,7,9.39
2024-06-01,S025,SKU00377,51,17,24.12
2024-06-01,S025,SKU00167,26,15,11.09
2024-06-01,S025,SKU00351,52,25,20.29
2024-06-01,S025,SKU00226,29,16,37.85
2024-06-01,S025,SKU00268,30,23,22.72
2024-06-01,S025,SKU00007,20,21,12.89
2024-06-01,S025,SKU00359,38,17,12.22
2024-06-01,S025,SKU00384,34,18,6.97
2024-06-01,S025,SKU00016,45,19,20.2
2024-06-01,S025,SKU00030,41,15,9.58
2024-06-01,S025,SKU00150,47,12,17.58
2024-06-01,S025,SKU00363,36,29,19.67
2024-06-01,S025,SKU00051,10,20,21.15
2024-06-01,S025,SKU00169,38,10,15.35
2024-06-01,S025,SKU00069,47,13,10.26
2024-06-01,S025,SKU00044,33,13,16.43
2024-06-01,S025,SKU00196,46,14,14.66
2024-06-01,S025,SKU00214,32,21,47.96
2024-06-01,S025,SKU00307,34,21,19.13
2024-06-01,S025,SKU00024,44,17,19.95
2024-06-01,S025,SKU00265,52,23,15.45
2024-06-01,S025,SKU00120,50,23,10.19
2024-06-01,S025,SKU00215,68,26,20.75
2024-06-01,S025,SKU00273,36,0,21.29
2024-06-01,S025,SKU00392,27,17,28.95
2024-06-01,S025,SKU00003,21,15,19.34
2024-06-01,S025,SKU00278,50,14,29.28
2024-06-01,S025,SKU00375,67,22,23.14
2024-06-01,S026,SKU00222,72,9,21.69
2024-06-01,S026,SKU00035,47,6,34.51
2024-06-01,S026,SKU00158,34,15,7.83
2024-06-01,S026,SKU00274,19,6,8.22
2024-06-01,S026,SKU00378,8,16,16.37
2024-06-01,S026,SKU00189,33,8,21.3
2024-06-01,S026,SKU00162,33,9,23.58
2024-06-01,S026,SKU00007,53,11,12.89
2024-06-01,S026,SKU00359,59,7,12.22
2024-06-01,S026,SKU00223,45,16,14.14
2024-06-01,S026,SKU00137,53,18,32.34
2024-06-01,S026,SKU00143,38,13,9.07
2024-06-01,S026,SKU00048,14,21,35.43
2024-06-01,S026,SKU00120,12,16,10.19
2024-06-01,S026,SKU00068,48,22,9.04
2024-06-01,S026,SKU00027,58,15,8.1
2024-06-01,S026,SKU00329,27,7,21.42
2024-06-01,S026,SKU00150,40,9,17.58
2024-06-01,S026,SKU00342,30,18,17.51
2024-06-01,S026,SKU00345,34,22,21.99
2024-06-01,S026,SKU00243,42,10,20.2
2024-06-01,S026,SKU00107,53,16,27.98
2024-06-01,S026,SKU00108,52,6,8.67
2024-06-01,S026,SKU00368,45,21,14.01
2024-06-01,S026,SKU00117,53,27,14.81
2024-06-01,S026,SKU00172,47,15,9.82
2024-06-01,S026,SKU00268,0,16,22.72
2024-06-01,S026,SKU00132,52,13,18.85
2024-06-01,S026,SKU00373,34,11,43.52
2024-06-01,S026,SKU00319,26,20,18.17
2024-06-01,S026,SKU00259,37,12,16.74
2024-06-01,S026,SKU00234,17,20,14.14
2024-06-01,S026,SKU00353,32,16,28.84
2024-06-01,S026,SKU00322,59,16,9.39
2024-06-01,S026,SKU00177,53,16,24.36
2024-06-01,S026,SKU00175,44,15,22.23
2024-06-01,S026,SKU00327,11,17,24.66
2024-06-01,S026,SKU00006,28,13,22.21
2024-06-01,S026,SKU00146,38,6,30.59
2024-06-01,S026,SKU00051,43,9,21.15
2024-06-01,S026,SKU00310,27,12,23.34
2024-06-01,S026,SKU00077,3,19,7.81
2024-06-01,S026,SKU00209,32,11,40.26
2024-06-01,S026,SKU00154,43,8,36.04
2024-06-01,S026,SKU00071,43,6,18.24
2024-06-01,S026,SKU00396,20,13,6.08
2024-06-01,S026,SKU00022,32,24,10.6
2024-06-01,S026,SKU00173,48,21,24.41
2024-06-01,S026,SKU00289,33,15,20.83
2024-06-01,S026,SKU00099,37,27,12.91
2024-06-01,S026,SKU00252,50,14,35.29
2024-06-01,S026,SKU00182,35,15,22.49
2024-06-01,S026,SKU00057,37,10,19.41
2024-06-01,S026,SKU00351,48,18,20.29
2024-06-01,S026,SKU00129,48,28,17.3
2024-06-01,S026,SKU00318,49,1,20.51
2024-06-01,S026,SKU00394,40,13,10.9
2024-06-01,S026,SKU00344,47,19,6.67
2024-06-01,S026,SKU00014,38,22,17.1
2024-06-01,S026,SKU00298,64,5,11.72
2024-06-01,S027,SKU00091,46,18,16.61
2024-06-01,S027,SKU00115,58,9,16.78
2024-06-01,S027,SKU00335,33,19,10.25
2024-06-01,S027,SKU00205,74,21,13.85
2024-06-01,S027,SKU00136,25,13,21.43
2024-06-01,S027,SKU00021,19,8,21.44
2024-06-01,S027,SKU00079,50,24,18.54
2024-06-01,S027,SKU00273,24,12,21.29
2024-06-01,S027,SKU00054,30,15,12.05
2024-06-01,S027,SKU00226,64,13,37.85
2024-06-01,S027,SKU00033,35,24,10.76
2024-06-01,S027,SKU00151,31,21,7.16
2024-06-01,S027,SKU00110,46,31,22.59
2024-06-01,S027,SKU00042,38,17,27.28
2024-06-01,S027,SKU00327,70,11,24.66
2024-06-01,S027,SKU00089,23,20,25.61
2024-06-01,S027,SKU00276,8,19,8.52
2024-06-01,S027,SKU00311,34,23,23.51
2024-06-01,S027,SKU00202,12,19,41.7
2024-06-01,S027,SKU00305,58,14,19.27
2024-06-01,S027,SKU00207,61,11,16.29
2024-06-01,S027,SKU00366,0,24,12.66
2024-06-01,S027,SKU00356,27,5,6.76
2024-06-01,S027,SKU00269,25,17,13.31
2024-06-01,S027,SKU00374,41,1,17.57
2024-06-01,S027,SKU00398,57,22,31.97
2024-06-01,S027,SKU00095,39,13,27.04
2024-06-01,S027,SKU00314,27,28,15.81
2024-06-01,S027,SKU00030,35,13,9.58
2024-06-01,S027,SKU00006,38,11,22.21
2024-06-01,S027,SKU00332,46,11,53.2
2024-06-01,S027,SKU00127,64,11,18.2
2024-06-01,S027,SKU00306,48,18,13.85
2024-06-01,S027,SKU00078,39,14,9.74
2024-06-01,S027,SKU00319,48,8,18.17
2024-06-01,S027,SKU00163,24,20,15.73
2024-06-01,S027,SKU00233,28,15,14.08
2024-06-01,S027,SKU00090,47,21,19.09
2024-06-01,S027,SKU00177,34,8,24.36
2024-06-01,S027,SKU00129,49,19,17.3
2024-06-01,S027,SKU00027,38,24,8.1
2024-06-01,S027,SKU00022,21,12,10.6
2024-06-01,S027,SKU00010,53,4,22.61
2024-06-01,S027,SKU00111,35,15,22.67
2024-06-01,S027,SKU00367,56,11,23.63
2024-06-01,S027,SKU00014,21,4,17.1
2024-06-01,S027,SKU00248,23,16,24.2
2024-06-01,S027,SKU00086,24,11,27.42
2024-06-01,S027,SKU00196,22,23,14.66
2024-06-01,S027,SKU00084,53,23,22.85
2024-06-01,S027,SKU00291,62,22,20.61
2024-06-01,S027,SKU00134,24,12,22.15
2024-06-01,S027,SKU00061,44,14,13.6
2024-06-01,S027,SKU00198,60,25,25.14
2024-06-01,S027,SKU00397,54,8,24.95
2024-06-01,S027,SKU00008,53,22,14.83
2024-06-01,S027,SKU00383,45,15,21.74
2024-06-01,S027,SKU00167,40,18,11.09
2024-06-01,S027,SKU00251,45,13,16.74
2024-06-01,S027,SKU00373,24,24,43.52
2024-06-01,S028,SKU00400,32,22,16.59
2024-06-01,S028,SKU00220,33,2,23.06
2024-06-01,S028,SKU00293,54,17,28.83
2024-06-01,S028,SKU00014,11,11,17.1
2024-06-01,S028,SKU00177,56,15,24.36
2024-06-01,S028,SKU00082,52,12,18.27
2024-06-01,S028,SKU00041,42,15,19.41
2024-06-01,S028,SKU00285,40,25,16.17
2024-06-01,S028,SKU00366,39,13,12.66
2024-06-01,S028,SKU00304,57,8,13.37
2024-06-01,S028,SKU00017,11,19,22.2
2024-06-01,S028,SKU00376,16,16,22.09
2024-06-01,S028,SKU00060,34,11,30.63
2024-06-01,S028,SKU00050,50,16,9.35
2024-06-01,S028,SKU00331,41,9,9.22
2024-06-01,S028,SKU00235,41,13,17.69
2024-06-01,S028,SKU00078,28,15,9.74
2024-06-01,S028,SKU00079,37,20,18.54
2024-06-01,S028,SKU00242,49,26,23.88
2024-06-01,S028,SKU00146,37,23,30.59
2024-06-01,S028,SKU00086,12,21,27.42
2024-06-01,S028,SKU00258,42,16,29.8
2024-06-01,S028,SKU00138,66,21,9.29
2024-06-01,S028,SKU00226,40,5,37.85
2024-06-01,S028,SKU00205,19,20,13.85
2024-06-01,S028,SKU00081,21,7,16.01
2024-06-01,S028,SKU00148,20,14,18.3
2024-06-01,S028,SKU00361,26,25,22.51
2024-06-01,S028,SKU00321,47,20,8.77
2024-06-01,S028,SKU00043,57,2,24.13
2024-06-01,S028,SKU00260,48,21,16.1
2024-06-01,S028,SKU00106,35,16,11.12
2024-06-01,S028,SKU00004,45,12,9.51
2024-06-01,S028,SKU00151,35,9,7.16
2024-06-01,S028,SKU00292,29,5,27.78
2024-06-01,S028,SKU00325,45,12,11.47
2024-06-01,S028,SKU00381,27,18,29.5
2024-06-01,S028,SKU00282,53,0,31.83
2024-06-01,S028,SKU00008,39,4,14.83
2024-06-01,S028,SKU00211,16,8,37.2
2024-06-01,S028,SKU00033,39,19,10.76
2024-06-01,S028,SKU00006,39,21,22.21
2024-06-01,S028,SKU00339,37,0,14.34
2024-06-01,S028,SKU00399,15,16,25.01
2024-06-01,S028,SKU00320,30,30,13.56
2024-06-01,S028,SKU00357,65,25,14.08
2024-06-01,S028,SKU00095,50,8,27.04
2024-06-01,S028,SKU00180,0,4,18.4
2024-06-01,S028,SKU00298,36,18,11.72
2024-06-01,S028,SKU00133,57,19,10.11
2024-06-01,S028,SKU00303,15,17,27.57
2024-06-01,S028,SKU00222,47,14,21.69
2024-06-01,S028,SKU00053,52,0,26.92
2024-06-01,S028,SKU00345,30,24,21.99
2024-06-01,S028,SKU00131,61,15,22.93
2024-06-01,S028,SKU00116,50,11,40.0
2024-06-01,S028,SKU00221,12,20,18.46
2024-06-01,S028,SKU00040,39,13,18.22
2024-06-01,S028,SKU00375,51,13,23.14
2024-06-01,S028,SKU00280,59,27,11.07
2024-06-01,S029,SKU00342,28,15,17.51
2024-06-01,S029,SKU00275,9,23,24.1
2024-06-01,S029,SKU00137,18,7,32.34
2024-06-01,S029,SKU00384,32,11,6.97
2024-06-01,S029,SKU00390,43,11,20.94
2024-06-01,S029,SKU00054,56,16,12.05
2024-06-01,S029,SKU00205,42,17,13.85
2024-06-01,S029,SKU00103,36,26,12.99
2024-06-01,S029,SKU00092,65,15,6.71
2024-06-01,S029,SKU00268,15,7,22.72
2024-06-01,S029,SKU00161,53,6,6.86
2024-06-01,S029,SKU00163,44,22,15.73
2024-06-01,S029,SKU00253,58,0,19.63
2024-06-01,S029,SKU00381,47,7,29.5
2024-06-01,S029,SKU00138,41,14,9.29
2024-06-01,S029,SKU00297,45,21,20.51
2024-06-01,S029,SKU00363,45,10,19.67
2024-06-01,S029,SKU00361,49,0,22.51
2024-06-01,S029,SKU00272,58,15,18.35
2024-06-01,S029,SKU00334,33,10,7.9
2024-06-01,S029,SKU00009,37,6,21.87
2024-06-01,S029,SKU00295,50,21,21.15
2024-06-01,S029,SKU00259,60,13,16.74
2024-06-01,S029,SKU00127,51,22,18.2
2024-06-01,S029,SKU00277,39,14,17.75
2024-06-01,S029,SKU00062,54,4,21.8
2024-06-01,S029,SKU00112,48,18,17.88
2024-06-01,S029,SKU00311,38,1,23.51
2024-06-01,S029,SKU00353,51,19,28.84
2024-06-01,S029,SKU00391,34,7,20.67
2024-06-01,S029,SKU00077,24,21,7.81
2024-06-01,S029,SKU00226,39,2,37.85
2024-06-01,S029,SKU00129,63,12,17.3
2024-06-01,S029,SKU00193,32,12,26.54
2024-06-01,S029,SKU00248,25,14,24.2
2024-06-01,S029,SKU00347,56,16,35.52
2024-06-01,S029,SKU00215,53,19,20.75
2024-06-01,S029,SKU00035,54,23,34.51
2024-06-01,S029,SKU00250,29,17,22.08
2024-06-01,S029,SKU00298,55,13,11.72
2024-06-01,S029,SKU00098,45,4,23.96
2024-06-01,S029,SKU00002,53,20,22.95
2024-06-01,S029,SKU00372,55,19,8.73
2024-06-01,S029,SKU00081,50,16,16.01
2024-06-01,S029,SKU00160,16,17,18.48
2024-06-01,S029,SKU00383,49,26,21.74
2024-06-01,S029,SKU00288,50,4,22.22
2024-06-01,S029,SKU00208,40,14,7.02
2024-06-01,S029,SKU00064,13,9,14.1
2024-06-01,S029,SKU00348,0,15,24.11
2024-06-01,S029,SKU00074,21,15,28.23
2024-06-01,S029,SKU00095,53,25,27.04
2024-06-01,S029,SKU00216,41,4,35.17
2024-06-01,S029,SKU00174,63,20,23.97
2024-06-01,S029,SKU00046,66,6,11.26
2024-06-01,S029,SKU00238,58,19,47.65
2024-06-01,S029,SKU00349,45,16,11.12
2024-06-01,S029,SKU00049,48,14,21.35
2024-06-01,S029,SKU00069,51,17,10.26
2024-06-01,S029,SKU00354,18,11,16.32
2024-06-01,S030,SKU00346,38,16,46.67
2024-06-01,S030,SKU00348,33,6,24.11
2024-06-01,S030,SKU00096,36,25,19.19
2024-06-01,S030,SKU00316,30,6,9.13
2024-06-01,S030,SKU00225,38,9,14.42
2024-06-01,S030,SKU00143,28,9,9.07
2024-06-01,S030,SKU00095,57,18,27.04
2024-06-01,S030,SKU00103,56,9,12.99
2024-06-01,S030,SKU00294,35,8,21.46
2024-06-01,S030,SKU00309,59,10,27.53
2024-06-01,S030,SKU00073,32,4,31.53
2024-06-01,S030,SKU00080,51,14,21.0
2024-06-01,S030,SKU00126,42,16,25.54
2024-06-01,S030,SKU00023,39,9,23.51
2024-06-01,S030,SKU00171,19,24,26.18
2024-06-01,S030,SKU00016,47,17,20.2
2024-06-01,S030,SKU00125,43,23,14.87
2024-06-01,S030,SKU00042,23,24,27.28
2024-06-01,S030,SKU00207,48,10,16.29
2024-06-01,S030,SKU00354,37,12,16.32
2024-06-01,S030,SKU00090,53,23,19.09
2024-06-01,S030,SKU00031,39,3,18.97
2024-06-01,S030,SKU00029,54,16,18.21
2024-06-01,S030,SKU00315,27,7,25.73
2024-06-01,S030,SKU00166,25,13,26.57
2024-06-01,S030,SKU00134,79,17,22.15
2024-06-01,S030,SKU00002,51,24,22.95
2024-06-01,S030,SKU00121,39,12,21.13
2024-06-01,S030,SKU00014,42,12,17.1
2024-06-01,S030,SKU00263,46,23,12.54
2024-06-01,S030,SKU00102,41,10,7.81
2024-06-01,S030,SKU00379,37,22,19.61
2024-06-01,S030,SKU00260,19,30,16.1
2024-06-01,S030,SKU00183,11,15,7.71
2024-06-01,S030,SKU00158,51,21,7.83
2024-06-01,S030,SKU00345,59,20,21.99
2024-06-01,S030,SKU00339,64,2,14.34
2024-06-01,S030,SKU00286,30,14,25.41
2024-06-01,S030,SKU00381,32,0,29.5
2024-06-01,S030,SKU00312,37,18,19.86
2024-06-01,S030,SKU00099,57,15,12.91
2024-06-01,S030,SKU00146,30,0,30.59
2024-06-01,S030,SKU00229,57,16,28.44
2024-06-01,S030,SKU00244,43,0,14.65
2024-06-01,S030,SKU00362,7,21,17.84
2024-06-01,S030,SKU00349,47,14,11.12
2024-06-01,S030,SKU00066,55,16,21.71
2024-06-01,S030,SKU00303,20,10,27.57
2024-06-01,S030,SKU00132,34,14,18.85
2024-06-01,S030,SKU00147,41,18,26.65
2024-06-01,S030,SKU00083,47,22,22.59
2024-06-01,S030,SKU00234,13,7,14.14
2024-06-01,S030,SKU00141,43,22,34.29
2024-06-01,S030,SKU00094,59,8,30.76
2024-06-01,S030,SKU00069,54,13,10.26
2024-06-01,S030,SKU00030,73,10,9.58
2024-06-01,S030,SKU00159,52,16,20.64
2024-06-01,S030,SKU00289,56,16,20.83
2024-06-01,S030,SKU00257,50,13,12.09
2024-06-01,S030,SKU00180,41,12,18.4
2024-07-01,S001,SKU00173,27,3,24.41
2024-07-01,S001,SKU00241,52,26,22.03
2024-07-01,S001,SKU00238,21,13,47.65
2024-07-01,S001,SKU00011,57,7,17.51
2024-07-01,S001,SKU00116,58,17,40.0
2024-07-01,S001,SKU00394,19,4,10.9
2024-07-01,S001,SKU00270,39,8,23.19
2024-07-01,S001,SKU00180,18,7,18.4
2024-07-01,S001,SKU00090,52,11,19.09
2024-07-01,S001,SKU00343,5,19,25.69
2024-07-01,S001,SKU00023,52,17,23.51
2024-07-01,S001,SKU00354,38,17,16.32
2024-07-01,S001,SKU00153,15,2,27.58
2024-07-01,S001,SKU00156,32,4,13.5
2024-07-01,S001,SKU00269,44,12,13.31
2024-07-01,S001,SKU00357,43,17,14.08
2024-07-01,S001,SKU00104,41,10,30.27
2024-07-01,S001,SKU00106,18,7,11.12
2024-07-01,S001,SKU00210,39,22,17.08
2024-07-01,S001,SKU00161,50,4,6.86
2024-07-01,S001,SKU00182,54,28,22.49
2024-07-01,S001,SKU00346,41,15,46.67
2024-07-01,S001,SKU00295,60,16,21.15
2024-07-01,S001,SKU00022,22,12,10.6
2024-07-01,S001,SKU00319,43,15,18.17
2024-07-01,S001,SKU00204,45,21,22.75
2024-07-01,S001,SKU00264,25,11,13.51
2024-07-01,S001,SKU00060,21,17,30.63
2024-07-01,S001,SKU00035,41,18,34.51
2024-07-01,S001,SKU00068,47,6,9.04
2024-07-01,S001,SKU00078,36,17,9.74
2024-07-01,S001,SKU00127,31,4,18.2
2024-07-01,S001,SKU00199,48,11,28.75
2024-07-01,S001,SKU00229,36,17,28.44
2024-07-01,S001,SKU00371,36,22,23.22
2024-07-01,S001,SKU00096,44,11,19.19
2024-07-01,S001,SKU00370,18,24,19.59
2024-07-01,S001,SKU00239,39,19,7.57
2024-07-01,S001,SKU00036,47,16,15.82
2024-07-01,S001,SKU00298,42,18,11.72
2024-07-01,S001,SKU00392,75,21,28.95
2024-07-01,S001,SKU00051,13,13,21.15
2024-07-01,S001,SKU00091,37,26,16.61
2024-07-01,S001,SKU00282,24,11,31.83
2024-07-01,S001,SKU00108,55,17,8.67
2024-07-01,S001,SKU00001,57,15,20.02
2024-07-01,S001,SKU00213,25,15,21.39
2024-07-01,S001,SKU00347,29,14,35.52
2024-07-01,S001,SKU00191,36,21,24.12
2024-07-01,S001,SKU00109,12,20,32.26
2024-07-01,S001,SKU00365,49,12,9.96
2024-07-01,S001,SKU00284,29,17,20.24
2024-07-01,S001,SKU00197,67,14,14.73
2024-07-01,S001,SKU00283,34,20,35.29
2024-07-01,S001,SKU00122,47,23,15.22
2024-07-01,S001,SKU00273,48,9,21.29
2024-07-01,S001,SKU00050,40,16,9.35
2024-07-01,S001,SKU00057,28,23,19.41
2024-07-01,S001,SKU00353,51,21,28.84
2024-07-01,S001,SKU00219,36,11,24.96
2024-07-01,S002,SKU00013,25,11,15.96
2024-07-01,S002,SKU00135,19,9,21.41
2024-07-01,S002,SKU00210,37,21,17.08
2024-07-01,S002,SKU00154,39,20,36.04
2024-07-01,S002,SKU00347,57,19,35.52
2024-07-01,S002,SKU00058,17,18,33.62
2024-07-01,S002,SKU00325,46,5,11.47
2024-07-01,S002,SKU00070,38,11,19.96
2024-07-01,S002,SKU00153,72,8,27.58
2024-07-01,S002,SKU00263,45,8,12.54
2024-07-01,S002,SKU00112,44,2,17.88
2024-07-01,S002,SKU00179,16,5,8.72
2024-07-01,S002,SKU00004,15,4,9.51
2024-07-01,S002,SKU00052,40,21,25.94
2024-07-01,S002,SKU00308,13,27,33.04
2024-07-01,S002,SKU00388,24,5,18.08
2024-07-01,S002,SKU00026,56,0,28.01
2024-07-01,S002,SKU00387,57,16,19.03
2024-07-01,S002,SKU00150,38,20,17.58
2024-07-01,S002,SKU00280,35,2,11.07
2024-07-01,S002,SKU00064,14,20,14.1
2024-07-01,S002,SKU00328,69,18,20.31
2024-07-01,S002,SKU00215,25,12,20.75
2024-07-01,S002,SKU00288,57,25,22.22
2024-07-01,S002,SKU00342,57,26,17.51
2024-07-01,S002,SKU00344,54,11,6.67
2024-07-01,S002,SKU00056,40,3,21.74
2024-07-01,S002,SKU00105,51,5,24.88
2024-07-01,S002,SKU00019,37,13,14.15
2024-07-01,S002,SKU00217,34,20,19.37
2024-07-01,S002,SKU00376,41,7,22.09
2024-07-01,S002,SKU00133,27,6,10.11
2024-07-01,S002,SKU00048,9,18,35.43
2024-07-01,S002,SKU00176,28,16,14.59
2024-07-01,S002,SKU00002,45,11,22.95
2024-07-01,S002,SKU00348,45,3,24.11
2024-07-01,S002,SKU00035,52,18,34.51
2024-07-01,S002,SKU00346,39,17,46.67
2024-07-01,S002,SKU00331,30,10,9.22
2024-07-01,S002,SKU00163,30,9,15.73
2024-07-01,S002,SKU00229,35,13,28.44
2024-07-01,S002,SKU00268,48,12,22.72
2024-07-01,S002,SKU00195,45,18,20.76
2024-07-01,S002,SKU00142,25,12,22.57
2024-07-01,S002,SKU00295,47,21,21.15
2024-07-01,S002,SKU00132,44,23,18.85
2024-07-01,S002,SKU00110,35,26,22.59
2024-07-01,S002,SKU00250,39,17,22.08
2024-07-01,S002,SKU00051,20,11,21.15
2024-07-01,S002,SKU00257,52,28,12.09
2024-07-01,S002,SKU00301,10,19,13.89
2024-07-01,S002,SKU00283,66,18,35.29
2024-07-01,S002,SKU00208,56,24,7.02
2024-07-01,S002,SKU00134,48,13,22.15
2024-07-01,S002,SKU00159,34,17,20.64
2024-07-01,S002,SKU00305,44,11,19.27
2024-07-01,S002,SKU00214,62,0,47.96
2024-07-01,S002,SKU00239,35,9,7.57
2024-07-01,S002,SKU00226,41,25,37.85
2024-07-01,S002,SKU00225,29,13,14.42
2024-07-01,S003,SKU00400,31,13,16.59
2024-07-01,S003,SKU00081,41,18,16.01
2024-07-01,S003,SKU00385,41,27,24.15
2024-07-01,S003,SKU00313,46,32,21.61
2024-07-01,S003,SKU00292,23,22,27.78
2024-07-01,S003,SKU00163,62,14,15.73
2024-07-01,S003,SKU00390,49,11,20.94
2024-07-01,S003,SKU00044,75,17,16.43
2024-07-01,S003,SKU00300,54,13,19.9
2024-07-01,S003,SKU00297,40,18,20.51
2024-07-01,S003,SKU00073,61,15,31.53
2024-07-01,S003,SKU00022,56,17,10.6
2024-07-01,S003,SKU00259,71,27,16.74
2024-07-01,S003,SKU00186,44,15,24.0
2024-07-01,S003,SKU00293,57,17,28.83
2024-07-01,S003,SKU00226,26,19,37.85
2024-07-01,S003,SKU00106,50,8,11.12
2024-07-01,S003,SKU00084,32,16,22.85
2024-07-01,S003,SKU00244,52,16,14.65
2024-07-01,S003,SKU00218,30,0,10.78
2024-07-01,S003,SKU00189,36,14,21.3
2024-07-01,S003,SKU00338,48,12,23.32
2024-07-01,S003,SKU00203,51,8,27.92
2024-07-01,S003,SKU00350,48,24,24.41
2024-07-01,S003,SKU00031,36,9,18.97
2024-07-01,S003,SKU00151,19,10,7.16
2024-07-01,S003,SKU00392,40,13,28.95
2024-07-01,S003,SKU00295,61,19,21.15
2024-07-01,S003,SKU00063,48,8,13.32
2024-07-01,S003,SKU00183,61,9,7.71
2024-07-01,S003,SKU00328,46,6,20.31
2024-07-01,S003,SKU00093,69,8,20.73
2024-07-01,S003,SKU00103,34,4,12.99
2024-07-01,S003,SKU00018,53,10,11.75
2024-07-01,S003,SKU00260,47,19,16.1
2024-07-01,S003,SKU00098,50,19,23.96
2024-07-01,S003,SKU00306,54,20,13.85
2024-07-01,S003,SKU00059,45,7,18.63
2024-07-01,S003,SKU00198,45,8,25.14
2024-07-01,S003,SKU00169,45,0,15.35
2024-07-01,S003,SKU00190,20,13,23.47
2024-07-01,S003,SKU00105,33,4,24.88
2024-07-01,S003,SKU00333,42,15,19.02
2024-07-01,S003,SKU00156,32,7,13.5
2024-07-01,S003,SKU00326,38,16,21.09
2024-07-01,S003,SKU00394,44,18,10.9
2024-07-01,S003,SKU00248,38,15,24.2
2024-07-01,S003,SKU00076,40,15,16.2
2024-07-01,S003,SKU00191,30,10,24.12
2024-07-01,S003,SKU00140,12,9,22.39
2024-07-01,S003,SKU00249,64,11,14.24
2024-07-01,S003,SKU00359,20,0,12.22
2024-07-01,S003,SKU00180,58,17,18.4
2024-07-01,S003,SKU00117,29,5,14.81
2024-07-01,S003,SKU00376,53,13,22.09
2024-07-01,S003,SKU00194,40,19,15.09
2024-07-01,S003,SKU00369,51,11,27.28
2024-07-01,S003,SKU00383,16,19,21.74
2024-07-01,S003,SKU00202,58,18,41.7
2024-07-01,S003,SKU00049,38,15,21.35
2024-07-01,S004,SKU00374,44,17,17.57
2024-07-01,S004,SKU00172,38,8,9.82
2024-07-01,S004,SKU00105,26,19,24.88
2024-07-01,S004,SKU00151,50,27,7.16
2024-07-01,S004,SKU00165,43,20,12.62
2024-07-01,S004,SKU00077,0,19,7.81
2024-07-01,S004,SKU00327,69,15,24.66
2024-07-01,S004,SKU00231,33,20,23.4
2024-07-01,S004,SKU00337,67,18,20.41
2024-07-01,S004,SKU00032,66,14,26.13
2024-07-01,S004,SKU00013,37,13,15.96
2024-07-01,S004,SKU00275,62,20,24.1
2024-07-01,S004,SKU00067,37,9,12.5
2024-07-01,S004,SKU00090,31,16,19.09
2024-07-01,S004,SKU00225,29,13,14.42
2024-07-01,S004,SKU00248,39,21,24.2
2024-07-01,S004,SKU00247,28,3,19.17
2024-07-01,S004,SKU00160,25,25,18.48
2024-07-01,S004,SKU00378,34,27,16.37
2024-07-01,S004,SKU00399,51,17,25.01
2024-07-01,S004,SKU00043,17,4,24.13
2024-07-01,S004,SKU00359,28,4,12.22
2024-07-01,S004,SKU00264,58,19,13.51
2024-07-01,S004,SKU00073,35,19,31.53
2024-07-01,S004,SKU00256,20,10,16.17
2024-07-01,S004,SKU00017,26,2,22.2
2024-07-01,S004,SKU00276,50,18,8.52
2024-07-01,S004,SKU00290,10,3,20.85
2024-07-01,S004,SKU00274,60,20,8.22
2024-07-01,S004,SKU00323,42,15,17.89
2024-07-01,S004,SKU00299,42,13,21.87
2024-07-01,S004,SKU00169,49,13,15.35
2024-07-01,S004,SKU00331,28,14,9.22
2024-07-01,S004,SKU00146,9,21,30.59
2024-07-01,S004,SKU00030,61,18,9.58
2024-07-01,S004,SKU00328,49,11,20.31
2024-07-01,S004,SKU00218,43,37,10.78
2024-07-01,S004,SKU00206,46,17,12.31
2024-07-01,S004,SKU00123,29,0,17.11
2024-07-01,S004,SKU00050,40,17,9.35
2024-07-01,S004,SKU00153,46,22,27.58
2024-07-01,S004,SKU00070,13,29,19.96
2024-07-01,S004,SKU00100,36,12,7.48
2024-07-01,S004,SKU00387,54,10,19.03
2024-07-01,S004,SKU00033,50,9,10.76
2024-07-01,S004,SKU00179,45,12,8.72
2024-07-01,S004,SKU00138,21,22,9.29
2024-07-01,S004,SKU00106,57,31,11.12
2024-07-01,S004,SKU00325,35,19,11.47
2024-07-01,S004,SKU00115,67,23,16.78
2024-07-01,S004,SKU00065,30,17,21.23
2024-07-01,S004,SKU00088,37,13,27.73
2024-07-01,S004,SKU00148,38,16,18.3
2024-07-01,S004,SKU00162,30,10,23.58
2024-07-01,S004,SKU00204,22,5,22.75
2024-07-01,S004,SKU00292,27,5,27.78
2024-07-01,S004,SKU00304,34,15,13.37
2024-07-01,S004,SKU00040,48,7,18.22
2024-07-01,S004,SKU00233,25,18,14.08
2024-07-01,S004,SKU00202,49,12,41.7
2024-07-01,S005,SKU00189,8,13,21.3
2024-07-01,S005,SKU00212,26,27,8.51
2024-07-01,S005,SKU00236,49,25,14.52
2024-07-01,S005,SKU00149,28,3,16.9
2024-07-01,S005,SKU00102,65,16,7.81
2024-07-01,S005,SKU00257,37,15,12.09
2024-07-01,S005,SKU00159,45,5,20.64
2024-07-01,S005,SKU00263,21,18,12.54
2024-07-01,S005,SKU00156,39,9,13.5
2024-07-01,S005,SKU00310,58,17,23.34
2024-07-01,S005,SKU00324,29,27,27.35
2024-07-01,S005,SKU00390,53,22,20.94
2024-07-01,S005,SKU00180,3,17,18.4
2024-07-01,S005,SKU00339,34,18,14.34
2024-07-01,S005,SKU00093,67,19,20.73
2024-07-01,S005,SKU00271,40,23,41.0
2024-07-01,S005,SKU00264,6,4,13.51
2024-07-01,S005,SKU00395,29,9,14.64
2024-07-01,S005,SKU00244,42,19,14.65
2024-07-01,S005,SKU00191,42,2,24.12
2024-07-01,S005,SKU00354,52,16,16.32
2024-07-01,S005,SKU00089,23,26,25.61
2024-07-01,S005,SKU00393,42,23,7.6
2024-07-01,S005,SKU00228,50,9,42.12
2024-07-01,S005,SKU00175,57,4,22.23
2024-07-01,S005,SKU00375,65,4,23.14
2024-07-01,S005,SKU00052,29,24,25.94
2024-07-01,S005,SKU00072,19,26,22.01
2024-07-01,S005,SKU00036,34,27,15.82
2024-07-01,S005,SKU00338,42,18,23.32
2024-07-01,S005,SKU00167,46,21,11.09
2024-07-01,S005,SKU00287,16,10,23.44
2024-07-01,S005,SKU00111,29,15,22.67
2024-07-01,S005,SKU00174,26,15,23.97
2024-07-01,S005,SKU00295,22,12,21.15
2024-07-01,S005,SKU00353,12,17,28.84
2024-07-01,S005,SKU00112,76,18,17.88
2024-07-01,S005,SKU00083,23,3,22.59
2024-07-01,S005,SKU00368,23,15,14.01
2024-07-01,S005,SKU00210,50,17,17.08
2024-07-01,S005,SKU00254,29,6,12.16
2024-07-01,S005,SKU00094,40,12,30.76
2024-07-01,S005,SKU00045,41,30,19.14
2024-07-01,S005,SKU00268,70,0,22.72
2024-07-01,S005,SKU00129,64,17,17.3
2024-07-01,S005,SKU00326,25,22,21.09
2024-07-01,S005,SKU00059,49,19,18.63
2024-07-01,S005,SKU00153,43,9,27.58
2024-07-01,S005,SKU00255,28,23,33.68
2024-07-01,S005,SKU00079,60,22,18.54
2024-07-01,S005,SKU00067,47,10,12.5
2024-07-01,S005,SKU00054,32,11,12.05
2024-07-01,S005,SKU00061,37,3,13.6
2024-07-01,S005,SKU00087,38,20,9.32
2024-07-01,S005,SKU00193,29,20,26.54
2024-07-01,S005,SKU00085,31,9,21.5
2024-07-01,S005,SKU00366,31,18,12.66
2024-07-01,S005,SKU00237,42,12,22.91
2024-07-01,S005,SKU00168,47,20,18.6
2024-07-01,S005,SKU00273,37,23,21.29
2024-07-01,S006,SKU00234,38,8,14.14
2024-07-01,S006,SKU00176,53,17,14.59
2024-07-01,S006,SKU00350,63,20,24.41
2024-07-01,S006,SKU00264,44,11,13.51
2024-07-01,S006,SKU00227,19,7,38.72
2024-07-01,S006,SKU00290,40,21,20.85
2024-07-01,S006,SKU00091,48,11,16.61
2024-07-01,S006,SKU00304,37,9,13.37
2024-07-01,S006,SKU00127,42,18,18.2
2024-07-01,S006,SKU00367,32,22,23.63
2024-07-01,S006,SKU00061,36,0,13.6
2024-07-01,S006,SKU00130,41,10,29.35
2024-07-01,S006,SKU00110,24,13,22.59
2024-07-01,S006,SKU00133,30,22,10.11
2024-07-01,S006,SKU00294,49,13,21.46
2024-07-01,S006,SKU00020,26,18,19.96
2024-07-01,S006,SKU00171,21,6,26.18
2024-07-01,S006,SKU00115,67,12,16.78
2024-07-01,S006,SKU00305,29,16,19.27
2024-07-01,S006,SKU00154,47,21,36.04
2024-07-01,S006,SKU00152,63,19,34.48
2024-07-01,S006,SKU00121,40,16,21.13
2024-07-01,S006,SKU00386,40,31,24.27
2024-07-01,S006,SKU00073,6,10,31.53
2024-07-01,S006,SKU00300,43,21,19.9
2024-07-01,S006,SKU00397,27,17,24.95
2024-07-01,S006,SKU00280,71,12,11.07
2024-07-01,S006,SKU00095,28,18,27.04
2024-07-01,S006,SKU00185,48,4,22.74
2024-07-01,S006,SKU00142,42,10,22.57
2024-07-01,S006,SKU00243,47,12,20.2
2024-07-01,S006,SKU00205,64,11,13.85
2024-07-01,S006,SKU00188,51,5,22.21
2024-07-01,S006,SKU00356,29,6,6.76
2024-07-01,S006,SKU00002,68,9,22.95
2024-07-01,S006,SKU00252,32,19,35.29
2024-07-01,S006,SKU00271,8,12,41.0
2024-07-01,S006,SKU00005,54,11,5.18
2024-07-01,S006,SKU00292,60,14,27.78
2024-07-01,S006,SKU00065,36,6,21.23
2024-07-01,S006,SKU00180,67,17,18.4
2024-07-01,S006,SKU00357,57,22,14.08
2024-07-01,S006,SKU00198,16,26,25.14
2024-07-01,S006,SKU00033,34,15,10.76
2024-07-01,S006,SKU00030,21,12,9.58
2024-07-01,S006,SKU00262,57,12,6.97
2024-07-01,S006,SKU00076,42,13,16.2
2024-07-01,S006,SKU00104,9,27,30.27
2024-07-01,S006,SKU00274,36,16,8.22
2024-07-01,S006,SKU00101,31,9,13.03
2024-07-01,S006,SKU00217,27,19,19.37
2024-07-01,S006,SKU00287,43,18,23.44
2024-07-01,S006,SKU00144,40,21,12.22
2024-07-01,S006,SKU00354,58,9,16.32
2024-07-01,S006,SKU00166,34,10,26.57
2024-07-01,S006,SKU00021,45,11,21.44
2024-07-01,S006,SKU00057,35,23,19.41
2024-07-01,S006,SKU00023,55,17,23.51
2024-07-01,S006,SKU00074,0,8,28.23
2024-07-01,S006,SKU00155,19,7,22.47
2024-07-01,S007,SKU00047,21,27,30.28
2024-07-01,S007,SKU00079,59,21,18.54
2024-07-01,S007,SKU00397,40,11,24.95
2024-07-01,S007,SKU00279,37,7,18.46
2024-07-01,S007,SKU00153,55,7,27.58
2024-07-01,S007,SKU00213,68,22,21.39
2024-07-01,S007,SKU00007,32,8,12.89
2024-07-01,S007,SKU00375,31,10,23.14
2024-07-01,S007,SKU00060,30,25,30.63
2024-07-01,S007,SKU00076,16,19,16.2
2024-07-01,S007,SKU00285,28,18,16.17
2024-07-01,S007,SKU00017,52,22,22.2
2024-07-01,S007,SKU00310,37,25,23.34
2024-07-01,S007,SKU00371,32,20,23.22
2024-07-01,S007,SKU00306,44,0,13.85
2024-07-01,S007,SKU00267,43,18,32.29
2024-07-01,S007,SKU00092,27,2,6.71
2024-07-01,S007,SKU00296,56,11,18.93
2024-07-01,S007,SKU00215,58,24,20.75
2024-07-01,S007,SKU00174,29,16,23.97
2024-07-01,S007,SKU00023,7,8,23.51
2024-07-01,S007,SKU00132,17,12,18.85
2024-07-01,S007,SKU00143,43,12,9.07
2024-07-01,S007,SKU00214,28,18,47.96
2024-07-01,S007,SKU00225,12,7,14.42
2024-07-01,S007,SKU00253,45,13,19.63
2024-07-01,S007,SKU00377,42,29,24.12
2024-07-01,S007,SKU00383,41,4,21.74
2024-07-01,S007,SKU00244,53,18,14.65
2024-07-01,S007,SKU00300,30,14,19.9
2024-07-01,S007,SKU00235,40,25,17.69
2024-07-01,S007,SKU00362,28,10,17.84
2024-07-01,S007,SKU00357,38,16,14.08
2024-07-01,S007,SKU00219,30,21,24.96
2024-07-01,S007,SKU00030,39,17,9.58
2024-07-01,S007,SKU00293,28,10,28.83
2024-07-01,S007,SKU00342,44,24,17.51
2024-07-01,S007,SKU00118,24,4,9.41
2024-07-01,S007,SKU00091,56,4,16.61
2024-07-01,S007,SKU00184,38,14,15.79
2024-07-01,S007,SKU00129,37,15,17.3
2024-07-01,S007,SKU00247,51,2,19.17
2024-07-01,S007,SKU00140,67,21,22.39
2024-07-01,S007,SKU00135,45,19,21.41
2024-07-01,S007,SKU00074,30,11,28.23
2024-07-01,S007,SKU00339,37,11,14.34
2024-07-01,S007,SKU00398,66,3,31.97
2024-07-01,S007,SKU00224,33,12,28.25
2024-07-01,S007,SKU00314,44,14,15.81
2024-07-01,S007,SKU00052,44,24,25.94
2024-07-01,S007,SKU00324,41,13,27.35
2024-07-01,S007,SKU00370,51,25,19.59
2024-07-01,S007,SKU00323,12,21,17.89
2024-07-01,S007,SKU00042,40,14,27.28
2024-07-01,S007,SKU00363,76,0,19.67
2024-07-01,S007,SKU00159,20,19,20.64
2024-07-01,S007,SKU00046,40,3,11.26
2024-07-01,S007,SKU00260,39,13,16.1
2024-07-01,S007,SKU00120,39,1,10.19
2024-07-01,S007,SKU00207,54,18,16.29
2024-07-01,S008,SKU00364,66,8,20.03
2024-07-01,S008,SKU00219,48,23,24.96
2024-07-01,S008,SKU00280,58,23,11.07
2024-07-01,S008,SKU00040,66,16,18.22
2024-07-01,S008,SKU00254,19,9,12.16
2024-07-01,S008,SKU00138,40,8,9.29
2024-07-01,S008,SKU00240,55,12,30.32
2024-07-01,S008,SKU00334,39,19,7.9
2024-07-01,S008,SKU00041,52,20,19.41
2024-07-01,S008,SKU00026,30,14,28.01
2024-07-01,S008,SKU00305,36,12,19.27
2024-07-01,S008,SKU00297,46,17,20.51
2024-07-01,S008,SKU00359,31,26,12.22
2024-07-01,S008,SKU00172,66,13,9.82
2024-07-01,S008,SKU00079,10,22,18.54
2024-07-01,S008,SKU00008,39,18,14.83
2024-07-01,S008,SKU00083,26,12,22.59
2024-07-01,S008,SKU00039,27,20,31.34
2024-07-01,S008,SKU00082,26,9,18.27
2024-07-01,S008,SKU00012,36,15,6.48
2024-07-01,S008,SKU00117,52,11,14.81
2024-07-01,S008,SKU00042,46,19,27.28
2024-07-01,S008,SKU00262,32,4,6.97
2024-07-01,S008,SKU00170,52,12,19.07
2024-07-01,S008,SKU00064,25,9,14.1
2024-07-01,S008,SKU00169,46,8,15.35
2024-07-01,S008,SKU00296,26,15,18.93
2024-07-01,S008,SKU00022,38,16,10.6
2024-07-01,S008,SKU00197,41,7,14.73
2024-07-01,S008,SKU00251,32,17,16.74
2024-07-01,S008,SKU00378,35,23,16.37
2024-07-01,S008,SKU00289,36,13,20.83
2024-07-01,S008,SKU00058,39,16,33.62
2024-07-01,S008,SKU00018,34,0,11.75
2024-07-01,S008,SKU00182,48,24,22.49
2024-07-01,S008,SKU00340,3,9,14.8
2024-07-01,S008,SKU00369,39,14,27.28
2024-07-01,S008,SKU00069,60,9,10.26
2024-07-01,S008,SKU00061,30,7,13.6
2024-07-01,S008,SKU00273,56,16,21.29
2024-07-01,S008,SKU00015,23,22,25.51
2024-07-01,S008,SKU00101,37,14,13.03
2024-07-01,S008,SKU00231,40,11,23.4
2024-07-01,S008,SKU00269,41,19,13.31
2024-07-01,S008,SKU00111,31,21,22.67
2024-07-01,S008,SKU00081,42,16,16.01
2024-07-01,S008,SKU00291,44,10,20.61
2024-07-01,S008,SKU00278,21,18,29.28
2024-07-01,S008,SKU00391,77,9,20.67
2024-07-01,S008,SKU00325,46,14,11.47
2024-07-01,S008,SKU00333,57,25,19.02
2024-07-01,S008,SKU00062,39,12,21.8
2024-07-01,S008,SKU00285,30,21,16.17
2024-07-01,S008,SKU00375,62,15,23.14
2024-07-01,S008,SKU00349,37,7,11.12
2024-07-01,S008,SKU00144,23,17,12.22
2024-07-01,S008,SKU00318,24,18,20.51
2024-07-01,S008,SKU00355,57,26,17.98
2024-07-01,S008,SKU00383,23,18,21.74
2024-07-01,S008,SKU00036,36,1,15.82
2024-07-01,S009,SKU00030,43,9,9.58
2024-07-01,S009,SKU00224,54,10,28.25
2024-07-01,S009,SKU00282,31,15,31.83
2024-07-01,S009,SKU00010,34,6,22.61
2024-07-01,S009,SKU00057,39,9,19.41
2024-07-01,S009,SKU00333,18,18,19.02
2024-07-01,S009,SKU00245,35,5,19.78
2024-07-01,S009,SKU00182,11,16,22.49
2024-07-01,S009,SKU00070,45,14,19.96
2024-07-01,S009,SKU00283,39,15,35.29
2024-07-01,S009,SKU00393,76,20,7.6
2024-07-01,S009,SKU00271,37,17,41.0
2024-07-01,S009,SKU00137,35,23,32.34
2024-07-01,S009,SKU00391,41,6,20.67
2024-07-01,S009,SKU00139,45,0,19.06
2024-07-01,S009,SKU00126,14,14,25.54
2024-07-01,S009,SKU00171,50,2,26.18
2024-07-01,S009,SKU00169,47,11,15.35
2024-07-01,S009,SKU00250,63,18,22.08
2024-07-01,S009,SKU00366,35,18,12.66
2024-07-01,S009,SKU00163,61,20,15.73
2024-07-01,S009,SKU00099,46,11,12.91
2024-07-01,S009,SKU00330,43,20,28.29
2024-07-01,S009,SKU00319,59,11,18.17
2024-07-01,S009,SKU00299,30,23,21.87
2024-07-01,S009,SKU00154,39,23,36.04
2024-07-01,S009,SKU00105,42,9,24.88
2024-07-01,S009,SKU00392,31,0,28.95
2024-07-01,S009,SKU00260,43,7,16.1
2024-07-01,S009,SKU00198,54,15,25.14
2024-07-01,S009,SKU00342,7,28,17.51
2024-07-01,S009,SKU00207,37,12,16.29
2024-07-01,S009,SKU00343,45,6,25.69
2024-07-01,S009,SKU00080,40,11,21.0
2024-07-01,S009,SKU00295,44,22,21.15
2024-07-01,S009,SKU00159,31,22,20.64
2024-07-01,S009,SKU00111,48,23,22.67
2024-07-01,S009,SKU00344,11,16,6.67
2024-07-01,S009,SKU00398,19,14,31.97
2024-07-01,S009,SKU00359,38,15,12.22
2024-07-01,S009,SKU00082,24,22,18.27
2024-07-01,S009,SKU00128,48,22,12.06
2024-07-01,S009,SKU00209,37,6,40.26
2024-07-01,S009,SKU00378,53,7,16.37
2024-07-01,S009,SKU00117,21,12,14.81
2024-07-01,S009,SKU00305,74,7,19.27
2024-07-01,S009,SKU00131,11,14,22.93
2024-07-01,S009,SKU00317,30,22,22.08
2024-07-01,S009,SKU00230,38,2,28.51
2024-07-01,S009,SKU00286,61,10,25.41
2024-07-01,S009,SKU00200,46,11,35.75
2024-07-01,S009,SKU00365,26,9,9.96
2024-07-01,S009,SKU00227,9,11,38.72
2024-07-01,S009,SKU00196,51,6,14.66
2024-07-01,S009,SKU00065,46,17,21.23
2024-07-01,S009,SKU00178,50,13,23.85
2024-07-01,S009,SKU00176,73,11,14.59
2024-07-01,S009,SKU00109,41,28,32.26
2024-07-01,S009,SKU00107,30,20,27.98
2024-07-01,S009,SKU00367,77,19,23.63
2024-07-01,S010,SKU00092,68,13,6.71
2024-07-01,S010,SKU00310,30,18,23.34
2024-07-01,S010,SKU00083,39,0,22.59
2024-07-01,S010,SKU00367,77,25,23.63
2024-07-01,S010,SKU00035,42,32,34.51
2024-07-01,S010,SKU00306,17,18,13.85
2024-07-01,S010,SKU00394,34,11,10.9
2024-07-01,S010,SKU00050,49,0,9.35
2024-07-01,S010,SKU00232,59,10,17.89
2024-07-01,S010,SKU00373,39,19,43.52
2024-07-01,S010,SKU00230,55,21,28.51
2024-07-01,S010,SKU00102,37,6,7.81
2024-07-01,S010,SKU00069,18,5,10.26
2024-07-01,S010,SKU00272,42,13,18.35
2024-07-01,S010,SKU00248,41,21,24.2
2024-07-01,S010,SKU00010,54,15,22.61
2024-07-01,S010,SKU00097,37,19,11.93
2024-07-01,S010,SKU00282,49,10,31.83
2024-07-01,S010,SKU00284,21,16,20.24
2024-07-01,S010,SKU00283,54,32,35.29
2024-07-01,S010,SKU00322,31,18,9.39
2024-07-01,S010,SKU00335,52,22,10.25
2024-07-01,S010,SKU00227,55,11,38.72
2024-07-01,S010,SKU00047,45,25,30.28
2024-07-01,S010,SKU00159,69,12,20.64
2024-07-01,S010,SKU00125,48,9,14.87
2024-07-01,S010,SKU00316,34,26,9.13
2024-07-01,S010,SKU00001,39,13,20.02
2024-07-01,S010,SKU00120,60,10,10.19
2024-07-01,S010,SKU00345,48,6,21.99
2024-07-01,S010,SKU00296,33,12,18.93
2024-07-01,S010,SKU00158,51,11,7.83
2024-07-01,S010,SKU00262,27,7,6.97
2024-07-01,S010,SKU00105,32,17,24.88
2024-07-01,S010,SKU00091,61,9,16.61
2024-07-01,S010,SKU00291,38,15,20.61
2024-07-01,S010,SKU00224,40,19,28.25
2024-07-01,S010,SKU00005,52,0,5.18
2024-07-01,S010,SKU00369,28,12,27.28
2024-07-01,S010,SKU00329,37,7,21.42
2024-07-01,S010,SKU00342,32,14,17.51
2024-07-01,S010,SKU00205,57,16,13.85
2024-07-01,S010,SKU00354,6,19,16.32
2024-07-01,S010,SKU00054,39,3,12.05
2024-07-01,S010,SKU00154,58,15,36.04
2024-07-01,S010,SKU00074,37,0,28.23
2024-07-01,S010,SKU00309,46,11,27.53
2024-07-01,S010,SKU00026,64,14,28.01
2024-07-01,S010,SKU00386,44,10,24.27
2024-07-01,S010,SKU00080,46,2,21.0
2024-07-01,S010,SKU00030,48,8,9.58
2024-07-01,S010,SKU00377,32,6,24.12
2024-07-01,S010,SKU00112,38,14,17.88
2024-07-01,S010,SKU00146,61,7,30.59
2024-07-01,S010,SKU00160,73,4,18.48
2024-07-01,S010,SKU00182,36,15,22.49
2024-07-01,S010,SKU00062,18,26,21.8
2024-07-01,S010,SKU00099,45,33,12.91
2024-07-01,S010,SKU00147,33,17,26.65
2024-07-01,S010,SKU00239,57,26,7.57
2024-07-01,S011,SKU00200,63,16,35.75
2024-07-01,S011,SKU00144,42,12,12.22
2024-07-01,S011,SKU00280,33,13,11.07
2024-07-01,S011,SKU00199,46,13,28.75
2024-07-01,S011,SKU00388,15,23,18.08
2024-07-01,S011,SKU00257,44,6,12.09
2024-07-01,S011,SKU00112,36,19,17.88
2024-07-01,S011,SKU00385,49,15,24.15
2024-07-01,S011,SKU00386,12,20,24.27
2024-07-01,S011,SKU00099,36,24,12.91
2024-07-01,S011,SKU00180,38,17,18.4
2024-07-01,S011,SKU00186,56,16,24.0
2024-07-01,S011,SKU00387,27,22,19.03
2024-07-01,S011,SKU00229,24,19,28.44
2024-07-01,S011,SKU00345,39,16,21.99
2024-07-01,S011,SKU00069,60,17,10.26
2024-07-01,S011,SKU00045,24,20,19.14
2024-07-01,S011,SKU00245,58,24,19.78
2024-07-01,S011,SKU00067,37,14,12.5
2024-07-01,S011,SKU00121,53,6,21.13
2024-07-01,S011,SKU00116,27,13,40.0
2024-07-01,S011,SKU00091,48,0,16.61
2024-07-01,S011,SKU00290,46,13,20.85
2024-07-01,S011,SKU00048,29,6,35.43
2024-07-01,S011,SKU00076,50,3,16.2
2024-07-01,S011,SKU00030,62,3,9.58
2024-07-01,S011,SKU00162,25,18,23.58
2024-07-01,S011,SKU00005,60,13,5.18
2024-07-01,S011,SKU00192,22,12,15.31
2024-07-01,S011,SKU00357,40,18,14.08
2024-07-01,S011,SKU00070,24,6,19.96
2024-07-01,S011,SKU00317,26,30,22.08
2024-07-01,S011,SKU00090,24,28,19.09
2024-07-01,S011,SKU00203,36,1,27.92
2024-07-01,S011,SKU00026,36,18,28.01
2024-07-01,S011,SKU00268,47,24,22.72
2024-07-01,S011,SKU00024,62,6,19.95
2024-07-01,S011,SKU00377,3,21,24.12
2024-07-01,S011,SKU00027,5,13,8.1
2024-07-01,S011,SKU00281,33,1,24.82
2024-07-01,S011,SKU00119,53,20,21.19
2024-07-01,S011,SKU00190,38,12,23.47
2024-07-01,S011,SKU00299,45,13,21.87
2024-07-01,S011,SKU00291,30,15,20.61
2024-07-01,S011,SKU00060,52,11,30.63
2024-07-01,S011,SKU00302,47,12,11.51
2024-07-01,S011,SKU00301,18,23,13.89
2024-07-01,S011,SKU00046,23,27,11.26
2024-07-01,S011,SKU00339,53,34,14.34
2024-07-01,S011,SKU00018,56,11,11.75
2024-07-01,S011,SKU00042,45,26,27.28
2024-07-01,S011,SKU00337,36,15,20.41
2024-07-01,S011,SKU00107,26,7,27.98
2024-07-01,S011,SKU00209,13,10,40.26
2024-07-01,S011,SKU00207,19,11,16.29
2024-07-01,S011,SKU00134,20,8,22.15
2024-07-01,S011,SKU00154,56,15,36.04
2024-07-01,S011,SKU00043,59,13,24.13
2024-07-01,S011,SKU00316,49,22,9.13
2024-07-01,S011,SKU00075,35,6,19.82
2024-07-01,S012,SKU00120,54,6,10.19
2024-07-01,S012,SKU00035,34,10,34.51
2024-07-01,S012,SKU00248,48,12,24.2
2024-07-01,S012,SKU00302,32,14,11.51
2024-07-01,S012,SKU00113,45,12,20.63
2024-07-01,S012,SKU00199,27,16,28.75
2024-07-01,S012,SKU00265,48,11,15.45
2024-07-01,S012,SKU00209,31,11,40.26
2024-07-01,S012,SKU00193,74,19,26.54
2024-07-01,S012,SKU00109,39,21,32.26
2024-07-01,S012,SKU00118,17,4,9.41
2024-07-01,S012,SKU00139,50,23,19.06
2024-07-01,S012,SKU00225,39,18,14.42
2024-07-01,S012,SKU00348,36,23,24.11
2024-07-01,S012,SKU00019,43,12,14.15
2024-07-01,S012,SKU00063,31,10,13.32
2024-07-01,S012,SKU00195,29,23,20.76
2024-07-01,S012,SKU00318,14,18,20.51
2024-07-01,S012,SKU00291,36,9,20.61
2024-07-01,S012,SKU00325,3,20,11.47
2024-07-01,S012,SKU00257,42,16,12.09
2024-07-01,S012,SKU00250,49,23,22.08
2024-07-01,S012,SKU00213,50,12,21.39
2024-07-01,S012,SKU00016,35,3,20.2
2024-07-01,S012,SKU00114,42,21,16.42
2024-07-01,S012,SKU00012,25,8,6.48
2024-07-01,S012,SKU00356,53,19,6.76
2024-07-01,S012,SKU00351,26,15,20.29
2024-07-01,S012,SKU00336,11,5,21.13
2024-07-01,S012,SKU00299,69,12,21.87
2024-07-01,S012,SKU00045,39,14,19.14
2024-07-01,S012,SKU00323,27,15,17.89
2024-07-01,S012,SKU00160,13,21,18.48
2024-07-01,S012,SKU00008,36,0,14.83
2024-07-01,S012,SKU00099,57,9,12.91
2024-07-01,S012,SKU00331,49,17,9.22
2024-07-01,S012,SKU00342,42,0,17.51
2024-07-01,S012,SKU00132,34,20,18.85
2024-07-01,S012,SKU00106,45,6,11.12
2024-07-01,S012,SKU00297,60,17,20.51
2024-07-01,S012,SKU00188,50,20,22.21
2024-07-01,S012,SKU00224,33,15,28.25
2024-07-01,S012,SKU00072,34,7,22.01
2024-07-01,S012,SKU00020,53,3,19.96
2024-07-01,S012,SKU00124,9,22,18.08
2024-07-01,S012,SKU00191,33,3,24.12
2024-07-01,S012,SKU00148,13,8,18.3
2024-07-01,S012,SKU00134,38,16,22.15
2024-07-01,S012,SKU00161,27,15,6.86
2024-07-01,S012,SKU00249,37,3,14.24
2024-07-01,S012,SKU00038,32,20,22.05
2024-07-01,S012,SKU00246,39,16,19.79
2024-07-01,S012,SKU00001,45,10,20.02
2024-07-01,S012,SKU00335,40,16,10.25
2024-07-01,S012,SKU00247,62,17,19.17
2024-07-01,S012,SKU00003,48,21,19.34
2024-07-01,S012,SKU00004,35,21,9.51
2024-07-01,S012,SKU00092,55,14,6.71
2024-07-01,S012,SKU00180,23,3,18.4
2024-07-01,S012,SKU00083,46,5,22.59
2024-07-01,S013,SKU00052,19,18,25.94
2024-07-01,S013,SKU00284,44,16,20.24
2024-07-01,S013,SKU00035,46,12,34.51
2024-07-01,S013,SKU00358,50,11,20.44
2024-07-01,S013,SKU00258,76,7,29.8
2024-07-01,S013,SKU00290,30,18,20.85
2024-07-01,S013,SKU00021,55,10,21.44
2024-07-01,S013,SKU00177,36,7,24.36
2024-07-01,S013,SKU00203,0,11,27.92
2024-07-01,S013,SKU00191,36,8,24.12
2024-07-01,S013,SKU00063,69,10,13.32
2024-07-01,S013,SKU00107,23,21,27.98
2024-07-01,S013,SKU00213,39,9,21.39
2024-07-01,S013,SKU00131,44,19,22.93
2024-07-01,S013,SKU00248,41,19,24.2
2024-07-01,S013,SKU00254,42,19,12.16
2024-07-01,S013,SKU00264,46,4,13.51
2024-07-01,S013,SKU00294,25,15,21.46
2024-07-01,S013,SKU00026,45,34,28.01
2024-07-01,S013,SKU00370,44,7,19.59
2024-07-01,S013,SKU00158,55,3,7.83
2024-07-01,S013,SKU00180,45,6,18.4
2024-07-01,S013,SKU00359,30,0,12.22
2024-07-01,S013,SKU00368,0,1,14.01
2024-07-01,S013,SKU00299,48,32,21.87
2024-07-01,S013,SKU00278,33,11,29.28
2024-07-01,S013,SKU00087,21,23,9.32
2024-07-01,S013,SKU00148,42,6,18.3
2024-07-01,S013,SKU00014,57,16,17.1
2024-07-01,S013,SKU00257,44,17,12.09
2024-07-01,S013,SKU00161,27,10,6.86
2024-07-01,S013,SKU00261,41,12,33.76
2024-07-01,S013,SKU00144,48,22,12.22
2024-07-01,S013,SKU00272,19,0,18.35
2024-07-01,S013,SKU00069,71,11,10.26
2024-07-01,S013,SKU00054,61,5,12.05
2024-07-01,S013,SKU00391,29,12,20.67
2024-07-01,S013,SKU00225,40,17,14.42
2024-07-01,S013,SKU00238,44,20,47.65
2024-07-01,S013,SKU00251,44,23,16.74
2024-07-01,S013,SKU00051,39,4,21.15
2024-07-01,S013,SKU00350,23,23,24.41
2024-07-01,S013,SKU00274,36,0,8.22
2024-07-01,S013,SKU00109,37,21,32.26
2024-07-01,S013,SKU00354,66,18,16.32
2024-07-01,S013,SKU00086,29,18,27.42
2024-07-01,S013,SKU00029,40,12,18.21
2024-07-01,S013,SKU00293,34,21,28.83
2024-07-01,S013,SKU00137,41,1,32.34
2024-07-01,S013,SKU00196,46,8,14.66
2024-07-01,S013,SKU00303,54,9,27.57
2024-07-01,S013,SKU00279,11,13,18.46
2024-07-01,S013,SKU00027,42,8,8.1
2024-07-01,S013,SKU00070,31,9,19.96
2024-07-01,S013,SKU00172,37,19,9.82
2024-07-01,S013,SKU00176,45,16,14.59
2024-07-01,S013,SKU00209,32,18,40.26
2024-07-01,S013,SKU00222,32,19,21.69
2024-07-01,S013,SKU00142,22,22,22.57
2024-07-01,S013,SKU00333,24,21,19.02
2024-07-01,S014,SKU00038,45,6,22.05
2024-07-01,S014,SKU00274,35,17,8.22
2024-07-01,S014,SKU00071,43,19,18.24
2024-07-01,S014,SKU00013,23,27,15.96
2024-07-01,S014,SKU00252,43,21,35.29
2024-07-01,S014,SKU00025,19,23,18.13
2024-07-01,S014,SKU00161,15,13,6.86
2024-07-01,S014,SKU00388,44,19,18.08
2024-07-01,S014,SKU00231,20,24,23.4
2024-07-01,S014,SKU00343,45,23,25.69
2024-07-01,S014,SKU00380,51,15,21.56
2024-07-01,S014,SKU00135,39,21,21.41
2024-07-01,S014,SKU00279,41,23,18.46
2024-07-01,S014,SKU00375,26,7,23.14
2024-07-01,S014,SKU00386,41,13,24.27
2024-07-01,S014,SKU00395,30,7,14.64
2024-07-01,S014,SKU00050,35,19,9.35
2024-07-01,S014,SKU00301,63,20,13.89
2024-07-01,S014,SKU00174,6,5,23.97
2024-07-01,S014,SKU00141,43,17,34.29
2024-07-01,S014,SKU00061,26,14,13.6
2024-07-01,S014,SKU00340,58,10,14.8
2024-07-01,S014,SKU00100,64,5,7.48
2024-07-01,S014,SKU00076,40,0,16.2
2024-07-01,S014,SKU00370,53,33,19.59
2024-07-01,S014,SKU00121,34,12,21.13
2024-07-01,S014,SKU00156,52,15,13.5
2024-07-01,S014,SKU00354,27,23,16.32
2024-07-01,S014,SKU00322,18,7,9.39
2024-07-01,S014,SKU00144,77,15,12.22
2024-07-01,S014,SKU00030,43,3,9.58
2024-07-01,S014,SKU00005,40,12,5.18
2024-07-01,S014,SKU00016,42,22,20.2
2024-07-01,S014,SKU00267,18,12,32.29
2024-07-01,S014,SKU00032,22,23,26.13
2024-07-01,S014,SKU00138,32,15,9.29
2024-07-01,S014,SKU00126,63,13,25.54
2024-07-01,S014,SKU00008,40,11,14.83
2024-07-01,S014,SKU00269,46,13,13.31
2024-07-01,S014,SKU00310,35,1,23.34
2024-07-01,S014,SKU00329,53,15,21.42
2024-07-01,S014,SKU00147,75,15,26.65
2024-07-01,S014,SKU00137,42,19,32.34
2024-07-01,S014,SKU00376,36,23,22.09
2024-07-01,S014,SKU00186,30,5,24.0
2024-07-01,S014,SKU00204,43,7,22.75
2024-07-01,S014,SKU00041,39,12,19.41
2024-07-01,S014,SKU00266,44,7,15.48
2024-07-01,S014,SKU00084,25,2,22.85
2024-07-01,S014,SKU00324,46,19,27.35
2024-07-01,S014,SKU00059,46,13,18.63
2024-07-01,S014,SKU00257,54,15,12.09
2024-07-01,S014,SKU00090,18,7,19.09
2024-07-01,S014,SKU00098,37,15,23.96
2024-07-01,S014,SKU00075,54,14,19.82
2024-07-01,S014,SKU00328,22,23,20.31
2024-07-01,S014,SKU00238,62,12,47.65
2024-07-01,S014,SKU00364,34,18,20.03
2024-07-01,S014,SKU00208,45,20,7.02
2024-07-01,S014,SKU00377,35,29,24.12
2024-07-01,S015,SKU00212,22,8,8.51
2024-07-01,S015,SKU00283,70,16,35.29
2024-07-01,S015,SKU00278,39,21,29.28
2024-07-01,S015,SKU00243,22,21,20.2
2024-07-01,S015,SKU00005,66,20,5.18
2024-07-01,S015,SKU00117,46,7,14.81
2024-07-01,S015,SKU00111,55,4,22.67
2024-07-01,S015,SKU00091,23,13,16.61
2024-07-01,S015,SKU00195,43,19,20.76
2024-07-01,S015,SKU00159,41,23,20.64
2024-07-01,S015,SKU00247,34,26,19.17
2024-07-01,S015,SKU00032,25,18,26.13
2024-07-01,S015,SKU00313,34,14,21.61
2024-07-01,S015,SKU00018,55,19,11.75
2024-07-01,S015,SKU00204,24,19,22.75
2024-07-01,S015,SKU00256,32,13,16.17
2024-07-01,S015,SKU00174,58,18,23.97
2024-07-01,S015,SKU00200,40,26,35.75
2024-07-01,S015,SKU00334,2,10,7.9
2024-07-01,S015,SKU00236,63,22,14.52
2024-07-01,S015,SKU00202,13,25,41.7
2024-07-01,S015,SKU00378,22,17,16.37
2024-07-01,S015,SKU00214,51,19,47.96
2024-07-01,S015,SKU00149,33,17,16.9
2024-07-01,S015,SKU00340,38,17,14.8
2024-07-01,S015,SKU00055,14,18,24.5
2024-07-01,S015,SKU00024,11,18,19.95
2024-07-01,S015,SKU00003,43,11,19.34
2024-07-01,S015,SKU00377,20,17,24.12
2024-07-01,S015,SKU00320,54,18,13.56
2024-07-01,S015,SKU00103,38,12,12.99
2024-07-01,S015,SKU00228,43,26,42.12
2024-07-01,S015,SKU00393,11,17,7.6
2024-07-01,S015,SKU00136,19,11,21.43
2024-07-01,S015,SKU00191,47,7,24.12
2024-07-01,S015,SKU00029,44,28,18.21
2024-07-01,S015,SKU00071,45,8,18.24
2024-07-01,S015,SKU00040,30,24,18.22
2024-07-01,S015,SKU00080,67,15,21.0
2024-07-01,S015,SKU00130,33,34,29.35
2024-07-01,S015,SKU00052,20,30,25.94
2024-07-01,S015,SKU00132,42,12,18.85
2024-07-01,S015,SKU00338,61,3,23.32
2024-07-01,S015,SKU00016,14,3,20.2
2024-07-01,S015,SKU00224,55,23,28.25
2024-07-01,S015,SKU00372,40,18,8.73
2024-07-01,S015,SKU00116,25,25,40.0
2024-07-01,S015,SKU00001,60,5,20.02
2024-07-01,S015,SKU00274,59,5,8.22
2024-07-01,S015,SKU00252,38,2,35.29
2024-07-01,S015,SKU00133,4,10,10.11
2024-07-01,S015,SKU00216,41,18,35.17
2024-07-01,S015,SKU00257,20,10,12.09
2024-07-01,S015,SKU00066,34,14,21.71
2024-07-01,S015,SKU00177,33,6,24.36
2024-07-01,S015,SKU00138,41,10,9.29
2024-07-01,S015,SKU00346,40,17,46.67
2024-07-01,S015,SKU00316,16,15,9.13
2024-07-01,S015,SKU00242,63,1,23.88
2024-07-01,S015,SKU00100,45,19,7.48
2024-07-01,S016,SKU00373,49,21,43.52
2024-07-01,S016,SKU00153,38,12,27.58
2024-07-01,S016,SKU00116,50,14,40.0
2024-07-01,S016,SKU00062,23,26,21.8
2024-07-01,S016,SKU00066,28,17,21.71
2024-07-01,S016,SKU00087,42,8,9.32
2024-07-01,S016,SKU00245,24,29,19.78
2024-07-01,S016,SKU00121,35,14,21.13
2024-07-01,S016,SKU00084,69,16,22.85
2024-07-01,S016,SKU00146,56,16,30.59
2024-07-01,S016,SKU00226,46,7,37.85
2024-07-01,S016,SKU00145,49,19,13.72
2024-07-01,S016,SKU00263,33,18,12.54
2024-07-01,S016,SKU00111,41,11,22.67
2024-07-01,S016,SKU00003,22,17,19.34
2024-07-01,S016,SKU00188,17,18,22.21
2024-07-01,S016,SKU00029,34,7,18.21
2024-07-01,S016,SKU00344,31,13,6.67
2024-07-01,S016,SKU00195,22,26,20.76
2024-07-01,S016,SKU00232,56,10,17.89
2024-07-01,S016,SKU00181,39,14,21.21
2024-07-01,S016,SKU00260,44,9,16.1
2024-07-01,S016,SKU00131,33,15,22.93
2024-07-01,S016,SKU00258,19,4,29.8
2024-07-01,S016,SKU00207,60,14,16.29
2024-07-01,S016,SKU00072,44,19,22.01
2024-07-01,S016,SKU00010,28,25,22.61
2024-07-01,S016,SKU00274,51,21,8.22
2024-07-01,S016,SKU00277,30,13,17.75
2024-07-01,S016,SKU00061,53,13,13.6
2024-07-01,S016,SKU00269,33,15,13.31
2024-07-01,S016,SKU00197,51,26,14.73
2024-07-01,S016,SKU00085,32,16,21.5
2024-07-01,S016,SKU00038,14,8,22.05
2024-07-01,S016,SKU00200,45,15,35.75
2024-07-01,S016,SKU00080,37,13,21.0
2024-07-01,S016,SKU00329,0,13,21.42
2024-07-01,S016,SKU00069,32,18,10.26
2024-07-01,S016,SKU00400,54,22,16.59
2024-07-01,S016,SKU00052,50,19,25.94
2024-07-01,S016,SKU00246,26,13,19.79
2024-07-01,S016,SKU00167,36,22,11.09
2024-07-01,S016,SKU00185,53,21,22.74
2024-07-01,S016,SKU00109,49,22,32.26
2024-07-01,S016,SKU00095,16,22,27.04
2024-07-01,S016,SKU00371,30,0,23.22
2024-07-01,S016,SKU00049,48,11,21.35
2024-07-01,S016,SKU00032,41,17,26.13
2024-07-01,S016,SKU00174,52,10,23.97
2024-07-01,S016,SKU00273,38,21,21.29
2024-07-01,S016,SKU00278,27,21,29.28
2024-07-01,S016,SKU00119,36,11,21.19
2024-07-01,S016,SKU00315,20,7,25.73
2024-07-01,S016,SKU00169,20,14,15.35
2024-07-01,S016,SKU00271,28,12,41.0
2024-07-01,S016,SKU00396,55,21,6.08
2024-07-01,S016,SKU00279,59,16,18.46
2024-07-01,S016,SKU00162,31,13,23.58
2024-07-01,S016,SKU00105,45,20,24.88
2024-07-01,S016,SKU00297,43,20,20.51
2024-07-01,S017,SKU00326,15,15,21.09
2024-07-01,S017,SKU00065,17,14,21.23
2024-07-01,S017,SKU00217,44,12,19.37
2024-07-01,S017,SKU00214,30,15,47.96
2024-07-01,S017,SKU00128,78,4,12.06
2024-07-01,S017,SKU00338,49,24,23.32
2024-07-01,S017,SKU00321,54,14,8.77
2024-07-01,S017,SKU00399,47,7,25.01
2024-07-01,S017,SKU00086,64,14,27.42
2024-07-01,S017,SKU00181,69,2,21.21
2024-07-01,S017,SKU00379,23,13,19.61
2024-07-01,S017,SKU00286,27,20,25.41
2024-07-01,S017,SKU00396,26,21,6.08
2024-07-01,S017,SKU00087,38,18,9.32
2024-07-01,S017,SKU00195,28,14,20.76
2024-07-01,S017,SKU00027,24,8,8.1
2024-07-01,S017,SKU00148,45,2,18.3
2024-07-01,S017,SKU00294,45,18,21.46
2024-07-01,S017,SKU00184,56,24,15.79
2024-07-01,S017,SKU00004,46,2,9.51
2024-07-01,S017,SKU00386,35,13,24.27
2024-07-01,S017,SKU00283,31,10,35.29
2024-07-01,S017,SKU00163,67,9,15.73
2024-07-01,S017,SKU00355,47,28,17.98
2024-07-01,S017,SKU00381,54,23,29.5
2024-07-01,S017,SKU00055,49,17,24.5
2024-07-01,S017,SKU00213,59,20,21.39
2024-07-01,S017,SKU00162,69,20,23.58
2024-07-01,S017,SKU00064,39,29,14.1
2024-07-01,S017,SKU00244,31,12,14.65
2024-07-01,S017,SKU00350,49,20,24.41
2024-07-01,S017,SKU00120,46,17,10.19
2024-07-01,S017,SKU00175,54,11,22.23
2024-07-01,S017,SKU00302,8,20,11.51
2024-07-01,S017,SKU00123,58,13,17.11
2024-07-01,S017,SKU00209,61,14,40.26
2024-07-01,S017,SKU00030,34,16,9.58
2024-07-01,S017,SKU00172,52,10,9.82
2024-07-01,S017,SKU00063,28,19,13.32
2024-07-01,S017,SKU00212,39,25,8.51
2024-07-01,S017,SKU00059,37,21,18.63
2024-07-01,S017,SKU00305,25,11,19.27
2024-07-01,S017,SKU00101,36,22,13.03
2024-07-01,S017,SKU00096,26,18,19.19
2024-07-01,S017,SKU00342,36,19,17.51
2024-07-01,S017,SKU00368,31,18,14.01
2024-07-01,S017,SKU00017,32,15,22.2
2024-07-01,S017,SKU00228,32,14,42.12
2024-07-01,S017,SKU00147,47,15,26.65
2024-07-01,S017,SKU00261,46,4,33.76
2024-07-01,S017,SKU00237,31,13,22.91
2024-07-01,S017,SKU00316,49,16,9.13
2024-07-01,S017,SKU00075,19,17,19.82
2024-07-01,S017,SKU00332,30,12,53.2
2024-07-01,S017,SKU00277,47,7,17.75
2024-07-01,S017,SKU00077,23,11,7.81
2024-07-01,S017,SKU00365,28,13,9.96
2024-07-01,S017,SKU00364,34,9,20.03
2024-07-01,S017,SKU00110,43,23,22.59
2024-07-01,S017,SKU00197,41,17,14.73
2024-07-01,S018,SKU00173,49,21,24.41
2024-07-01,S018,SKU00281,53,15,24.82
2024-07-01,S018,SKU00256,32,9,16.17
2024-07-01,S018,SKU00288,54,19,22.22
2024-07-01,S018,SKU00202,65,21,41.7
2024-07-01,S018,SKU00323,37,21,17.89
2024-07-01,S018,SKU00385,26,11,24.15
2024-07-01,S018,SKU00026,28,18,28.01
2024-07-01,S018,SKU00271,34,18,41.0
2024-07-01,S018,SKU00075,29,11,19.82
2024-07-01,S018,SKU00033,45,7,10.76
2024-07-01,S018,SKU00082,61,9,18.27
2024-07-01,S018,SKU00284,6,6,20.24
2024-07-01,S018,SKU00159,54,22,20.64
2024-07-01,S018,SKU00106,51,17,11.12
2024-07-01,S018,SKU00034,16,14,25.34
2024-07-01,S018,SKU00220,36,12,23.06
2024-07-01,S018,SKU00300,31,26,19.9
2024-07-01,S018,SKU00277,49,17,17.75
2024-07-01,S018,SKU00319,45,14,18.17
2024-07-01,S018,SKU00230,50,10,28.51
2024-07-01,S018,SKU00166,35,20,26.57
2024-07-01,S018,SKU00151,65,7,7.16
2024-07-01,S018,SKU00022,33,27,10.6
2024-07-01,S018,SKU00038,47,16,22.05
2024-07-01,S018,SKU00314,47,22,15.81
2024-07-01,S018,SKU00320,55,16,13.56
2024-07-01,S018,SKU00225,50,6,14.42
2024-07-01,S018,SKU00261,32,1,33.76
2024-07-01,S018,SKU00010,31,9,22.61
2024-07-01,S018,SKU00170,43,3,19.07
2024-07-01,S018,SKU00204,40,15,22.75
2024-07-01,S018,SKU00133,33,18,10.11
2024-07-01,S018,SKU00255,38,11,33.68
2024-07-01,S018,SKU00070,34,3,19.96
2024-07-01,S018,SKU00364,57,8,20.03
2024-07-01,S018,SKU00394,37,24,10.9
2024-07-01,S018,SKU00110,52,26,22.59
2024-07-01,S018,SKU00149,39,26,16.9
2024-07-01,S018,SKU00124,33,5,18.08
2024-07-01,S018,SKU00297,39,29,20.51
2024-07-01,S018,SKU00207,43,7,16.29
2024-07-01,S018,SKU00065,44,16,21.23
2024-07-01,S018,SKU00029,38,13,18.21
2024-07-01,S018,SKU00154,19,17,36.04
2024-07-01,S018,SKU00144,23,17,12.22
2024-07-01,S018,SKU00383,48,20,21.74
2024-07-01,S018,SKU00069,28,20,10.26
2024-07-01,S018,SKU00382,36,21,8.38
2024-07-01,S018,SKU00090,3,10,19.09
2024-07-01,S018,SKU00226,39,23,37.85
2024-07-01,S018,SKU00387,29,7,19.03
2024-07-01,S018,SKU00233,47,14,14.08
2024-07-01,S018,SKU00098,48,10,23.96
2024-07-01,S018,SKU00346,54,10,46.67
2024-07-01,S018,SKU00163,32,16,15.73
2024-07-01,S018,SKU00296,44,20,18.93
2024-07-01,S018,SKU00264,55,19,13.51
2024-07-01,S018,SKU00262,12,20,6.97
2024-07-01,S018,SKU00357,48,19,14.08
2024-07-01,S019,SKU00216,46,16,35.17
2024-07-01,S019,SKU00331,17,17,9.22
2024-07-01,S019,SKU00339,8,14,14.34
2024-07-01,S019,SKU00186,30,14,24.0
2024-07-01,S019,SKU00207,59,17,16.29
2024-07-01,S019,SKU00251,30,13,16.74
2024-07-01,S019,SKU00367,58,20,23.63
2024-07-01,S019,SKU00386,41,20,24.27
2024-07-01,S019,SKU00011,32,12,17.51
2024-07-01,S019,SKU00101,33,17,13.03
2024-07-01,S019,SKU00191,28,15,24.12
2024-07-01,S019,SKU00206,39,17,12.31
2024-07-01,S019,SKU00255,30,6,33.68
2024-07-01,S019,SKU00044,35,11,16.43
2024-07-01,S019,SKU00389,21,12,26.23
2024-07-01,S019,SKU00231,40,16,23.4
2024-07-01,S019,SKU00161,40,8,6.86
2024-07-01,S019,SKU00166,27,11,26.57
2024-07-01,S019,SKU00326,29,7,21.09
2024-07-01,S019,SKU00317,84,15,22.08
2024-07-01,S019,SKU00146,54,20,30.59
2024-07-01,S019,SKU00102,34,15,7.81
2024-07-01,S019,SKU00194,37,2,15.09
2024-07-01,S019,SKU00325,18,21,11.47
2024-07-01,S019,SKU00088,44,20,27.73
2024-07-01,S019,SKU00383,30,19,21.74
2024-07-01,S019,SKU00064,37,17,14.1
2024-07-01,S019,SKU00152,45,7,34.48
2024-07-01,S019,SKU00068,40,22,9.04
2024-07-01,S019,SKU00248,35,17,24.2
2024-07-01,S019,SKU00048,14,3,35.43
2024-07-01,S019,SKU00040,40,10,18.22
2024-07-01,S019,SKU00225,34,16,14.42
2024-07-01,S019,SKU00130,21,20,29.35
2024-07-01,S019,SKU00210,47,20,17.08
2024-07-01,S019,SKU00221,57,22,18.46
2024-07-01,S019,SKU00267,43,8,32.29
2024-07-01,S019,SKU00001,38,25,20.02
2024-07-01,S019,SKU00056,34,24,21.74
2024-07-01,S019,SKU00395,26,16,14.64
2024-07-01,S019,SKU00335,34,15,10.25
2024-07-01,S019,SKU00126,46,11,25.54
2024-07-01,S019,SKU00091,57,14,16.61
2024-07-01,S019,SKU00282,40,4,31.83
2024-07-01,S019,SKU00159,54,15,20.64
2024-07-01,S019,SKU00133,33,11,10.11
2024-07-01,S019,SKU00110,17,24,22.59
2024-07-01,S019,SKU00185,41,23,22.74
2024-07-01,S019,SKU00114,19,15,16.42
2024-07-01,S019,SKU00238,53,13,47.65
2024-07-01,S019,SKU00226,21,16,37.85
2024-07-01,S019,SKU00385,49,8,24.15
2024-07-01,S019,SKU00398,50,15,31.97
2024-07-01,S019,SKU00106,34,17,11.12
2024-07-01,S019,SKU00163,25,24,15.73
2024-07-01,S019,SKU00023,37,25,23.51
2024-07-01,S019,SKU00301,47,19,13.89
2024-07-01,S019,SKU00265,50,27,15.45
2024-07-01,S019,SKU00287,28,12,23.44
2024-07-01,S019,SKU00362,55,24,17.84
2024-07-01,S020,SKU00059,42,16,18.63
2024-07-01,S020,SKU00088,33,5,27.73
2024-07-01,S020,SKU00397,48,23,24.95
2024-07-01,S020,SKU00351,52,15,20.29
2024-07-01,S020,SKU00244,53,16,14.65
2024-07-01,S020,SKU00400,29,18,16.59
2024-07-01,S020,SKU00394,49,19,10.9
2024-07-01,S020,SKU00209,30,13,40.26
2024-07-01,S020,SKU00140,44,16,22.39
2024-07-01,S020,SKU00391,23,15,20.67
2024-07-01,S020,SKU00296,31,11,18.93
2024-07-01,S020,SKU00123,39,18,17.11
2024-07-01,S020,SKU00164,40,13,20.75
2024-07-01,S020,SKU00160,34,6,18.48
2024-07-01,S020,SKU00377,54,12,24.12
2024-07-01,S020,SKU00139,22,8,19.06
2024-07-01,S020,SKU00185,24,3,22.74
2024-07-01,S020,SKU00294,42,17,21.46
2024-07-01,S020,SKU00357,36,1,14.08
2024-07-01,S020,SKU00252,31,15,35.29
2024-07-01,S020,SKU00355,50,15,17.98
2024-07-01,S020,SKU00300,41,9,19.9
2024-07-01,S020,SKU00198,32,6,25.14
2024-07-01,S020,SKU00229,28,19,28.44
2024-07-01,S020,SKU00265,26,22,15.45
2024-07-01,S020,SKU00100,67,20,7.48
2024-07-01,S020,SKU00186,54,27,24.0
2024-07-01,S020,SKU00325,46,13,11.47
2024-07-01,S020,SKU00138,47,11,9.29
2024-07-01,S020,SKU00021,23,22,21.44
2024-07-01,S020,SKU00057,24,11,19.41
2024-07-01,S020,SKU00143,33,14,9.07
2024-07-01,S020,SKU00286,32,25,25.41
2024-07-01,S020,SKU00086,40,25,27.42
2024-07-01,S020,SKU00152,28,18,34.48
2024-07-01,S020,SKU00378,30,7,16.37
2024-07-01,S020,SKU00268,41,6,22.72
2024-07-01,S020,SKU00337,6,14,20.41
2024-07-01,S020,SKU00147,39,16,26.65
2024-07-01,S020,SKU00243,51,18,20.2
2024-07-01,S020,SKU00184,42,3,15.79
2024-07-01,S020,SKU00203,41,9,27.92
2024-07-01,S020,SKU00261,39,25,33.76
2024-07-01,S020,SKU00104,39,11,30.27
2024-07-01,S020,SKU00189,51,3,21.3
2024-07-01,S020,SKU00168,20,5,18.6
2024-07-01,S020,SKU00036,41,8,15.82
2024-07-01,S020,SKU00336,41,27,21.13
2024-07-01,S020,SKU00303,35,26,27.57
2024-07-01,S020,SKU00022,25,7,10.6
2024-07-01,S020,SKU00248,62,20,24.2
2024-07-01,S020,SKU00320,69,12,13.56
2024-07-01,S020,SKU00179,51,19,8.72
2024-07-01,S020,SKU00087,46,21,9.32
2024-07-01,S020,SKU00379,67,9,19.61
2024-07-01,S020,SKU00245,52,7,19.78
2024-07-01,S020,SKU00075,41,14,19.82
2024-07-01,S020,SKU00154,31,12,36.04
2024-07-01,S020,SKU00367,31,28,23.63
2024-07-01,S020,SKU00094,33,25,30.76
2024-07-01,S021,SKU00145,18,20,13.72
2024-07-01,S021,SKU00330,9,13,28.29
2024-07-01,S021,SKU00395,36,15,14.64
2024-07-01,S021,SKU00095,35,10,27.04
2024-07-01,S021,SKU00390,31,28,20.94
2024-07-01,S021,SKU00308,35,18,33.04
2024-07-01,S021,SKU00127,58,13,18.2
2024-07-01,S021,SKU00333,23,14,19.02
2024-07-01,S021,SKU00142,35,0,22.57
2024-07-01,S021,SKU00353,76,19,28.84
2024-07-01,S021,SKU00060,42,23,30.63
2024-07-01,S021,SKU00105,57,13,24.88
2024-07-01,S021,SKU00222,41,0,21.69
2024-07-01,S021,SKU00077,29,21,7.81
2024-07-01,S021,SKU00190,13,5,23.47
2024-07-01,S021,SKU00033,59,17,10.76
2024-07-01,S021,SKU00093,55,12,20.73
2024-07-01,S021,SKU00170,48,10,19.07
2024-07-01,S021,SKU00124,24,4,18.08
2024-07-01,S021,SKU00003,30,10,19.34
2024-07-01,S021,SKU00061,50,21,13.6
2024-07-01,S021,SKU00232,26,21,17.89
2024-07-01,S021,SKU00396,44,2,6.08
2024-07-01,S021,SKU00016,12,14,20.2
2024-07-01,S021,SKU00121,7,21,21.13
2024-07-01,S021,SKU00152,56,16,34.48
2024-07-01,S021,SKU00092,38,19,6.71
2024-07-01,S021,SKU00153,54,17,27.58
2024-07-01,S021,SKU00371,67,13,23.22
2024-07-01,S021,SKU00348,51,2,24.11
2024-07-01,S021,SKU00327,21,22,24.66
2024-07-01,S021,SKU00198,36,28,25.14
2024-07-01,S021,SKU00381,62,23,29.5
2024-07-01,S021,SKU00208,50,14,7.02
2024-07-01,S021,SKU00387,14,24,19.03
2024-07-01,S021,SKU00183,39,5,7.71
2024-07-01,S021,SKU00021,24,9,21.44
2024-07-01,S021,SKU00264,39,10,13.51
2024-07-01,S021,SKU00233,27,11,14.08
2024-07-01,S021,SKU00384,31,6,6.97
2024-07-01,S021,SKU00182,34,23,22.49
2024-07-01,S021,SKU00039,60,22,31.34
2024-07-01,S021,SKU00275,31,12,24.1
2024-07-01,S021,SKU00030,19,14,9.58
2024-07-01,S021,SKU00192,39,25,15.31
2024-07-01,S021,SKU00052,28,18,25.94
2024-07-01,S021,SKU00361,23,25,22.51
2024-07-01,S021,SKU00056,46,8,21.74
2024-07-01,S021,SKU00184,44,16,15.79
2024-07-01,S021,SKU00013,50,0,15.96
2024-07-01,S021,SKU00156,34,8,13.5
2024-07-01,S021,SKU00078,40,23,9.74
2024-07-01,S021,SKU00216,33,12,35.17
2024-07-01,S021,SKU00352,39,8,23.46
2024-07-01,S021,SKU00312,64,5,19.86
2024-07-01,S021,SKU00370,48,12,19.59
2024-07-01,S021,SKU00108,44,15,8.67
2024-07-01,S021,SKU00202,25,17,41.7
2024-07-01,S021,SKU00304,24,25,13.37
2024-07-01,S021,SKU00017,47,24,22.2
2024-07-01,S022,SKU00128,14,12,12.06
2024-07-01,S022,SKU00072,56,11,22.01
2024-07-01,S022,SKU00243,45,17,20.2
2024-07-01,S022,SKU00013,36,5,15.96
2024-07-01,S022,SKU00285,75,7,16.17
2024-07-01,S022,SKU00259,49,12,16.74
2024-07-01,S022,SKU00184,45,14,15.79
2024-07-01,S022,SKU00212,28,18,8.51
2024-07-01,S022,SKU00240,53,16,30.32
2024-07-01,S022,SKU00200,53,13,35.75
2024-07-01,S022,SKU00298,54,21,11.72
2024-07-01,S022,SKU00205,33,14,13.85
2024-07-01,S022,SKU00384,47,15,6.97
2024-07-01,S022,SKU00110,55,14,22.59
2024-07-01,S022,SKU00273,31,7,21.29
2024-07-01,S022,SKU00294,47,23,21.46
2024-07-01,S022,SKU00159,51,24,20.64
2024-07-01,S022,SKU00366,29,10,12.66
2024-07-01,S022,SKU00005,29,15,5.18
2024-07-01,S022,SKU00398,46,16,31.97
2024-07-01,S022,SKU00008,41,8,14.83
2024-07-01,S022,SKU00069,41,13,10.26
2024-07-01,S022,SKU00183,22,13,7.71
2024-07-01,S022,SKU00137,44,10,32.34
2024-07-01,S022,SKU00386,15,13,24.27
2024-07-01,S022,SKU00331,49,19,9.22
2024-07-01,S022,SKU00085,37,21,21.5
2024-07-01,S022,SKU00012,44,13,6.48
2024-07-01,S022,SKU00237,39,12,22.91
2024-07-01,S022,SKU00163,63,13,15.73
2024-07-01,S022,SKU00021,11,22,21.44
2024-07-01,S022,SKU00278,41,20,29.28
2024-07-01,S022,SKU00086,41,25,27.42
2024-07-01,S022,SKU00097,33,13,11.93
2024-07-01,S022,SKU00372,25,14,8.73
2024-07-01,S022,SKU00081,40,16,16.01
2024-07-01,S022,SKU00244,54,27,14.65
2024-07-01,S022,SKU00004,4,20,9.51
2024-07-01,S022,SKU00134,40,25,22.15
2024-07-01,S022,SKU00094,38,12,30.76
2024-07-01,S022,SKU00321,45,21,8.77
2024-07-01,S022,SKU00197,46,7,14.73
2024-07-01,S022,SKU00352,47,14,23.46
2024-07-01,S022,SKU00099,37,4,12.91
2024-07-01,S022,SKU00257,29,17,12.09
2024-07-01,S022,SKU00034,37,6,25.34
2024-07-01,S022,SKU00120,40,20,10.19
2024-07-01,S022,SKU00126,22,13,25.54
2024-07-01,S022,SKU00138,25,15,9.29
2024-07-01,S022,SKU00332,17,14,53.2
2024-07-01,S022,SKU00338,51,24,23.32
2024-07-01,S022,SKU00049,54,24,21.35
2024-07-01,S022,SKU00365,18,12,9.96
2024-07-01,S022,SKU00313,31,15,21.61
2024-07-01,S022,SKU00125,44,17,14.87
2024-07-01,S022,SKU00140,56,4,22.39
2024-07-01,S022,SKU00389,59,19,26.23
2024-07-01,S022,SKU00300,36,4,19.9
2024-07-01,S022,SKU00178,47,10,23.85
2024-07-01,S022,SKU00142,45,20,22.57
2024-07-01,S023,SKU00270,28,29,23.19
2024-07-01,S023,SKU00021,38,17,21.44
2024-07-01,S023,SKU00049,29,4,21.35
2024-07-01,S023,SKU00036,45,17,15.82
2024-07-01,S023,SKU00202,49,23,41.7
2024-07-01,S023,SKU00377,40,6,24.12
2024-07-01,S023,SKU00210,37,9,17.08
2024-07-01,S023,SKU00152,63,23,34.48
2024-07-01,S023,SKU00139,16,15,19.06
2024-07-01,S023,SKU00367,12,15,23.63
2024-07-01,S023,SKU00321,36,21,8.77
2024-07-01,S023,SKU00056,48,19,21.74
2024-07-01,S023,SKU00053,58,24,26.92
2024-07-01,S023,SKU00225,42,29,14.42
2024-07-01,S023,SKU00079,51,0,18.54
2024-07-01,S023,SKU00263,29,27,12.54
2024-07-01,S023,SKU00043,51,23,24.13
2024-07-01,S023,SKU00127,43,13,18.2
2024-07-01,S023,SKU00022,33,10,10.6
2024-07-01,S023,SKU00311,73,27,23.51
2024-07-01,S023,SKU00007,48,10,12.89
2024-07-01,S023,SKU00075,27,17,19.82
2024-07-01,S023,SKU00023,60,15,23.51
2024-07-01,S023,SKU00096,48,12,19.19
2024-07-01,S023,SKU00332,23,23,53.2
2024-07-01,S023,SKU00274,44,27,8.22
2024-07-01,S023,SKU00359,61,15,12.22
2024-07-01,S023,SKU00212,41,23,8.51
2024-07-01,S023,SKU00018,54,4,11.75
2024-07-01,S023,SKU00145,44,9,13.72
2024-07-01,S023,SKU00288,58,16,22.22
2024-07-01,S023,SKU00095,57,3,27.04
2024-07-01,S023,SKU00102,54,3,7.81
2024-07-01,S023,SKU00116,38,15,40.0
2024-07-01,S023,SKU00017,52,20,22.2
2024-07-01,S023,SKU00088,35,13,27.73
2024-07-01,S023,SKU00072,34,12,22.01
2024-07-01,S023,SKU00268,45,2,22.72
2024-07-01,S023,SKU00343,43,12,25.69
2024-07-01,S023,SKU00237,48,8,22.91
2024-07-01,S023,SKU00275,46,12,24.1
2024-07-01,S023,SKU00309,47,14,27.53
2024-07-01,S023,SKU00080,51,16,21.0
2024-07-01,S023,SKU00092,24,16,6.71
2024-07-01,S023,SKU00004,50,19,9.51
2024-07-01,S023,SKU00014,66,13,17.1
2024-07-01,S023,SKU00292,31,9,27.78
2024-07-01,S023,SKU00336,65,7,21.13
2024-07-01,S023,SKU00281,9,17,24.82
2024-07-01,S023,SKU00063,15,2,13.32
2024-07-01,S023,SKU00134,37,21,22.15
2024-07-01,S023,SKU00272,45,3,18.35
2024-07-01,S023,SKU00386,56,17,24.27
2024-07-01,S023,SKU00331,47,20,9.22
2024-07-01,S023,SKU00124,46,5,18.08
2024-07-01,S023,SKU00038,43,19,22.05
2024-07-01,S023,SKU00188,55,11,22.21
2024-07-01,S023,SKU00147,26,19,26.65
2024-07-01,S023,SKU00081,30,13,16.01
2024-07-01,S023,SKU00369,36,20,27.28
2024-07-01,S024,SKU00353,53,28,28.84
2024-07-01,S024,SKU00255,47,16,33.68
2024-07-01,S024,SKU00216,45,4,35.17
2024-07-01,S024,SKU00150,30,22,17.58
2024-07-01,S024,SKU00170,26,20,19.07
2024-07-01,S024,SKU00008,20,24,14.83
2024-07-01,S024,SKU00024,47,10,19.95
2024-07-01,S024,SKU00110,33,28,22.59
2024-07-01,S024,SKU00273,31,15,21.29
2024-07-01,S024,SKU00015,25,15,25.51
2024-07-01,S024,SKU00398,28,26,31.97
2024-07-01,S024,SKU00340,39,10,14.8
2024-07-01,S024,SKU00143,43,0,9.07
2024-07-01,S024,SKU00277,26,7,17.75
2024-07-01,S024,SKU00372,21,10,8.73
2024-07-01,S024,SKU00051,51,29,21.15
2024-07-01,S024,SKU00124,50,15,18.08
2024-07-01,S024,SKU00083,27,19,22.59
2024-07-01,S024,SKU00274,40,15,8.22
2024-07-01,S024,SKU00390,16,9,20.94
2024-07-01,S024,SKU00102,41,6,7.81
2024-07-01,S024,SKU00232,20,4,17.89
2024-07-01,S024,SKU00097,39,24,11.93
2024-07-01,S024,SKU00333,42,14,19.02
2024-07-01,S024,SKU00191,47,16,24.12
2024-07-01,S024,SKU00067,68,3,12.5
2024-07-01,S024,SKU00192,30,9,15.31
2024-07-01,S024,SKU00381,33,7,29.5
2024-07-01,S024,SKU00318,30,20,20.51
2024-07-01,S024,SKU00270,48,29,23.19
2024-07-01,S024,SKU00262,46,19,6.97
2024-07-01,S024,SKU00308,18,7,33.04
2024-07-01,S024,SKU00129,55,9,17.3
2024-07-01,S024,SKU00319,47,14,18.17
2024-07-01,S024,SKU00203,48,19,27.92
2024-07-01,S024,SKU00152,36,24,34.48
2024-07-01,S024,SKU00002,29,15,22.95
2024-07-01,S024,SKU00016,32,17,20.2
2024-07-01,S024,SKU00227,26,23,38.72
2024-07-01,S024,SKU00123,54,7,17.11
2024-07-01,S024,SKU00284,58,9,20.24
2024-07-01,S024,SKU00135,31,17,21.41
2024-07-01,S024,SKU00188,29,3,22.21
2024-07-01,S024,SKU00071,24,0,18.24
2024-07-01,S024,SKU00021,61,0,21.44
2024-07-01,S024,SKU00139,16,0,19.06
2024-07-01,S024,SKU00026,15,14,28.01
2024-07-01,S024,SKU00063,12,22,13.32
2024-07-01,S024,SKU00296,40,17,18.93
2024-07-01,S024,SKU00373,30,4,43.52
2024-07-01,S024,SKU00234,24,7,14.14
2024-07-01,S024,SKU00070,33,20,19.96
2024-07-01,S024,SKU00332,24,18,53.2
2024-07-01,S024,SKU00219,66,15,24.96
2024-07-01,S024,SKU00211,50,16,37.2
2024-07-01,S024,SKU00117,34,18,14.81
2024-07-01,S024,SKU00342,42,13,17.51
2024-07-01,S024,SKU00125,48,18,14.87
2024-07-01,S024,SKU00060,18,18,30.63
2024-07-01,S024,SKU00105,42,16,24.88
2024-07-01,S025,SKU00058,38,23,33.62
2024-07-01,S025,SKU00207,63,23,16.29
2024-07-01,S025,SKU00297,41,20,20.51
2024-07-01,S025,SKU00135,61,17,21.41
2024-07-01,S025,SKU00147,61,23,26.65
2024-07-01,S025,SKU00348,51,30,24.11
2024-07-01,S025,SKU00393,25,8,7.6
2024-07-01,S025,SKU00218,59,4,10.78
2024-07-01,S025,SKU00371,32,13,23.22
2024-07-01,S025,SKU00105,58,16,24.88
2024-07-01,S025,SKU00141,54,14,34.29
2024-07-01,S025,SKU00076,50,18,16.2
2024-07-01,S025,SKU00271,24,5,41.0
2024-07-01,S025,SKU00164,37,5,20.75
2024-07-01,S025,SKU00098,64,17,23.96
2024-07-01,S025,SKU00148,36,12,18.3
2024-07-01,S025,SKU00313,55,10,21.61
2024-07-01,S025,SKU00074,40,9,28.23
2024-07-01,S025,SKU00262,64,9,6.97
2024-07-01,S025,SKU00165,37,6,12.62
2024-07-01,S025,SKU00109,48,11,32.26
2024-07-01,S025,SKU00255,26,16,33.68
2024-07-01,S025,SKU00171,48,16,26.18
2024-07-01,S025,SKU00034,41,13,25.34
2024-07-01,S025,SKU00369,24,19,27.28
2024-07-01,S025,SKU00159,21,14,20.64
2024-07-01,S025,SKU00337,43,13,20.41
2024-07-01,S025,SKU00342,20,25,17.51
2024-07-01,S025,SKU00116,36,8,40.0
2024-07-01,S025,SKU00092,49,16,6.71
2024-07-01,S025,SKU00183,24,13,7.71
2024-07-01,S025,SKU00072,62,8,22.01
2024-07-01,S025,SKU00303,62,5,27.57
2024-07-01,S025,SKU00312,38,18,19.86
2024-07-01,S025,SKU00345,42,19,21.99
2024-07-01,S025,SKU00314,11,19,15.81
2024-07-01,S025,SKU00140,47,16,22.39
2024-07-01,S025,SKU00067,38,17,12.5
2024-07-01,S025,SKU00296,22,19,18.93
2024-07-01,S025,SKU00399,39,6,25.01
2024-07-01,S025,SKU00243,25,15,20.2
2024-07-01,S025,SKU00368,22,10,14.01
2024-07-01,S025,SKU00163,34,10,15.73
2024-07-01,S025,SKU00327,55,14,24.66
2024-07-01,S025,SKU00005,78,10,5.18
2024-07-01,S025,SKU00041,10,19,19.41
2024-07-01,S025,SKU00031,41,21,18.97
2024-07-01,S025,SKU00261,22,23,33.76
2024-07-01,S025,SKU00240,48,8,30.32
2024-07-01,S025,SKU00038,39,19,22.05
2024-07-01,S025,SKU00100,28,22,7.48
2024-07-01,S025,SKU00353,37,12,28.84
2024-07-01,S025,SKU00350,48,19,24.41
2024-07-01,S025,SKU00108,24,5,8.67
2024-07-01,S025,SKU00193,51,16,26.54
2024-07-01,S025,SKU00115,29,14,16.78
2024-07-01,S025,SKU00320,36,14,13.56
2024-07-01,S025,SKU00120,36,6,10.19
2024-07-01,S025,SKU00219,37,4,24.96
2024-07-01,S025,SKU00311,22,15,23.51
2024-07-01,S026,SKU00175,49,10,22.23
2024-07-01,S026,SKU00046,42,12,11.26
2024-07-01,S026,SKU00115,23,10,16.78
2024-07-01,S026,SKU00161,37,3,6.86
2024-07-01,S026,SKU00354,54,19,16.32
2024-07-01,S026,SKU00202,32,16,41.7
2024-07-01,S026,SKU00338,40,16,23.32
2024-07-01,S026,SKU00064,53,8,14.1
2024-07-01,S026,SKU00106,30,5,11.12
2024-07-01,S026,SKU00111,0,12,22.67
2024-07-01,S026,SKU00337,81,33,20.41
2024-07-01,S026,SKU00192,27,25,15.31
2024-07-01,S026,SKU00040,47,12,18.22
2024-07-01,S026,SKU00291,72,23,20.61
2024-07-01,S026,SKU00048,26,8,35.43
2024-07-01,S026,SKU00309,37,8,27.53
2024-07-01,S026,SKU00205,41,16,13.85
2024-07-01,S026,SKU00335,46,7,10.25
2024-07-01,S026,SKU00274,18,24,8.22
2024-07-01,S026,SKU00004,35,22,9.51
2024-07-01,S026,SKU00066,47,22,21.71
2024-07-01,S026,SKU00027,59,16,8.1
2024-07-01,S026,SKU00258,19,25,29.8
2024-07-01,S026,SKU00371,59,21,23.22
2024-07-01,S026,SKU00172,58,13,9.82
2024-07-01,S026,SKU00180,25,17,18.4
2024-07-01,S026,SKU00057,56,16,19.41
2024-07-01,S026,SKU00324,59,17,27.35
2024-07-01,S026,SKU00331,50,21,9.22
2024-07-01,S026,SKU00144,50,7,12.22
2024-07-01,S026,SKU00224,39,17,28.25
2024-07-01,S026,SKU00285,40,11,16.17
2024-07-01,S026,SKU00149,26,26,16.9
2024-07-01,S026,SKU00305,57,0,19.27
2024-07-01,S026,SKU00043,34,25,24.13
2024-07-01,S026,SKU00312,41,17,19.86
2024-07-01,S026,SKU00077,59,7,7.81
2024-07-01,S026,SKU00070,25,7,19.96
2024-07-01,S026,SKU00102,44,17,7.81
2024-07-01,S026,SKU00252,29,22,35.29
2024-07-01,S026,SKU00082,32,8,18.27
2024-07-01,S026,SKU00308,21,13,33.04
2024-07-01,S026,SKU00266,47,13,15.48
2024-07-01,S026,SKU00003,47,3,19.34
2024-07-01,S026,SKU00154,31,17,36.04
2024-07-01,S026,SKU00230,33,15,28.51
2024-07-01,S026,SKU00372,17,10,8.73
2024-07-01,S026,SKU00263,24,19,12.54
2024-07-01,S026,SKU00121,20,23,21.13
2024-07-01,S026,SKU00390,53,27,20.94
2024-07-01,S026,SKU00150,46,20,17.58
2024-07-01,S026,SKU00019,49,20,14.15
2024-07-01,S026,SKU00367,42,15,23.63
2024-07-01,S026,SKU00344,27,7,6.67
2024-07-01,S026,SKU00080,42,29,21.0
2024-07-01,S026,SKU00362,14,2,17.84
2024-07-01,S026,SKU00375,72,0,23.14
2024-07-01,S026,SKU00186,25,10,24.0
2024-07-01,S026,SKU00098,53,2,23.96
2024-07-01,S026,SKU00273,44,23,21.29
2024-07-01,S027,SKU00188,37,29,22.21
2024-07-01,S027,SKU00259,35,8,16.74
2024-07-01,S027,SKU00250,35,11,22.08
2024-07-01,S027,SKU00279,46,25,18.46
2024-07-01,S027,SKU00034,54,16,25.34
2024-07-01,S027,SKU00189,25,26,21.3
2024-07-01,S027,SKU00095,49,16,27.04
2024-07-01,S027,SKU00386,44,9,24.27
2024-07-01,S027,SKU00060,51,17,30.63
2024-07-01,S027,SKU00197,23,9,14.73
2024-07-01,S027,SKU00164,34,14,20.75
2024-07-01,S027,SKU00166,35,9,26.57
2024-07-01,S027,SKU00274,54,32,8.22
2024-07-01,S027,SKU00062,27,12,21.8
2024-07-01,S027,SKU00333,39,15,19.02
2024-07-01,S027,SKU00063,45,19,13.32
2024-07-01,S027,SKU00331,33,23,9.22
2024-07-01,S027,SKU00389,27,21,26.23
2024-07-01,S027,SKU00293,18,22,28.83
2024-07-01,S027,SKU00149,36,20,16.9
2024-07-01,S027,SKU00068,33,15,9.04
2024-07-01,S027,SKU00246,36,15,19.79
2024-07-01,S027,SKU00211,18,10,37.2
2024-07-01,S027,SKU00265,13,14,15.45
2024-07-01,S027,SKU00380,0,9,21.56
2024-07-01,S027,SKU00260,33,11,16.1
2024-07-01,S027,SKU00118,35,11,9.41
2024-07-01,S027,SKU00177,33,21,24.36
2024-07-01,S027,SKU00123,40,12,17.11
2024-07-01,S027,SKU00144,52,21,12.22
2024-07-01,S027,SKU00052,66,9,25.94
2024-07-01,S027,SKU00354,65,21,16.32
2024-07-01,S027,SKU00139,1,26,19.06
2024-07-01,S027,SKU00214,36,24,47.96
2024-07-01,S027,SKU00364,43,27,20.03
2024-07-01,S027,SKU00172,65,22,9.82
2024-07-01,S027,SKU00067,40,4,12.5
2024-07-01,S027,SKU00026,38,17,28.01
2024-07-01,S027,SKU00325,31,12,11.47
2024-07-01,S027,SKU00243,36,38,20.2
2024-07-01,S027,SKU00103,27,8,12.99
2024-07-01,S027,SKU00022,70,16,10.6
2024-07-01,S027,SKU00161,64,17,6.86
2024-07-01,S027,SKU00011,61,18,17.51
2024-07-01,S027,SKU00078,20,4,9.74
2024-07-01,S027,SKU00130,43,9,29.35
2024-07-01,S027,SKU00064,29,13,14.1
2024-07-01,S027,SKU00218,45,12,10.78
2024-07-01,S027,SKU00213,27,25,21.39
2024-07-01,S027,SKU00094,53,5,30.76
2024-07-01,S027,SKU00179,82,12,8.72
2024-07-01,S027,SKU00302,55,14,11.51
2024-07-01,S027,SKU00363,69,17,19.67
2024-07-01,S027,SKU00080,45,27,21.0
2024-07-01,S027,SKU00112,14,11,17.88
2024-07-01,S027,SKU00049,41,28,21.35
2024-07-01,S027,SKU00098,57,12,23.96
2024-07-01,S027,SKU00304,44,20,13.37
2024-07-01,S027,SKU00154,52,17,36.04
2024-07-01,S027,SKU00226,50,17,37.85
2024-07-01,S028,SKU00089,42,8,25.61
2024-07-01,S028,SKU00009,41,13,21.87
2024-07-01,S028,SKU00348,28,31,24.11
2024-07-01,S028,SKU00158,39,11,7.83
2024-07-01,S028,SKU00281,60,17,24.82
2024-07-01,S028,SKU00100,43,22,7.48
2024-07-01,S028,SKU00149,30,10,16.9
2024-07-01,S028,SKU00197,38,19,14.73
2024-07-01,S028,SKU00261,22,13,33.76
2024-07-01,S028,SKU00043,46,12,24.13
2024-07-01,S028,SKU00167,80,16,11.09
2024-07-01,S028,SKU00111,41,14,22.67
2024-07-01,S028,SKU00150,30,21,17.58
2024-07-01,S028,SKU00081,61,20,16.01
2024-07-01,S028,SKU00074,44,15,28.23
2024-07-01,S028,SKU00082,48,13,18.27
2024-07-01,S028,SKU00196,39,0,14.66
2024-07-01,S028,SKU00139,41,14,19.06
2024-07-01,S028,SKU00114,35,17,16.42
2024-07-01,S028,SKU00194,28,16,15.09
2024-07-01,S028,SKU00070,42,29,19.96
2024-07-01,S028,SKU00237,53,17,22.91
2024-07-01,S028,SKU00228,48,24,42.12
2024-07-01,S028,SKU00051,35,11,21.15
2024-07-01,S028,SKU00298,51,4,11.72
2024-07-01,S028,SKU00166,30,11,26.57
2024-07-01,S028,SKU00126,48,17,25.54
2024-07-01,S028,SKU00291,44,28,20.61
2024-07-01,S028,SKU00361,35,10,22.51
2024-07-01,S028,SKU00157,54,13,26.67
2024-07-01,S028,SKU00034,78,2,25.34
2024-07-01,S028,SKU00243,56,15,20.2
2024-07-01,S028,SKU00044,39,10,16.43
2024-07-01,S028,SKU00309,62,17,27.53
2024-07-01,S028,SKU00093,25,15,20.73
2024-07-01,S028,SKU00177,13,17,24.36
2024-07-01,S028,SKU00191,40,16,24.12
2024-07-01,S028,SKU00320,47,16,13.56
2024-07-01,S028,SKU00136,28,15,21.43
2024-07-01,S028,SKU00208,42,20,7.02
2024-07-01,S028,SKU00399,28,6,25.01
2024-07-01,S028,SKU00387,6,27,19.03
2024-07-01,S028,SKU00102,18,11,7.81
2024-07-01,S028,SKU00015,39,6,25.51
2024-07-01,S028,SKU00201,48,21,17.59
2024-07-01,S028,SKU00213,52,18,21.39
2024-07-01,S028,SKU00347,14,4,35.52
2024-07-01,S028,SKU00394,21,10,10.9
2024-07-01,S028,SKU00359,47,5,12.22
2024-07-01,S028,SKU00108,47,19,8.67
2024-07-01,S028,SKU00101,30,13,13.03
2024-07-01,S028,SKU00362,46,12,17.84
2024-07-01,S028,SKU00094,25,11,30.76
2024-07-01,S028,SKU00010,74,20,22.61
2024-07-01,S028,SKU00202,62,13,41.7
2024-07-01,S028,SKU00216,9,12,35.17
2024-07-01,S028,SKU00193,35,26,26.54
2024-07-01,S028,SKU00110,4,17,22.59
2024-07-01,S028,SKU00073,38,13,31.53
2024-07-01,S028,SKU00219,24,24,24.96
2024-07-01,S029,SKU00262,32,24,6.97
2024-07-01,S029,SKU00341,38,24,20.55
2024-07-01,S029,SKU00016,57,12,20.2
2024-07-01,S029,SKU00339,45,15,14.34
2024-07-01,S029,SKU00298,58,12,11.72
2024-07-01,S029,SKU00108,36,10,8.67
2024-07-01,S029,SKU00279,55,13,18.46
2024-07-01,S029,SKU00057,0,10,19.41
2024-07-01,S029,SKU00183,47,14,7.71
2024-07-01,S029,SKU00270,71,15,23.19
2024-07-01,S029,SKU00248,23,7,24.2
2024-07-01,S029,SKU00076,32,15,16.2
2024-07-01,S029,SKU00176,34,21,14.59
2024-07-01,S029,SKU00149,27,18,16.9
2024-07-01,S029,SKU00376,49,26,22.09
2024-07-01,S029,SKU00137,61,22,32.34
2024-07-01,S029,SKU00094,51,16,30.76
2024-07-01,S029,SKU00286,51,19,25.41
2024-07-01,S029,SKU00232,56,25,17.89
2024-07-01,S029,SKU00398,42,8,31.97
2024-07-01,S029,SKU00038,39,17,22.05
2024-07-01,S029,SKU00222,53,14,21.69
2024-07-01,S029,SKU00055,31,26,24.5
2024-07-01,S029,SKU00261,22,12,33.76
2024-07-01,S029,SKU00027,41,22,8.1
2024-07-01,S029,SKU00049,77,9,21.35
2024-07-01,S029,SKU00287,21,24,23.44
2024-07-01,S029,SKU00154,14,23,36.04
2024-07-01,S029,SKU00067,39,14,12.5
2024-07-01,S029,SKU00266,43,6,15.48
2024-07-01,S029,SKU00151,23,20,7.16
2024-07-01,S029,SKU00373,44,20,43.52
2024-07-01,S029,SKU00302,52,16,11.51
2024-07-01,S029,SKU00158,17,8,7.83
2024-07-01,S029,SKU00180,25,0,18.4
2024-07-01,S029,SKU00282,8,17,31.83
2024-07-01,S029,SKU00331,55,10,9.22
2024-07-01,S029,SKU00042,31,11,27.28
2024-07-01,S029,SKU00182,38,1,22.49
2024-07-01,S029,SKU00136,31,2,21.43
2024-07-01,S029,SKU00081,41,10,16.01
2024-07-01,S029,SKU00380,44,8,21.56
2024-07-01,S029,SKU00119,56,10,21.19
2024-07-01,S029,SKU00157,15,21,26.67
2024-07-01,S029,SKU00324,44,16,27.35
2024-07-01,S029,SKU00342,41,15,17.51
2024-07-01,S029,SKU00100,34,16,7.48
2024-07-01,S029,SKU00196,27,28,14.66
2024-07-01,S029,SKU00169,33,21,15.35
2024-07-01,S029,SKU00384,48,27,6.97
2024-07-01,S029,SKU00148,29,5,18.3
2024-07-01,S029,SKU00234,64,11,14.14
2024-07-01,S029,SKU00321,23,11,8.77
2024-07-01,S029,SKU00204,37,20,22.75
2024-07-01,S029,SKU00303,35,25,27.57
2024-07-01,S029,SKU00322,29,18,9.39
2024-07-01,S029,SKU00045,36,25,19.14
2024-07-01,S029,SKU00326,32,13,21.09
2024-07-01,S029,SKU00079,50,21,18.54
2024-07-01,S029,SKU00144,45,3,12.22
2024-07-01,S030,SKU00379,30,13,19.61
2024-07-01,S030,SKU00209,34,19,40.26
2024-07-01,S030,SKU00196,21,19,14.66
2024-07-01,S030,SKU00385,52,13,24.15
2024-07-01,S030,SKU00237,42,18,22.91
2024-07-01,S030,SKU00031,33,23,18.97
2024-07-01,S030,SKU00032,32,13,26.13
2024-07-01,S030,SKU00111,60,17,22.67
2024-07-01,S030,SKU00042,31,22,27.28
2024-07-01,S030,SKU00056,72,10,21.74
2024-07-01,S030,SKU00115,21,10,16.78
2024-07-01,S030,SKU00082,39,6,18.27
2024-07-01,S030,SKU00112,63,21,17.88
2024-07-01,S030,SKU00259,50,9,16.74
2024-07-01,S030,SKU00222,33,21,21.69
2024-07-01,S030,SKU00313,22,22,21.61
2024-07-01,S030,SKU00264,80,15,13.51
2024-07-01,S030,SKU00172,32,10,9.82
2024-07-01,S030,SKU00049,41,16,21.35
2024-07-01,S030,SKU00265,46,16,15.45
2024-07-01,S030,SKU00299,9,13,21.87
2024-07-01,S030,SKU00106,61,11,11.12
2024-07-01,S030,SKU00326,65,21,21.09
2024-07-01,S030,SKU00164,7,0,20.75
2024-07-01,S030,SKU00266,30,14,15.48
2024-07-01,S030,SKU00050,60,19,9.35
2024-07-01,S030,SKU00151,54,16,7.16
2024-07-01,S030,SKU00276,40,17,8.52
2024-07-01,S030,SKU00226,54,27,37.85
2024-07-01,S030,SKU00065,48,27,21.23
2024-07-01,S030,SKU00263,53,13,12.54
2024-07-01,S030,SKU00292,27,8,27.78
2024-07-01,S030,SKU00013,36,7,15.96
2024-07-01,S030,SKU00321,33,9,8.77
2024-07-01,S030,SKU00362,55,14,17.84
2024-07-01,S030,SKU00104,53,11,30.27
2024-07-01,S030,SKU00167,58,25,11.09
2024-07-01,S030,SKU00015,35,5,25.51
2024-07-01,S030,SKU00211,50,16,37.2
2024-07-01,S030,SKU00039,31,20,31.34
2024-07-01,S030,SKU00078,40,18,9.74
2024-07-01,S030,SKU00374,20,15,17.57
2024-07-01,S030,SKU00205,45,16,13.85
2024-07-01,S030,SKU00091,46,16,16.61
2024-07-01,S030,SKU00178,53,19,23.85
2024-07-01,S030,SKU00286,57,14,25.41
2024-07-01,S030,SKU00129,16,2,17.3
2024-07-01,S030,SKU00176,26,10,14.59
2024-07-01,S030,SKU00135,24,17,21.41
2024-07-01,S030,SKU00069,57,12,10.26
2024-07-01,S030,SKU00008,35,22,14.83
2024-07-01,S030,SKU00011,69,12,17.51
2024-07-01,S030,SKU00216,45,4,35.17
2024-07-01,S030,SKU00203,36,8,27.92
2024-07-01,S030,SKU00241,38,16,22.03
2024-07-01,S030,SKU00114,25,20,16.42
2024-07-01,S030,SKU00297,45,12,20.51
2024-07-01,S030,SKU00346,47,8,46.67
2024-07-01,S030,SKU00224,36,0,28.25
2024-07-01,S030,SKU00364,31,7,20.03
2024-08-01,S001,SKU00085,26,18,21.5
2024-08-01,S001,SKU00152,57,16,34.48
2024-08-01,S001,SKU00151,25,22,7.16
2024-08-01,S001,SKU00072,21,4,22.01
2024-08-01,S001,SKU00198,35,20,25.14
2024-08-01,S001,SKU00023,31,14,23.51
2024-08-01,S001,SKU00373,66,4,43.52
2024-08-01,S001,SKU00299,25,14,21.87
2024-08-01,S001,SKU00043,44,23,24.13
2024-08-01,S001,SKU00076,31,11,16.2
2024-08-01,S001,SKU00172,16,11,9.82
2024-08-01,S001,SKU00332,27,11,53.2
2024-08-01,S001,SKU00245,51,24,19.78
2024-08-01,S001,SKU00059,37,22,18.63
2024-08-01,S001,SKU00194,17,10,15.09
2024-08-01,S001,SKU00278,41,14,29.28
2024-08-01,S001,SKU00149,36,5,16.9
2024-08-01,S001,SKU00094,19,14,30.76
2024-08-01,S001,SKU00057,30,5,19.41
2024-08-01,S001,SKU00264,55,14,13.51
2024-08-01,S001,SKU00171,41,21,26.18
2024-08-01,S001,SKU00053,31,11,26.92
2024-08-01,S001,SKU00169,24,6,15.35
2024-08-01,S001,SKU00391,23,6,20.67
2024-08-01,S001,SKU00343,60,6,25.69
2024-08-01,S001,SKU00271,44,21,41.0
2024-08-01,S001,SKU00200,17,22,35.75
2024-08-01,S001,SKU00154,39,29,36.04
2024-08-01,S001,SKU00267,32,12,32.29
2024-08-01,S001,SKU00219,43,7,24.96
2024-08-01,S001,SKU00175,30,0,22.23
2024-08-01,S001,SKU00339,15,35,14.34
2024-08-01,S001,SKU00112,24,21,17.88
2024-08-01,S001,SKU00362,40,19,17.84
2024-08-01,S001,SKU00139,32,30,19.06
2024-08-01,S001,SKU00103,62,24,12.99
2024-08-01,S001,SKU00215,70,10,20.75
2024-08-01,S001,SKU00017,39,16,22.2
2024-08-01,S001,SKU00254,46,14,12.16
2024-08-01,S001,SKU00143,40,3,9.07
2024-08-01,S001,SKU00090,50,16,19.09
2024-08-01,S001,SKU00250,44,13,22.08
2024-08-01,S001,SKU00153,45,8,27.58
2024-08-01,S001,SKU00073,25,10,31.53
2024-08-01,S001,SKU00291,40,7,20.61
2024-08-01,S001,SKU00041,36,7,19.41
2024-08-01,S001,SKU00284,58,22,20.24
2024-08-01,S001,SKU00315,49,14,25.73
2024-08-01,S001,SKU00298,19,23,11.72
2024-08-01,S001,SKU00275,31,23,24.1
2024-08-01,S001,SKU00168,23,13,18.6
2024-08-01,S001,SKU00257,30,7,12.09
2024-08-01,S001,SKU00044,36,19,16.43
2024-08-01,S001,SKU00294,43,4,21.46
2024-08-01,S001,SKU00102,20,24,7.81
2024-08-01,S001,SKU00046,67,10,11.26
2024-08-01,S001,SKU00086,39,11,27.42
2024-08-01,S001,SKU00079,51,15,18.54
2024-08-01,S001,SKU00283,27,8,35.29
2024-08-01,S001,SKU00051,35,26,21.15
2024-08-01,S002,SKU00098,45,10,23.96
2024-08-01,S002,SKU00189,41,18,21.3
2024-08-01,S002,SKU00338,54,31,23.32
2024-08-01,S002,SKU00271,10,19,41.0
2024-08-01,S002,SKU00233,17,25,14.08
2024-08-01,S002,SKU00361,43,27,22.51
2024-08-01,S002,SKU00126,77,5,25.54
2024-08-01,S002,SKU00068,59,15,9.04
2024-08-01,S002,SKU00220,41,8,23.06
2024-08-01,S002,SKU00138,32,19,9.29
2024-08-01,S002,SKU00028,17,26,14.87
2024-08-01,S002,SKU00308,21,8,33.04
2024-08-01,S002,SKU00153,37,17,27.58
2024-08-01,S002,SKU00020,37,11,19.96
2024-08-01,S002,SKU00336,19,20,21.13
2024-08-01,S002,SKU00276,20,2,8.52
2024-08-01,S002,SKU00027,15,7,8.1
2024-08-01,S002,SKU00141,32,19,34.29
2024-08-01,S002,SKU00156,14,6,13.5
2024-08-01,S002,SKU00225,35,8,14.42
2024-08-01,S002,SKU00005,43,14,5.18
2024-08-01,S002,SKU00341,39,4,20.55
2024-08-01,S002,SKU00203,51,5,27.92
2024-08-01,S002,SKU00181,32,11,21.21
2024-08-01,S002,SKU00213,31,0,21.39
2024-08-01,S002,SKU00037,41,14,14.43
2024-08-01,S002,SKU00300,31,14,19.9
2024-08-01,S002,SKU00094,36,24,30.76
2024-08-01,S002,SKU00222,56,13,21.69
2024-08-01,S002,SKU00104,36,13,30.27
2024-08-01,S002,SKU00105,45,20,24.88
2024-08-01,S002,SKU00146,37,17,30.59
2024-08-01,S002,SKU00099,23,18,12.91
2024-08-01,S002,SKU00232,29,12,17.89
2024-08-01,S002,SKU00209,39,8,40.26
2024-08-01,S002,SKU00260,21,18,16.1
2024-08-01,S002,SKU00290,17,28,20.85
2024-08-01,S002,SKU00036,22,14,15.82
2024-08-01,S002,SKU00309,68,24,27.53
2024-08-01,S002,SKU00247,56,14,19.17
2024-08-01,S002,SKU00310,66,6,23.34
2024-08-01,S002,SKU00042,51,9,27.28
2024-08-01,S002,SKU00151,83,28,7.16
2024-08-01,S002,SKU00352,36,6,23.46
2024-08-01,S002,SKU00245,43,19,19.78
2024-08-01,S002,SKU00212,53,9,8.51
2024-08-01,S002,SKU00375,29,17,23.14
2024-08-01,S002,SKU00121,38,11,21.13
2024-08-01,S002,SKU00087,55,20,9.32
2024-08-01,S002,SKU00006,80,17,22.21
2024-08-01,S002,SKU00062,33,16,21.8
2024-08-01,S002,SKU00041,38,12,19.41
2024-08-01,S002,SKU00360,36,14,35.66
2024-08-01,S002,SKU00003,42,20,19.34
2024-08-01,S002,SKU00275,43,23,24.1
2024-08-01,S002,SKU00054,59,25,12.05
2024-08-01,S002,SKU00293,42,7,28.83
2024-08-01,S002,SKU00012,40,2,6.48
2024-08-01,S002,SKU00256,56,4,16.17
2024-08-01,S002,SKU00023,34,4,23.51
2024-08-01,S003,SKU00331,43,19,9.22
2024-08-01,S003,SKU00174,27,6,23.97
2024-08-01,S003,SKU00133,41,10,10.11
2024-08-01,S003,SKU00191,38,10,24.12
2024-08-01,S003,SKU00296,42,6,18.93
2024-08-01,S003,SKU00195,26,22,20.76
2024-08-01,S003,SKU00231,48,17,23.4
2024-08-01,S003,SKU00249,29,13,14.24
2024-08-01,S003,SKU00098,66,31,23.96
2024-08-01,S003,SKU00059,43,17,18.63
2024-08-01,S003,SKU00111,28,19,22.67
2024-08-01,S003,SKU00067,36,15,12.5
2024-08-01,S003,SKU00276,56,10,8.52
2024-08-01,S003,SKU00378,12,19,16.37
2024-08-01,S003,SKU00251,47,26,16.74
2024-08-01,S003,SKU00289,43,9,20.83
2024-08-01,S003,SKU00234,46,21,14.14
2024-08-01,S003,SKU00380,37,7,21.56
2024-08-01,S003,SKU00138,23,20,9.29
2024-08-01,S003,SKU00117,36,11,14.81
2024-08-01,S003,SKU00339,45,16,14.34
2024-08-01,S003,SKU00042,48,21,27.28
2024-08-01,S003,SKU00330,11,21,28.29
2024-08-01,S003,SKU00328,38,17,20.31
2024-08-01,S003,SKU00355,34,8,17.98
2024-08-01,S003,SKU00017,47,0,22.2
2024-08-01,S003,SKU00325,21,22,11.47
2024-08-01,S003,SKU00072,51,5,22.01
2024-08-01,S003,SKU00388,50,20,18.08
2024-08-01,S003,SKU00335,33,28,10.25
2024-08-01,S003,SKU00218,19,20,10.78
2024-08-01,S003,SKU00255,34,0,33.68
2024-08-01,S003,SKU00027,41,20,8.1
2024-08-01,S003,SKU00260,25,17,16.1
2024-08-01,S003,SKU00056,60,21,21.74
2024-08-01,S003,SKU00173,43,16,24.41
2024-08-01,S003,SKU00050,25,26,9.35
2024-08-01,S003,SKU00152,34,20,34.48
2024-08-01,S003,SKU00113,41,27,20.63
2024-08-01,S003,SKU00169,44,16,15.35
2024-08-01,S003,SKU00370,62,16,19.59
2024-08-01,S003,SKU00077,41,26,7.81
2024-08-01,S003,SKU00392,26,12,28.95
2024-08-01,S003,SKU00225,43,22,14.42
2024-08-01,S003,SKU00257,32,8,12.09
2024-08-01,S003,SKU00060,47,2,30.63
2024-08-01,S003,SKU00053,24,19,26.92
2024-08-01,S003,SKU00269,64,15,13.31
2024-08-01,S003,SKU00006,39,2,22.21
2024-08-01,S003,SKU00384,38,19,6.97
2024-08-01,S003,SKU00121,44,17,21.13
2024-08-01,S003,SKU00127,15,9,18.2
2024-08-01,S003,SKU00259,66,13,16.74
2024-08-01,S003,SKU00207,42,19,16.29
2024-08-01,S003,SKU00356,18,27,6.76
2024-08-01,S003,SKU00099,42,24,12.91
2024-08-01,S003,SKU00242,31,18,23.88
2024-08-01,S003,SKU00267,23,18,32.29
2024-08-01,S003,SKU00309,47,5,27.53
2024-08-01,S003,SKU00254,43,4,12.16
2024-08-01,S004,SKU00082,14,24,18.27
2024-08-01,S004,SKU00078,38,13,9.74
2024-08-01,S004,SKU00247,26,19,19.17
2024-08-01,S004,SKU00324,24,16,27.35
2024-08-01,S004,SKU00117,63,8,14.81
2024-08-01,S004,SKU00180,15,13,18.4
2024-08-01,S004,SKU00009,39,17,21.87
2024-08-01,S004,SKU00313,39,0,21.61
2024-08-01,S004,SKU00040,27,15,18.22
2024-08-01,S004,SKU00279,55,28,18.46
2024-08-01,S004,SKU00152,48,24,34.48
2024-08-01,S004,SKU00080,15,13,21.0
2024-08-01,S004,SKU00099,39,5,12.91
2024-08-01,S004,SKU00272,30,10,18.35
2024-08-01,S004,SKU00068,28,33,9.04
2024-08-01,S004,SKU00385,42,23,24.15
2024-08-01,S004,SKU00197,56,16,14.73
2024-08-01,S004,SKU00054,39,9,12.05
2024-08-01,S004,SKU00144,42,10,12.22
2024-08-01,S004,SKU00355,37,19,17.98
2024-08-01,S004,SKU00162,52,13,23.58
2024-08-01,S004,SKU00390,18,11,20.94
2024-08-01,S004,SKU00245,55,22,19.78
2024-08-01,S004,SKU00235,72,18,17.69
2024-08-01,S004,SKU00242,31,16,23.88
2024-08-01,S004,SKU00283,48,5,35.29
2024-08-01,S004,SKU00362,45,6,17.84
2024-08-01,S004,SKU00280,73,15,11.07
2024-08-01,S004,SKU00126,52,11,25.54
2024-08-01,S004,SKU00368,54,11,14.01
2024-08-01,S004,SKU00348,40,17,24.11
2024-08-01,S004,SKU00171,26,6,26.18
2024-08-01,S004,SKU00166,64,29,26.57
2024-08-01,S004,SKU00107,60,20,27.98
2024-08-01,S004,SKU00325,19,24,11.47
2024-08-01,S004,SKU00165,38,7,12.62
2024-08-01,S004,SKU00146,41,15,30.59
2024-08-01,S004,SKU00135,29,1,21.41
2024-08-01,S004,SKU00376,41,24,22.09
2024-08-01,S004,SKU00382,58,19,8.38
2024-08-01,S004,SKU00331,37,16,9.22
2024-08-01,S004,SKU00148,63,9,18.3
2024-08-01,S004,SKU00203,52,7,27.92
2024-08-01,S004,SKU00066,48,8,21.71
2024-08-01,S004,SKU00016,61,16,20.2
2024-08-01,S004,SKU00287,68,18,23.44
2024-08-01,S004,SKU00142,30,18,22.57
2024-08-01,S004,SKU00041,70,14,19.41
2024-08-01,S004,SKU00379,47,14,19.61
2024-08-01,S004,SKU00032,69,27,26.13
2024-08-01,S004,SKU00058,44,10,33.62
2024-08-01,S004,SKU00244,62,15,14.65
2024-08-01,S004,SKU00338,35,5,23.32
2024-08-01,S004,SKU00022,17,17,10.6
2024-08-01,S004,SKU00315,18,20,25.73
2024-08-01,S004,SKU00170,48,13,19.07
2024-08-01,S004,SKU00229,56,21,28.44
2024-08-01,S004,SKU00278,32,4,29.28
2024-08-01,S004,SKU00093,42,18,20.73
2024-08-01,S004,SKU00150,48,13,17.58
2024-08-01,S005,SKU00118,49,20,9.41
2024-08-01,S005,SKU00251,37,14,16.74
2024-08-01,S005,SKU00313,62,15,21.61
2024-08-01,S005,SKU00110,22,6,22.59
2024-08-01,S005,SKU00209,31,21,40.26
2024-08-01,S005,SKU00152,18,15,34.48
2024-08-01,S005,SKU00120,22,6,10.19
2024-08-01,S005,SKU00019,22,14,14.15
2024-08-01,S005,SKU00336,34,10,21.13
2024-08-01,S005,SKU00169,51,27,15.35
2024-08-01,S005,SKU00358,33,15,20.44
2024-08-01,S005,SKU00205,24,34,13.85
2024-08-01,S005,SKU00284,18,11,20.24
2024-08-01,S005,SKU00137,41,21,32.34
2024-08-01,S005,SKU00235,18,21,17.69
2024-08-01,S005,SKU00271,41,17,41.0
2024-08-01,S005,SKU00058,48,12,33.62
2024-08-01,S005,SKU00123,20,11,17.11
2024-08-01,S005,SKU00282,38,14,31.83
2024-08-01,S005,SKU00197,62,7,14.73
2024-08-01,S005,SKU00369,59,19,27.28
2024-08-01,S005,SKU00107,49,10,27.98
2024-08-01,S005,SKU00073,56,23,31.53
2024-08-01,S005,SKU00367,29,13,23.63
2024-08-01,S005,SKU00059,39,10,18.63
2024-08-01,S005,SKU00243,42,7,20.2
2024-08-01,S005,SKU00112,32,17,17.88
2024-08-01,S005,SKU00027,30,21,8.1
2024-08-01,S005,SKU00095,20,4,27.04
2024-08-01,S005,SKU00017,48,16,22.2
2024-08-01,S005,SKU00081,86,5,16.01
2024-08-01,S005,SKU00149,70,12,16.9
2024-08-01,S005,SKU00004,47,17,9.51
2024-08-01,S005,SKU00201,42,7,17.59
2024-08-01,S005,SKU00348,39,9,24.11
2024-08-01,S005,SKU00293,61,7,28.83
2024-08-01,S005,SKU00259,32,4,16.74
2024-08-01,S005,SKU00400,41,30,16.59
2024-08-01,S005,SKU00074,42,20,28.23
2024-08-01,S005,SKU00361,31,17,22.51
2024-08-01,S005,SKU00317,28,7,22.08
2024-08-01,S005,SKU00117,67,18,14.81
2024-08-01,S005,SKU00171,39,23,26.18
2024-08-01,S005,SKU00199,38,9,28.75
2024-08-01,S005,SKU00322,63,5,9.39
2024-08-01,S005,SKU00219,31,13,24.96
2024-08-01,S005,SKU00321,47,8,8.77
2024-08-01,S005,SKU00378,32,9,16.37
2024-08-01,S005,SKU00374,54,8,17.57
2024-08-01,S005,SKU00062,25,19,21.8
2024-08-01,S005,SKU00238,43,3,47.65
2024-08-01,S005,SKU00138,46,26,9.29
2024-08-01,S005,SKU00030,27,27,9.58
2024-08-01,S005,SKU00181,28,19,21.21
2024-08-01,S005,SKU00350,28,5,24.41
2024-08-01,S005,SKU00255,20,20,33.68
2024-08-01,S005,SKU00392,71,8,28.95
2024-08-01,S005,SKU00146,30,14,30.59
2024-08-01,S005,SKU00150,35,21,17.58
2024-08-01,S005,SKU00319,52,14,18.17
2024-08-01,S006,SKU00074,16,18,28.23
2024-08-01,S006,SKU00112,29,18,17.88
2024-08-01,S006,SKU00259,41,12,16.74
2024-08-01,S006,SKU00268,51,4,22.72
2024-08-01,S006,SKU00023,68,21,23.51
2024-08-01,S006,SKU00010,42,6,22.61
2024-08-01,S006,SKU00029,35,14,18.21
2024-08-01,S006,SKU00298,41,19,11.72
2024-08-01,S006,SKU00276,59,18,8.52
2024-08-01,S006,SKU00143,60,14,9.07
2024-08-01,S006,SKU00369,28,3,27.28
2024-08-01,S006,SKU00278,21,0,29.28
2024-08-01,S006,SKU00257,25,13,12.09
2024-08-01,S006,SKU00176,24,2,14.59
2024-08-01,S006,SKU00189,25,12,21.3
2024-08-01,S006,SKU00186,30,9,24.0
2024-08-01,S006,SKU00060,27,21,30.63
2024-08-01,S006,SKU00328,16,12,20.31
2024-08-01,S006,SKU00064,54,4,14.1
2024-08-01,S006,SKU00081,61,27,16.01
2024-08-01,S006,SKU00157,55,13,26.67
2024-08-01,S006,SKU00293,64,15,28.83
2024-08-01,S006,SKU00082,17,3,18.27
2024-08-01,S006,SKU00036,37,16,15.82
2024-08-01,S006,SKU00113,44,24,20.63
2024-08-01,S006,SKU00400,22,6,16.59
2024-08-01,S006,SKU00131,48,16,22.93
2024-08-01,S006,SKU00375,73,18,23.14
2024-08-01,S006,SKU00144,61,3,12.22
2024-08-01,S006,SKU00057,56,12,19.41
2024-08-01,S006,SKU00296,49,24,18.93
2024-08-01,S006,SKU00158,31,16,7.83
2024-08-01,S006,SKU00070,66,0,19.96
2024-08-01,S006,SKU00028,31,5,14.87
2024-08-01,S006,SKU00092,26,21,6.71
2024-08-01,S006,SKU00326,45,8,21.09
2024-08-01,S006,SKU00270,25,23,23.19
2024-08-01,S006,SKU00133,35,19,10.11
2024-08-01,S006,SKU00288,3,21,22.22
2024-08-01,S006,SKU00097,42,19,11.93
2024-08-01,S006,SKU00221,48,28,18.46
2024-08-01,S006,SKU00071,46,14,18.24
2024-08-01,S006,SKU00304,48,9,13.37
2024-08-01,S006,SKU00250,53,6,22.08
2024-08-01,S006,SKU00026,12,4,28.01
2024-08-01,S006,SKU00290,36,13,20.85
2024-08-01,S006,SKU00165,36,9,12.62
2024-08-01,S006,SKU00317,29,14,22.08
2024-08-01,S006,SKU00205,37,11,13.85
2024-08-01,S006,SKU00054,43,19,12.05
2024-08-01,S006,SKU00004,54,26,9.51
2024-08-01,S006,SKU00399,34,19,25.01
2024-08-01,S006,SKU00372,46,7,8.73
2024-08-01,S006,SKU00115,60,21,16.78
2024-08-01,S006,SKU00033,17,16,10.76
2024-08-01,S006,SKU00159,46,22,20.64
2024-08-01,S006,SKU00195,31,27,20.76
2024-08-01,S006,SKU00107,39,21,27.98
2024-08-01,S006,SKU00265,9,20,15.45
2024-08-01,S006,SKU00095,56,16,27.04
2024-08-01,S007,SKU00036,21,17,15.82
2024-08-01,S007,SKU00022,58,10,10.6
2024-08-01,S007,SKU00135,39,6,21.41
2024-08-01,S007,SKU00052,35,20,25.94
2024-08-01,S007,SKU00350,33,5,24.41
2024-08-01,S007,SKU00229,38,22,28.44
2024-08-01,S007,SKU00097,34,10,11.93
2024-08-01,S007,SKU00136,27,23,21.43
2024-08-01,S007,SKU00352,34,5,23.46
2024-08-01,S007,SKU00231,61,21,23.4
2024-08-01,S007,SKU00390,60,16,20.94
2024-08-01,S007,SKU00210,22,13,17.08
2024-08-01,S007,SKU00089,44,17,25.61
2024-08-01,S007,SKU00275,43,14,24.1
2024-08-01,S007,SKU00306,32,17,13.85
2024-08-01,S007,SKU00379,51,16,19.61
2024-08-01,S007,SKU00163,36,13,15.73
2024-08-01,S007,SKU00307,28,20,19.13
2024-08-01,S007,SKU00068,30,23,9.04
2024-08-01,S007,SKU00384,38,20,6.97
2024-08-01,S007,SKU00209,26,21,40.26
2024-08-01,S007,SKU00314,55,21,15.81
2024-08-01,S007,SKU00266,25,17,15.48
2024-08-01,S007,SKU00095,37,13,27.04
2024-08-01,S007,SKU00076,39,12,16.2
2024-08-01,S007,SKU00125,59,10,14.87
2024-08-01,S007,SKU00354,39,15,16.32
2024-08-01,S007,SKU00327,45,13,24.66
2024-08-01,S007,SKU00238,37,5,47.65
2024-08-01,S007,SKU00218,49,11,10.78
2024-08-01,S007,SKU00178,60,9,23.85
2024-08-01,S007,SKU00380,57,31,21.56
2024-08-01,S007,SKU00020,59,17,19.96
2024-08-01,S007,SKU00098,29,7,23.96
2024-08-01,S007,SKU00345,73,21,21.99
2024-08-01,S007,SKU00094,21,13,30.76
2024-08-01,S007,SKU00254,52,14,12.16
2024-08-01,S007,SKU00317,33,34,22.08
2024-08-01,S007,SKU00206,35,14,12.31
2024-08-01,S007,SKU00182,37,13,22.49
2024-08-01,S007,SKU00030,8,0,9.58
2024-08-01,S007,SKU00162,60,6,23.58
2024-08-01,S007,SKU00285,62,21,16.17
2024-08-01,S007,SKU00207,34,8,16.29
2024-08-01,S007,SKU00232,59,22,17.89
2024-08-01,S007,SKU00124,43,20,18.08
2024-08-01,S007,SKU00145,39,11,13.72
2024-08-01,S007,SKU00005,35,28,5.18
2024-08-01,S007,SKU00277,32,15,17.75
2024-08-01,S007,SKU00132,54,8,18.85
2024-08-01,S007,SKU00234,51,12,14.14
2024-08-01,S007,SKU00358,68,21,20.44
2024-08-01,S007,SKU00230,47,5,28.51
2024-08-01,S007,SKU00195,20,11,20.76
2024-08-01,S007,SKU00368,28,13,14.01
2024-08-01,S007,SKU00333,32,14,19.02
2024-08-01,S007,SKU00103,30,18,12.99
2024-08-01,S007,SKU00228,19,24,42.12
2024-08-01,S007,SKU00348,47,6,24.11
2024-08-01,S007,SKU00270,34,7,23.19
2024-08-01,S008,SKU00153,7,19,27.58
2024-08-01,S008,SKU00344,40,9,6.67
2024-08-01,S008,SKU00156,39,8,13.5
2024-08-01,S008,SKU00277,32,20,17.75
2024-08-01,S008,SKU00146,57,23,30.59
2024-08-01,S008,SKU00231,17,29,23.4
2024-08-01,S008,SKU00165,0,15,12.62
2024-08-01,S008,SKU00135,36,26,21.41
2024-08-01,S008,SKU00196,36,10,14.66
2024-08-01,S008,SKU00071,32,11,18.24
2024-08-01,S008,SKU00177,14,15,24.36
2024-08-01,S008,SKU00384,45,10,6.97
2024-08-01,S008,SKU00254,64,4,12.16
2024-08-01,S008,SKU00154,22,24,36.04
2024-08-01,S008,SKU00192,32,15,15.31
2024-08-01,S008,SKU00016,57,13,20.2
2024-08-01,S008,SKU00228,52,6,42.12
2024-08-01,S008,SKU00034,28,4,25.34
2024-08-01,S008,SKU00248,47,16,24.2
2024-08-01,S008,SKU00203,55,12,27.92
2024-08-01,S008,SKU00083,49,15,22.59
2024-08-01,S008,SKU00038,30,19,22.05
2024-08-01,S008,SKU00096,14,7,19.19
2024-08-01,S008,SKU00178,39,24,23.85
2024-08-01,S008,SKU00032,37,16,26.13
2024-08-01,S008,SKU00026,22,15,28.01
2024-08-01,S008,SKU00047,18,11,30.28
2024-08-01,S008,SKU00194,29,25,15.09
2024-08-01,S008,SKU00164,31,7,20.75
2024-08-01,S008,SKU00061,31,21,13.6
2024-08-01,S008,SKU00039,39,4,31.34
2024-08-01,S008,SKU00127,36,9,18.2
2024-08-01,S008,SKU00128,46,9,12.06
2024-08-01,S008,SKU00349,42,9,11.12
2024-08-01,S008,SKU00330,32,6,28.29
2024-08-01,S008,SKU00120,28,9,10.19
2024-08-01,S008,SKU00070,32,7,19.96
2024-08-01,S008,SKU00251,52,31,16.74
2024-08-01,S008,SKU00103,60,9,12.99
2024-08-01,S008,SKU00290,52,14,20.85
2024-08-01,S008,SKU00291,53,23,20.61
2024-08-01,S008,SKU00074,9,14,28.23
2024-08-01,S008,SKU00171,40,16,26.18
2024-08-01,S008,SKU00020,10,14,19.96
2024-08-01,S008,SKU00368,22,11,14.01
2024-08-01,S008,SKU00358,36,15,20.44
2024-08-01,S008,SKU00184,29,0,15.79
2024-08-01,S008,SKU00264,9,2,13.51
2024-08-01,S008,SKU00044,59,6,16.43
2024-08-01,S008,SKU00378,45,10,16.37
2024-08-01,S008,SKU00391,45,8,20.67
2024-08-01,S008,SKU00214,52,17,47.96
2024-08-01,S008,SKU00053,65,13,26.92
2024-08-01,S008,SKU00035,7,12,34.51
2024-08-01,S008,SKU00133,43,4,10.11
2024-08-01,S008,SKU00215,48,5,20.75
2024-08-01,S008,SKU00045,21,7,19.14
2024-08-01,S008,SKU00392,41,8,28.95
2024-08-01,S008,SKU00355,32,13,17.98
2024-08-01,S008,SKU00050,42,17,9.35
2024-08-01,S009,SKU00217,32,6,19.37
2024-08-01,S009,SKU00351,31,13,20.29
2024-08-01,S009,SKU00209,57,11,40.26
2024-08-01,S009,SKU00153,58,2,27.58
2024-08-01,S009,SKU00136,20,31,21.43
2024-08-01,S009,SKU00009,41,4,21.87
2024-08-01,S009,SKU00325,28,18,11.47
2024-08-01,S009,SKU00139,65,17,19.06
2024-08-01,S009,SKU00111,57,11,22.67
2024-08-01,S009,SKU00143,65,7,9.07
2024-08-01,S009,SKU00078,43,13,9.74
2024-08-01,S009,SKU00345,67,12,21.99
2024-08-01,S009,SKU00091,62,16,16.61
2024-08-01,S009,SKU00145,41,16,13.72
2024-08-01,S009,SKU00014,42,8,17.1
2024-08-01,S009,SKU00151,26,18,7.16
2024-08-01,S009,SKU00279,32,17,18.46
2024-08-01,S009,SKU00179,42,16,8.72
2024-08-01,S009,SKU00330,29,10,28.29
2024-08-01,S009,SKU00050,19,21,9.35
2024-08-01,S009,SKU00148,65,14,18.3
2024-08-01,S009,SKU00048,31,17,35.43
2024-08-01,S009,SKU00386,54,6,24.27
2024-08-01,S009,SKU00180,51,16,18.4
2024-08-01,S009,SKU00156,34,15,13.5
2024-08-01,S009,SKU00109,28,22,32.26
2024-08-01,S009,SKU00045,0,5,19.14
2024-08-01,S009,SKU00137,43,17,32.34
2024-08-01,S009,SKU00081,38,11,16.01
2024-08-01,S009,SKU00257,46,13,12.09
2024-08-01,S009,SKU00001,53,11,20.02
2024-08-01,S009,SKU00149,27,10,16.9
2024-08-01,S009,SKU00314,40,25,15.81
2024-08-01,S009,SKU00186,38,14,24.0
2024-08-01,S009,SKU00135,54,4,21.41
2024-08-01,S009,SKU00247,52,25,19.17
2024-08-01,S009,SKU00335,51,10,10.25
2024-08-01,S009,SKU00366,36,2,12.66
2024-08-01,S009,SKU00172,26,18,9.82
2024-08-01,S009,SKU00370,31,5,19.59
2024-08-01,S009,SKU00089,47,6,25.61
2024-08-01,S009,SKU00195,11,20,20.76
2024-08-01,S009,SKU00076,31,7,16.2
2024-08-01,S009,SKU00346,38,6,46.67
2024-08-01,S009,SKU00036,25,15,15.82
2024-08-01,S009,SKU00258,44,9,29.8
2024-08-01,S009,SKU00095,49,6,27.04
2024-08-01,S009,SKU00056,59,17,21.74
2024-08-01,S009,SKU00214,21,20,47.96
2024-08-01,S009,SKU00059,40,14,18.63
2024-08-01,S009,SKU00369,32,14,27.28
2024-08-01,S009,SKU00229,49,19,28.44
2024-08-01,S009,SKU00260,36,9,16.1
2024-08-01,S009,SKU00382,33,16,8.38
2024-08-01,S009,SKU00377,17,12,24.12
2024-08-01,S009,SKU00277,54,19,17.75
2024-08-01,S009,SKU00236,65,13,14.52
2024-08-01,S009,SKU00068,23,15,9.04
2024-08-01,S009,SKU00227,42,25,38.72
2024-08-01,S009,SKU00121,41,13,21.13
2024-08-01,S010,SKU00058,38,21,33.62
2024-08-01,S010,SKU00364,41,17,20.03
2024-08-01,S010,SKU00034,22,18,25.34
2024-08-01,S010,SKU00056,34,10,21.74
2024-08-01,S010,SKU00235,51,0,17.69
2024-08-01,S010,SKU00071,50,27,18.24
2024-08-01,S010,SKU00237,20,27,22.91
2024-08-01,S010,SKU00146,54,14,30.59
2024-08-01,S010,SKU00198,40,29,25.14
2024-08-01,S010,SKU00289,35,13,20.83
2024-08-01,S010,SKU00375,57,24,23.14
2024-08-01,S010,SKU00293,41,10,28.83
2024-08-01,S010,SKU00115,6,25,16.78
2024-08-01,S010,SKU00234,36,4,14.14
2024-08-01,S010,SKU00049,36,21,21.35
2024-08-01,S010,SKU00208,12,10,7.02
2024-08-01,S010,SKU00371,36,17,23.22
2024-08-01,S010,SKU00183,27,13,7.71
2024-08-01,S010,SKU00248,32,13,24.2
2024-08-01,S010,SKU00218,57,15,10.78
2024-08-01,S010,SKU00377,59,13,24.12
2024-08-01,S010,SKU00041,55,12,19.41
2024-08-01,S010,SKU00032,13,19,26.13
2024-08-01,S010,SKU00245,10,11,19.78
2024-08-01,S010,SKU00336,38,9,21.13
2024-08-01,S010,SKU00024,41,21,19.95
2024-08-01,S010,SKU00261,27,32,33.76
2024-08-01,S010,SKU00278,23,16,29.28
2024-08-01,S010,SKU00009,1,18,21.87
2024-08-01,S010,SKU00312,43,32,19.86
2024-08-01,S010,SKU00222,9,12,21.69
2024-08-01,S010,SKU00120,29,12,10.19
2024-08-01,S010,SKU00281,40,16,24.82
2024-08-01,S010,SKU00326,28,21,21.09
2024-08-01,S010,SKU00358,47,24,20.44
2024-08-01,S010,SKU00108,44,14,8.67
2024-08-01,S010,SKU00133,51,17,10.11
2024-08-01,S010,SKU00354,58,15,16.32
2024-08-01,S010,SKU00173,22,22,24.41
2024-08-01,S010,SKU00353,54,10,28.84
2024-08-01,S010,SKU00014,45,26,17.1
2024-08-01,S010,SKU00012,46,10,6.48
2024-08-01,S010,SKU00390,27,5,20.94
2024-08-01,S010,SKU00395,46,16,14.64
2024-08-01,S010,SKU00292,30,15,27.78
2024-08-01,S010,SKU00345,34,19,21.99
2024-08-01,S010,SKU00006,13,12,22.21
2024-08-01,S010,SKU00258,27,20,29.8
2024-08-01,S010,SKU00112,42,19,17.88
2024-08-01,S010,SKU00372,42,16,8.73
2024-08-01,S010,SKU00053,23,9,26.92
2024-08-01,S010,SKU00067,56,15,12.5
2024-08-01,S010,SKU00381,52,14,29.5
2024-08-01,S010,SKU00094,29,17,30.76
2024-08-01,S010,SKU00352,35,25,23.46
2024-08-01,S010,SKU00368,17,17,14.01
2024-08-01,S010,SKU00162,40,7,23.58
2024-08-01,S010,SKU00072,60,26,22.01
2024-08-01,S010,SKU00266,37,14,15.48
2024-08-01,S010,SKU00151,33,13,7.16
2024-08-01,S011,SKU00122,67,19,15.22
2024-08-01,S011,SKU00172,47,13,9.82
2024-08-01,S011,SKU00191,37,16,24.12
2024-08-01,S011,SKU00126,17,12,25.54
2024-08-01,S011,SKU00231,72,17,23.4
2024-08-01,S011,SKU00187,46,19,25.15
2024-08-01,S011,SKU00184,32,12,15.79
2024-08-01,S011,SKU00323,59,16,17.89
2024-08-01,S011,SKU00328,29,9,20.31
2024-08-01,S011,SKU00128,43,25,12.06
2024-08-01,S011,SKU00369,54,5,27.28
2024-08-01,S011,SKU00167,42,18,11.09
2024-08-01,S011,SKU00372,33,16,8.73
2024-08-01,S011,SKU00063,38,20,13.32
2024-08-01,S011,SKU00285,41,17,16.17
2024-08-01,S011,SKU00293,0,18,28.83
2024-08-01,S011,SKU00266,17,17,15.48
2024-08-01,S011,SKU00049,37,20,21.35
2024-08-01,S011,SKU00370,31,4,19.59
2024-08-01,S011,SKU00021,52,6,21.44
2024-08-01,S011,SKU00147,40,12,26.65
2024-08-01,S011,SKU00017,46,11,22.2
2024-08-01,S011,SKU00020,23,12,19.96
2024-08-01,S011,SKU00163,30,9,15.73
2024-08-01,S011,SKU00393,28,13,7.6
2024-08-01,S011,SKU00136,50,21,21.43
2024-08-01,S011,SKU00307,15,16,19.13
2024-08-01,S011,SKU00077,28,19,7.81
2024-08-01,S011,SKU00366,61,28,12.66
2024-08-01,S011,SKU00263,41,6,12.54
2024-08-01,S011,SKU00339,43,11,14.34
2024-08-01,S011,SKU00211,4,23,37.2
2024-08-01,S011,SKU00398,55,11,31.97
2024-08-01,S011,SKU00177,61,12,24.36
2024-08-01,S011,SKU00248,60,13,24.2
2024-08-01,S011,SKU00009,54,18,21.87
2024-08-01,S011,SKU00161,50,22,6.86
2024-08-01,S011,SKU00043,47,12,24.13
2024-08-01,S011,SKU00300,27,8,19.9
2024-08-01,S011,SKU00165,18,22,12.62
2024-08-01,S011,SKU00301,27,21,13.89
2024-08-01,S011,SKU00337,59,16,20.41
2024-08-01,S011,SKU00067,45,33,12.5
2024-08-01,S011,SKU00273,39,11,21.29
2024-08-01,S011,SKU00234,49,2,14.14
2024-08-01,S011,SKU00047,42,20,30.28
2024-08-01,S011,SKU00344,62,6,6.67
2024-08-01,S011,SKU00104,24,15,30.27
2024-08-01,S011,SKU00262,35,19,6.97
2024-08-01,S011,SKU00025,38,10,18.13
2024-08-01,S011,SKU00304,41,18,13.37
2024-08-01,S011,SKU00156,33,17,13.5
2024-08-01,S011,SKU00121,37,11,21.13
2024-08-01,S011,SKU00137,54,14,32.34
2024-08-01,S011,SKU00302,34,18,11.51
2024-08-01,S011,SKU00010,53,9,22.61
2024-08-01,S011,SKU00145,37,15,13.72
2024-08-01,S011,SKU00276,39,23,8.52
2024-08-01,S011,SKU00066,45,21,21.71
2024-08-01,S011,SKU00195,52,14,20.76
2024-08-01,S012,SKU00313,15,23,21.61
2024-08-01,S012,SKU00216,53,17,35.17
2024-08-01,S012,SKU00246,49,11,19.79
2024-08-01,S012,SKU00138,11,25,9.29
2024-08-01,S012,SKU00300,36,25,19.9
2024-08-01,S012,SKU00239,37,7,7.57
2024-08-01,S012,SKU00153,20,20,27.58
2024-08-01,S012,SKU00117,56,13,14.81
2024-08-01,S012,SKU00309,54,12,27.53
2024-08-01,S012,SKU00135,37,7,21.41
2024-08-01,S012,SKU00242,52,19,23.88
2024-08-01,S012,SKU00333,33,15,19.02
2024-08-01,S012,SKU00200,48,13,35.75
2024-08-01,S012,SKU00171,42,19,26.18
2024-08-01,S012,SKU00366,32,13,12.66
2024-08-01,S012,SKU00222,15,21,21.69
2024-08-01,S012,SKU00056,36,16,21.74
2024-08-01,S012,SKU00071,20,5,18.24
2024-08-01,S012,SKU00075,31,13,19.82
2024-08-01,S012,SKU00078,50,10,9.74
2024-08-01,S012,SKU00266,50,18,15.48
2024-08-01,S012,SKU00189,37,13,21.3
2024-08-01,S012,SKU00270,17,9,23.19
2024-08-01,S012,SKU00194,54,13,15.09
2024-08-01,S012,SKU00044,51,17,16.43
2024-08-01,S012,SKU00034,16,20,25.34
2024-08-01,S012,SKU00369,19,28,27.28
2024-08-01,S012,SKU00212,71,23,8.51
2024-08-01,S012,SKU00241,38,23,22.03
2024-08-01,S012,SKU00053,28,3,26.92
2024-08-01,S012,SKU00249,57,6,14.24
2024-08-01,S012,SKU00278,25,16,29.28
2024-08-01,S012,SKU00152,40,12,34.48
2024-08-01,S012,SKU00140,56,23,22.39
2024-08-01,S012,SKU00303,37,2,27.57
2024-08-01,S012,SKU00396,50,4,6.08
2024-08-01,S012,SKU00130,30,11,29.35
2024-08-01,S012,SKU00104,60,14,30.27
2024-08-01,S012,SKU00204,41,33,22.75
2024-08-01,S012,SKU00179,47,19,8.72
2024-08-01,S012,SKU00105,32,6,24.88
2024-08-01,S012,SKU00121,25,11,21.13
2024-08-01,S012,SKU00339,48,17,14.34
2024-08-01,S012,SKU00325,36,11,11.47
2024-08-01,S012,SKU00062,69,18,21.8
2024-08-01,S012,SKU00092,34,12,6.71
2024-08-01,S012,SKU00291,11,0,20.61
2024-08-01,S012,SKU00377,26,9,24.12
2024-08-01,S012,SKU00315,43,16,25.73
2024-08-01,S012,SKU00340,9,22,14.8
2024-08-01,S012,SKU00277,43,15,17.75
2024-08-01,S012,SKU00129,46,16,17.3
2024-08-01,S012,SKU00164,45,19,20.75
2024-08-01,S012,SKU00250,63,17,22.08
2024-08-01,S012,SKU00342,25,9,17.51
2024-08-01,S012,SKU00187,38,16,25.15
2024-08-01,S012,SKU00151,76,15,7.16
2024-08-01,S012,SKU00043,28,20,24.13
2024-08-01,S012,SKU00261,15,16,33.76
2024-08-01,S012,SKU00046,62,8,11.26
2024-08-01,S013,SKU00350,26,13,24.41
2024-08-01,S013,SKU00174,20,21,23.97
2024-08-01,S013,SKU00018,26,18,11.75
2024-08-01,S013,SKU00051,10,26,21.15
2024-08-01,S013,SKU00392,31,10,28.95
2024-08-01,S013,SKU00066,34,14,21.71
2024-08-01,S013,SKU00166,34,5,26.57
2024-08-01,S013,SKU00371,24,18,23.22
2024-08-01,S013,SKU00040,41,20,18.22
2024-08-01,S013,SKU00249,38,21,14.24
2024-08-01,S013,SKU00107,22,9,27.98
2024-08-01,S013,SKU00225,32,10,14.42
2024-08-01,S013,SKU00003,33,5,19.34
2024-08-01,S013,SKU00135,25,10,21.41
2024-08-01,S013,SKU00087,47,24,9.32
2024-08-01,S013,SKU00137,42,14,32.34
2024-08-01,S013,SKU00202,48,0,41.7
2024-08-01,S013,SKU00158,5,13,7.83
2024-08-01,S013,SKU00056,37,8,21.74
2024-08-01,S013,SKU00011,11,0,17.51
2024-08-01,S013,SKU00045,41,5,19.14
2024-08-01,S013,SKU00103,48,16,12.99
2024-08-01,S013,SKU00150,53,16,17.58
2024-08-01,S013,SKU00215,49,9,20.75
2024-08-01,S013,SKU00048,31,18,35.43
2024-08-01,S013,SKU00317,19,22,22.08
2024-08-01,S013,SKU00386,21,4,24.27
2024-08-01,S013,SKU00400,39,13,16.59
2024-08-01,S013,SKU00240,39,17,30.32
2024-08-01,S013,SKU00326,19,11,21.09
2024-08-01,S013,SKU00344,53,12,6.67
2024-08-01,S013,SKU00164,32,12,20.75
2024-08-01,S013,SKU00260,42,8,16.1
2024-08-01,S013,SKU00177,37,15,24.36
2024-08-01,S013,SKU00080,24,22,21.0
2024-08-01,S013,SKU00391,37,3,20.67
2024-08-01,S013,SKU00043,52,6,24.13
2024-08-01,S013,SKU00300,54,7,19.9
2024-08-01,S013,SKU00081,26,19,16.01
2024-08-01,S013,SKU00224,41,16,28.25
2024-08-01,S013,SKU00262,34,6,6.97
2024-08-01,S013,SKU00360,28,9,35.66
2024-08-01,S013,SKU00244,81,22,14.65
2024-08-01,S013,SKU00398,32,28,31.97
2024-08-01,S013,SKU00013,18,1,15.96
2024-08-01,S013,SKU00151,37,17,7.16
2024-08-01,S013,SKU00073,41,9,31.53
2024-08-01,S013,SKU00286,56,19,25.41
2024-08-01,S013,SKU00376,51,17,22.09
2024-08-01,S013,SKU00074,42,19,28.23
2024-08-01,S013,SKU00026,48,14,28.01
2024-08-01,S013,SKU00009,38,0,21.87
2024-08-01,S013,SKU00314,58,26,15.81
2024-08-01,S013,SKU00365,48,4,9.96
2024-08-01,S013,SKU00347,33,18,35.52
2024-08-01,S013,SKU00282,46,19,31.83
2024-08-01,S013,SKU00157,44,16,26.67
2024-08-01,S013,SKU00010,50,12,22.61
2024-08-01,S013,SKU00193,19,26,26.54
2024-08-01,S013,SKU00072,53,29,22.01
2024-08-01,S014,SKU00317,49,16,22.08
2024-08-01,S014,SKU00287,23,15,23.44
2024-08-01,S014,SKU00004,25,20,9.51
2024-08-01,S014,SKU00128,35,16,12.06
2024-08-01,S014,SKU00326,29,14,21.09
2024-08-01,S014,SKU00052,34,14,25.94
2024-08-01,S014,SKU00024,21,23,19.95
2024-08-01,S014,SKU00313,41,0,21.61
2024-08-01,S014,SKU00022,31,3,10.6
2024-08-01,S014,SKU00264,23,13,13.51
2024-08-01,S014,SKU00226,47,11,37.85
2024-08-01,S014,SKU00213,57,18,21.39
2024-08-01,S014,SKU00379,51,18,19.61
2024-08-01,S014,SKU00093,48,5,20.73
2024-08-01,S014,SKU00323,51,19,17.89
2024-08-01,S014,SKU00233,39,5,14.08
2024-08-01,S014,SKU00182,28,8,22.49
2024-08-01,S014,SKU00351,29,12,20.29
2024-08-01,S014,SKU00220,38,15,23.06
2024-08-01,S014,SKU00069,53,5,10.26
2024-08-01,S014,SKU00218,62,23,10.78
2024-08-01,S014,SKU00230,31,10,28.51
2024-08-01,S014,SKU00015,42,7,25.51
2024-08-01,S014,SKU00391,24,19,20.67
2024-08-01,S014,SKU00236,58,7,14.52
2024-08-01,S014,SKU00131,47,20,22.93
2024-08-01,S014,SKU00009,22,7,21.87
2024-08-01,S014,SKU00392,35,4,28.95
2024-08-01,S014,SKU00299,22,14,21.87
2024-08-01,S014,SKU00178,52,19,23.85
2024-08-01,S014,SKU00380,17,0,21.56
2024-08-01,S014,SKU00390,43,12,20.94
2024-08-01,S014,SKU00259,13,25,16.74
2024-08-01,S014,SKU00297,39,18,20.51
2024-08-01,S014,SKU00229,46,8,28.44
2024-08-01,S014,SKU00369,31,11,27.28
2024-08-01,S014,SKU00002,44,11,22.95
2024-08-01,S014,SKU00005,62,15,5.18
2024-08-01,S014,SKU00108,26,8,8.67
2024-08-01,S014,SKU00373,46,16,43.52
2024-08-01,S014,SKU00038,49,6,22.05
2024-08-01,S014,SKU00294,0,24,21.46
2024-08-01,S014,SKU00103,53,18,12.99
2024-08-01,S014,SKU00057,39,15,19.41
2024-08-01,S014,SKU00105,31,9,24.88
2024-08-01,S014,SKU00375,11,21,23.14
2024-08-01,S014,SKU00234,27,24,14.14
2024-08-01,S014,SKU00268,13,6,22.72
2024-08-01,S014,SKU00063,9,10,13.32
2024-08-01,S014,SKU00282,73,14,31.83
2024-08-01,S014,SKU00319,30,11,18.17
2024-08-01,S014,SKU00332,8,14,53.2
2024-08-01,S014,SKU00281,59,0,24.82
2024-08-01,S014,SKU00206,39,21,12.31
2024-08-01,S014,SKU00292,42,20,27.78
2024-08-01,S014,SKU00117,30,11,14.81
2024-08-01,S014,SKU00110,46,6,22.59
2024-08-01,S014,SKU00034,48,20,25.34
2024-08-01,S014,SKU00170,49,6,19.07
2024-08-01,S014,SKU00286,26,22,25.41
2024-08-01,S015,SKU00279,63,7,18.46
2024-08-01,S015,SKU00069,25,11,10.26
2024-08-01,S015,SKU00219,27,17,24.96
2024-08-01,S015,SKU00194,26,9,15.09
2024-08-01,S015,SKU00265,15,12,15.45
2024-08-01,S015,SKU00092,19,4,6.71
2024-08-01,S015,SKU00096,21,29,19.19
2024-08-01,S015,SKU00267,58,6,32.29
2024-08-01,S015,SKU00207,62,14,16.29
2024-08-01,S015,SKU00185,40,0,22.74
2024-08-01,S015,SKU00196,51,24,14.66
2024-08-01,S015,SKU00068,39,18,9.04
2024-08-01,S015,SKU00300,58,9,19.9
2024-08-01,S015,SKU00197,13,18,14.73
2024-08-01,S015,SKU00135,41,1,21.41
2024-08-01,S015,SKU00366,35,22,12.66
2024-08-01,S015,SKU00108,32,0,8.67
2024-08-01,S015,SKU00109,41,12,32.26
2024-08-01,S015,SKU00125,35,16,14.87
2024-08-01,S015,SKU00378,22,26,16.37
2024-08-01,S015,SKU00257,45,23,12.09
2024-08-01,S015,SKU00271,24,6,41.0
2024-08-01,S015,SKU00215,48,19,20.75
2024-08-01,S015,SKU00370,56,21,19.59
2024-08-01,S015,SKU00332,34,10,53.2
2024-08-01,S015,SKU00158,32,8,7.83
2024-08-01,S015,SKU00083,43,15,22.59
2024-08-01,S015,SKU00101,58,23,13.03
2024-08-01,S015,SKU00376,43,19,22.09
2024-08-01,S015,SKU00325,69,9,11.47
2024-08-01,S015,SKU00171,64,19,26.18
2024-08-01,S015,SKU00340,45,20,14.8
2024-08-01,S015,SKU00118,34,8,9.41
2024-08-01,S015,SKU00150,49,17,17.58
2024-08-01,S015,SKU00173,38,7,24.41
2024-08-01,S015,SKU00291,33,11,20.61
2024-08-01,S015,SKU00221,49,17,18.46
2024-08-01,S015,SKU00081,48,13,16.01
2024-08-01,S015,SKU00248,35,27,24.2
2024-08-01,S015,SKU00127,43,19,18.2
2024-08-01,S015,SKU00189,79,18,21.3
2024-08-01,S015,SKU00254,51,16,12.16
2024-08-01,S015,SKU00155,55,14,22.47
2024-08-01,S015,SKU00076,27,12,16.2
2024-08-01,S015,SKU00329,15,26,21.42
2024-08-01,S015,SKU00303,52,9,27.57
2024-08-01,S015,SKU00199,26,9,28.75
2024-08-01,S015,SKU00028,48,9,14.87
2024-08-01,S015,SKU00192,45,29,15.31
2024-08-01,S015,SKU00269,66,8,13.31
2024-08-01,S015,SKU00097,21,14,11.93
2024-08-01,S015,SKU00305,13,14,19.27
2024-08-01,S015,SKU00205,38,13,13.85
2024-08-01,S015,SKU00017,30,23,22.2
2024-08-01,S015,SKU00160,43,10,18.48
2024-08-01,S015,SKU00174,39,7,23.97
2024-08-01,S015,SKU00310,34,28,23.34
2024-08-01,S015,SKU00154,59,16,36.04
2024-08-01,S015,SKU00086,26,21,27.42
2024-08-01,S015,SKU00274,26,25,8.22
2024-08-01,S016,SKU00369,36,15,27.28
2024-08-01,S016,SKU00007,51,15,12.89
2024-08-01,S016,SKU00029,40,14,18.21
2024-08-01,S016,SKU00330,62,17,28.29
2024-08-01,S016,SKU00265,24,16,15.45
2024-08-01,S016,SKU00195,17,17,20.76
2024-08-01,S016,SKU00177,46,20,24.36
2024-08-01,S016,SKU00058,25,6,33.62
2024-08-01,S016,SKU00090,51,16,19.09
2024-08-01,S016,SKU00125,44,20,14.87
2024-08-01,S016,SKU00184,63,0,15.79
2024-08-01,S016,SKU00305,58,13,19.27
2024-08-01,S016,SKU00400,52,10,16.59
2024-08-01,S016,SKU00186,58,14,24.0
2024-08-01,S016,SKU00297,34,20,20.51
2024-08-01,S016,SKU00314,30,22,15.81
2024-08-01,S016,SKU00233,8,20,14.08
2024-08-01,S016,SKU00041,32,20,19.41
2024-08-01,S016,SKU00073,25,9,31.53
2024-08-01,S016,SKU00166,34,25,26.57
2024-08-01,S016,SKU00046,8,20,11.26
2024-08-01,S016,SKU00047,42,16,30.28
2024-08-01,S016,SKU00257,34,12,12.09
2024-08-01,S016,SKU00181,47,13,21.21
2024-08-01,S016,SKU00192,47,4,15.31
2024-08-01,S016,SKU00011,30,21,17.51
2024-08-01,S016,SKU00341,24,12,20.55
2024-08-01,S016,SKU00215,59,8,20.75
2024-08-01,S016,SKU00056,50,4,21.74
2024-08-01,S016,SKU00002,63,20,22.95
2024-08-01,S016,SKU00164,51,23,20.75
2024-08-01,S016,SKU00323,33,5,17.89
2024-08-01,S016,SKU00360,51,13,35.66
2024-08-01,S016,SKU00151,39,23,7.16
2024-08-01,S016,SKU00172,19,12,9.82
2024-08-01,S016,SKU00348,35,16,24.11
2024-08-01,S016,SKU00123,48,3,17.11
2024-08-01,S016,SKU00318,18,11,20.51
2024-08-01,S016,SKU00104,12,3,30.27
2024-08-01,S016,SKU00273,69,17,21.29
2024-08-01,S016,SKU00253,26,15,19.63
2024-08-01,S016,SKU00304,39,7,13.37
2024-08-01,S016,SKU00349,40,18,11.12
2024-08-01,S016,SKU00174,66,7,23.97
2024-08-01,S016,SKU00191,41,20,24.12
2024-08-01,S016,SKU00128,24,19,12.06
2024-08-01,S016,SKU00246,16,19,19.79
2024-08-01,S016,SKU00232,43,13,17.89
2024-08-01,S016,SKU00244,29,18,14.65
2024-08-01,S016,SKU00118,36,17,9.41
2024-08-01,S016,SKU00333,23,20,19.02
2024-08-01,S016,SKU00398,43,21,31.97
2024-08-01,S016,SKU00368,29,12,14.01
2024-08-01,S016,SKU00223,24,10,14.14
2024-08-01,S016,SKU00317,38,15,22.08
2024-08-01,S016,SKU00004,44,19,9.51
2024-08-01,S016,SKU00370,42,13,19.59
2024-08-01,S016,SKU00067,34,21,12.5
2024-08-01,S016,SKU00220,40,12,23.06
2024-08-01,S016,SKU00295,37,1,21.15
2024-08-01,S017,SKU00289,35,8,20.83
2024-08-01,S017,SKU00218,49,8,10.78
2024-08-01,S017,SKU00370,27,17,19.59
2024-08-01,S017,SKU00379,53,18,19.61
2024-08-01,S017,SKU00281,31,9,24.82
2024-08-01,S017,SKU00120,45,12,10.19
2024-08-01,S017,SKU00322,61,16,9.39
2024-08-01,S017,SKU00211,52,10,37.2
2024-08-01,S017,SKU00330,73,24,28.29
2024-08-01,S017,SKU00149,57,15,16.9
2024-08-01,S017,SKU00391,41,12,20.67
2024-08-01,S017,SKU00185,53,10,22.74
2024-08-01,S017,SKU00118,39,12,9.41
2024-08-01,S017,SKU00101,55,15,13.03
2024-08-01,S017,SKU00252,65,4,35.29
2024-08-01,S017,SKU00010,30,8,22.61
2024-08-01,S017,SKU00103,9,12,12.99
2024-08-01,S017,SKU00266,32,17,15.48
2024-08-01,S017,SKU00256,0,24,16.17
2024-08-01,S017,SKU00305,38,23,19.27
2024-08-01,S017,SKU00238,49,22,47.65
2024-08-01,S017,SKU00075,32,18,19.82
2024-08-01,S017,SKU00127,14,3,18.2
2024-08-01,S017,SKU00094,37,13,30.76
2024-08-01,S017,SKU00398,45,7,31.97
2024-08-01,S017,SKU00154,43,10,36.04
2024-08-01,S017,SKU00347,33,27,35.52
2024-08-01,S017,SKU00104,56,23,30.27
2024-08-01,S017,SKU00303,29,10,27.57
2024-08-01,S017,SKU00166,41,11,26.57
2024-08-01,S017,SKU00394,32,9,10.9
2024-08-01,S017,SKU00325,38,5,11.47
2024-08-01,S017,SKU00176,34,14,14.59
2024-08-01,S017,SKU00143,65,23,9.07
2024-08-01,S017,SKU00080,27,12,21.0
2024-08-01,S017,SKU00263,26,13,12.54
2024-08-01,S017,SKU00031,34,13,18.97
2024-08-01,S017,SKU00066,42,12,21.71
2024-08-01,S017,SKU00204,11,6,22.75
2024-08-01,S017,SKU00082,36,14,18.27
2024-08-01,S017,SKU00070,45,13,19.96
2024-08-01,S017,SKU00333,59,33,19.02
2024-08-01,S017,SKU00334,44,11,7.9
2024-08-01,S017,SKU00362,56,15,17.84
2024-08-01,S017,SKU00358,22,23,20.44
2024-08-01,S017,SKU00230,31,5,28.51
2024-08-01,S017,SKU00199,39,8,28.75
2024-08-01,S017,SKU00078,53,7,9.74
2024-08-01,S017,SKU00073,40,19,31.53
2024-08-01,S017,SKU00156,34,23,13.5
2024-08-01,S017,SKU00085,49,16,21.5
2024-08-01,S017,SKU00225,42,15,14.42
2024-08-01,S017,SKU00378,16,7,16.37
2024-08-01,S017,SKU00354,49,10,16.32
2024-08-01,S017,SKU00126,12,9,25.54
2024-08-01,S017,SKU00365,48,0,9.96
2024-08-01,S017,SKU00307,28,11,19.13
2024-08-01,S017,SKU00068,37,16,9.04
2024-08-01,S017,SKU00141,56,0,34.29
2024-08-01,S017,SKU00231,56,10,23.4
2024-08-01,S018,SKU00328,38,10,20.31
2024-08-01,S018,SKU00272,39,14,18.35
2024-08-01,S018,SKU00283,47,21,35.29
2024-08-01,S018,SKU00033,9,21,10.76
2024-08-01,S018,SKU00201,19,0,17.59
2024-08-01,S018,SKU00395,86,10,14.64
2024-08-01,S018,SKU00092,34,14,6.71
2024-08-01,S018,SKU00117,30,21,14.81
2024-08-01,S018,SKU00390,40,16,20.94
2024-08-01,S018,SKU00164,42,19,20.75
2024-08-01,S018,SKU00119,28,15,21.19
2024-08-01,S018,SKU00336,32,8,21.13
2024-08-01,S018,SKU00288,29,24,22.22
2024-08-01,S018,SKU00311,45,11,23.51
2024-08-01,S018,SKU00151,20,7,7.16
2024-08-01,S018,SKU00072,48,15,22.01
2024-08-01,S018,SKU00138,33,0,9.29
2024-08-01,S018,SKU00268,53,12,22.72
2024-08-01,S018,SKU00023,34,2,23.51
2024-08-01,S018,SKU00341,53,0,20.55
2024-08-01,S018,SKU00067,35,8,12.5
2024-08-01,S018,SKU00396,22,19,6.08
2024-08-01,S018,SKU00135,30,13,21.41
2024-08-01,S018,SKU00266,72,11,15.48
2024-08-01,S018,SKU00397,33,15,24.95
2024-08-01,S018,SKU00319,26,20,18.17
2024-08-01,S018,SKU00295,24,18,21.15
2024-08-01,S018,SKU00309,24,4,27.53
2024-08-01,S018,SKU00284,53,13,20.24
2024-08-01,S018,SKU00156,32,17,13.5
2024-08-01,S018,SKU00192,52,16,15.31
2024-08-01,S018,SKU00361,35,22,22.51
2024-08-01,S018,SKU00219,34,22,24.96
2024-08-01,S018,SKU00373,62,12,43.52
2024-08-01,S018,SKU00322,43,10,9.39
2024-08-01,S018,SKU00132,61,16,18.85
2024-08-01,S018,SKU00382,41,19,8.38
2024-08-01,S018,SKU00102,27,8,7.81
2024-08-01,S018,SKU00017,55,23,22.2
2024-08-01,S018,SKU00365,30,14,9.96
2024-08-01,S018,SKU00329,38,26,21.42
2024-08-01,S018,SKU00327,43,5,24.66
2024-08-01,S018,SKU00265,45,6,15.45
2024-08-01,S018,SKU00375,31,19,23.14
2024-08-01,S018,SKU00038,39,23,22.05
2024-08-01,S018,SKU00154,72,27,36.04
2024-08-01,S018,SKU00043,67,8,24.13
2024-08-01,S018,SKU00222,39,22,21.69
2024-08-01,S018,SKU00146,41,21,30.59
2024-08-01,S018,SKU00282,44,17,31.83
2024-08-01,S018,SKU00237,60,17,22.91
2024-08-01,S018,SKU00157,40,2,26.67
2024-08-01,S018,SKU00229,51,16,28.44
2024-08-01,S018,SKU00041,30,13,19.41
2024-08-01,S018,SKU00081,23,11,16.01
2024-08-01,S018,SKU00100,61,22,7.48
2024-08-01,S018,SKU00195,41,16,20.76
2024-08-01,S018,SKU00002,44,21,22.95
2024-08-01,S018,SKU00314,25,8,15.81
2024-08-01,S018,SKU00030,27,15,9.58
2024-08-01,S019,SKU00383,1,26,21.74
2024-08-01,S019,SKU00375,38,14,23.14
2024-08-01,S019,SKU00396,48,21,6.08
2024-08-01,S019,SKU00259,57,6,16.74
2024-08-01,S019,SKU00303,25,22,27.57
2024-08-01,S019,SKU00332,28,11,53.2
2024-08-01,S019,SKU00035,35,12,34.51
2024-08-01,S019,SKU00324,55,19,27.35
2024-08-01,S019,SKU00123,42,13,17.11
2024-08-01,S019,SKU00228,43,14,42.12
2024-08-01,S019,SKU00036,71,22,15.82
2024-08-01,S019,SKU00141,19,20,34.29
2024-08-01,S019,SKU00284,54,14,20.24
2024-08-01,S019,SKU00063,41,7,13.32
2024-08-01,S019,SKU00131,29,7,22.93
2024-08-01,S019,SKU00143,65,9,9.07
2024-08-01,S019,SKU00373,34,5,43.52
2024-08-01,S019,SKU00114,51,20,16.42
2024-08-01,S019,SKU00003,26,8,19.34
2024-08-01,S019,SKU00355,44,24,17.98
2024-08-01,S019,SKU00354,43,10,16.32
2024-08-01,S019,SKU00176,47,9,14.59
2024-08-01,S019,SKU00245,43,13,19.78
2024-08-01,S019,SKU00238,25,22,47.65
2024-08-01,S019,SKU00363,13,19,19.67
2024-08-01,S019,SKU00015,32,13,25.51
2024-08-01,S019,SKU00317,43,27,22.08
2024-08-01,S019,SKU00230,51,14,28.51
2024-08-01,S019,SKU00278,49,11,29.28
2024-08-01,S019,SKU00013,57,8,15.96
2024-08-01,S019,SKU00038,20,12,22.05
2024-08-01,S019,SKU00020,34,18,19.96
2024-08-01,S019,SKU00195,61,19,20.76
2024-08-01,S019,SKU00082,54,16,18.27
2024-08-01,S019,SKU00064,34,19,14.1
2024-08-01,S019,SKU00237,59,18,22.91
2024-08-01,S019,SKU00135,61,22,21.41
2024-08-01,S019,SKU00360,48,12,35.66
2024-08-01,S019,SKU00398,33,10,31.97
2024-08-01,S019,SKU00384,80,11,6.97
2024-08-01,S019,SKU00235,23,19,17.69
2024-08-01,S019,SKU00045,35,6,19.14
2024-08-01,S019,SKU00068,57,14,9.04
2024-08-01,S019,SKU00351,46,24,20.29
2024-08-01,S019,SKU00152,43,3,34.48
2024-08-01,S019,SKU00343,32,5,25.69
2024-08-01,S019,SKU00153,59,17,27.58
2024-08-01,S019,SKU00286,47,15,25.41
2024-08-01,S019,SKU00039,34,17,31.34
2024-08-01,S019,SKU00263,48,13,12.54
2024-08-01,S019,SKU00302,7,8,11.51
2024-08-01,S019,SKU00295,54,16,21.15
2024-08-01,S019,SKU00390,29,23,20.94
2024-08-01,S019,SKU00318,59,17,20.51
2024-08-01,S019,SKU00310,40,21,23.34
2024-08-01,S019,SKU00011,32,19,17.51
2024-08-01,S019,SKU00190,46,21,23.47
2024-08-01,S019,SKU00224,41,9,28.25
2024-08-01,S019,SKU00066,70,14,21.71
2024-08-01,S019,SKU00108,30,21,8.67
2024-08-01,S020,SKU00285,46,5,16.17
2024-08-01,S020,SKU00128,33,1,12.06
2024-08-01,S020,SKU00176,8,17,14.59
2024-08-01,S020,SKU00394,17,19,10.9
2024-08-01,S020,SKU00343,37,25,25.69
2024-08-01,S020,SKU00367,58,12,23.63
2024-08-01,S020,SKU00011,46,9,17.51
2024-08-01,S020,SKU00233,36,9,14.08
2024-08-01,S020,SKU00234,16,19,14.14
2024-08-01,S020,SKU00356,28,18,6.76
2024-08-01,S020,SKU00387,17,12,19.03
2024-08-01,S020,SKU00157,58,26,26.67
2024-08-01,S020,SKU00334,67,11,7.9
2024-08-01,S020,SKU00081,36,14,16.01
2024-08-01,S020,SKU00293,25,13,28.83
2024-08-01,S020,SKU00258,48,17,29.8
2024-08-01,S020,SKU00100,47,7,7.48
2024-08-01,S020,SKU00312,33,12,19.86
2024-08-01,S020,SKU00309,21,13,27.53
2024-08-01,S020,SKU00027,46,30,8.1
2024-08-01,S020,SKU00288,33,28,22.22
2024-08-01,S020,SKU00149,32,17,16.9
2024-08-01,S020,SKU00238,47,4,47.65
2024-08-01,S020,SKU00179,40,11,8.72
2024-08-01,S020,SKU00161,32,15,6.86
2024-08-01,S020,SKU00130,12,16,29.35
2024-08-01,S020,SKU00338,59,4,23.32
2024-08-01,S020,SKU00370,43,17,19.59
2024-08-01,S020,SKU00396,41,14,6.08
2024-08-01,S020,SKU00203,33,19,27.92
2024-08-01,S020,SKU00323,63,24,17.89
2024-08-01,S020,SKU00098,60,26,23.96
2024-08-01,S020,SKU00153,26,22,27.58
2024-08-01,S020,SKU00235,38,17,17.69
2024-08-01,S020,SKU00126,69,17,25.54
2024-08-01,S020,SKU00345,33,16,21.99
2024-08-01,S020,SKU00383,21,15,21.74
2024-08-01,S020,SKU00271,36,13,41.0
2024-08-01,S020,SKU00167,70,18,11.09
2024-08-01,S020,SKU00380,49,17,21.56
2024-08-01,S020,SKU00221,27,15,18.46
2024-08-01,S020,SKU00277,15,21,17.75
2024-08-01,S020,SKU00215,46,21,20.75
2024-08-01,S020,SKU00042,56,13,27.28
2024-08-01,S020,SKU00154,22,0,36.04
2024-08-01,S020,SKU00170,16,18,19.07
2024-08-01,S020,SKU00339,45,19,14.34
2024-08-01,S020,SKU00393,30,9,7.6
2024-08-01,S020,SKU00110,62,14,22.59
2024-08-01,S020,SKU00208,46,8,7.02
2024-08-01,S020,SKU00012,29,27,6.48
2024-08-01,S020,SKU00311,46,13,23.51
2024-08-01,S020,SKU00183,46,14,7.71
2024-08-01,S020,SKU00124,36,8,18.08
2024-08-01,S020,SKU00073,25,5,31.53
2024-08-01,S020,SKU00205,35,19,13.85
2024-08-01,S020,SKU00289,58,7,20.83
2024-08-01,S020,SKU00344,62,11,6.67
2024-08-01,S020,SKU00268,18,28,22.72
2024-08-01,S020,SKU00109,34,17,32.26
2024-08-01,S021,SKU00240,24,15,30.32
2024-08-01,S021,SKU00359,67,17,12.22
2024-08-01,S021,SKU00391,56,16,20.67
2024-08-01,S021,SKU00320,76,20,13.56
2024-08-01,S021,SKU00103,43,5,12.99
2024-08-01,S021,SKU00124,42,12,18.08
2024-08-01,S021,SKU00179,34,18,8.72
2024-08-01,S021,SKU00192,46,6,15.31
2024-08-01,S021,SKU00247,35,19,19.17
2024-08-01,S021,SKU00104,62,0,30.27
2024-08-01,S021,SKU00041,23,16,19.41
2024-08-01,S021,SKU00011,55,17,17.51
2024-08-01,S021,SKU00204,59,20,22.75
2024-08-01,S021,SKU00343,48,16,25.69
2024-08-01,S021,SKU00360,38,2,35.66
2024-08-01,S021,SKU00105,61,26,24.88
2024-08-01,S021,SKU00008,0,21,14.83
2024-08-01,S021,SKU00386,54,14,24.27
2024-08-01,S021,SKU00044,53,18,16.43
2024-08-01,S021,SKU00138,44,26,9.29
2024-08-01,S021,SKU00148,72,8,18.3
2024-08-01,S021,SKU00351,43,0,20.29
2024-08-01,S021,SKU00117,38,21,14.81
2024-08-01,S021,SKU00367,74,7,23.63
2024-08-01,S021,SKU00344,49,13,6.67
2024-08-01,S021,SKU00096,44,18,19.19
2024-08-01,S021,SKU00232,13,15,17.89
2024-08-01,S021,SKU00229,22,10,28.44
2024-08-01,S021,SKU00237,55,20,22.91
2024-08-01,S021,SKU00205,68,18,13.85
2024-08-01,S021,SKU00270,46,24,23.19
2024-08-01,S021,SKU00322,66,17,9.39
2024-08-01,S021,SKU00107,29,13,27.98
2024-08-01,S021,SKU00300,45,12,19.9
2024-08-01,S021,SKU00374,43,5,17.57
2024-08-01,S021,SKU00357,24,7,14.08
2024-08-01,S021,SKU00018,50,9,11.75
2024-08-01,S021,SKU00302,33,11,11.51
2024-08-01,S021,SKU00251,28,8,16.74
2024-08-01,S021,SKU00396,43,11,6.08
2024-08-01,S021,SKU00347,15,20,35.52
2024-08-01,S021,SKU00171,25,17,26.18
2024-08-01,S021,SKU00265,51,14,15.45
2024-08-01,S021,SKU00195,28,14,20.76
2024-08-01,S021,SKU00083,35,20,22.59
2024-08-01,S021,SKU00077,38,4,7.81
2024-08-01,S021,SKU00334,43,26,7.9
2024-08-01,S021,SKU00282,47,9,31.83
2024-08-01,S021,SKU00255,10,17,33.68
2024-08-01,S021,SKU00285,47,9,16.17
2024-08-01,S021,SKU00170,50,12,19.07
2024-08-01,S021,SKU00147,52,19,26.65
2024-08-01,S021,SKU00033,43,10,10.76
2024-08-01,S021,SKU00062,46,30,21.8
2024-08-01,S021,SKU00253,44,26,19.63
2024-08-01,S021,SKU00106,47,16,11.12
2024-08-01,S021,SKU00111,22,2,22.67
2024-08-01,S021,SKU00288,48,21,22.22
2024-08-01,S021,SKU00143,52,12,9.07
2024-08-01,S021,SKU00053,49,19,26.92
2024-08-01,S022,SKU00365,45,17,9.96
2024-08-01,S022,SKU00134,40,23,22.15
2024-08-01,S022,SKU00156,56,12,13.5
2024-08-01,S022,SKU00387,39,16,19.03
2024-08-01,S022,SKU00147,26,16,26.65
2024-08-01,S022,SKU00040,39,18,18.22
2024-08-01,S022,SKU00171,52,7,26.18
2024-08-01,S022,SKU00240,34,7,30.32
2024-08-01,S022,SKU00126,42,14,25.54
2024-08-01,S022,SKU00193,43,11,26.54
2024-08-01,S022,SKU00358,35,3,20.44
2024-08-01,S022,SKU00172,41,11,9.82
2024-08-01,S022,SKU00008,35,16,14.83
2024-08-01,S022,SKU00238,53,11,47.65
2024-08-01,S022,SKU00235,38,31,17.69
2024-08-01,S022,SKU00394,32,25,10.9
2024-08-01,S022,SKU00059,16,13,18.63
2024-08-01,S022,SKU00260,43,10,16.1
2024-08-01,S022,SKU00082,61,19,18.27
2024-08-01,S022,SKU00350,40,18,24.41
2024-08-01,S022,SKU00065,51,5,21.23
2024-08-01,S022,SKU00123,25,14,17.11
2024-08-01,S022,SKU00010,34,0,22.61
2024-08-01,S022,SKU00272,26,11,18.35
2024-08-01,S022,SKU00342,38,13,17.51
2024-08-01,S022,SKU00184,21,4,15.79
2024-08-01,S022,SKU00377,45,18,24.12
2024-08-01,S022,SKU00335,54,11,10.25
2024-08-01,S022,SKU00138,36,13,9.29
2024-08-01,S022,SKU00095,37,6,27.04
2024-08-01,S022,SKU00091,26,2,16.61
2024-08-01,S022,SKU00381,36,20,29.5
2024-08-01,S022,SKU00316,0,16,9.13
2024-08-01,S022,SKU00254,57,8,12.16
2024-08-01,S022,SKU00339,45,15,14.34
2024-08-01,S022,SKU00054,32,11,12.05
2024-08-01,S022,SKU00045,27,14,19.14
2024-08-01,S022,SKU00135,68,17,21.41
2024-08-01,S022,SKU00107,51,13,27.98
2024-08-01,S022,SKU00324,27,17,27.35
2024-08-01,S022,SKU00006,41,12,22.21
2024-08-01,S022,SKU00228,47,26,42.12
2024-08-01,S022,SKU00142,42,7,22.57
2024-08-01,S022,SKU00230,52,19,28.51
2024-08-01,S022,SKU00206,36,22,12.31
2024-08-01,S022,SKU00102,53,14,7.81
2024-08-01,S022,SKU00003,38,12,19.34
2024-08-01,S022,SKU00229,19,31,28.44
2024-08-01,S022,SKU00148,58,22,18.3
2024-08-01,S022,SKU00267,48,18,32.29
2024-08-01,S022,SKU00300,35,14,19.9
2024-08-01,S022,SKU00144,11,14,12.22
2024-08-01,S022,SKU00191,54,3,24.12
2024-08-01,S022,SKU00319,48,27,18.17
2024-08-01,S022,SKU00385,38,12,24.15
2024-08-01,S022,SKU00227,32,23,38.72
2024-08-01,S022,SKU00367,23,10,23.63
2024-08-01,S022,SKU00190,16,14,23.47
2024-08-01,S022,SKU00068,68,16,9.04
2024-08-01,S022,SKU00217,45,24,19.37
2024-08-01,S023,SKU00069,25,15,10.26
2024-08-01,S023,SKU00314,43,0,15.81
2024-08-01,S023,SKU00175,49,17,22.23
2024-08-01,S023,SKU00258,31,19,29.8
2024-08-01,S023,SKU00120,24,10,10.19
2024-08-01,S023,SKU00179,54,9,8.72
2024-08-01,S023,SKU00356,37,27,6.76
2024-08-01,S023,SKU00133,38,28,10.11
2024-08-01,S023,SKU00245,36,24,19.78
2024-08-01,S023,SKU00334,36,15,7.9
2024-08-01,S023,SKU00396,12,16,6.08
2024-08-01,S023,SKU00082,31,23,18.27
2024-08-01,S023,SKU00148,28,19,18.3
2024-08-01,S023,SKU00223,45,15,14.14
2024-08-01,S023,SKU00244,42,18,14.65
2024-08-01,S023,SKU00149,14,18,16.9
2024-08-01,S023,SKU00306,12,17,13.85
2024-08-01,S023,SKU00102,38,10,7.81
2024-08-01,S023,SKU00355,40,25,17.98
2024-08-01,S023,SKU00113,40,9,20.63
2024-08-01,S023,SKU00199,26,2,28.75
2024-08-01,S023,SKU00347,10,24,35.52
2024-08-01,S023,SKU00027,38,16,8.1
2024-08-01,S023,SKU00282,41,24,31.83
2024-08-01,S023,SKU00050,40,22,9.35
2024-08-01,S023,SKU00080,60,21,21.0
2024-08-01,S023,SKU00097,42,23,11.93
2024-08-01,S023,SKU00265,47,8,15.45
2024-08-01,S023,SKU00168,40,11,18.6
2024-08-01,S023,SKU00194,30,11,15.09
2024-08-01,S023,SKU00293,51,18,28.83
2024-08-01,S023,SKU00283,66,13,35.29
2024-08-01,S023,SKU00323,32,12,17.89
2024-08-01,S023,SKU00085,48,0,21.5
2024-08-01,S023,SKU00075,31,24,19.82
2024-08-01,S023,SKU00275,36,8,24.1
2024-08-01,S023,SKU00339,33,17,14.34
2024-08-01,S023,SKU00147,41,23,26.65
2024-08-01,S023,SKU00360,42,11,35.66
2024-08-01,S023,SKU00046,39,13,11.26
2024-08-01,S023,SKU00169,57,22,15.35
2024-08-01,S023,SKU00302,27,11,11.51
2024-08-01,S023,SKU00263,42,6,12.54
2024-08-01,S023,SKU00239,48,23,7.57
2024-08-01,S023,SKU00218,55,17,10.78
2024-08-01,S023,SKU00353,50,21,28.84
2024-08-01,S023,SKU00093,55,26,20.73
2024-08-01,S023,SKU00299,46,10,21.87
2024-08-01,S023,SKU00300,41,21,19.9
2024-08-01,S023,SKU00081,56,20,16.01
2024-08-01,S023,SKU00094,52,13,30.76
2024-08-01,S023,SKU00386,47,23,24.27
2024-08-01,S023,SKU00073,20,7,31.53
2024-08-01,S023,SKU00098,27,17,23.96
2024-08-01,S023,SKU00186,62,25,24.0
2024-08-01,S023,SKU00291,26,8,20.61
2024-08-01,S023,SKU00089,44,16,25.61
2024-08-01,S023,SKU00362,59,13,17.84
2024-08-01,S023,SKU00324,60,2,27.35
2024-08-01,S023,SKU00267,57,19,32.29
2024-08-01,S024,SKU00111,25,11,22.67
2024-08-01,S024,SKU00287,7,19,23.44
2024-08-01,S024,SKU00308,48,12,33.04
2024-08-01,S024,SKU00396,42,27,6.08
2024-08-01,S024,SKU00319,24,5,18.17
2024-08-01,S024,SKU00009,38,16,21.87
2024-08-01,S024,SKU00092,31,1,6.71
2024-08-01,S024,SKU00240,38,13,30.32
2024-08-01,S024,SKU00243,36,24,20.2
2024-08-01,S024,SKU00184,40,20,15.79
2024-08-01,S024,SKU00227,31,13,38.72
2024-08-01,S024,SKU00084,78,8,22.85
2024-08-01,S024,SKU00138,59,21,9.29
2024-08-01,S024,SKU00356,62,12,6.76
2024-08-01,S024,SKU00025,53,15,18.13
2024-08-01,S024,SKU00192,32,17,15.31
2024-08-01,S024,SKU00291,51,23,20.61
2024-08-01,S024,SKU00339,30,12,14.34
2024-08-01,S024,SKU00052,0,20,25.94
2024-08-01,S024,SKU00091,23,21,16.61
2024-08-01,S024,SKU00109,21,12,32.26
2024-08-01,S024,SKU00250,34,11,22.08
2024-08-01,S024,SKU00298,27,9,11.72
2024-08-01,S024,SKU00372,39,4,8.73
2024-08-01,S024,SKU00340,26,23,14.8
2024-08-01,S024,SKU00030,33,6,9.58
2024-08-01,S024,SKU00067,37,6,12.5
2024-08-01,S024,SKU00024,29,14,19.95
2024-08-01,S024,SKU00233,37,9,14.08
2024-08-01,S024,SKU00199,42,18,28.75
2024-08-01,S024,SKU00054,39,24,12.05
2024-08-01,S024,SKU00280,7,16,11.07
2024-08-01,S024,SKU00257,53,14,12.09
2024-08-01,S024,SKU00120,41,9,10.19
2024-08-01,S024,SKU00172,21,15,9.82
2024-08-01,S024,SKU00312,32,16,19.86
2024-08-01,S024,SKU00230,56,20,28.51
2024-08-01,S024,SKU00118,39,15,9.41
2024-08-01,S024,SKU00314,38,23,15.81
2024-08-01,S024,SKU00055,51,12,24.5
2024-08-01,S024,SKU00297,68,21,20.51
2024-08-01,S024,SKU00274,53,5,8.22
2024-08-01,S024,SKU00228,59,11,42.12
2024-08-01,S024,SKU00133,64,13,10.11
2024-08-01,S024,SKU00082,15,12,18.27
2024-08-01,S024,SKU00041,49,6,19.41
2024-08-01,S024,SKU00031,43,20,18.97
2024-08-01,S024,SKU00253,25,9,19.63
2024-08-01,S024,SKU00316,47,13,9.13
2024-08-01,S024,SKU00195,45,15,20.76
2024-08-01,S024,SKU00382,33,14,8.38
2024-08-01,S024,SKU00187,48,5,25.15
2024-08-01,S024,SKU00021,22,20,21.44
2024-08-01,S024,SKU00395,15,19,14.64
2024-08-01,S024,SKU00110,15,24,22.59
2024-08-01,S024,SKU00292,40,17,27.78
2024-08-01,S024,SKU00341,37,15,20.55
2024-08-01,S024,SKU00003,36,9,19.34
2024-08-01,S024,SKU00048,57,10,35.43
2024-08-01,S024,SKU00299,2,17,21.87
2024-08-01,S025,SKU00227,34,19,38.72
2024-08-01,S025,SKU00068,23,13,9.04
2024-08-01,S025,SKU00151,21,26,7.16
2024-08-01,S025,SKU00256,26,15,16.17
2024-08-01,S025,SKU00208,16,17,7.02
2024-08-01,S025,SKU00290,50,12,20.85
2024-08-01,S025,SKU00058,31,20,33.62
2024-08-01,S025,SKU00205,37,26,13.85
2024-08-01,S025,SKU00194,34,9,15.09
2024-08-01,S025,SKU00370,45,9,19.59
2024-08-01,S025,SKU00362,57,12,17.84
2024-08-01,S025,SKU00053,41,9,26.92
2024-08-01,S025,SKU00026,40,17,28.01
2024-08-01,S025,SKU00295,63,19,21.15
2024-08-01,S025,SKU00073,52,23,31.53
2024-08-01,S025,SKU00385,35,7,24.15
2024-08-01,S025,SKU00259,58,10,16.74
2024-08-01,S025,SKU00245,42,19,19.78
2024-08-01,S025,SKU00352,28,19,23.46
2024-08-01,S025,SKU00091,66,17,16.61
2024-08-01,S025,SKU00332,49,2,53.2
2024-08-01,S025,SKU00323,52,2,17.89
2024-08-01,S025,SKU00247,30,19,19.17
2024-08-01,S025,SKU00390,57,25,20.94
2024-08-01,S025,SKU00035,54,22,34.51
2024-08-01,S025,SKU00077,41,6,7.81
2024-08-01,S025,SKU00363,29,6,19.67
2024-08-01,S025,SKU00397,25,18,24.95
2024-08-01,S025,SKU00203,31,14,27.92
2024-08-01,S025,SKU00305,35,14,19.27
2024-08-01,S025,SKU00262,68,21,6.97
2024-08-01,S025,SKU00330,42,33,28.29
2024-08-01,S025,SKU00004,31,17,9.51
2024-08-01,S025,SKU00215,49,14,20.75
2024-08-01,S025,SKU00201,55,5,17.59
2024-08-01,S025,SKU00144,22,13,12.22
2024-08-01,S025,SKU00284,38,14,20.24
2024-08-01,S025,SKU00096,57,16,19.19
2024-08-01,S025,SKU00016,8,12,20.2
2024-08-01,S025,SKU00334,51,2,7.9
2024-08-01,S025,SKU00213,47,13,21.39
2024-08-01,S025,SKU00209,12,10,40.26
2024-08-01,S025,SKU00177,40,18,24.36
2024-08-01,S025,SKU00054,38,14,12.05
2024-08-01,S025,SKU00199,47,21,28.75
2024-08-01,S025,SKU00200,22,13,35.75
2024-08-01,S025,SKU00031,38,14,18.97
2024-08-01,S025,SKU00012,39,11,6.48
2024-08-01,S025,SKU00118,35,13,9.41
2024-08-01,S025,SKU00239,50,16,7.57
2024-08-01,S025,SKU00002,45,22,22.95
2024-08-01,S025,SKU00333,49,12,19.02
2024-08-01,S025,SKU00131,34,21,22.93
2024-08-01,S025,SKU00174,40,5,23.97
2024-08-01,S025,SKU00279,62,18,18.46
2024-08-01,S025,SKU00289,22,5,20.83
2024-08-01,S025,SKU00079,16,6,18.54
2024-08-01,S025,SKU00339,31,6,14.34
2024-08-01,S025,SKU00071,39,22,18.24
2024-08-01,S025,SKU00172,54,22,9.82
2024-08-01,S026,SKU00306,33,20,13.85
2024-08-01,S026,SKU00257,44,14,12.09
2024-08-01,S026,SKU00061,29,12,13.6
2024-08-01,S026,SKU00109,51,24,32.26
2024-08-01,S026,SKU00274,21,19,8.22
2024-08-01,S026,SKU00286,40,9,25.41
2024-08-01,S026,SKU00034,34,28,25.34
2024-08-01,S026,SKU00371,6,28,23.22
2024-08-01,S026,SKU00206,37,1,12.31
2024-08-01,S026,SKU00292,23,13,27.78
2024-08-01,S026,SKU00152,35,6,34.48
2024-08-01,S026,SKU00362,37,2,17.84
2024-08-01,S026,SKU00355,54,19,17.98
2024-08-01,S026,SKU00381,79,8,29.5
2024-08-01,S026,SKU00073,37,16,31.53
2024-08-01,S026,SKU00194,26,6,15.09
2024-08-01,S026,SKU00225,56,1,14.42
2024-08-01,S026,SKU00356,43,17,6.76
2024-08-01,S026,SKU00210,38,12,17.08
2024-08-01,S026,SKU00185,27,11,22.74
2024-08-01,S026,SKU00190,45,17,23.47
2024-08-01,S026,SKU00065,34,19,21.23
2024-08-01,S026,SKU00283,23,12,35.29
2024-08-01,S026,SKU00346,56,19,46.67
2024-08-01,S026,SKU00319,36,15,18.17
2024-08-01,S026,SKU00081,29,9,16.01
2024-08-01,S026,SKU00062,29,15,21.8
2024-08-01,S026,SKU00011,29,15,17.51
2024-08-01,S026,SKU00068,43,1,9.04
2024-08-01,S026,SKU00318,45,25,20.51
2024-08-01,S026,SKU00284,37,10,20.24
2024-08-01,S026,SKU00350,46,11,24.41
2024-08-01,S026,SKU00186,53,17,24.0
2024-08-01,S026,SKU00032,42,11,26.13
2024-08-01,S026,SKU00211,48,16,37.2
2024-08-01,S026,SKU00388,74,6,18.08
2024-08-01,S026,SKU00105,48,18,24.88
2024-08-01,S026,SKU00140,40,10,22.39
2024-08-01,S026,SKU00268,35,17,22.72
2024-08-01,S026,SKU00033,20,18,10.76
2024-08-01,S026,SKU00046,43,28,11.26
2024-08-01,S026,SKU00280,39,24,11.07
2024-08-01,S026,SKU00392,33,14,28.95
2024-08-01,S026,SKU00055,37,15,24.5
2024-08-01,S026,SKU00272,46,7,18.35
2024-08-01,S026,SKU00024,28,9,19.95
2024-08-01,S026,SKU00394,58,12,10.9
2024-08-01,S026,SKU00397,39,14,24.95
2024-08-01,S026,SKU00389,60,14,26.23
2024-08-01,S026,SKU00129,56,12,17.3
2024-08-01,S026,SKU00127,67,14,18.2
2024-08-01,S026,SKU00264,55,22,13.51
2024-08-01,S026,SKU00082,74,16,18.27
2024-08-01,S026,SKU00075,30,19,19.82
2024-08-01,S026,SKU00327,28,17,24.66
2024-08-01,S026,SKU00290,44,5,20.85
2024-08-01,S026,SKU00101,21,18,13.03
2024-08-01,S026,SKU00103,63,21,12.99
2024-08-01,S026,SKU00261,45,4,33.76
2024-08-01,S026,SKU00339,31,23,14.34
2024-08-01,S027,SKU00368,51,1,14.01
2024-08-01,S027,SKU00351,46,0,20.29
2024-08-01,S027,SKU00198,16,13,25.14
2024-08-01,S027,SKU00394,0,7,10.9
2024-08-01,S027,SKU00240,31,27,30.32
2024-08-01,S027,SKU00281,56,15,24.82
2024-08-01,S027,SKU00123,24,24,17.11
2024-08-01,S027,SKU00260,35,2,16.1
2024-08-01,S027,SKU00026,45,10,28.01
2024-08-01,S027,SKU00095,32,12,27.04
2024-08-01,S027,SKU00169,52,27,15.35
2024-08-01,S027,SKU00170,59,9,19.07
2024-08-01,S027,SKU00138,33,11,9.29
2024-08-01,S027,SKU00302,46,22,11.51
2024-08-01,S027,SKU00126,38,20,25.54
2024-08-01,S027,SKU00223,55,14,14.14
2024-08-01,S027,SKU00344,32,12,6.67
2024-08-01,S027,SKU00305,40,13,19.27
2024-08-01,S027,SKU00084,41,13,22.85
2024-08-01,S027,SKU00256,16,5,16.17
2024-08-01,S027,SKU00055,58,4,24.5
2024-08-01,S027,SKU00389,34,10,26.23
2024-08-01,S027,SKU00276,54,15,8.52
2024-08-01,S027,SKU00230,37,16,28.51
2024-08-01,S027,SKU00166,31,20,26.57
2024-08-01,S027,SKU00258,43,17,29.8
2024-08-01,S027,SKU00139,24,24,19.06
2024-08-01,S027,SKU00078,41,23,9.74
2024-08-01,S027,SKU00015,69,10,25.51
2024-08-01,S027,SKU00059,57,8,18.63
2024-08-01,S027,SKU00340,56,15,14.8
2024-08-01,S027,SKU00384,62,20,6.97
2024-08-01,S027,SKU00107,48,25,27.98
2024-08-01,S027,SKU00044,61,15,16.43
2024-08-01,S027,SKU00179,45,19,8.72
2024-08-01,S027,SKU00191,0,19,24.12
2024-08-01,S027,SKU00019,37,7,14.15
2024-08-01,S027,SKU00350,61,23,24.41
2024-08-01,S027,SKU00396,31,20,6.08
2024-08-01,S027,SKU00131,21,22,22.93
2024-08-01,S027,SKU00066,31,22,21.71
2024-08-01,S027,SKU00214,24,15,47.96
2024-08-01,S027,SKU00175,29,18,22.23
2024-08-01,S027,SKU00390,43,21,20.94
2024-08-01,S027,SKU00110,26,18,22.59
2024-08-01,S027,SKU00161,20,11,6.86
2024-08-01,S027,SKU00294,20,29,21.46
2024-08-01,S027,SKU00177,58,5,24.36
2024-08-01,S027,SKU00330,48,11,28.29
2024-08-01,S027,SKU00213,67,10,21.39
2024-08-01,S027,SKU00165,39,0,12.62
2024-08-01,S027,SKU00070,31,18,19.96
2024-08-01,S027,SKU00074,38,13,28.23
2024-08-01,S027,SKU00135,29,36,21.41
2024-08-01,S027,SKU00293,40,13,28.83
2024-08-01,S027,SKU00073,60,6,31.53
2024-08-01,S027,SKU00325,36,24,11.47
2024-08-01,S027,SKU00226,50,13,37.85
2024-08-01,S027,SKU00377,28,21,24.12
2024-08-01,S027,SKU00219,49,30,24.96
2024-08-01,S028,SKU00065,45,13,21.23
2024-08-01,S028,SKU00371,16,19,23.22
2024-08-01,S028,SKU00050,41,24,9.35
2024-08-01,S028,SKU00035,55,15,34.51
2024-08-01,S028,SKU00247,32,19,19.17
2024-08-01,S028,SKU00316,48,22,9.13
2024-08-01,S028,SKU00364,20,23,20.03
2024-08-01,S028,SKU00303,58,11,27.57
2024-08-01,S028,SKU00233,69,7,14.08
2024-08-01,S028,SKU00036,49,18,15.82
2024-08-01,S028,SKU00034,46,22,25.34
2024-08-01,S028,SKU00175,48,10,22.23
2024-08-01,S028,SKU00192,30,7,15.31
2024-08-01,S028,SKU00392,45,12,28.95
2024-08-01,S028,SKU00112,37,15,17.88
2024-08-01,S028,SKU00144,45,13,12.22
2024-08-01,S028,SKU00125,40,14,14.87
2024-08-01,S028,SKU00251,33,17,16.74
2024-08-01,S028,SKU00294,29,17,21.46
2024-08-01,S028,SKU00236,45,13,14.52
2024-08-01,S028,SKU00283,33,27,35.29
2024-08-01,S028,SKU00285,21,15,16.17
2024-08-01,S028,SKU00133,2,15,10.11
2024-08-01,S028,SKU00264,18,9,13.51
2024-08-01,S028,SKU00119,72,17,21.19
2024-08-01,S028,SKU00235,39,17,17.69
2024-08-01,S028,SKU00187,43,17,25.15
2024-08-01,S028,SKU00384,47,5,6.97
2024-08-01,S028,SKU00380,1,25,21.56
2024-08-01,S028,SKU00310,13,10,23.34
2024-08-01,S028,SKU00091,46,22,16.61
2024-08-01,S028,SKU00270,49,8,23.19
2024-08-01,S028,SKU00118,53,22,9.41
2024-08-01,S028,SKU00225,64,19,14.42
2024-08-01,S028,SKU00204,59,22,22.75
2024-08-01,S028,SKU00183,49,17,7.71
2024-08-01,S028,SKU00023,26,20,23.51
2024-08-01,S028,SKU00011,46,20,17.51
2024-08-01,S028,SKU00007,45,15,12.89
2024-08-01,S028,SKU00224,28,26,28.25
2024-08-01,S028,SKU00128,45,18,12.06
2024-08-01,S028,SKU00172,31,22,9.82
2024-08-01,S028,SKU00156,23,8,13.5
2024-08-01,S028,SKU00321,76,19,8.77
2024-08-01,S028,SKU00373,23,5,43.52
2024-08-01,S028,SKU00338,41,19,23.32
2024-08-01,S028,SKU00246,43,5,19.79
2024-08-01,S028,SKU00368,50,24,14.01
2024-08-01,S028,SKU00209,29,22,40.26
2024-08-01,S028,SKU00074,43,25,28.23
2024-08-01,S028,SKU00278,21,1,29.28
2024-08-01,S028,SKU00066,50,0,21.71
2024-08-01,S028,SKU00031,16,15,18.97
2024-08-01,S028,SKU00052,31,25,25.94
2024-08-01,S028,SKU00363,23,10,19.67
2024-08-01,S028,SKU00374,36,20,17.57
2024-08-01,S028,SKU00073,18,17,31.53
2024-08-01,S028,SKU00203,31,12,27.92
2024-08-01,S028,SKU00143,34,13,9.07
2024-08-01,S028,SKU00248,40,14,24.2
2024-08-01,S029,SKU00168,37,13,18.6
2024-08-01,S029,SKU00194,51,17,15.09
2024-08-01,S029,SKU00062,52,29,21.8
2024-08-01,S029,SKU00088,32,25,27.73
2024-08-01,S029,SKU00171,26,27,26.18
2024-08-01,S029,SKU00187,53,13,25.15
2024-08-01,S029,SKU00227,33,27,38.72
2024-08-01,S029,SKU00040,41,16,18.22
2024-08-01,S029,SKU00367,33,9,23.63
2024-08-01,S029,SKU00225,18,25,14.42
2024-08-01,S029,SKU00169,40,20,15.35
2024-08-01,S029,SKU00045,29,9,19.14
2024-08-01,S029,SKU00097,62,18,11.93
2024-08-01,S029,SKU00299,31,21,21.87
2024-08-01,S029,SKU00355,51,1,17.98
2024-08-01,S029,SKU00108,56,15,8.67
2024-08-01,S029,SKU00170,33,18,19.07
2024-08-01,S029,SKU00189,72,19,21.3
2024-08-01,S029,SKU00191,46,12,24.12
2024-08-01,S029,SKU00140,48,13,22.39
2024-08-01,S029,SKU00226,19,20,37.85
2024-08-01,S029,SKU00103,49,4,12.99
2024-08-01,S029,SKU00310,37,16,23.34
2024-08-01,S029,SKU00080,68,24,21.0
2024-08-01,S029,SKU00178,17,12,23.85
2024-08-01,S029,SKU00368,38,18,14.01
2024-08-01,S029,SKU00360,53,13,35.66
2024-08-01,S029,SKU00160,21,15,18.48
2024-08-01,S029,SKU00290,26,21,20.85
2024-08-01,S029,SKU00037,55,21,14.43
2024-08-01,S029,SKU00218,42,12,10.78
2024-08-01,S029,SKU00364,38,25,20.03
2024-08-01,S029,SKU00073,39,17,31.53
2024-08-01,S029,SKU00304,37,12,13.37
2024-08-01,S029,SKU00017,33,11,22.2
2024-08-01,S029,SKU00370,57,23,19.59
2024-08-01,S029,SKU00241,36,24,22.03
2024-08-01,S029,SKU00050,51,21,9.35
2024-08-01,S029,SKU00341,49,11,20.55
2024-08-01,S029,SKU00221,59,21,18.46
2024-08-01,S029,SKU00183,13,18,7.71
2024-08-01,S029,SKU00301,26,27,13.89
2024-08-01,S029,SKU00033,46,24,10.76
2024-08-01,S029,SKU00172,33,4,9.82
2024-08-01,S029,SKU00329,37,7,21.42
2024-08-01,S029,SKU00126,16,16,25.54
2024-08-01,S029,SKU00369,20,15,27.28
2024-08-01,S029,SKU00275,10,0,24.1
2024-08-01,S029,SKU00330,56,11,28.29
2024-08-01,S029,SKU00031,43,12,18.97
2024-08-01,S029,SKU00307,47,7,19.13
2024-08-01,S029,SKU00326,30,22,21.09
2024-08-01,S029,SKU00041,51,24,19.41
2024-08-01,S029,SKU00276,62,19,8.52
2024-08-01,S029,SKU00293,32,2,28.83
2024-08-01,S029,SKU00245,21,14,19.78
2024-08-01,S029,SKU00363,43,1,19.67
2024-08-01,S029,SKU00083,35,13,22.59
2024-08-01,S029,SKU00210,27,22,17.08
2024-08-01,S029,SKU00192,43,12,15.31
2024-08-01,S030,SKU00169,45,13,15.35
2024-08-01,S030,SKU00025,44,5,18.13
2024-08-01,S030,SKU00104,32,15,30.27
2024-08-01,S030,SKU00239,0,24,7.57
2024-08-01,S030,SKU00279,41,6,18.46
2024-08-01,S030,SKU00263,51,19,12.54
2024-08-01,S030,SKU00209,46,20,40.26
2024-08-01,S030,SKU00219,65,8,24.96
2024-08-01,S030,SKU00197,32,20,14.73
2024-08-01,S030,SKU00206,20,10,12.31
2024-08-01,S030,SKU00042,58,0,27.28
2024-08-01,S030,SKU00361,37,7,22.51
2024-08-01,S030,SKU00365,20,15,9.96
2024-08-01,S030,SKU00312,51,20,19.86
2024-08-01,S030,SKU00257,54,17,12.09
2024-08-01,S030,SKU00171,39,25,26.18
2024-08-01,S030,SKU00149,36,16,16.9
2024-08-01,S030,SKU00150,44,14,17.58
2024-08-01,S030,SKU00225,24,20,14.42
2024-08-01,S030,SKU00354,51,13,16.32
2024-08-01,S030,SKU00004,45,14,9.51
2024-08-01,S030,SKU00248,36,9,24.2
2024-08-01,S030,SKU00245,24,13,19.78
2024-08-01,S030,SKU00176,35,12,14.59
2024-08-01,S030,SKU00066,48,21,21.71
2024-08-01,S030,SKU00237,41,6,22.91
2024-08-01,S030,SKU00302,51,6,11.51
2024-08-01,S030,SKU00076,49,13,16.2
2024-08-01,S030,SKU00323,64,18,17.89
2024-08-01,S030,SKU00095,48,25,27.04
2024-08-01,S030,SKU00384,29,13,6.97
2024-08-01,S030,SKU00359,26,19,12.22
2024-08-01,S030,SKU00090,37,12,19.09
2024-08-01,S030,SKU00126,44,13,25.54
2024-08-01,S030,SKU00340,21,21,14.8
2024-08-01,S030,SKU00382,40,6,8.38
2024-08-01,S030,SKU00236,38,12,14.52
2024-08-01,S030,SKU00318,32,17,20.51
2024-08-01,S030,SKU00194,40,22,15.09
2024-08-01,S030,SKU00328,59,16,20.31
2024-08-01,S030,SKU00177,45,8,24.36
2024-08-01,S030,SKU00327,34,17,24.66
2024-08-01,S030,SKU00121,65,19,21.13
2024-08-01,S030,SKU00363,27,25,19.67
2024-08-01,S030,SKU00175,43,21,22.23
2024-08-01,S030,SKU00129,53,22,17.3
2024-08-01,S030,SKU00330,64,13,28.29
2024-08-01,S030,SKU00021,45,18,21.44
2024-08-01,S030,SKU00111,28,9,22.67
2024-08-01,S030,SKU00314,25,15,15.81
2024-08-01,S030,SKU00369,27,7,27.28
2024-08-01,S030,SKU00057,45,15,19.41
2024-08-01,S030,SKU00273,85,13,21.29
2024-08-01,S030,SKU00288,37,6,22.22
2024-08-01,S030,SKU00310,52,6,23.34
2024-08-01,S030,SKU00068,59,27,9.04
2024-08-01,S030,SKU00013,57,16,15.96
2024-08-01,S030,SKU00332,55,11,53.2
2024-08-01,S030,SKU00247,52,31,19.17
2024-08-01,S030,SKU00304,32,24,13.37
2024-09-01,S001,SKU00348,25,8,24.11
2024-09-01,S001,SKU00175,37,15,22.23
2024-09-01,S001,SKU00389,34,6,26.23
2024-09-01,S001,SKU00047,6,20,30.28
2024-09-01,S001,SKU00395,31,26,14.64
2024-09-01,S001,SKU00242,31,22,23.88
2024-09-01,S001,SKU00273,34,10,21.29
2024-09-01,S001,SKU00314,19,22,15.81
2024-09-01,S001,SKU00384,9,14,6.97
2024-09-01,S001,SKU00315,32,14,25.73
2024-09-01,S001,SKU00032,52,17,26.13
2024-09-01,S001,SKU00231,28,12,23.4
2024-09-01,S001,SKU00266,37,15,15.48
2024-09-01,S001,SKU00351,38,19,20.29
2024-09-01,S001,SKU00191,28,15,24.12
2024-09-01,S001,SKU00072,32,26,22.01
2024-09-01,S001,SKU00139,33,9,19.06
2024-09-01,S001,SKU00370,48,15,19.59
2024-09-01,S001,SKU00079,41,9,18.54
2024-09-01,S001,SKU00107,30,13,27.98
2024-09-01,S001,SKU00019,36,10,14.15
2024-09-01,S001,SKU00258,22,8,29.8
2024-09-01,S001,SKU00154,38,20,36.04
2024-09-01,S001,SKU00048,29,12,35.43
2024-09-01,S001,SKU00247,51,7,19.17
2024-09-01,S001,SKU00038,2,8,22.05
2024-09-01,S001,SKU00340,53,24,14.8
2024-09-01,S001,SKU00204,38,23,22.75
2024-09-01,S001,SKU00316,63,14,9.13
2024-09-01,S001,SKU00369,28,17,27.28
2024-09-01,S001,SKU00015,48,14,25.51
2024-09-01,S001,SKU00137,60,24,32.34
2024-09-01,S001,SKU00037,33,18,14.43
2024-09-01,S001,SKU00024,39,16,19.95
2024-09-01,S001,SKU00230,16,32,28.51
2024-09-01,S001,SKU00226,37,27,37.85
2024-09-01,S001,SKU00217,46,11,19.37
2024-09-01,S001,SKU00307,14,13,19.13
2024-09-01,S001,SKU00035,42,7,34.51
2024-09-01,S001,SKU00029,56,8,18.21
2024-09-01,S001,SKU00159,46,0,20.64
2024-09-01,S001,SKU00323,19,6,17.89
2024-09-01,S001,SKU00295,46,17,21.15
2024-09-01,S001,SKU00224,46,7,28.25
2024-09-01,S001,SKU00210,17,4,17.08
2024-09-01,S001,SKU00313,44,22,21.61
2024-09-01,S001,SKU00183,32,12,7.71
2024-09-01,S001,SKU00241,38,25,22.03
2024-09-01,S001,SKU00113,37,11,20.63
2024-09-01,S001,SKU00278,37,19,29.28
2024-09-01,S001,SKU00253,6,24,19.63
2024-09-01,S001,SKU00390,61,24,20.94
2024-09-01,S001,SKU00027,43,20,8.1
2024-09-01,S001,SKU00036,59,26,15.82
2024-09-01,S001,SKU00310,23,25,23.34
2024-09-01,S001,SKU00237,38,8,22.91
2024-09-01,S001,SKU00039,47,20,31.34
2024-09-01,S001,SKU00043,43,19,24.13
2024-09-01,S001,SKU00290,52,14,20.85
2024-09-01,S001,SKU00082,59,31,18.27
2024-09-01,S002,SKU00279,42,22,18.46
2024-09-01,S002,SKU00400,51,5,16.59
2024-09-01,S002,SKU00120,24,5,10.19
2024-09-01,S002,SKU00240,47,14,30.32
2024-09-01,S002,SKU00022,45,12,10.6
2024-09-01,S002,SKU00378,44,29,16.37
2024-09-01,S002,SKU00060,57,7,30.63
2024-09-01,S002,SKU00031,50,7,18.97
2024-09-01,S002,SKU00166,37,10,26.57
2024-09-01,S002,SKU00323,49,18,17.89
2024-09-01,S002,SKU00176,54,10,14.59
2024-09-01,S002,SKU00321,46,24,8.77
2024-09-01,S002,SKU00105,56,16,24.88
2024-09-01,S002,SKU00152,35,15,34.48
2024-09-01,S002,SKU00380,34,9,21.56
2024-09-01,S002,SKU00035,51,18,34.51
2024-09-01,S002,SKU00142,40,13,22.57
2024-09-01,S002,SKU00042,73,17,27.28
2024-09-01,S002,SKU00163,30,17,15.73
2024-09-01,S002,SKU00049,25,19,21.35
2024-09-01,S002,SKU00017,70,3,22.2
2024-09-01,S002,SKU00354,0,21,16.32
2024-09-01,S002,SKU00061,52,12,13.6
2024-09-01,S002,SKU00046,43,13,11.26
2024-09-01,S002,SKU00310,36,20,23.34
2024-09-01,S002,SKU00284,35,8,20.24
2024-09-01,S002,SKU00296,26,13,18.93
2024-09-01,S002,SKU00103,23,39,12.99
2024-09-01,S002,SKU00339,62,3,14.34
2024-09-01,S002,SKU00074,26,19,28.23
2024-09-01,S002,SKU00174,29,36,23.97
2024-09-01,S002,SKU00073,47,18,31.53
2024-09-01,S002,SKU00245,55,15,19.78
2024-09-01,S002,SKU00272,24,14,18.35
2024-09-01,S002,SKU00131,41,11,22.93
2024-09-01,S002,SKU00108,34,8,8.67
2024-09-01,S002,SKU00375,46,4,23.14
2024-09-01,S002,SKU00020,54,24,19.96
2024-09-01,S002,SKU00089,50,24,25.61
2024-09-01,S002,SKU00262,22,15,6.97
2024-09-01,S002,SKU00254,79,13,12.16
2024-09-01,S002,SKU00243,20,10,20.2
2024-09-01,S002,SKU00393,35,11,7.6
2024-09-01,S002,SKU00034,26,12,25.34
2024-09-01,S002,SKU00130,8,20,29.35
2024-09-01,S002,SKU00168,46,0,18.6
2024-09-01,S002,SKU00377,5,10,24.12
2024-09-01,S002,SKU00149,45,0,16.9
2024-09-01,S002,SKU00331,44,2,9.22
2024-09-01,S002,SKU00145,57,3,13.72
2024-09-01,S002,SKU00114,32,16,16.42
2024-09-01,S002,SKU00309,38,17,27.53
2024-09-01,S002,SKU00325,48,5,11.47
2024-09-01,S002,SKU00179,30,14,8.72
2024-09-01,S002,SKU00063,14,11,13.32
2024-09-01,S002,SKU00370,30,13,19.59
2024-09-01,S002,SKU00075,56,14,19.82
2024-09-01,S002,SKU00382,34,19,8.38
2024-09-01,S002,SKU00158,17,3,7.83
2024-09-01,S002,SKU00319,37,7,18.17
2024-09-01,S003,SKU00362,53,8,17.84
2024-09-01,S003,SKU00198,44,10,25.14
2024-09-01,S003,SKU00284,44,0,20.24
2024-09-01,S003,SKU00366,17,12,12.66
2024-09-01,S003,SKU00376,53,13,22.09
2024-09-01,S003,SKU00269,72,10,13.31
2024-09-01,S003,SKU00353,42,11,28.84
2024-09-01,S003,SKU00116,57,14,40.0
2024-09-01,S003,SKU00277,31,21,17.75
2024-09-01,S003,SKU00021,32,14,21.44
2024-09-01,S003,SKU00381,54,19,29.5
2024-09-01,S003,SKU00095,20,21,27.04
2024-09-01,S003,SKU00361,63,29,22.51
2024-09-01,S003,SKU00218,30,13,10.78
2024-09-01,S003,SKU00318,55,15,20.51
2024-09-01,S003,SKU00352,61,13,23.46
2024-09-01,S003,SKU00115,28,25,16.78
2024-09-01,S003,SKU00114,54,27,16.42
2024-09-01,S003,SKU00025,21,16,18.13
2024-09-01,S003,SKU00368,44,20,14.01
2024-09-01,S003,SKU00245,28,20,19.78
2024-09-01,S003,SKU00230,53,0,28.51
2024-09-01,S003,SKU00030,26,24,9.58
2024-09-01,S003,SKU00130,63,5,29.35
2024-09-01,S003,SKU00153,41,15,27.58
2024-09-01,S003,SKU00290,37,20,20.85
2024-09-01,S003,SKU00077,33,20,7.81
2024-09-01,S003,SKU00041,41,13,19.41
2024-09-01,S003,SKU00031,36,12,18.97
2024-09-01,S003,SKU00145,35,18,13.72
2024-09-01,S003,SKU00347,21,8,35.52
2024-09-01,S003,SKU00298,32,12,11.72
2024-09-01,S003,SKU00112,37,12,17.88
2024-09-01,S003,SKU00107,37,10,27.98
2024-09-01,S003,SKU00126,47,12,25.54
2024-09-01,S003,SKU00212,36,16,8.51
2024-09-01,S003,SKU00066,36,6,21.71
2024-09-01,S003,SKU00266,41,13,15.48
2024-09-01,S003,SKU00206,55,8,12.31
2024-09-01,S003,SKU00016,56,7,20.2
2024-09-01,S003,SKU00278,32,15,29.28
2024-09-01,S003,SKU00382,17,17,8.38
2024-09-01,S003,SKU00062,52,11,21.8
2024-09-01,S003,SKU00140,46,20,22.39
2024-09-01,S003,SKU00078,47,15,9.74
2024-09-01,S003,SKU00283,11,36,35.29
2024-09-01,S003,SKU00358,41,22,20.44
2024-09-01,S003,SKU00250,49,3,22.08
2024-09-01,S003,SKU00203,44,21,27.92
2024-09-01,S003,SKU00356,61,5,6.76
2024-09-01,S003,SKU00065,33,9,21.23
2024-09-01,S003,SKU00052,25,21,25.94
2024-09-01,S003,SKU00128,54,8,12.06
2024-09-01,S003,SKU00027,27,18,8.1
2024-09-01,S003,SKU00327,46,26,24.66
2024-09-01,S003,SKU00150,56,20,17.58
2024-09-01,S003,SKU00185,47,23,22.74
2024-09-01,S003,SKU00364,83,17,20.03
2024-09-01,S003,SKU00272,26,10,18.35
2024-09-01,S003,SKU00287,33,3,23.44
2024-09-01,S004,SKU00208,36,19,7.02
2024-09-01,S004,SKU00117,22,26,14.81
2024-09-01,S004,SKU00283,76,21,35.29
2024-09-01,S004,SKU00093,24,6,20.73
2024-09-01,S004,SKU00160,45,16,18.48
2024-09-01,S004,SKU00321,29,6,8.77
2024-09-01,S004,SKU00064,30,13,14.1
2024-09-01,S004,SKU00051,42,25,21.15
2024-09-01,S004,SKU00099,25,30,12.91
2024-09-01,S004,SKU00044,18,20,16.43
2024-09-01,S004,SKU00079,52,8,18.54
2024-09-01,S004,SKU00263,54,16,12.54
2024-09-01,S004,SKU00014,30,3,17.1
2024-09-01,S004,SKU00397,24,16,24.95
2024-09-01,S004,SKU00370,56,6,19.59
2024-09-01,S004,SKU00288,62,3,22.22
2024-09-01,S004,SKU00203,21,10,27.92
2024-09-01,S004,SKU00067,48,24,12.5
2024-09-01,S004,SKU00236,37,22,14.52
2024-09-01,S004,SKU00138,48,10,9.29
2024-09-01,S004,SKU00188,59,2,22.21
2024-09-01,S004,SKU00255,27,25,33.68
2024-09-01,S004,SKU00026,20,10,28.01
2024-09-01,S004,SKU00048,14,21,35.43
2024-09-01,S004,SKU00226,33,10,37.85
2024-09-01,S004,SKU00059,35,18,18.63
2024-09-01,S004,SKU00090,58,22,19.09
2024-09-01,S004,SKU00292,19,12,27.78
2024-09-01,S004,SKU00163,47,12,15.73
2024-09-01,S004,SKU00072,30,17,22.01
2024-09-01,S004,SKU00179,31,20,8.72
2024-09-01,S004,SKU00231,43,16,23.4
2024-09-01,S004,SKU00272,25,16,18.35
2024-09-01,S004,SKU00253,54,13,19.63
2024-09-01,S004,SKU00054,56,13,12.05
2024-09-01,S004,SKU00350,26,15,24.41
2024-09-01,S004,SKU00311,41,9,23.51
2024-09-01,S004,SKU00285,34,13,16.17
2024-09-01,S004,SKU00218,35,13,10.78
2024-09-01,S004,SKU00096,75,13,19.19
2024-09-01,S004,SKU00212,54,21,8.51
2024-09-01,S004,SKU00359,30,16,12.22
2024-09-01,S004,SKU00005,9,11,5.18
2024-09-01,S004,SKU00301,55,20,13.89
2024-09-01,S004,SKU00068,37,2,9.04
2024-09-01,S004,SKU00012,31,13,6.48
2024-09-01,S004,SKU00070,46,12,19.96
2024-09-01,S004,SKU00304,8,12,13.37
2024-09-01,S004,SKU00081,40,13,16.01
2024-09-01,S004,SKU00223,21,22,14.14
2024-09-01,S004,SKU00175,58,26,22.23
2024-09-01,S004,SKU00221,25,7,18.46
2024-09-01,S004,SKU00217,55,18,19.37
2024-09-01,S004,SKU00207,33,19,16.29
2024-09-01,S004,SKU00083,44,13,22.59
2024-09-01,S004,SKU00296,57,11,18.93
2024-09-01,S004,SKU00294,44,17,21.46
2024-09-01,S004,SKU00262,41,28,6.97
2024-09-01,S004,SKU00309,54,11,27.53
2024-09-01,S004,SKU00390,39,15,20.94
2024-09-01,S005,SKU00277,52,7,17.75
2024-09-01,S005,SKU00097,33,15,11.93
2024-09-01,S005,SKU00131,43,19,22.93
2024-09-01,S005,SKU00375,26,14,23.14
2024-09-01,S005,SKU00123,56,21,17.11
2024-09-01,S005,SKU00020,47,19,19.96
2024-09-01,S005,SKU00238,0,14,47.65
2024-09-01,S005,SKU00240,56,18,30.32
2024-09-01,S005,SKU00202,37,10,41.7
2024-09-01,S005,SKU00228,1,2,42.12
2024-09-01,S005,SKU00002,19,19,22.95
2024-09-01,S005,SKU00155,39,7,22.47
2024-09-01,S005,SKU00050,38,27,9.35
2024-09-01,S005,SKU00140,71,9,22.39
2024-09-01,S005,SKU00311,35,6,23.51
2024-09-01,S005,SKU00265,50,5,15.45
2024-09-01,S005,SKU00173,51,17,24.41
2024-09-01,S005,SKU00315,50,18,25.73
2024-09-01,S005,SKU00043,52,14,24.13
2024-09-01,S005,SKU00102,11,17,7.81
2024-09-01,S005,SKU00198,58,11,25.14
2024-09-01,S005,SKU00181,64,11,21.21
2024-09-01,S005,SKU00351,1,13,20.29
2024-09-01,S005,SKU00291,43,7,20.61
2024-09-01,S005,SKU00314,45,2,15.81
2024-09-01,S005,SKU00056,8,4,21.74
2024-09-01,S005,SKU00105,43,0,24.88
2024-09-01,S005,SKU00249,43,13,14.24
2024-09-01,S005,SKU00233,31,7,14.08
2024-09-01,S005,SKU00372,6,5,8.73
2024-09-01,S005,SKU00339,0,4,14.34
2024-09-01,S005,SKU00392,61,7,28.95
2024-09-01,S005,SKU00268,18,1,22.72
2024-09-01,S005,SKU00013,30,15,15.96
2024-09-01,S005,SKU00270,41,17,23.19
2024-09-01,S005,SKU00150,40,3,17.58
2024-09-01,S005,SKU00340,29,7,14.8
2024-09-01,S005,SKU00214,43,20,47.96
2024-09-01,S005,SKU00385,52,17,24.15
2024-09-01,S005,SKU00352,8,15,23.46
2024-09-01,S005,SKU00296,27,8,18.93
2024-09-01,S005,SKU00232,54,7,17.89
2024-09-01,S005,SKU00070,52,18,19.96
2024-09-01,S005,SKU00248,14,10,24.2
2024-09-01,S005,SKU00390,53,22,20.94
2024-09-01,S005,SKU00263,28,3,12.54
2024-09-01,S005,SKU00215,43,18,20.75
2024-09-01,S005,SKU00023,31,23,23.51
2024-09-01,S005,SKU00192,41,20,15.31
2024-09-01,S005,SKU00276,21,9,8.52
2024-09-01,S005,SKU00328,24,20,20.31
2024-09-01,S005,SKU00267,48,9,32.29
2024-09-01,S005,SKU00278,45,16,29.28
2024-09-01,S005,SKU00224,25,16,28.25
2024-09-01,S005,SKU00391,30,2,20.67
2024-09-01,S005,SKU00166,56,0,26.57
2024-09-01,S005,SKU00168,26,4,18.6
2024-09-01,S005,SKU00373,28,12,43.52
2024-09-01,S005,SKU00293,32,13,28.83
2024-09-01,S005,SKU00271,46,20,41.0
2024-09-01,S006,SKU00229,41,7,28.44
2024-09-01,S006,SKU00201,20,4,17.59
2024-09-01,S006,SKU00175,32,0,22.23
2024-09-01,S006,SKU00204,44,21,22.75
2024-09-01,S006,SKU00150,45,11,17.58
2024-09-01,S006,SKU00287,35,16,23.44
2024-09-01,S006,SKU00178,26,14,23.85
2024-09-01,S006,SKU00276,44,21,8.52
2024-09-01,S006,SKU00135,9,8,21.41
2024-09-01,S006,SKU00154,39,24,36.04
2024-09-01,S006,SKU00183,45,0,7.71
2024-09-01,S006,SKU00124,64,10,18.08
2024-09-01,S006,SKU00041,50,15,19.41
2024-09-01,S006,SKU00303,25,19,27.57
2024-09-01,S006,SKU00003,32,18,19.34
2024-09-01,S006,SKU00107,51,10,27.98
2024-09-01,S006,SKU00258,32,19,29.8
2024-09-01,S006,SKU00379,19,15,19.61
2024-09-01,S006,SKU00075,17,19,19.82
2024-09-01,S006,SKU00097,48,22,11.93
2024-09-01,S006,SKU00247,21,18,19.17
2024-09-01,S006,SKU00009,55,3,21.87
2024-09-01,S006,SKU00106,45,22,11.12
2024-09-01,S006,SKU00385,49,20,24.15
2024-09-01,S006,SKU00235,39,3,17.69
2024-09-01,S006,SKU00031,28,14,18.97
2024-09-01,S006,SKU00133,22,15,10.11
2024-09-01,S006,SKU00240,29,8,30.32
2024-09-01,S006,SKU00049,26,7,21.35
2024-09-01,S006,SKU00244,50,6,14.65
2024-09-01,S006,SKU00022,29,20,10.6
2024-09-01,S006,SKU00314,40,16,15.81
2024-09-01,S006,SKU00052,24,22,25.94
2024-09-01,S006,SKU00391,49,22,20.67
2024-09-01,S006,SKU00006,47,7,22.21
2024-09-01,S006,SKU00032,26,22,26.13
2024-09-01,S006,SKU00024,50,30,19.95
2024-09-01,S006,SKU00088,15,12,27.73
2024-09-01,S006,SKU00034,57,24,25.34
2024-09-01,S006,SKU00319,24,26,18.17
2024-09-01,S006,SKU00136,57,19,21.43
2024-09-01,S006,SKU00082,59,18,18.27
2024-09-01,S006,SKU00370,39,21,19.59
2024-09-01,S006,SKU00143,39,23,9.07
2024-09-01,S006,SKU00279,43,15,18.46
2024-09-01,S006,SKU00127,35,5,18.2
2024-09-01,S006,SKU00163,39,20,15.73
2024-09-01,S006,SKU00357,60,6,14.08
2024-09-01,S006,SKU00146,16,14,30.59
2024-09-01,S006,SKU00162,54,8,23.58
2024-09-01,S006,SKU00250,76,10,22.08
2024-09-01,S006,SKU00087,34,10,9.32
2024-09-01,S006,SKU00241,57,26,22.03
2024-09-01,S006,SKU00393,59,23,7.6
2024-09-01,S006,SKU00095,49,18,27.04
2024-09-01,S006,SKU00224,39,19,28.25
2024-09-01,S006,SKU00020,23,5,19.96
2024-09-01,S006,SKU00390,28,12,20.94
2024-09-01,S006,SKU00058,39,22,33.62
2024-09-01,S006,SKU00392,41,15,28.95
2024-09-01,S007,SKU00313,59,14,21.61
2024-09-01,S007,SKU00158,11,8,7.83
2024-09-01,S007,SKU00181,51,15,21.21
2024-09-01,S007,SKU00356,53,17,6.76
2024-09-01,S007,SKU00384,48,14,6.97
2024-09-01,S007,SKU00007,12,5,12.89
2024-09-01,S007,SKU00358,33,21,20.44
2024-09-01,S007,SKU00178,61,4,23.85
2024-09-01,S007,SKU00037,51,2,14.43
2024-09-01,S007,SKU00020,57,23,19.96
2024-09-01,S007,SKU00160,21,17,18.48
2024-09-01,S007,SKU00255,16,10,33.68
2024-09-01,S007,SKU00399,65,10,25.01
2024-09-01,S007,SKU00103,8,20,12.99
2024-09-01,S007,SKU00258,60,22,29.8
2024-09-01,S007,SKU00140,43,15,22.39
2024-09-01,S007,SKU00125,48,10,14.87
2024-09-01,S007,SKU00397,27,18,24.95
2024-09-01,S007,SKU00082,55,7,18.27
2024-09-01,S007,SKU00390,39,24,20.94
2024-09-01,S007,SKU00136,36,20,21.43
2024-09-01,S007,SKU00196,36,17,14.66
2024-09-01,S007,SKU00223,51,20,14.14
2024-09-01,S007,SKU00226,47,11,37.85
2024-09-01,S007,SKU00131,39,10,22.93
2024-09-01,S007,SKU00096,31,22,19.19
2024-09-01,S007,SKU00323,33,21,17.89
2024-09-01,S007,SKU00272,20,20,18.35
2024-09-01,S007,SKU00277,72,10,17.75
2024-09-01,S007,SKU00032,40,27,26.13
2024-09-01,S007,SKU00012,58,5,6.48
2024-09-01,S007,SKU00190,40,20,23.47
2024-09-01,S007,SKU00264,10,0,13.51
2024-09-01,S007,SKU00152,47,15,34.48
2024-09-01,S007,SKU00361,34,25,22.51
2024-09-01,S007,SKU00303,41,23,27.57
2024-09-01,S007,SKU00019,56,11,14.15
2024-09-01,S007,SKU00280,39,20,11.07
2024-09-01,S007,SKU00052,46,23,25.94
2024-09-01,S007,SKU00369,64,14,27.28
2024-09-01,S007,SKU00121,52,18,21.13
2024-09-01,S007,SKU00029,40,20,18.21
2024-09-01,S007,SKU00306,35,21,13.85
2024-09-01,S007,SKU00151,50,4,7.16
2024-09-01,S007,SKU00315,55,10,25.73
2024-09-01,S007,SKU00188,39,4,22.21
2024-09-01,S007,SKU00035,48,7,34.51
2024-09-01,S007,SKU00117,29,7,14.81
2024-09-01,S007,SKU00389,63,16,26.23
2024-09-01,S007,SKU00090,66,23,19.09
2024-09-01,S007,SKU00316,50,17,9.13
2024-09-01,S007,SKU00135,28,11,21.41
2024-09-01,S007,SKU00030,27,18,9.58
2024-09-01,S007,SKU00328,50,23,20.31
2024-09-01,S007,SKU00075,40,14,19.82
2024-09-01,S007,SKU00071,71,20,18.24
2024-09-01,S007,SKU00363,19,17,19.67
2024-09-01,S007,SKU00134,55,19,22.15
2024-09-01,S007,SKU00087,48,20,9.32
2024-09-01,S007,SKU00367,20,0,23.63
2024-09-01,S008,SKU00300,63,20,19.9
2024-09-01,S008,SKU00260,22,22,16.1
2024-09-01,S008,SKU00069,45,27,10.26
2024-09-01,S008,SKU00185,10,10,22.74
2024-09-01,S008,SKU00040,30,23,18.22
2024-09-01,S008,SKU00037,37,1,14.43
2024-09-01,S008,SKU00312,43,28,19.86
2024-09-01,S008,SKU00237,48,23,22.91
2024-09-01,S008,SKU00042,30,31,27.28
2024-09-01,S008,SKU00336,41,17,21.13
2024-09-01,S008,SKU00316,40,14,9.13
2024-09-01,S008,SKU00104,58,9,30.27
2024-09-01,S008,SKU00178,15,15,23.85
2024-09-01,S008,SKU00149,39,7,16.9
2024-09-01,S008,SKU00317,25,8,22.08
2024-09-01,S008,SKU00106,35,17,11.12
2024-09-01,S008,SKU00107,29,3,27.98
2024-09-01,S008,SKU00180,52,22,18.4
2024-09-01,S008,SKU00137,34,17,32.34
2024-09-01,S008,SKU00019,22,8,14.15
2024-09-01,S008,SKU00188,49,25,22.21
2024-09-01,S008,SKU00320,43,7,13.56
2024-09-01,S008,SKU00363,54,10,19.67
2024-09-01,S008,SKU00390,18,9,20.94
2024-09-01,S008,SKU00077,34,4,7.81
2024-09-01,S008,SKU00111,37,19,22.67
2024-09-01,S008,SKU00282,39,18,31.83
2024-09-01,S008,SKU00262,51,14,6.97
2024-09-01,S008,SKU00139,7,11,19.06
2024-09-01,S008,SKU00297,37,23,20.51
2024-09-01,S008,SKU00288,36,13,22.22
2024-09-01,S008,SKU00246,34,9,19.79
2024-09-01,S008,SKU00264,33,12,13.51
2024-09-01,S008,SKU00252,19,20,35.29
2024-09-01,S008,SKU00175,25,20,22.23
2024-09-01,S008,SKU00258,38,17,29.8
2024-09-01,S008,SKU00201,57,17,17.59
2024-09-01,S008,SKU00012,30,15,6.48
2024-09-01,S008,SKU00292,47,29,27.78
2024-09-01,S008,SKU00187,67,12,25.15
2024-09-01,S008,SKU00091,56,19,16.61
2024-09-01,S008,SKU00195,34,11,20.76
2024-09-01,S008,SKU00206,33,14,12.31
2024-09-01,S008,SKU00053,38,11,26.92
2024-09-01,S008,SKU00186,22,13,24.0
2024-09-01,S008,SKU00170,48,17,19.07
2024-09-01,S008,SKU00179,22,20,8.72
2024-09-01,S008,SKU00094,20,14,30.76
2024-09-01,S008,SKU00253,44,32,19.63
2024-09-01,S008,SKU00144,29,15,12.22
2024-09-01,S008,SKU00326,0,5,21.09
2024-09-01,S008,SKU00202,22,5,41.7
2024-09-01,S008,SKU00132,56,4,18.85
2024-09-01,S008,SKU00223,39,22,14.14
2024-09-01,S008,SKU00388,46,6,18.08
2024-09-01,S008,SKU00049,33,2,21.35
2024-09-01,S008,SKU00352,11,14,23.46
2024-09-01,S008,SKU00182,48,20,22.49
2024-09-01,S008,SKU00234,36,7,14.14
2024-09-01,S008,SKU00043,47,18,24.13
2024-09-01,S009,SKU00235,48,16,17.69
2024-09-01,S009,SKU00085,45,7,21.5
2024-09-01,S009,SKU00092,40,6,6.71
2024-09-01,S009,SKU00220,35,14,23.06
2024-09-01,S009,SKU00248,37,24,24.2
2024-09-01,S009,SKU00373,59,0,43.52
2024-09-01,S009,SKU00237,36,11,22.91
2024-09-01,S009,SKU00392,34,32,28.95
2024-09-01,S009,SKU00001,14,24,20.02
2024-09-01,S009,SKU00135,4,21,21.41
2024-09-01,S009,SKU00257,39,14,12.09
2024-09-01,S009,SKU00251,66,17,16.74
2024-09-01,S009,SKU00328,51,12,20.31
2024-09-01,S009,SKU00377,21,24,24.12
2024-09-01,S009,SKU00031,51,4,18.97
2024-09-01,S009,SKU00352,41,18,23.46
2024-09-01,S009,SKU00209,53,16,40.26
2024-09-01,S009,SKU00032,24,20,26.13
2024-09-01,S009,SKU00316,36,10,9.13
2024-09-01,S009,SKU00166,40,12,26.57
2024-09-01,S009,SKU00355,30,0,17.98
2024-09-01,S009,SKU00180,51,17,18.4
2024-09-01,S009,SKU00327,11,26,24.66
2024-09-01,S009,SKU00361,30,23,22.51
2024-09-01,S009,SKU00270,49,8,23.19
2024-09-01,S009,SKU00012,42,19,6.48
2024-09-01,S009,SKU00362,51,18,17.84
2024-09-01,S009,SKU00033,30,5,10.76
2024-09-01,S009,SKU00330,41,24,28.29
2024-09-01,S009,SKU00058,0,23,33.62
2024-09-01,S009,SKU00106,41,7,11.12
2024-09-01,S009,SKU00150,37,0,17.58
2024-09-01,S009,SKU00187,31,8,25.15
2024-09-01,S009,SKU00393,30,19,7.6
2024-09-01,S009,SKU00130,65,11,29.35
2024-09-01,S009,SKU00379,43,11,19.61
2024-09-01,S009,SKU00094,36,22,30.76
2024-09-01,S009,SKU00384,14,11,6.97
2024-09-01,S009,SKU00214,22,19,47.96
2024-09-01,S009,SKU00259,30,20,16.74
2024-09-01,S009,SKU00249,34,9,14.24
2024-09-01,S009,SKU00394,31,16,10.9
2024-09-01,S009,SKU00359,35,13,12.22
2024-09-01,S009,SKU00201,29,13,17.59
2024-09-01,S009,SKU00013,22,24,15.96
2024-09-01,S009,SKU00081,10,17,16.01
2024-09-01,S009,SKU00196,39,17,14.66
2024-09-01,S009,SKU00006,59,19,22.21
2024-09-01,S009,SKU00192,51,20,15.31
2024-09-01,S009,SKU00286,24,12,25.41
2024-09-01,S009,SKU00315,67,23,25.73
2024-09-01,S009,SKU00104,54,0,30.27
2024-09-01,S009,SKU00335,32,19,10.25
2024-09-01,S009,SKU00028,27,25,14.87
2024-09-01,S009,SKU00020,39,11,19.96
2024-09-01,S009,SKU00043,12,21,24.13
2024-09-01,S009,SKU00265,25,8,15.45
2024-09-01,S009,SKU00055,32,16,24.5
2024-09-01,S009,SKU00200,19,21,35.75
2024-09-01,S009,SKU00269,22,11,13.31
2024-09-01,S010,SKU00254,28,14,12.16
2024-09-01,S010,SKU00097,29,11,11.93
2024-09-01,S010,SKU00239,38,16,7.57
2024-09-01,S010,SKU00329,42,21,21.42
2024-09-01,S010,SKU00172,46,12,9.82
2024-09-01,S010,SKU00031,55,10,18.97
2024-09-01,S010,SKU00183,46,21,7.71
2024-09-01,S010,SKU00217,45,18,19.37
2024-09-01,S010,SKU00287,70,17,23.44
2024-09-01,S010,SKU00227,21,13,38.72
2024-09-01,S010,SKU00233,32,24,14.08
2024-09-01,S010,SKU00343,51,25,25.69
2024-09-01,S010,SKU00400,80,22,16.59
2024-09-01,S010,SKU00382,41,30,8.38
2024-09-01,S010,SKU00323,27,7,17.89
2024-09-01,S010,SKU00388,28,17,18.08
2024-09-01,S010,SKU00110,31,5,22.59
2024-09-01,S010,SKU00360,57,16,35.66
2024-09-01,S010,SKU00048,24,13,35.43
2024-09-01,S010,SKU00278,38,27,29.28
2024-09-01,S010,SKU00093,56,12,20.73
2024-09-01,S010,SKU00046,31,19,11.26
2024-09-01,S010,SKU00364,21,14,20.03
2024-09-01,S010,SKU00040,40,20,18.22
2024-09-01,S010,SKU00119,44,19,21.19
2024-09-01,S010,SKU00178,50,17,23.85
2024-09-01,S010,SKU00314,54,32,15.81
2024-09-01,S010,SKU00383,47,11,21.74
2024-09-01,S010,SKU00339,56,24,14.34
2024-09-01,S010,SKU00091,34,13,16.61
2024-09-01,S010,SKU00131,38,17,22.93
2024-09-01,S010,SKU00023,43,13,23.51
2024-09-01,S010,SKU00075,54,5,19.82
2024-09-01,S010,SKU00037,37,11,14.43
2024-09-01,S010,SKU00020,39,8,19.96
2024-09-01,S010,SKU00358,26,22,20.44
2024-09-01,S010,SKU00326,53,23,21.09
2024-09-01,S010,SKU00170,22,16,19.07
2024-09-01,S010,SKU00063,38,14,13.32
2024-09-01,S010,SKU00135,50,1,21.41
2024-09-01,S010,SKU00026,43,11,28.01
2024-09-01,S010,SKU00315,40,19,25.73
2024-09-01,S010,SKU00101,45,18,13.03
2024-09-01,S010,SKU00331,29,14,9.22
2024-09-01,S010,SKU00180,53,25,18.4
2024-09-01,S010,SKU00316,51,17,9.13
2024-09-01,S010,SKU00013,31,15,15.96
2024-09-01,S010,SKU00262,56,0,6.97
2024-09-01,S010,SKU00225,30,12,14.42
2024-09-01,S010,SKU00373,34,5,43.52
2024-09-01,S010,SKU00049,20,13,21.35
2024-09-01,S010,SKU00324,41,20,27.35
2024-09-01,S010,SKU00322,36,10,9.39
2024-09-01,S010,SKU00027,66,11,8.1
2024-09-01,S010,SKU00280,49,19,11.07
2024-09-01,S010,SKU00016,31,21,20.2
2024-09-01,S010,SKU00256,21,22,16.17
2024-09-01,S010,SKU00320,65,15,13.56
2024-09-01,S010,SKU00249,35,8,14.24
2024-09-01,S010,SKU00369,48,18,27.28
2024-09-01,S011,SKU00213,18,4,21.39
2024-09-01,S011,SKU00381,45,16,29.5
2024-09-01,S011,SKU00370,66,16,19.59
2024-09-01,S011,SKU00021,30,33,21.44
2024-09-01,S011,SKU00153,41,15,27.58
2024-09-01,S011,SKU00013,31,13,15.96
2024-09-01,S011,SKU00212,48,30,8.51
2024-09-01,S011,SKU00050,11,19,9.35
2024-09-01,S011,SKU00360,73,15,35.66
2024-09-01,S011,SKU00400,36,14,16.59
2024-09-01,S011,SKU00333,39,10,19.02
2024-09-01,S011,SKU00308,21,19,33.04
2024-09-01,S011,SKU00151,54,15,7.16
2024-09-01,S011,SKU00358,48,1,20.44
2024-09-01,S011,SKU00130,42,7,29.35
2024-09-01,S011,SKU00023,48,10,23.51
2024-09-01,S011,SKU00394,39,15,10.9
2024-09-01,S011,SKU00331,44,12,9.22
2024-09-01,S011,SKU00120,70,13,10.19
2024-09-01,S011,SKU00032,17,0,26.13
2024-09-01,S011,SKU00253,50,3,19.63
2024-09-01,S011,SKU00037,51,9,14.43
2024-09-01,S011,SKU00170,66,10,19.07
2024-09-01,S011,SKU00026,42,22,28.01
2024-09-01,S011,SKU00302,33,11,11.51
2024-09-01,S011,SKU00027,60,27,8.1
2024-09-01,S011,SKU00232,40,0,17.89
2024-09-01,S011,SKU00100,47,30,7.48
2024-09-01,S011,SKU00247,38,14,19.17
2024-09-01,S011,SKU00223,45,12,14.14
2024-09-01,S011,SKU00317,35,13,22.08
2024-09-01,S011,SKU00241,35,5,22.03
2024-09-01,S011,SKU00273,4,14,21.29
2024-09-01,S011,SKU00078,50,20,9.74
2024-09-01,S011,SKU00063,19,8,13.32
2024-09-01,S011,SKU00075,41,8,19.82
2024-09-01,S011,SKU00266,42,12,15.48
2024-09-01,S011,SKU00076,31,12,16.2
2024-09-01,S011,SKU00178,65,23,23.85
2024-09-01,S011,SKU00357,22,12,14.08
2024-09-01,S011,SKU00348,33,15,24.11
2024-09-01,S011,SKU00289,44,13,20.83
2024-09-01,S011,SKU00142,19,25,22.57
2024-09-01,S011,SKU00191,43,24,24.12
2024-09-01,S011,SKU00218,31,6,10.78
2024-09-01,S011,SKU00376,48,11,22.09
2024-09-01,S011,SKU00052,49,14,25.94
2024-09-01,S011,SKU00340,13,10,14.8
2024-09-01,S011,SKU00276,47,24,8.52
2024-09-01,S011,SKU00224,60,7,28.25
2024-09-01,S011,SKU00283,41,26,35.29
2024-09-01,S011,SKU00375,46,25,23.14
2024-09-01,S011,SKU00137,35,26,32.34
2024-09-01,S011,SKU00299,43,25,21.87
2024-09-01,S011,SKU00085,48,15,21.5
2024-09-01,S011,SKU00103,32,8,12.99
2024-09-01,S011,SKU00221,66,13,18.46
2024-09-01,S011,SKU00132,20,9,18.85
2024-09-01,S011,SKU00029,47,18,18.21
2024-09-01,S011,SKU00019,41,16,14.15
2024-09-01,S012,SKU00299,43,23,21.87
2024-09-01,S012,SKU00226,74,22,37.85
2024-09-01,S012,SKU00164,54,21,20.75
2024-09-01,S012,SKU00364,41,4,20.03
2024-09-01,S012,SKU00264,14,15,13.51
2024-09-01,S012,SKU00228,32,12,42.12
2024-09-01,S012,SKU00307,32,7,19.13
2024-09-01,S012,SKU00002,36,12,22.95
2024-09-01,S012,SKU00281,40,8,24.82
2024-09-01,S012,SKU00193,55,7,26.54
2024-09-01,S012,SKU00205,6,17,13.85
2024-09-01,S012,SKU00389,60,15,26.23
2024-09-01,S012,SKU00274,55,26,8.22
2024-09-01,S012,SKU00368,27,10,14.01
2024-09-01,S012,SKU00215,56,23,20.75
2024-09-01,S012,SKU00073,60,0,31.53
2024-09-01,S012,SKU00265,53,16,15.45
2024-09-01,S012,SKU00325,0,20,11.47
2024-09-01,S012,SKU00295,30,16,21.15
2024-09-01,S012,SKU00246,46,29,19.79
2024-09-01,S012,SKU00139,35,16,19.06
2024-09-01,S012,SKU00366,44,14,12.66
2024-09-01,S012,SKU00232,56,29,17.89
2024-09-01,S012,SKU00216,52,17,35.17
2024-09-01,S012,SKU00015,34,15,25.51
2024-09-01,S012,SKU00052,42,22,25.94
2024-09-01,S012,SKU00080,39,10,21.0
2024-09-01,S012,SKU00256,26,4,16.17
2024-09-01,S012,SKU00249,45,26,14.24
2024-09-01,S012,SKU00225,47,8,14.42
2024-09-01,S012,SKU00237,22,10,22.91
2024-09-01,S012,SKU00276,24,2,8.52
2024-09-01,S012,SKU00082,44,13,18.27
2024-09-01,S012,SKU00088,29,19,27.73
2024-09-01,S012,SKU00223,34,22,14.14
2024-09-01,S012,SKU00106,17,16,11.12
2024-09-01,S012,SKU00198,38,11,25.14
2024-09-01,S012,SKU00134,17,5,22.15
2024-09-01,S012,SKU00174,60,18,23.97
2024-09-01,S012,SKU00326,35,5,21.09
2024-09-01,S012,SKU00384,57,17,6.97
2024-09-01,S012,SKU00089,58,14,25.61
2024-09-01,S012,SKU00320,69,12,13.56
2024-09-01,S012,SKU00376,49,6,22.09
2024-09-01,S012,SKU00342,35,25,17.51
2024-09-01,S012,SKU00183,32,13,7.71
2024-09-01,S012,SKU00263,51,7,12.54
2024-09-01,S012,SKU00357,44,20,14.08
2024-09-01,S012,SKU00163,30,25,15.73
2024-09-01,S012,SKU00349,38,11,11.12
2024-09-01,S012,SKU00394,55,16,10.9
2024-09-01,S012,SKU00131,69,16,22.93
2024-09-01,S012,SKU00207,34,9,16.29
2024-09-01,S012,SKU00315,23,10,25.73
2024-09-01,S012,SKU00069,4,26,10.26
2024-09-01,S012,SKU00051,61,2,21.15
2024-09-01,S012,SKU00362,67,7,17.84
2024-09-01,S012,SKU00319,27,18,18.17
2024-09-01,S012,SKU00033,42,8,10.76
2024-09-01,S012,SKU00095,43,21,27.04
2024-09-01,S013,SKU00323,53,4,17.89
2024-09-01,S013,SKU00270,0,14,23.19
2024-09-01,S013,SKU00098,27,22,23.96
2024-09-01,S013,SKU00014,37,1,17.1
2024-09-01,S013,SKU00198,27,28,25.14
2024-09-01,S013,SKU00238,51,20,47.65
2024-09-01,S013,SKU00321,37,6,8.77
2024-09-01,S013,SKU00166,50,8,26.57
2024-09-01,S013,SKU00315,0,15,25.73
2024-09-01,S013,SKU00053,55,27,26.92
2024-09-01,S013,SKU00207,54,13,16.29
2024-09-01,S013,SKU00096,56,12,19.19
2024-09-01,S013,SKU00330,19,0,28.29
2024-09-01,S013,SKU00163,58,3,15.73
2024-09-01,S013,SKU00228,44,19,42.12
2024-09-01,S013,SKU00019,52,13,14.15
2024-09-01,S013,SKU00063,36,19,13.32
2024-09-01,S013,SKU00307,36,22,19.13
2024-09-01,S013,SKU00366,58,15,12.66
2024-09-01,S013,SKU00226,41,15,37.85
2024-09-01,S013,SKU00029,51,13,18.21
2024-09-01,S013,SKU00042,54,3,27.28
2024-09-01,S013,SKU00343,31,34,25.69
2024-09-01,S013,SKU00295,1,12,21.15
2024-09-01,S013,SKU00325,64,23,11.47
2024-09-01,S013,SKU00028,56,11,14.87
2024-09-01,S013,SKU00310,44,9,23.34
2024-09-01,S013,SKU00141,39,2,34.29
2024-09-01,S013,SKU00345,56,18,21.99
2024-09-01,S013,SKU00026,3,11,28.01
2024-09-01,S013,SKU00189,38,11,21.3
2024-09-01,S013,SKU00379,43,24,19.61
2024-09-01,S013,SKU00269,58,22,13.31
2024-09-01,S013,SKU00065,44,23,21.23
2024-09-01,S013,SKU00257,51,17,12.09
2024-09-01,S013,SKU00091,37,16,16.61
2024-09-01,S013,SKU00236,18,13,14.52
2024-09-01,S013,SKU00302,41,27,11.51
2024-09-01,S013,SKU00144,21,24,12.22
2024-09-01,S013,SKU00132,58,14,18.85
2024-09-01,S013,SKU00089,48,6,25.61
2024-09-01,S013,SKU00146,30,7,30.59
2024-09-01,S013,SKU00009,40,20,21.87
2024-09-01,S013,SKU00129,2,8,17.3
2024-09-01,S013,SKU00318,32,22,20.51
2024-09-01,S013,SKU00370,24,11,19.59
2024-09-01,S013,SKU00283,50,25,35.29
2024-09-01,S013,SKU00231,42,0,23.4
2024-09-01,S013,SKU00169,44,13,15.35
2024-09-01,S013,SKU00245,16,9,19.78
2024-09-01,S013,SKU00266,59,11,15.48
2024-09-01,S013,SKU00071,42,7,18.24
2024-09-01,S013,SKU00216,42,16,35.17
2024-09-01,S013,SKU00390,59,6,20.94
2024-09-01,S013,SKU00205,40,24,13.85
2024-09-01,S013,SKU00111,35,11,22.67
2024-09-01,S013,SKU00262,45,1,6.97
2024-09-01,S013,SKU00139,25,20,19.06
2024-09-01,S013,SKU00130,20,18,29.35
2024-09-01,S013,SKU00274,9,9,8.22
2024-09-01,S014,SKU00206,42,22,12.31
2024-09-01,S014,SKU00286,43,10,25.41
2024-09-01,S014,SKU00356,65,25,6.76
2024-09-01,S014,SKU00008,41,3,14.83
2024-09-01,S014,SKU00321,50,8,8.77
2024-09-01,S014,SKU00385,57,6,24.15
2024-09-01,S014,SKU00231,28,27,23.4
2024-09-01,S014,SKU00117,51,8,14.81
2024-09-01,S014,SKU00166,30,27,26.57
2024-09-01,S014,SKU00312,56,5,19.86
2024-09-01,S014,SKU00243,39,20,20.2
2024-09-01,S014,SKU00073,55,17,31.53
2024-09-01,S014,SKU00190,51,12,23.47
2024-09-01,S014,SKU00333,39,13,19.02
2024-09-01,S014,SKU00337,24,24,20.41
2024-09-01,S014,SKU00019,46,12,14.15
2024-09-01,S014,SKU00043,24,18,24.13
2024-09-01,S014,SKU00274,42,18,8.22
2024-09-01,S014,SKU00106,30,11,11.12
2024-09-01,S014,SKU00061,32,10,13.6
2024-09-01,S014,SKU00386,56,25,24.27
2024-09-01,S014,SKU00268,38,13,22.72
2024-09-01,S014,SKU00348,19,30,24.11
2024-09-01,S014,SKU00245,49,7,19.78
2024-09-01,S014,SKU00308,47,19,33.04
2024-09-01,S014,SKU00325,58,24,11.47
2024-09-01,S014,SKU00368,31,7,14.01
2024-09-01,S014,SKU00192,33,29,15.31
2024-09-01,S014,SKU00191,38,15,24.12
2024-09-01,S014,SKU00063,23,16,13.32
2024-09-01,S014,SKU00287,25,7,23.44
2024-09-01,S014,SKU00275,25,14,24.1
2024-09-01,S014,SKU00101,31,10,13.03
2024-09-01,S014,SKU00130,43,11,29.35
2024-09-01,S014,SKU00065,29,21,21.23
2024-09-01,S014,SKU00062,22,13,21.8
2024-09-01,S014,SKU00173,32,6,24.41
2024-09-01,S014,SKU00093,33,11,20.73
2024-09-01,S014,SKU00297,54,3,20.51
2024-09-01,S014,SKU00261,43,10,33.76
2024-09-01,S014,SKU00194,16,2,15.09
2024-09-01,S014,SKU00060,32,15,30.63
2024-09-01,S014,SKU00216,38,12,35.17
2024-09-01,S014,SKU00265,57,9,15.45
2024-09-01,S014,SKU00146,65,13,30.59
2024-09-01,S014,SKU00187,48,8,25.15
2024-09-01,S014,SKU00372,48,8,8.73
2024-09-01,S014,SKU00167,34,12,11.09
2024-09-01,S014,SKU00138,40,15,9.29
2024-09-01,S014,SKU00306,40,12,13.85
2024-09-01,S014,SKU00378,54,20,16.37
2024-09-01,S014,SKU00388,30,12,18.08
2024-09-01,S014,SKU00202,29,22,41.7
2024-09-01,S014,SKU00051,36,9,21.15
2024-09-01,S014,SKU00088,25,16,27.73
2024-09-01,S014,SKU00009,38,17,21.87
2024-09-01,S014,SKU00158,34,23,7.83
2024-09-01,S014,SKU00037,44,14,14.43
2024-09-01,S014,SKU00081,36,16,16.01
2024-09-01,S014,SKU00077,57,9,7.81
2024-09-01,S015,SKU00180,43,25,18.4
2024-09-01,S015,SKU00229,48,23,28.44
2024-09-01,S015,SKU00116,31,27,40.0
2024-09-01,S015,SKU00050,31,9,9.35
2024-09-01,S015,SKU00276,61,22,8.52
2024-09-01,S015,SKU00111,66,21,22.67
2024-09-01,S015,SKU00376,30,19,22.09
2024-09-01,S015,SKU00286,30,23,25.41
2024-09-01,S015,SKU00221,51,14,18.46
2024-09-01,S015,SKU00238,38,12,47.65
2024-09-01,S015,SKU00231,21,17,23.4
2024-09-01,S015,SKU00094,50,21,30.76
2024-09-01,S015,SKU00030,42,11,9.58
2024-09-01,S015,SKU00047,31,24,30.28
2024-09-01,S015,SKU00282,51,21,31.83
2024-09-01,S015,SKU00307,40,17,19.13
2024-09-01,S015,SKU00040,23,19,18.22
2024-09-01,S015,SKU00057,38,25,19.41
2024-09-01,S015,SKU00095,30,12,27.04
2024-09-01,S015,SKU00128,45,5,12.06
2024-09-01,S015,SKU00358,35,24,20.44
2024-09-01,S015,SKU00400,33,0,16.59
2024-09-01,S015,SKU00218,46,0,10.78
2024-09-01,S015,SKU00153,36,6,27.58
2024-09-01,S015,SKU00008,38,15,14.83
2024-09-01,S015,SKU00206,27,15,12.31
2024-09-01,S015,SKU00067,10,25,12.5
2024-09-01,S015,SKU00275,36,9,24.1
2024-09-01,S015,SKU00020,29,10,19.96
2024-09-01,S015,SKU00248,41,17,24.2
2024-09-01,S015,SKU00293,57,6,28.83
2024-09-01,S015,SKU00106,67,21,11.12
2024-09-01,S015,SKU00291,52,21,20.61
2024-09-01,S015,SKU00201,54,16,17.59
2024-09-01,S015,SKU00350,37,11,24.41
2024-09-01,S015,SKU00182,42,12,22.49
2024-09-01,S015,SKU00142,53,7,22.57
2024-09-01,S015,SKU00335,51,20,10.25
2024-09-01,S015,SKU00317,23,16,22.08
2024-09-01,S015,SKU00204,31,21,22.75
2024-09-01,S015,SKU00352,42,19,23.46
2024-09-01,S015,SKU00271,53,9,41.0
2024-09-01,S015,SKU00318,13,20,20.51
2024-09-01,S015,SKU00104,31,14,30.27
2024-09-01,S015,SKU00123,33,16,17.11
2024-09-01,S015,SKU00216,13,11,35.17
2024-09-01,S015,SKU00224,32,24,28.25
2024-09-01,S015,SKU00157,36,23,26.67
2024-09-01,S015,SKU00304,26,33,13.37
2024-09-01,S015,SKU00078,25,17,9.74
2024-09-01,S015,SKU00133,40,17,10.11
2024-09-01,S015,SKU00132,36,4,18.85
2024-09-01,S015,SKU00292,23,9,27.78
2024-09-01,S015,SKU00332,18,9,53.2
2024-09-01,S015,SKU00084,32,32,22.85
2024-09-01,S015,SKU00026,74,14,28.01
2024-09-01,S015,SKU00260,53,10,16.1
2024-09-01,S015,SKU00312,49,18,19.86
2024-09-01,S015,SKU00319,36,27,18.17
2024-09-01,S015,SKU00219,51,11,24.96
2024-09-01,S016,SKU00305,60,8,19.27
2024-09-01,S016,SKU00266,23,21,15.48
2024-09-01,S016,SKU00226,35,10,37.85
2024-09-01,S016,SKU00298,46,16,11.72
2024-09-01,S016,SKU00195,27,12,20.76
2024-09-01,S016,SKU00139,49,18,19.06
2024-09-01,S016,SKU00373,38,19,43.52
2024-09-01,S016,SKU00130,27,28,29.35
2024-09-01,S016,SKU00184,74,6,15.79
2024-09-01,S016,SKU00268,58,18,22.72
2024-09-01,S016,SKU00043,42,6,24.13
2024-09-01,S016,SKU00033,42,22,10.76
2024-09-01,S016,SKU00224,23,19,28.25
2024-09-01,S016,SKU00032,43,14,26.13
2024-09-01,S016,SKU00372,43,16,8.73
2024-09-01,S016,SKU00353,27,10,28.84
2024-09-01,S016,SKU00003,44,11,19.34
2024-09-01,S016,SKU00270,35,0,23.19
2024-09-01,S016,SKU00348,27,9,24.11
2024-09-01,S016,SKU00239,48,28,7.57
2024-09-01,S016,SKU00094,36,7,30.76
2024-09-01,S016,SKU00138,52,5,9.29
2024-09-01,S016,SKU00364,47,17,20.03
2024-09-01,S016,SKU00126,52,19,25.54
2024-09-01,S016,SKU00242,61,10,23.88
2024-09-01,S016,SKU00269,32,24,13.31
2024-09-01,S016,SKU00173,57,13,24.41
2024-09-01,S016,SKU00206,44,12,12.31
2024-09-01,S016,SKU00352,16,13,23.46
2024-09-01,S016,SKU00314,45,16,15.81
2024-09-01,S016,SKU00101,29,18,13.03
2024-09-01,S016,SKU00387,48,11,19.03
2024-09-01,S016,SKU00289,52,23,20.83
2024-09-01,S016,SKU00264,11,10,13.51
2024-09-01,S016,SKU00254,18,9,12.16
2024-09-01,S016,SKU00339,28,20,14.34
2024-09-01,S016,SKU00287,15,11,23.44
2024-09-01,S016,SKU00125,43,20,14.87
2024-09-01,S016,SKU00399,26,12,25.01
2024-09-01,S016,SKU00336,24,9,21.13
2024-09-01,S016,SKU00245,41,7,19.78
2024-09-01,S016,SKU00116,13,14,40.0
2024-09-01,S016,SKU00154,39,17,36.04
2024-09-01,S016,SKU00378,25,5,16.37
2024-09-01,S016,SKU00178,39,21,23.85
2024-09-01,S016,SKU00234,18,13,14.14
2024-09-01,S016,SKU00235,42,7,17.69
2024-09-01,S016,SKU00292,34,21,27.78
2024-09-01,S016,SKU00265,48,14,15.45
2024-09-01,S016,SKU00029,33,13,18.21
2024-09-01,S016,SKU00299,48,8,21.87
2024-09-01,S016,SKU00343,51,20,25.69
2024-09-01,S016,SKU00300,46,11,19.9
2024-09-01,S016,SKU00166,45,21,26.57
2024-09-01,S016,SKU00325,59,16,11.47
2024-09-01,S016,SKU00055,38,23,24.5
2024-09-01,S016,SKU00333,42,22,19.02
2024-09-01,S016,SKU00275,46,13,24.1
2024-09-01,S016,SKU00069,17,21,10.26
2024-09-01,S016,SKU00057,61,13,19.41
2024-09-01,S017,SKU00299,43,12,21.87
2024-09-01,S017,SKU00358,22,6,20.44
2024-09-01,S017,SKU00250,36,33,22.08
2024-09-01,S017,SKU00220,21,8,23.06
2024-09-01,S017,SKU00108,29,17,8.67
2024-09-01,S017,SKU00363,32,13,19.67
2024-09-01,S017,SKU00014,20,17,17.1
2024-09-01,S017,SKU00218,49,14,10.78
2024-09-01,S017,SKU00389,25,8,26.23
2024-09-01,S017,SKU00089,8,3,25.61
2024-09-01,S017,SKU00351,47,15,20.29
2024-09-01,S017,SKU00246,50,22,19.79
2024-09-01,S017,SKU00346,35,18,46.67
2024-09-01,S017,SKU00380,28,5,21.56
2024-09-01,S017,SKU00199,34,6,28.75
2024-09-01,S017,SKU00215,31,12,20.75
2024-09-01,S017,SKU00382,40,8,8.38
2024-09-01,S017,SKU00208,42,20,7.02
2024-09-01,S017,SKU00011,13,10,17.51
2024-09-01,S017,SKU00068,47,10,9.04
2024-09-01,S017,SKU00236,50,19,14.52
2024-09-01,S017,SKU00345,29,16,21.99
2024-09-01,S017,SKU00149,48,19,16.9
2024-09-01,S017,SKU00128,59,1,12.06
2024-09-01,S017,SKU00183,44,16,7.71
2024-09-01,S017,SKU00040,60,18,18.22
2024-09-01,S017,SKU00110,75,18,22.59
2024-09-01,S017,SKU00369,9,12,27.28
2024-09-01,S017,SKU00124,23,23,18.08
2024-09-01,S017,SKU00329,54,8,21.42
2024-09-01,S017,SKU00133,50,12,10.11
2024-09-01,S017,SKU00241,51,4,22.03
2024-09-01,S017,SKU00162,50,8,23.58
2024-09-01,S017,SKU00063,20,17,13.32
2024-09-01,S017,SKU00336,50,5,21.13
2024-09-01,S017,SKU00148,33,16,18.3
2024-09-01,S017,SKU00152,40,16,34.48
2024-09-01,S017,SKU00379,31,0,19.61
2024-09-01,S017,SKU00100,44,19,7.48
2024-09-01,S017,SKU00004,55,20,9.51
2024-09-01,S017,SKU00029,47,2,18.21
2024-09-01,S017,SKU00265,40,17,15.45
2024-09-01,S017,SKU00079,15,18,18.54
2024-09-01,S017,SKU00165,30,11,12.62
2024-09-01,S017,SKU00216,36,11,35.17
2024-09-01,S017,SKU00359,38,17,12.22
2024-09-01,S017,SKU00157,47,14,26.67
2024-09-01,S017,SKU00300,13,15,19.9
2024-09-01,S017,SKU00328,29,23,20.31
2024-09-01,S017,SKU00294,40,12,21.46
2024-09-01,S017,SKU00288,51,9,22.22
2024-09-01,S017,SKU00180,55,13,18.4
2024-09-01,S017,SKU00049,64,13,21.35
2024-09-01,S017,SKU00293,45,33,28.83
2024-09-01,S017,SKU00138,31,10,9.29
2024-09-01,S017,SKU00071,58,15,18.24
2024-09-01,S017,SKU00111,21,28,22.67
2024-09-01,S017,SKU00140,58,11,22.39
2024-09-01,S017,SKU00030,30,3,9.58
2024-09-01,S017,SKU00311,43,15,23.51
2024-09-01,S018,SKU00025,23,24,18.13
2024-09-01,S018,SKU00082,28,36,18.27
2024-09-01,S018,SKU00252,58,10,35.29
2024-09-01,S018,SKU00396,14,19,6.08
2024-09-01,S018,SKU00135,50,4,21.41
2024-09-01,S018,SKU00224,62,27,28.25
2024-09-01,S018,SKU00031,27,3,18.97
2024-09-01,S018,SKU00226,53,12,37.85
2024-09-01,S018,SKU00175,28,14,22.23
2024-09-01,S018,SKU00370,51,27,19.59
2024-09-01,S018,SKU00261,61,12,33.76
2024-09-01,S018,SKU00287,27,20,23.44
2024-09-01,S018,SKU00019,62,0,14.15
2024-09-01,S018,SKU00350,62,16,24.41
2024-09-01,S018,SKU00162,37,13,23.58
2024-09-01,S018,SKU00137,42,22,32.34
2024-09-01,S018,SKU00176,54,25,14.59
2024-09-01,S018,SKU00003,30,8,19.34
2024-09-01,S018,SKU00170,38,17,19.07
2024-09-01,S018,SKU00143,75,27,9.07
2024-09-01,S018,SKU00298,42,24,11.72
2024-09-01,S018,SKU00074,38,27,28.23
2024-09-01,S018,SKU00266,26,4,15.48
2024-09-01,S018,SKU00028,32,20,14.87
2024-09-01,S018,SKU00179,48,13,8.72
2024-09-01,S018,SKU00139,54,3,19.06
2024-09-01,S018,SKU00182,62,13,22.49
2024-09-01,S018,SKU00260,71,8,16.1
2024-09-01,S018,SKU00381,29,21,29.5
2024-09-01,S018,SKU00141,12,9,34.29
2024-09-01,S018,SKU00356,58,11,6.76
2024-09-01,S018,SKU00062,45,10,21.8
2024-09-01,S018,SKU00184,17,2,15.79
2024-09-01,S018,SKU00020,23,6,19.96
2024-09-01,S018,SKU00241,33,18,22.03
2024-09-01,S018,SKU00016,18,9,20.2
2024-09-01,S018,SKU00384,22,18,6.97
2024-09-01,S018,SKU00005,30,15,5.18
2024-09-01,S018,SKU00030,46,0,9.58
2024-09-01,S018,SKU00183,47,18,7.71
2024-09-01,S018,SKU00230,23,15,28.51
2024-09-01,S018,SKU00348,50,0,24.11
2024-09-01,S018,SKU00302,33,17,11.51
2024-09-01,S018,SKU00304,13,16,13.37
2024-09-01,S018,SKU00323,51,9,17.89
2024-09-01,S018,SKU00383,34,24,21.74
2024-09-01,S018,SKU00271,47,17,41.0
2024-09-01,S018,SKU00203,34,15,27.92
2024-09-01,S018,SKU00388,38,12,18.08
2024-09-01,S018,SKU00054,25,13,12.05
2024-09-01,S018,SKU00199,35,16,28.75
2024-09-01,S018,SKU00362,36,21,17.84
2024-09-01,S018,SKU00231,47,7,23.4
2024-09-01,S018,SKU00215,42,0,20.75
2024-09-01,S018,SKU00151,30,24,7.16
2024-09-01,S018,SKU00374,26,15,17.57
2024-09-01,S018,SKU00023,17,16,23.51
2024-09-01,S018,SKU00313,45,23,21.61
2024-09-01,S018,SKU00174,64,23,23.97
2024-09-01,S018,SKU00091,34,26,16.61
2024-09-01,S019,SKU00252,38,19,35.29
2024-09-01,S019,SKU00256,28,25,16.17
2024-09-01,S019,SKU00019,38,16,14.15
2024-09-01,S019,SKU00282,49,17,31.83
2024-09-01,S019,SKU00025,65,15,18.13
2024-09-01,S019,SKU00098,45,9,23.96
2024-09-01,S019,SKU00169,60,8,15.35
2024-09-01,S019,SKU00058,14,4,33.62
2024-09-01,S019,SKU00181,38,20,21.21
2024-09-01,S019,SKU00233,36,22,14.08
2024-09-01,S019,SKU00209,59,9,40.26
2024-09-01,S019,SKU00400,48,2,16.59
2024-09-01,S019,SKU00196,36,8,14.66
2024-09-01,S019,SKU00200,57,18,35.75
2024-09-01,S019,SKU00063,52,5,13.32
2024-09-01,S019,SKU00289,44,12,20.83
2024-09-01,S019,SKU00301,49,6,13.89
2024-09-01,S019,SKU00011,15,9,17.51
2024-09-01,S019,SKU00164,16,4,20.75
2024-09-01,S019,SKU00351,51,16,20.29
2024-09-01,S019,SKU00375,25,18,23.14
2024-09-01,S019,SKU00029,37,20,18.21
2024-09-01,S019,SKU00133,53,15,10.11
2024-09-01,S019,SKU00145,50,14,13.72
2024-09-01,S019,SKU00108,54,15,8.67
2024-09-01,S019,SKU00134,48,20,22.15
2024-09-01,S019,SKU00335,34,14,10.25
2024-09-01,S019,SKU00136,43,20,21.43
2024-09-01,S019,SKU00175,53,15,22.23
2024-09-01,S019,SKU00389,70,22,26.23
2024-09-01,S019,SKU00147,32,11,26.65
2024-09-01,S019,SKU00303,26,12,27.57
2024-09-01,S019,SKU00166,34,18,26.57
2024-09-01,S019,SKU00215,35,26,20.75
2024-09-01,S019,SKU00193,38,10,26.54
2024-09-01,S019,SKU00037,45,3,14.43
2024-09-01,S019,SKU00217,26,9,19.37
2024-09-01,S019,SKU00278,35,21,29.28
2024-09-01,S019,SKU00242,50,4,23.88
2024-09-01,S019,SKU00195,13,20,20.76
2024-09-01,S019,SKU00368,31,12,14.01
2024-09-01,S019,SKU00137,40,8,32.34
2024-09-01,S019,SKU00307,53,26,19.13
2024-09-01,S019,SKU00308,50,16,33.04
2024-09-01,S019,SKU00240,15,13,30.32
2024-09-01,S019,SKU00074,21,18,28.23
2024-09-01,S019,SKU00146,30,9,30.59
2024-09-01,S019,SKU00003,41,15,19.34
2024-09-01,S019,SKU00328,48,25,20.31
2024-09-01,S019,SKU00016,56,21,20.2
2024-09-01,S019,SKU00061,64,5,13.6
2024-09-01,S019,SKU00031,40,12,18.97
2024-09-01,S019,SKU00105,13,13,24.88
2024-09-01,S019,SKU00186,43,14,24.0
2024-09-01,S019,SKU00159,32,7,20.64
2024-09-01,S019,SKU00022,50,19,10.6
2024-09-01,S019,SKU00235,82,19,17.69
2024-09-01,S019,SKU00001,54,10,20.02
2024-09-01,S019,SKU00218,29,14,10.78
2024-09-01,S019,SKU00366,38,16,12.66
2024-09-01,S020,SKU00128,34,23,12.06
2024-09-01,S020,SKU00246,59,7,19.79
2024-09-01,S020,SKU00179,57,0,8.72
2024-09-01,S020,SKU00190,43,23,23.47
2024-09-01,S020,SKU00381,26,10,29.5
2024-09-01,S020,SKU00372,53,6,8.73
2024-09-01,S020,SKU00090,35,7,19.09
2024-09-01,S020,SKU00120,29,9,10.19
2024-09-01,S020,SKU00356,47,15,6.76
2024-09-01,S020,SKU00054,45,23,12.05
2024-09-01,S020,SKU00039,39,7,31.34
2024-09-01,S020,SKU00068,13,20,9.04
2024-09-01,S020,SKU00097,45,23,11.93
2024-09-01,S020,SKU00308,29,14,33.04
2024-09-01,S020,SKU00165,12,24,12.62
2024-09-01,S020,SKU00227,9,17,38.72
2024-09-01,S020,SKU00182,45,8,22.49
2024-09-01,S020,SKU00298,22,5,11.72
2024-09-01,S020,SKU00164,55,20,20.75
2024-09-01,S020,SKU00135,21,0,21.41
2024-09-01,S020,SKU00285,15,0,16.17
2024-09-01,S020,SKU00091,47,25,16.61
2024-09-01,S020,SKU00101,66,13,13.03
2024-09-01,S020,SKU00070,24,22,19.96
2024-09-01,S020,SKU00001,54,15,20.02
2024-09-01,S020,SKU00031,63,12,18.97
2024-09-01,S020,SKU00371,50,13,23.22
2024-09-01,S020,SKU00215,41,19,20.75
2024-09-01,S020,SKU00193,28,16,26.54
2024-09-01,S020,SKU00073,15,2,31.53
2024-09-01,S020,SKU00169,30,13,15.35
2024-09-01,S020,SKU00198,42,9,25.14
2024-09-01,S020,SKU00041,40,32,19.41
2024-09-01,S020,SKU00021,30,22,21.44
2024-09-01,S020,SKU00162,39,18,23.58
2024-09-01,S020,SKU00318,34,14,20.51
2024-09-01,S020,SKU00245,36,18,19.78
2024-09-01,S020,SKU00355,61,10,17.98
2024-09-01,S020,SKU00378,40,21,16.37
2024-09-01,S020,SKU00110,57,31,22.59
2024-09-01,S020,SKU00012,39,19,6.48
2024-09-01,S020,SKU00038,52,14,22.05
2024-09-01,S020,SKU00175,39,14,22.23
2024-09-01,S020,SKU00305,42,11,19.27
2024-09-01,S020,SKU00264,47,20,13.51
2024-09-01,S020,SKU00335,16,17,10.25
2024-09-01,S020,SKU00295,25,4,21.15
2024-09-01,S020,SKU00043,49,0,24.13
2024-09-01,S020,SKU00057,31,15,19.41
2024-09-01,S020,SKU00294,36,14,21.46
2024-09-01,S020,SKU00334,42,9,7.9
2024-09-01,S020,SKU00322,39,0,9.39
2024-09-01,S020,SKU00002,44,23,22.95
2024-09-01,S020,SKU00026,36,20,28.01
2024-09-01,S020,SKU00400,61,7,16.59
2024-09-01,S020,SKU00316,63,14,9.13
2024-09-01,S020,SKU00189,46,12,21.3
2024-09-01,S020,SKU00196,51,7,14.66
2024-09-01,S020,SKU00286,60,14,25.41
2024-09-01,S020,SKU00241,30,18,22.03
2024-09-01,S021,SKU00205,17,11,13.85
2024-09-01,S021,SKU00295,26,7,21.15
2024-09-01,S021,SKU00306,32,1,13.85
2024-09-01,S021,SKU00334,49,5,7.9
2024-09-01,S021,SKU00008,67,17,14.83
2024-09-01,S021,SKU00164,22,10,20.75
2024-09-01,S021,SKU00282,72,17,31.83
2024-09-01,S021,SKU00226,34,18,37.85
2024-09-01,S021,SKU00283,41,8,35.29
2024-09-01,S021,SKU00187,39,22,25.15
2024-09-01,S021,SKU00216,33,12,35.17
2024-09-01,S021,SKU00168,61,9,18.6
2024-09-01,S021,SKU00077,26,16,7.81
2024-09-01,S021,SKU00234,16,19,14.14
2024-09-01,S021,SKU00031,30,30,18.97
2024-09-01,S021,SKU00030,48,17,9.58
2024-09-01,S021,SKU00344,37,29,6.67
2024-09-01,S021,SKU00189,23,15,21.3
2024-09-01,S021,SKU00162,53,11,23.58
2024-09-01,S021,SKU00260,45,6,16.1
2024-09-01,S021,SKU00335,5,9,10.25
2024-09-01,S021,SKU00139,39,7,19.06
2024-09-01,S021,SKU00083,37,21,22.59
2024-09-01,S021,SKU00264,63,21,13.51
2024-09-01,S021,SKU00257,28,16,12.09
2024-09-01,S021,SKU00355,42,10,17.98
2024-09-01,S021,SKU00046,37,13,11.26
2024-09-01,S021,SKU00345,23,20,21.99
2024-09-01,S021,SKU00265,32,15,15.45
2024-09-01,S021,SKU00367,61,16,23.63
2024-09-01,S021,SKU00202,57,20,41.7
2024-09-01,S021,SKU00199,36,20,28.75
2024-09-01,S021,SKU00184,44,12,15.79
2024-09-01,S021,SKU00182,51,27,22.49
2024-09-01,S021,SKU00102,22,12,7.81
2024-09-01,S021,SKU00128,63,9,12.06
2024-09-01,S021,SKU00395,49,13,14.64
2024-09-01,S021,SKU00048,25,20,35.43
2024-09-01,S021,SKU00376,45,1,22.09
2024-09-01,S021,SKU00120,60,18,10.19
2024-09-01,S021,SKU00079,27,20,18.54
2024-09-01,S021,SKU00398,25,20,31.97
2024-09-01,S021,SKU00024,29,23,19.95
2024-09-01,S021,SKU00235,60,13,17.69
2024-09-01,S021,SKU00304,18,12,13.37
2024-09-01,S021,SKU00268,47,10,22.72
2024-09-01,S021,SKU00293,40,13,28.83
2024-09-01,S021,SKU00119,16,17,21.19
2024-09-01,S021,SKU00018,23,20,11.75
2024-09-01,S021,SKU00004,34,15,9.51
2024-09-01,S021,SKU00308,9,19,33.04
2024-09-01,S021,SKU00328,56,16,20.31
2024-09-01,S021,SKU00195,35,16,20.76
2024-09-01,S021,SKU00156,65,12,13.5
2024-09-01,S021,SKU00392,40,12,28.95
2024-09-01,S021,SKU00007,16,7,12.89
2024-09-01,S021,SKU00388,45,22,18.08
2024-09-01,S021,SKU00177,45,1,24.36
2024-09-01,S021,SKU00034,49,7,25.34
2024-09-01,S021,SKU00149,55,24,16.9
2024-09-01,S022,SKU00386,35,29,24.27
2024-09-01,S022,SKU00164,42,19,20.75
2024-09-01,S022,SKU00218,66,4,10.78
2024-09-01,S022,SKU00016,32,19,20.2
2024-09-01,S022,SKU00285,36,30,16.17
2024-09-01,S022,SKU00268,42,13,22.72
2024-09-01,S022,SKU00077,74,15,7.81
2024-09-01,S022,SKU00364,32,2,20.03
2024-09-01,S022,SKU00214,51,9,47.96
2024-09-01,S022,SKU00154,25,16,36.04
2024-09-01,S022,SKU00040,55,12,18.22
2024-09-01,S022,SKU00013,31,26,15.96
2024-09-01,S022,SKU00138,63,16,9.29
2024-09-01,S022,SKU00261,43,12,33.76
2024-09-01,S022,SKU00135,15,16,21.41
2024-09-01,S022,SKU00356,32,13,6.76
2024-09-01,S022,SKU00310,19,21,23.34
2024-09-01,S022,SKU00377,4,18,24.12
2024-09-01,S022,SKU00007,37,15,12.89
2024-09-01,S022,SKU00137,44,27,32.34
2024-09-01,S022,SKU00181,47,18,21.21
2024-09-01,S022,SKU00396,31,8,6.08
2024-09-01,S022,SKU00189,36,10,21.3
2024-09-01,S022,SKU00236,26,18,14.52
2024-09-01,S022,SKU00111,42,24,22.67
2024-09-01,S022,SKU00116,44,14,40.0
2024-09-01,S022,SKU00052,39,11,25.94
2024-09-01,S022,SKU00167,64,0,11.09
2024-09-01,S022,SKU00099,61,26,12.91
2024-09-01,S022,SKU00152,22,21,34.48
2024-09-01,S022,SKU00323,60,16,17.89
2024-09-01,S022,SKU00021,55,8,21.44
2024-09-01,S022,SKU00139,41,13,19.06
2024-09-01,S022,SKU00053,49,23,26.92
2024-09-01,S022,SKU00199,36,12,28.75
2024-09-01,S022,SKU00215,43,22,20.75
2024-09-01,S022,SKU00156,51,21,13.5
2024-09-01,S022,SKU00353,60,31,28.84
2024-09-01,S022,SKU00297,20,22,20.51
2024-09-01,S022,SKU00319,54,18,18.17
2024-09-01,S022,SKU00307,37,23,19.13
2024-09-01,S022,SKU00279,8,2,18.46
2024-09-01,S022,SKU00280,40,12,11.07
2024-09-01,S022,SKU00270,24,9,23.19
2024-09-01,S022,SKU00388,28,23,18.08
2024-09-01,S022,SKU00020,45,10,19.96
2024-09-01,S022,SKU00083,37,10,22.59
2024-09-01,S022,SKU00298,30,10,11.72
2024-09-01,S022,SKU00121,27,16,21.13
2024-09-01,S022,SKU00394,59,14,10.9
2024-09-01,S022,SKU00322,17,13,9.39
2024-09-01,S022,SKU00019,25,18,14.15
2024-09-01,S022,SKU00385,68,10,24.15
2024-09-01,S022,SKU00200,42,12,35.75
2024-09-01,S022,SKU00372,0,10,8.73
2024-09-01,S022,SKU00383,38,14,21.74
2024-09-01,S022,SKU00300,48,18,19.9
2024-09-01,S022,SKU00317,38,19,22.08
2024-09-01,S022,SKU00122,10,23,15.22
2024-09-01,S022,SKU00142,33,23,22.57
2024-09-01,S023,SKU00270,17,19,23.19
2024-09-01,S023,SKU00008,43,6,14.83
2024-09-01,S023,SKU00240,65,17,30.32
2024-09-01,S023,SKU00382,54,16,8.38
2024-09-01,S023,SKU00292,34,12,27.78
2024-09-01,S023,SKU00190,33,11,23.47
2024-09-01,S023,SKU00118,31,21,9.41
2024-09-01,S023,SKU00324,37,22,27.35
2024-09-01,S023,SKU00076,54,23,16.2
2024-09-01,S023,SKU00297,35,26,20.51
2024-09-01,S023,SKU00183,43,13,7.71
2024-09-01,S023,SKU00315,8,16,25.73
2024-09-01,S023,SKU00181,47,22,21.21
2024-09-01,S023,SKU00352,48,16,23.46
2024-09-01,S023,SKU00293,45,7,28.83
2024-09-01,S023,SKU00210,33,20,17.08
2024-09-01,S023,SKU00024,10,21,19.95
2024-09-01,S023,SKU00115,40,22,16.78
2024-09-01,S023,SKU00249,40,6,14.24
2024-09-01,S023,SKU00003,39,20,19.34
2024-09-01,S023,SKU00099,45,17,12.91
2024-09-01,S023,SKU00313,57,10,21.61
2024-09-01,S023,SKU00101,49,8,13.03
2024-09-01,S023,SKU00376,13,8,22.09
2024-09-01,S023,SKU00384,54,22,6.97
2024-09-01,S023,SKU00204,41,15,22.75
2024-09-01,S023,SKU00136,52,5,21.43
2024-09-01,S023,SKU00377,21,16,24.12
2024-09-01,S023,SKU00113,34,16,20.63
2024-09-01,S023,SKU00007,37,25,12.89
2024-09-01,S023,SKU00351,53,18,20.29
2024-09-01,S023,SKU00110,52,3,22.59
2024-09-01,S023,SKU00227,52,16,38.72
2024-09-01,S023,SKU00005,32,5,5.18
2024-09-01,S023,SKU00199,49,11,28.75
2024-09-01,S023,SKU00283,25,17,35.29
2024-09-01,S023,SKU00202,47,20,41.7
2024-09-01,S023,SKU00318,14,11,20.51
2024-09-01,S023,SKU00030,18,21,9.58
2024-09-01,S023,SKU00036,39,12,15.82
2024-09-01,S023,SKU00365,33,25,9.96
2024-09-01,S023,SKU00045,35,10,19.14
2024-09-01,S023,SKU00368,46,17,14.01
2024-09-01,S023,SKU00114,45,13,16.42
2024-09-01,S023,SKU00196,43,18,14.66
2024-09-01,S023,SKU00040,46,25,18.22
2024-09-01,S023,SKU00322,33,18,9.39
2024-09-01,S023,SKU00087,20,13,9.32
2024-09-01,S023,SKU00023,34,20,23.51
2024-09-01,S023,SKU00070,19,3,19.96
2024-09-01,S023,SKU00055,72,15,24.5
2024-09-01,S023,SKU00336,42,28,21.13
2024-09-01,S023,SKU00147,43,3,26.65
2024-09-01,S023,SKU00242,17,4,23.88
2024-09-01,S023,SKU00122,5,15,15.22
2024-09-01,S023,SKU00112,46,17,17.88
2024-09-01,S023,SKU00117,29,6,14.81
2024-09-01,S023,SKU00152,44,14,34.48
2024-09-01,S023,SKU00370,53,15,19.59
2024-09-01,S023,SKU00198,11,6,25.14
2024-09-01,S024,SKU00255,57,20,33.68
2024-09-01,S024,SKU00091,62,13,16.61
2024-09-01,S024,SKU00207,29,25,16.29
2024-09-01,S024,SKU00264,45,19,13.51
2024-09-01,S024,SKU00399,49,1,25.01
2024-09-01,S024,SKU00198,20,5,25.14
2024-09-01,S024,SKU00069,49,25,10.26
2024-09-01,S024,SKU00290,41,17,20.85
2024-09-01,S024,SKU00287,34,12,23.44
2024-09-01,S024,SKU00332,21,26,53.2
2024-09-01,S024,SKU00197,33,19,14.73
2024-09-01,S024,SKU00135,56,7,21.41
2024-09-01,S024,SKU00008,25,9,14.83
2024-09-01,S024,SKU00191,44,16,24.12
2024-09-01,S024,SKU00294,43,9,21.46
2024-09-01,S024,SKU00239,16,18,7.57
2024-09-01,S024,SKU00297,52,4,20.51
2024-09-01,S024,SKU00063,34,15,13.32
2024-09-01,S024,SKU00279,31,14,18.46
2024-09-01,S024,SKU00238,45,13,47.65
2024-09-01,S024,SKU00044,35,10,16.43
2024-09-01,S024,SKU00035,41,15,34.51
2024-09-01,S024,SKU00070,42,22,19.96
2024-09-01,S024,SKU00251,30,13,16.74
2024-09-01,S024,SKU00174,21,9,23.97
2024-09-01,S024,SKU00382,11,16,8.38
2024-09-01,S024,SKU00303,75,10,27.57
2024-09-01,S024,SKU00047,33,23,30.28
2024-09-01,S024,SKU00027,23,10,8.1
2024-09-01,S024,SKU00206,40,15,12.31
2024-09-01,S024,SKU00284,0,26,20.24
2024-09-01,S024,SKU00237,39,0,22.91
2024-09-01,S024,SKU00300,31,15,19.9
2024-09-01,S024,SKU00340,45,14,14.8
2024-09-01,S024,SKU00166,53,15,26.57
2024-09-01,S024,SKU00386,38,5,24.27
2024-09-01,S024,SKU00121,59,21,21.13
2024-09-01,S024,SKU00254,48,19,12.16
2024-09-01,S024,SKU00331,32,11,9.22
2024-09-01,S024,SKU00153,44,29,27.58
2024-09-01,S024,SKU00151,51,23,7.16
2024-09-01,S024,SKU00325,52,18,11.47
2024-09-01,S024,SKU00315,52,15,25.73
2024-09-01,S024,SKU00182,27,17,22.49
2024-09-01,S024,SKU00176,47,11,14.59
2024-09-01,S024,SKU00272,61,19,18.35
2024-09-01,S024,SKU00371,30,13,23.22
2024-09-01,S024,SKU00278,45,25,29.28
2024-09-01,S024,SKU00037,38,14,14.43
2024-09-01,S024,SKU00291,27,6,20.61
2024-09-01,S024,SKU00099,53,20,12.91
2024-09-01,S024,SKU00225,36,10,14.42
2024-09-01,S024,SKU00348,67,27,24.11
2024-09-01,S024,SKU00299,26,12,21.87
2024-09-01,S024,SKU00230,13,12,28.51
2024-09-01,S024,SKU00059,17,8,18.63
2024-09-01,S024,SKU00149,53,18,16.9
2024-09-01,S024,SKU00194,38,11,15.09
2024-09-01,S024,SKU00320,38,27,13.56
2024-09-01,S024,SKU00322,25,18,9.39
2024-09-01,S025,SKU00155,14,28,22.47
2024-09-01,S025,SKU00223,53,18,14.14
2024-09-01,S025,SKU00336,36,8,21.13
2024-09-01,S025,SKU00043,51,5,24.13
2024-09-01,S025,SKU00110,46,0,22.59
2024-09-01,S025,SKU00184,17,16,15.79
2024-09-01,S025,SKU00140,50,7,22.39
2024-09-01,S025,SKU00105,43,26,24.88
2024-09-01,S025,SKU00057,54,14,19.41
2024-09-01,S025,SKU00320,18,15,13.56
2024-09-01,S025,SKU00215,48,19,20.75
2024-09-01,S025,SKU00191,66,22,24.12
2024-09-01,S025,SKU00036,36,13,15.82
2024-09-01,S025,SKU00104,43,16,30.27
2024-09-01,S025,SKU00076,36,17,16.2
2024-09-01,S025,SKU00016,17,13,20.2
2024-09-01,S025,SKU00089,31,11,25.61
2024-09-01,S025,SKU00002,48,13,22.95
2024-09-01,S025,SKU00112,18,17,17.88
2024-09-01,S025,SKU00085,50,23,21.5
2024-09-01,S025,SKU00065,50,7,21.23
2024-09-01,S025,SKU00395,41,20,14.64
2024-09-01,S025,SKU00354,3,8,16.32
2024-09-01,S025,SKU00322,25,11,9.39
2024-09-01,S025,SKU00360,26,15,35.66
2024-09-01,S025,SKU00397,39,23,24.95
2024-09-01,S025,SKU00123,42,21,17.11
2024-09-01,S025,SKU00131,41,17,22.93
2024-09-01,S025,SKU00356,19,13,6.76
2024-09-01,S025,SKU00389,42,19,26.23
2024-09-01,S025,SKU00205,38,11,13.85
2024-09-01,S025,SKU00058,41,9,33.62
2024-09-01,S025,SKU00255,15,8,33.68
2024-09-01,S025,SKU00231,21,28,23.4
2024-09-01,S025,SKU00385,47,13,24.15
2024-09-01,S025,SKU00217,32,7,19.37
2024-09-01,S025,SKU00204,46,21,22.75
2024-09-01,S025,SKU00212,25,7,8.51
2024-09-01,S025,SKU00178,39,17,23.85
2024-09-01,S025,SKU00080,61,11,21.0
2024-09-01,S025,SKU00081,25,21,16.01
2024-09-01,S025,SKU00094,56,2,30.76
2024-09-01,S025,SKU00267,18,13,32.29
2024-09-01,S025,SKU00007,41,27,12.89
2024-09-01,S025,SKU00151,2,19,7.16
2024-09-01,S025,SKU00335,69,11,10.25
2024-09-01,S025,SKU00226,56,16,37.85
2024-09-01,S025,SKU00262,17,13,6.97
2024-09-01,S025,SKU00200,37,20,35.75
2024-09-01,S025,SKU00182,0,6,22.49
2024-09-01,S025,SKU00069,58,24,10.26
2024-09-01,S025,SKU00373,50,11,43.52
2024-09-01,S025,SKU00292,45,8,27.78
2024-09-01,S025,SKU00240,46,3,30.32
2024-09-01,S025,SKU00264,28,15,13.51
2024-09-01,S025,SKU00202,74,11,41.7
2024-09-01,S025,SKU00258,59,19,29.8
2024-09-01,S025,SKU00362,28,10,17.84
2024-09-01,S025,SKU00092,33,7,6.71
2024-09-01,S025,SKU00328,37,7,20.31
2024-09-01,S026,SKU00238,38,10,47.65
2024-09-01,S026,SKU00272,54,15,18.35
2024-09-01,S026,SKU00320,66,29,13.56
2024-09-01,S026,SKU00092,30,13,6.71
2024-09-01,S026,SKU00390,3,19,20.94
2024-09-01,S026,SKU00335,23,10,10.25
2024-09-01,S026,SKU00236,15,4,14.52
2024-09-01,S026,SKU00178,37,20,23.85
2024-09-01,S026,SKU00116,32,15,40.0
2024-09-01,S026,SKU00149,4,2,16.9
2024-09-01,S026,SKU00275,21,10,24.1
2024-09-01,S026,SKU00299,53,19,21.87
2024-09-01,S026,SKU00129,59,11,17.3
2024-09-01,S026,SKU00353,24,12,28.84
2024-09-01,S026,SKU00245,43,23,19.78
2024-09-01,S026,SKU00151,36,19,7.16
2024-09-01,S026,SKU00244,21,13,14.65
2024-09-01,S026,SKU00323,30,18,17.89
2024-09-01,S026,SKU00199,36,17,28.75
2024-09-01,S026,SKU00067,24,1,12.5
2024-09-01,S026,SKU00018,4,12,11.75
2024-09-01,S026,SKU00312,49,5,19.86
2024-09-01,S026,SKU00257,47,5,12.09
2024-09-01,S026,SKU00145,41,22,13.72
2024-09-01,S026,SKU00109,26,16,32.26
2024-09-01,S026,SKU00278,59,10,29.28
2024-09-01,S026,SKU00038,51,18,22.05
2024-09-01,S026,SKU00242,47,0,23.88
2024-09-01,S026,SKU00110,53,10,22.59
2024-09-01,S026,SKU00277,46,8,17.75
2024-09-01,S026,SKU00338,53,12,23.32
2024-09-01,S026,SKU00034,52,13,25.34
2024-09-01,S026,SKU00183,60,17,7.71
2024-09-01,S026,SKU00122,30,25,15.22
2024-09-01,S026,SKU00155,35,7,22.47
2024-09-01,S026,SKU00265,37,18,15.45
2024-09-01,S026,SKU00127,41,13,18.2
2024-09-01,S026,SKU00196,22,17,14.66
2024-09-01,S026,SKU00181,36,11,21.21
2024-09-01,S026,SKU00177,37,12,24.36
2024-09-01,S026,SKU00115,54,19,16.78
2024-09-01,S026,SKU00083,55,16,22.59
2024-09-01,S026,SKU00073,48,25,31.53
2024-09-01,S026,SKU00137,56,9,32.34
2024-09-01,S026,SKU00139,56,25,19.06
2024-09-01,S026,SKU00048,39,5,35.43
2024-09-01,S026,SKU00232,58,11,17.89
2024-09-01,S026,SKU00221,26,18,18.46
2024-09-01,S026,SKU00311,44,16,23.51
2024-09-01,S026,SKU00153,20,16,27.58
2024-09-01,S026,SKU00184,28,29,15.79
2024-09-01,S026,SKU00385,46,9,24.15
2024-09-01,S026,SKU00167,42,18,11.09
2024-09-01,S026,SKU00398,57,10,31.97
2024-09-01,S026,SKU00103,61,12,12.99
2024-09-01,S026,SKU00148,27,25,18.3
2024-09-01,S026,SKU00070,60,17,19.96
2024-09-01,S026,SKU00319,51,15,18.17
2024-09-01,S026,SKU00315,18,12,25.73
2024-09-01,S026,SKU00371,31,11,23.22
2024-09-01,S027,SKU00330,62,13,28.29
2024-09-01,S027,SKU00127,45,8,18.2
2024-09-01,S027,SKU00007,28,8,12.89
2024-09-01,S027,SKU00205,34,23,13.85
2024-09-01,S027,SKU00076,37,12,16.2
2024-09-01,S027,SKU00399,44,11,25.01
2024-09-01,S027,SKU00166,27,24,26.57
2024-09-01,S027,SKU00372,61,8,8.73
2024-09-01,S027,SKU00075,10,17,19.82
2024-09-01,S027,SKU00390,40,9,20.94
2024-09-01,S027,SKU00142,33,14,22.57
2024-09-01,S027,SKU00065,62,8,21.23
2024-09-01,S027,SKU00112,30,9,17.88
2024-09-01,S027,SKU00286,35,14,25.41
2024-09-01,S027,SKU00320,27,9,13.56
2024-09-01,S027,SKU00285,65,17,16.17
2024-09-01,S027,SKU00160,28,9,18.48
2024-09-01,S027,SKU00363,51,7,19.67
2024-09-01,S027,SKU00159,21,18,20.64
2024-09-01,S027,SKU00273,46,17,21.29
2024-09-01,S027,SKU00282,28,13,31.83
2024-09-01,S027,SKU00059,34,19,18.63
2024-09-01,S027,SKU00041,55,22,19.41
2024-09-01,S027,SKU00128,69,21,12.06
2024-09-01,S027,SKU00048,32,9,35.43
2024-09-01,S027,SKU00287,44,24,23.44
2024-09-01,S027,SKU00182,36,11,22.49
2024-09-01,S027,SKU00398,34,15,31.97
2024-09-01,S027,SKU00253,30,23,19.63
2024-09-01,S027,SKU00144,45,32,12.22
2024-09-01,S027,SKU00097,60,8,11.93
2024-09-01,S027,SKU00019,61,20,14.15
2024-09-01,S027,SKU00053,46,12,26.92
2024-09-01,S027,SKU00187,37,16,25.15
2024-09-01,S027,SKU00099,47,16,12.91
2024-09-01,S027,SKU00333,38,15,19.02
2024-09-01,S027,SKU00292,56,11,27.78
2024-09-01,S027,SKU00032,72,20,26.13
2024-09-01,S027,SKU00031,33,13,18.97
2024-09-01,S027,SKU00217,13,8,19.37
2024-09-01,S027,SKU00290,52,29,20.85
2024-09-01,S027,SKU00107,48,19,27.98
2024-09-01,S027,SKU00216,16,0,35.17
2024-09-01,S027,SKU00140,62,26,22.39
2024-09-01,S027,SKU00139,25,20,19.06
2024-09-01,S027,SKU00215,36,20,20.75
2024-09-01,S027,SKU00302,43,26,11.51
2024-09-01,S027,SKU00123,67,15,17.11
2024-09-01,S027,SKU00394,2,21,10.9
2024-09-01,S027,SKU00220,50,1,23.06
2024-09-01,S027,SKU00165,33,13,12.62
2024-09-01,S027,SKU00265,47,15,15.45
2024-09-01,S027,SKU00364,51,19,20.03
2024-09-01,S027,SKU00185,41,24,22.74
2024-09-01,S027,SKU00322,30,26,9.39
2024-09-01,S027,SKU00180,67,18,18.4
2024-09-01,S027,SKU00193,47,12,26.54
2024-09-01,S027,SKU00267,48,8,32.29
2024-09-01,S027,SKU00005,33,10,5.18
2024-09-01,S027,SKU00016,47,5,20.2
2024-09-01,S028,SKU00046,27,18,11.26
2024-09-01,S028,SKU00244,62,18,14.65
2024-09-01,S028,SKU00160,5,6,18.48
2024-09-01,S028,SKU00226,65,33,37.85
2024-09-01,S028,SKU00199,59,2,28.75
2024-09-01,S028,SKU00183,52,9,7.71
2024-09-01,S028,SKU00393,37,27,7.6
2024-09-01,S028,SKU00181,35,32,21.21
2024-09-01,S028,SKU00152,34,14,34.48
2024-09-01,S028,SKU00173,17,9,24.41
2024-09-01,S028,SKU00010,69,1,22.61
2024-09-01,S028,SKU00185,27,21,22.74
2024-09-01,S028,SKU00257,55,18,12.09
2024-09-01,S028,SKU00377,72,7,24.12
2024-09-01,S028,SKU00100,46,10,7.48
2024-09-01,S028,SKU00021,42,11,21.44
2024-09-01,S028,SKU00284,36,5,20.24
2024-09-01,S028,SKU00359,72,18,12.22
2024-09-01,S028,SKU00009,44,13,21.87
2024-09-01,S028,SKU00363,50,19,19.67
2024-09-01,S028,SKU00195,44,10,20.76
2024-09-01,S028,SKU00297,53,15,20.51
2024-09-01,S028,SKU00090,13,16,19.09
2024-09-01,S028,SKU00287,38,25,23.44
2024-09-01,S028,SKU00330,42,8,28.29
2024-09-01,S028,SKU00318,33,22,20.51
2024-09-01,S028,SKU00084,46,13,22.85
2024-09-01,S028,SKU00054,35,7,12.05
2024-09-01,S028,SKU00037,45,12,14.43
2024-09-01,S028,SKU00055,32,16,24.5
2024-09-01,S028,SKU00020,42,16,19.96
2024-09-01,S028,SKU00304,17,12,13.37
2024-09-01,S028,SKU00250,35,10,22.08
2024-09-01,S028,SKU00171,29,10,26.18
2024-09-01,S028,SKU00399,50,23,25.01
2024-09-01,S028,SKU00036,43,11,15.82
2024-09-01,S028,SKU00033,60,23,10.76
2024-09-01,S028,SKU00315,24,4,25.73
2024-09-01,S028,SKU00360,24,10,35.66
2024-09-01,S028,SKU00243,36,10,20.2
2024-09-01,S028,SKU00269,52,17,13.31
2024-09-01,S028,SKU00234,47,14,14.14
2024-09-01,S028,SKU00206,36,12,12.31
2024-09-01,S028,SKU00106,39,22,11.12
2024-09-01,S028,SKU00097,50,10,11.93
2024-09-01,S028,SKU00093,21,14,20.73
2024-09-01,S028,SKU00296,36,5,18.93
2024-09-01,S028,SKU00380,50,12,21.56
2024-09-01,S028,SKU00381,48,25,29.5
2024-09-01,S028,SKU00252,22,5,35.29
2024-09-01,S028,SKU00112,39,3,17.88
2024-09-01,S028,SKU00124,16,17,18.08
2024-09-01,S028,SKU00059,39,24,18.63
2024-09-01,S028,SKU00346,38,10,46.67
2024-09-01,S028,SKU00191,11,26,24.12
2024-09-01,S028,SKU00012,28,3,6.48
2024-09-01,S028,SKU00210,28,14,17.08
2024-09-01,S028,SKU00364,40,4,20.03
2024-09-01,S028,SKU00068,24,20,9.04
2024-09-01,S028,SKU00205,58,6,13.85
2024-09-01,S029,SKU00149,40,16,16.9
2024-09-01,S029,SKU00203,53,6,27.92
2024-09-01,S029,SKU00125,37,16,14.87
2024-09-01,S029,SKU00045,56,20,19.14
2024-09-01,S029,SKU00336,51,0,21.13
2024-09-01,S029,SKU00287,47,11,23.44
2024-09-01,S029,SKU00037,27,15,14.43
2024-09-01,S029,SKU00345,26,23,21.99
2024-09-01,S029,SKU00388,41,21,18.08
2024-09-01,S029,SKU00358,46,10,20.44
2024-09-01,S029,SKU00098,57,10,23.96
2024-09-01,S029,SKU00396,43,13,6.08
2024-09-01,S029,SKU00077,44,16,7.81
2024-09-01,S029,SKU00072,19,18,22.01
2024-09-01,S029,SKU00113,31,8,20.63
2024-09-01,S029,SKU00376,45,24,22.09
2024-09-01,S029,SKU00299,46,8,21.87
2024-09-01,S029,SKU00362,20,15,17.84
2024-09-01,S029,SKU00234,37,19,14.14
2024-09-01,S029,SKU00122,38,21,15.22
2024-09-01,S029,SKU00007,19,3,12.89
2024-09-01,S029,SKU00346,55,16,46.67
2024-09-01,S029,SKU00167,30,17,11.09
2024-09-01,S029,SKU00052,32,27,25.94
2024-09-01,S029,SKU00300,44,16,19.9
2024-09-01,S029,SKU00350,28,23,24.41
2024-09-01,S029,SKU00175,46,9,22.23
2024-09-01,S029,SKU00100,27,0,7.48
2024-09-01,S029,SKU00293,26,11,28.83
2024-09-01,S029,SKU00307,48,27,19.13
2024-09-01,S029,SKU00018,34,4,11.75
2024-09-01,S029,SKU00140,21,19,22.39
2024-09-01,S029,SKU00031,12,9,18.97
2024-09-01,S029,SKU00363,17,13,19.67
2024-09-01,S029,SKU00341,63,20,20.55
2024-09-01,S029,SKU00279,45,26,18.46
2024-09-01,S029,SKU00049,30,19,21.35
2024-09-01,S029,SKU00391,38,20,20.67
2024-09-01,S029,SKU00148,38,23,18.3
2024-09-01,S029,SKU00274,30,11,8.22
2024-09-01,S029,SKU00041,15,13,19.41
2024-09-01,S029,SKU00395,36,16,14.64
2024-09-01,S029,SKU00355,39,20,17.98
2024-09-01,S029,SKU00039,21,13,31.34
2024-09-01,S029,SKU00267,42,16,32.29
2024-09-01,S029,SKU00040,32,14,18.22
2024-09-01,S029,SKU00397,52,29,24.95
2024-09-01,S029,SKU00323,65,16,17.89
2024-09-01,S029,SKU00215,35,13,20.75
2024-09-01,S029,SKU00241,52,20,22.03
2024-09-01,S029,SKU00082,50,8,18.27
2024-09-01,S029,SKU00202,33,19,41.7
2024-09-01,S029,SKU00255,57,26,33.68
2024-09-01,S029,SKU00302,34,11,11.51
2024-09-01,S029,SKU00012,47,18,6.48
2024-09-01,S029,SKU00387,54,18,19.03
2024-09-01,S029,SKU00059,55,0,18.63
2024-09-01,S029,SKU00211,18,16,37.2
2024-09-01,S029,SKU00264,37,8,13.51
2024-09-01,S029,SKU00192,63,8,15.31
2024-09-01,S030,SKU00142,15,3,22.57
2024-09-01,S030,SKU00315,37,15,25.73
2024-09-01,S030,SKU00199,38,6,28.75
2024-09-01,S030,SKU00180,56,19,18.4
2024-09-01,S030,SKU00263,32,14,12.54
2024-09-01,S030,SKU00297,58,13,20.51
2024-09-01,S030,SKU00028,22,19,14.87
2024-09-01,S030,SKU00336,44,11,21.13
2024-09-01,S030,SKU00187,7,25,25.15
2024-09-01,S030,SKU00106,50,13,11.12
2024-09-01,S030,SKU00021,35,15,21.44
2024-09-01,S030,SKU00328,37,20,20.31
2024-09-01,S030,SKU00249,25,8,14.24
2024-09-01,S030,SKU00385,8,8,24.15
2024-09-01,S030,SKU00362,60,29,17.84
2024-09-01,S030,SKU00299,55,21,21.87
2024-09-01,S030,SKU00184,40,22,15.79
2024-09-01,S030,SKU00347,50,10,35.52
2024-09-01,S030,SKU00379,47,20,19.61
2024-09-01,S030,SKU00394,22,19,10.9
2024-09-01,S030,SKU00035,42,2,34.51
2024-09-01,S030,SKU00282,34,19,31.83
2024-09-01,S030,SKU00367,36,11,23.63
2024-09-01,S030,SKU00205,52,22,13.85
2024-09-01,S030,SKU00067,46,20,12.5
2024-09-01,S030,SKU00112,22,7,17.88
2024-09-01,S030,SKU00228,38,18,42.12
2024-09-01,S030,SKU00309,60,11,27.53
2024-09-01,S030,SKU00372,45,23,8.73
2024-09-01,S030,SKU00349,44,14,11.12
2024-09-01,S030,SKU00158,35,11,7.83
2024-09-01,S030,SKU00257,36,20,12.09
2024-09-01,S030,SKU00189,62,12,21.3
2024-09-01,S030,SKU00118,49,4,9.41
2024-09-01,S030,SKU00126,24,28,25.54
2024-09-01,S030,SKU00327,57,0,24.66
2024-09-01,S030,SKU00077,34,23,7.81
2024-09-01,S030,SKU00100,47,11,7.48
2024-09-01,S030,SKU00374,26,5,17.57
2024-09-01,S030,SKU00172,55,8,9.82
2024-09-01,S030,SKU00173,38,9,24.41
2024-09-01,S030,SKU00194,13,22,15.09
2024-09-01,S030,SKU00345,33,28,21.99
2024-09-01,S030,SKU00185,35,20,22.74
2024-09-01,S030,SKU00113,34,14,20.63
2024-09-01,S030,SKU00360,46,12,35.66
2024-09-01,S030,SKU00301,44,17,13.89
2024-09-01,S030,SKU00276,56,1,8.52
2024-09-01,S030,SKU00348,21,12,24.11
2024-09-01,S030,SKU00368,38,16,14.01
2024-09-01,S030,SKU00212,17,9,8.51
2024-09-01,S030,SKU00344,54,25,6.67
2024-09-01,S030,SKU00015,46,12,25.51
2024-09-01,S030,SKU00109,41,18,32.26
2024-09-01,S030,SKU00239,35,5,7.57
2024-09-01,S030,SKU00003,26,16,19.34
2024-09-01,S030,SKU00094,18,17,30.76
2024-09-01,S030,SKU00235,41,21,17.69
2024-09-01,S030,SKU00277,61,13,17.75
2024-09-01,S030,SKU00268,42,17,22.72
2024-10-01,S001,SKU00333,43,15,19.02
2024-10-01,S001,SKU00042,45,15,27.28
2024-10-01,S001,SKU00061,27,9,13.6
2024-10-01,S001,SKU00122,38,2,15.22
2024-10-01,S001,SKU00168,45,11,18.6
2024-10-01,S001,SKU00241,52,23,22.03
2024-10-01,S001,SKU00078,72,10,9.74
2024-10-01,S001,SKU00255,55,13,33.68
2024-10-01,S001,SKU00047,32,1,30.28
2024-10-01,S001,SKU00117,37,16,14.81
2024-10-01,S001,SKU00217,49,25,19.37
2024-10-01,S001,SKU00309,49,13,27.53
2024-10-01,S001,SKU00062,40,7,21.8
2024-10-01,S001,SKU00203,66,15,27.92
2024-10-01,S001,SKU00073,30,19,31.53
2024-10-01,S001,SKU00115,42,21,16.78
2024-10-01,S001,SKU00114,18,13,16.42
2024-10-01,S001,SKU00275,52,15,24.1
2024-10-01,S001,SKU00177,22,8,24.36
2024-10-01,S001,SKU00369,62,15,27.28
2024-10-01,S001,SKU00222,22,11,21.69
2024-10-01,S001,SKU00059,46,22,18.63
2024-10-01,S001,SKU00051,23,9,21.15
2024-10-01,S001,SKU00137,22,8,32.34
2024-10-01,S001,SKU00245,37,14,19.78
2024-10-01,S001,SKU00057,48,23,19.41
2024-10-01,S001,SKU00015,32,25,25.51
2024-10-01,S001,SKU00174,57,17,23.97
2024-10-01,S001,SKU00011,8,5,17.51
2024-10-01,S001,SKU00340,60,8,14.8
2024-10-01,S001,SKU00017,11,21,22.2
2024-10-01,S001,SKU00317,51,29,22.08
2024-10-01,S001,SKU00159,43,5,20.64
2024-10-01,S001,SKU00185,32,31,22.74
2024-10-01,S001,SKU00023,25,16,23.51
2024-10-01,S001,SKU00048,43,20,35.43
2024-10-01,S001,SKU00067,54,18,12.5
2024-10-01,S001,SKU00252,33,13,35.29
2024-10-01,S001,SKU00001,37,14,20.02
2024-10-01,S001,SKU00301,39,12,13.89
2024-10-01,S001,SKU00263,20,21,12.54
2024-10-01,S001,SKU00319,45,13,18.17
2024-10-01,S001,SKU00289,36,20,20.83
2024-10-01,S001,SKU00144,25,10,12.22
2024-10-01,S001,SKU00349,37,8,11.12
2024-10-01,S001,SKU00269,50,5,13.31
2024-10-01,S001,SKU00101,32,6,13.03
2024-10-01,S001,SKU00131,56,12,22.93
2024-10-01,S001,SKU00003,51,2,19.34
2024-10-01,S001,SKU00279,26,8,18.46
2024-10-01,S001,SKU00063,40,6,13.32
2024-10-01,S001,SKU00206,48,12,12.31
2024-10-01,S001,SKU00050,71,13,9.35
2024-10-01,S001,SKU00033,30,5,10.76
2024-10-01,S001,SKU00155,39,17,22.47
2024-10-01,S001,SKU00045,42,25,19.14
2024-10-01,S001,SKU00126,25,32,25.54
2024-10-01,S001,SKU00081,27,23,16.01
2024-10-01,S001,SKU00240,49,21,30.32
2024-10-01,S001,SKU00129,48,10,17.3
2024-10-01,S002,SKU00327,38,15,24.66
2024-10-01,S002,SKU00164,59,10,20.75
2024-10-01,S002,SKU00052,56,7,25.94
2024-10-01,S002,SKU00305,46,13,19.27
2024-10-01,S002,SKU00163,53,19,15.73
2024-10-01,S002,SKU00095,42,8,27.04
2024-10-01,S002,SKU00384,19,14,6.97
2024-10-01,S002,SKU00068,35,9,9.04
2024-10-01,S002,SKU00218,57,20,10.78
2024-10-01,S002,SKU00357,13,9,14.08
2024-10-01,S002,SKU00225,80,19,14.42
2024-10-01,S002,SKU00375,53,14,23.14
2024-10-01,S002,SKU00106,39,11,11.12
2024-10-01,S002,SKU00167,34,26,11.09
2024-10-01,S002,SKU00021,22,13,21.44
2024-10-01,S002,SKU00047,36,2,30.28
2024-10-01,S002,SKU00124,33,10,18.08
2024-10-01,S002,SKU00099,31,9,12.91
2024-10-01,S002,SKU00372,35,5,8.73
2024-10-01,S002,SKU00352,39,8,23.46
2024-10-01,S002,SKU00149,75,15,16.9
2024-10-01,S002,SKU00112,31,9,17.88
2024-10-01,S002,SKU00274,37,21,8.22
2024-10-01,S002,SKU00150,35,25,17.58
2024-10-01,S002,SKU00359,42,0,12.22
2024-10-01,S002,SKU00103,42,16,12.99
2024-10-01,S002,SKU00227,31,18,38.72
2024-10-01,S002,SKU00187,2,18,25.15
2024-10-01,S002,SKU00063,34,18,13.32
2024-10-01,S002,SKU00165,35,14,12.62
2024-10-01,S002,SKU00083,39,17,22.59
2024-10-01,S002,SKU00329,56,16,21.42
2024-10-01,S002,SKU00234,45,12,14.14
2024-10-01,S002,SKU00333,23,16,19.02
2024-10-01,S002,SKU00116,38,9,40.0
2024-10-01,S002,SKU00201,48,17,17.59
2024-10-01,S002,SKU00230,29,10,28.51
2024-10-01,S002,SKU00307,65,12,19.13
2024-10-01,S002,SKU00131,35,8,22.93
2024-10-01,S002,SKU00237,41,6,22.91
2024-10-01,S002,SKU00191,51,11,24.12
2024-10-01,S002,SKU00022,38,22,10.6
2024-10-01,S002,SKU00127,46,9,18.2
2024-10-01,S002,SKU00173,52,19,24.41
2024-10-01,S002,SKU00048,73,21,35.43
2024-10-01,S002,SKU00391,31,21,20.67
2024-10-01,S002,SKU00379,42,16,19.61
2024-10-01,S002,SKU00177,52,13,24.36
2024-10-01,S002,SKU00176,31,13,14.59
2024-10-01,S002,SKU00012,0,22,6.48
2024-10-01,S002,SKU00246,16,21,19.79
2024-10-01,S002,SKU00354,42,20,16.32
2024-10-01,S002,SKU00356,29,17,6.76
2024-10-01,S002,SKU00111,27,5,22.67
2024-10-01,S002,SKU00321,58,18,8.77
2024-10-01,S002,SKU00105,40,5,24.88
2024-10-01,S002,SKU00089,46,29,25.61
2024-10-01,S002,SKU00383,49,18,21.74
2024-10-01,S002,SKU00157,49,14,26.67
2024-10-01,S002,SKU00337,28,4,20.41
2024-10-01,S003,SKU00294,50,18,21.46
2024-10-01,S003,SKU00255,47,19,33.68
2024-10-01,S003,SKU00160,41,9,18.48
2024-10-01,S003,SKU00155,50,29,22.47
2024-10-01,S003,SKU00241,25,4,22.03
2024-10-01,S003,SKU00084,39,14,22.85
2024-10-01,S003,SKU00139,49,23,19.06
2024-10-01,S003,SKU00190,59,15,23.47
2024-10-01,S003,SKU00120,74,15,10.19
2024-10-01,S003,SKU00135,52,4,21.41
2024-10-01,S003,SKU00092,37,10,6.71
2024-10-01,S003,SKU00132,27,20,18.85
2024-10-01,S003,SKU00127,33,10,18.2
2024-10-01,S003,SKU00218,39,10,10.78
2024-10-01,S003,SKU00177,64,12,24.36
2024-10-01,S003,SKU00067,11,11,12.5
2024-10-01,S003,SKU00185,46,28,22.74
2024-10-01,S003,SKU00391,37,14,20.67
2024-10-01,S003,SKU00014,47,0,17.1
2024-10-01,S003,SKU00371,21,25,23.22
2024-10-01,S003,SKU00043,31,22,24.13
2024-10-01,S003,SKU00061,28,8,13.6
2024-10-01,S003,SKU00217,53,24,19.37
2024-10-01,S003,SKU00342,55,13,17.51
2024-10-01,S003,SKU00271,58,4,41.0
2024-10-01,S003,SKU00374,43,7,17.57
2024-10-01,S003,SKU00187,14,17,25.15
2024-10-01,S003,SKU00369,41,13,27.28
2024-10-01,S003,SKU00393,27,14,7.6
2024-10-01,S003,SKU00227,74,23,38.72
2024-10-01,S003,SKU00327,48,24,24.66
2024-10-01,S003,SKU00246,25,6,19.79
2024-10-01,S003,SKU00202,57,11,41.7
2024-10-01,S003,SKU00376,32,1,22.09
2024-10-01,S003,SKU00242,34,3,23.88
2024-10-01,S003,SKU00025,33,16,18.13
2024-10-01,S003,SKU00248,32,10,24.2
2024-10-01,S003,SKU00380,32,13,21.56
2024-10-01,S003,SKU00279,50,11,18.46
2024-10-01,S003,SKU00383,38,15,21.74
2024-10-01,S003,SKU00296,46,0,18.93
2024-10-01,S003,SKU00192,27,7,15.31
2024-10-01,S003,SKU00070,33,5,19.96
2024-10-01,S003,SKU00144,61,13,12.22
2024-10-01,S003,SKU00252,53,19,35.29
2024-10-01,S003,SKU00038,16,13,22.05
2024-10-01,S003,SKU00131,8,3,22.93
2024-10-01,S003,SKU00107,44,12,27.98
2024-10-01,S003,SKU00158,3,15,7.83
2024-10-01,S003,SKU00071,30,29,18.24
2024-10-01,S003,SKU00201,72,28,17.59
2024-10-01,S003,SKU00019,37,25,14.15
2024-10-01,S003,SKU00283,42,18,35.29
2024-10-01,S003,SKU00176,49,14,14.59
2024-10-01,S003,SKU00284,51,15,20.24
2024-10-01,S003,SKU00093,44,9,20.73
2024-10-01,S003,SKU00330,69,14,28.29
2024-10-01,S003,SKU00301,29,15,13.89
2024-10-01,S003,SKU00364,43,9,20.03
2024-10-01,S003,SKU00166,43,13,26.57
2024-10-01,S004,SKU00127,47,16,18.2
2024-10-01,S004,SKU00064,30,17,14.1
2024-10-01,S004,SKU00156,30,13,13.5
2024-10-01,S004,SKU00192,33,20,15.31
2024-10-01,S004,SKU00301,16,9,13.89
2024-10-01,S004,SKU00103,44,7,12.99
2024-10-01,S004,SKU00231,44,8,23.4
2024-10-01,S004,SKU00116,9,20,40.0
2024-10-01,S004,SKU00281,20,21,24.82
2024-10-01,S004,SKU00138,42,23,9.29
2024-10-01,S004,SKU00078,57,9,9.74
2024-10-01,S004,SKU00255,59,13,33.68
2024-10-01,S004,SKU00257,26,16,12.09
2024-10-01,S004,SKU00033,48,11,10.76
2024-10-01,S004,SKU00160,57,14,18.48
2024-10-01,S004,SKU00048,38,5,35.43
2024-10-01,S004,SKU00117,78,7,14.81
2024-10-01,S004,SKU00022,46,20,10.6
2024-10-01,S004,SKU00349,52,22,11.12
2024-10-01,S004,SKU00144,50,18,12.22
2024-10-01,S004,SKU00067,37,19,12.5
2024-10-01,S004,SKU00068,16,5,9.04
2024-10-01,S004,SKU00333,0,14,19.02
2024-10-01,S004,SKU00153,50,11,27.58
2024-10-01,S004,SKU00204,46,18,22.75
2024-10-01,S004,SKU00083,67,23,22.59
2024-10-01,S004,SKU00073,46,32,31.53
2024-10-01,S004,SKU00213,33,14,21.39
2024-10-01,S004,SKU00158,20,22,7.83
2024-10-01,S004,SKU00086,28,11,27.42
2024-10-01,S004,SKU00173,56,19,24.41
2024-10-01,S004,SKU00136,55,6,21.43
2024-10-01,S004,SKU00088,75,23,27.73
2024-10-01,S004,SKU00120,62,15,10.19
2024-10-01,S004,SKU00066,28,7,21.71
2024-10-01,S004,SKU00252,38,7,35.29
2024-10-01,S004,SKU00170,33,4,19.07
2024-10-01,S004,SKU00150,43,14,17.58
2024-10-01,S004,SKU00344,32,22,6.67
2024-10-01,S004,SKU00241,36,12,22.03
2024-10-01,S004,SKU00187,52,20,25.15
2024-10-01,S004,SKU00279,34,15,18.46
2024-10-01,S004,SKU00075,49,24,19.82
2024-10-01,S004,SKU00046,39,11,11.26
2024-10-01,S004,SKU00272,19,13,18.35
2024-10-01,S004,SKU00131,44,7,22.93
2024-10-01,S004,SKU00390,49,18,20.94
2024-10-01,S004,SKU00014,29,19,17.1
2024-10-01,S004,SKU00308,29,16,33.04
2024-10-01,S004,SKU00096,24,6,19.19
2024-10-01,S004,SKU00263,45,15,12.54
2024-10-01,S004,SKU00261,42,11,33.76
2024-10-01,S004,SKU00099,45,16,12.91
2024-10-01,S004,SKU00060,42,15,30.63
2024-10-01,S004,SKU00237,64,10,22.91
2024-10-01,S004,SKU00109,32,24,32.26
2024-10-01,S004,SKU00286,27,7,25.41
2024-10-01,S004,SKU00041,45,22,19.41
2024-10-01,S004,SKU00097,45,3,11.93
2024-10-01,S004,SKU00337,53,17,20.41
2024-10-01,S005,SKU00393,45,12,7.6
2024-10-01,S005,SKU00286,53,4,25.41
2024-10-01,S005,SKU00357,47,24,14.08
2024-10-01,S005,SKU00028,40,22,14.87
2024-10-01,S005,SKU00176,32,11,14.59
2024-10-01,S005,SKU00156,40,15,13.5
2024-10-01,S005,SKU00145,28,21,13.72
2024-10-01,S005,SKU00198,53,16,25.14
2024-10-01,S005,SKU00383,44,16,21.74
2024-10-01,S005,SKU00117,39,21,14.81
2024-10-01,S005,SKU00122,20,2,15.22
2024-10-01,S005,SKU00004,32,23,9.51
2024-10-01,S005,SKU00118,39,14,9.41
2024-10-01,S005,SKU00343,34,12,25.69
2024-10-01,S005,SKU00081,44,10,16.01
2024-10-01,S005,SKU00019,40,10,14.15
2024-10-01,S005,SKU00200,32,16,35.75
2024-10-01,S005,SKU00043,59,22,24.13
2024-10-01,S005,SKU00225,17,14,14.42
2024-10-01,S005,SKU00187,23,15,25.15
2024-10-01,S005,SKU00052,32,2,25.94
2024-10-01,S005,SKU00058,22,12,33.62
2024-10-01,S005,SKU00184,47,8,15.79
2024-10-01,S005,SKU00298,44,12,11.72
2024-10-01,S005,SKU00057,34,19,19.41
2024-10-01,S005,SKU00268,38,8,22.72
2024-10-01,S005,SKU00339,61,13,14.34
2024-10-01,S005,SKU00174,31,19,23.97
2024-10-01,S005,SKU00255,63,18,33.68
2024-10-01,S005,SKU00271,54,20,41.0
2024-10-01,S005,SKU00167,31,13,11.09
2024-10-01,S005,SKU00012,59,7,6.48
2024-10-01,S005,SKU00029,32,23,18.21
2024-10-01,S005,SKU00138,35,8,9.29
2024-10-01,S005,SKU00249,24,15,14.24
2024-10-01,S005,SKU00264,45,17,13.51
2024-10-01,S005,SKU00073,41,27,31.53
2024-10-01,S005,SKU00182,43,19,22.49
2024-10-01,S005,SKU00195,31,24,20.76
2024-10-01,S005,SKU00242,54,12,23.88
2024-10-01,S005,SKU00116,17,31,40.0
2024-10-01,S005,SKU00082,34,14,18.27
2024-10-01,S005,SKU00362,30,3,17.84
2024-10-01,S005,SKU00276,33,11,8.52
2024-10-01,S005,SKU00282,52,4,31.83
2024-10-01,S005,SKU00054,20,9,12.05
2024-10-01,S005,SKU00280,45,29,11.07
2024-10-01,S005,SKU00263,55,8,12.54
2024-10-01,S005,SKU00259,30,12,16.74
2024-10-01,S005,SKU00223,0,11,14.14
2024-10-01,S005,SKU00161,89,25,6.86
2024-10-01,S005,SKU00292,42,8,27.78
2024-10-01,S005,SKU00208,49,19,7.02
2024-10-01,S005,SKU00080,40,24,21.0
2024-10-01,S005,SKU00325,52,14,11.47
2024-10-01,S005,SKU00063,37,21,13.32
2024-10-01,S005,SKU00206,33,8,12.31
2024-10-01,S005,SKU00092,62,17,6.71
2024-10-01,S005,SKU00365,37,22,9.96
2024-10-01,S005,SKU00315,36,29,25.73
2024-10-01,S006,SKU00045,38,14,19.14
2024-10-01,S006,SKU00162,28,13,23.58
2024-10-01,S006,SKU00251,54,18,16.74
2024-10-01,S006,SKU00318,35,2,20.51
2024-10-01,S006,SKU00126,31,18,25.54
2024-10-01,S006,SKU00180,24,6,18.4
2024-10-01,S006,SKU00325,36,6,11.47
2024-10-01,S006,SKU00088,33,13,27.73
2024-10-01,S006,SKU00108,25,18,8.67
2024-10-01,S006,SKU00089,34,13,25.61
2024-10-01,S006,SKU00361,37,2,22.51
2024-10-01,S006,SKU00389,24,9,26.23
2024-10-01,S006,SKU00244,39,16,14.65
2024-10-01,S006,SKU00354,36,14,16.32
2024-10-01,S006,SKU00004,29,10,9.51
2024-10-01,S006,SKU00072,32,13,22.01
2024-10-01,S006,SKU00344,39,21,6.67
2024-10-01,S006,SKU00077,30,7,7.81
2024-10-01,S006,SKU00022,46,6,10.6
2024-10-01,S006,SKU00138,51,15,9.29
2024-10-01,S006,SKU00028,21,11,14.87
2024-10-01,S006,SKU00292,41,27,27.78
2024-10-01,S006,SKU00079,14,6,18.54
2024-10-01,S006,SKU00230,60,2,28.51
2024-10-01,S006,SKU00260,22,29,16.1
2024-10-01,S006,SKU00223,23,14,14.14
2024-10-01,S006,SKU00339,54,7,14.34
2024-10-01,S006,SKU00152,51,6,34.48
2024-10-01,S006,SKU00204,36,15,22.75
2024-10-01,S006,SKU00090,46,15,19.09
2024-10-01,S006,SKU00048,40,10,35.43
2024-10-01,S006,SKU00143,30,6,9.07
2024-10-01,S006,SKU00254,43,19,12.16
2024-10-01,S006,SKU00323,49,11,17.89
2024-10-01,S006,SKU00159,32,24,20.64
2024-10-01,S006,SKU00135,39,26,21.41
2024-10-01,S006,SKU00299,42,11,21.87
2024-10-01,S006,SKU00010,59,24,22.61
2024-10-01,S006,SKU00078,33,2,9.74
2024-10-01,S006,SKU00311,23,16,23.51
2024-10-01,S006,SKU00243,30,15,20.2
2024-10-01,S006,SKU00110,24,8,22.59
2024-10-01,S006,SKU00266,41,27,15.48
2024-10-01,S006,SKU00237,48,15,22.91
2024-10-01,S006,SKU00395,11,13,14.64
2024-10-01,S006,SKU00156,37,20,13.5
2024-10-01,S006,SKU00267,47,10,32.29
2024-10-01,S006,SKU00112,76,10,17.88
2024-10-01,S006,SKU00176,55,10,14.59
2024-10-01,S006,SKU00264,26,18,13.51
2024-10-01,S006,SKU00330,30,9,28.29
2024-10-01,S006,SKU00337,58,23,20.41
2024-10-01,S006,SKU00321,53,16,8.77
2024-10-01,S006,SKU00194,39,27,15.09
2024-10-01,S006,SKU00073,36,0,31.53
2024-10-01,S006,SKU00056,23,16,21.74
2024-10-01,S006,SKU00069,24,1,10.26
2024-10-01,S006,SKU00169,66,5,15.35
2024-10-01,S006,SKU00308,54,22,33.04
2024-10-01,S006,SKU00371,40,14,23.22
2024-10-01,S007,SKU00175,65,21,22.23
2024-10-01,S007,SKU00380,36,26,21.56
2024-10-01,S007,SKU00239,43,10,7.57
2024-10-01,S007,SKU00257,25,7,12.09
2024-10-01,S007,SKU00086,44,13,27.42
2024-10-01,S007,SKU00368,11,6,14.01
2024-10-01,S007,SKU00341,44,35,20.55
2024-10-01,S007,SKU00237,19,5,22.91
2024-10-01,S007,SKU00274,53,6,8.22
2024-10-01,S007,SKU00356,22,17,6.76
2024-10-01,S007,SKU00231,7,11,23.4
2024-10-01,S007,SKU00369,39,0,27.28
2024-10-01,S007,SKU00352,18,27,23.46
2024-10-01,S007,SKU00388,40,12,18.08
2024-10-01,S007,SKU00205,19,9,13.85
2024-10-01,S007,SKU00168,70,29,18.6
2024-10-01,S007,SKU00323,80,24,17.89
2024-10-01,S007,SKU00275,63,14,24.1
2024-10-01,S007,SKU00273,53,14,21.29
2024-10-01,S007,SKU00320,29,34,13.56
2024-10-01,S007,SKU00142,15,11,22.57
2024-10-01,S007,SKU00089,32,16,25.61
2024-10-01,S007,SKU00203,19,16,27.92
2024-10-01,S007,SKU00130,42,10,29.35
2024-10-01,S007,SKU00314,62,12,15.81
2024-10-01,S007,SKU00354,50,20,16.32
2024-10-01,S007,SKU00215,45,15,20.75
2024-10-01,S007,SKU00062,45,13,21.8
2024-10-01,S007,SKU00013,19,20,15.96
2024-10-01,S007,SKU00297,59,13,20.51
2024-10-01,S007,SKU00260,36,14,16.1
2024-10-01,S007,SKU00326,29,24,21.09
2024-10-01,S007,SKU00035,33,12,34.51
2024-10-01,S007,SKU00270,63,4,23.19
2024-10-01,S007,SKU00360,50,4,35.66
2024-10-01,S007,SKU00114,60,2,16.42
2024-10-01,S007,SKU00361,77,3,22.51
2024-10-01,S007,SKU00162,27,27,23.58
2024-10-01,S007,SKU00195,60,19,20.76
2024-10-01,S007,SKU00099,74,20,12.91
2024-10-01,S007,SKU00192,60,9,15.31
2024-10-01,S007,SKU00008,42,18,14.83
2024-10-01,S007,SKU00344,34,14,6.67
2024-10-01,S007,SKU00068,76,24,9.04
2024-10-01,S007,SKU00213,65,7,21.39
2024-10-01,S007,SKU00057,59,10,19.41
2024-10-01,S007,SKU00165,32,19,12.62
2024-10-01,S007,SKU00083,22,18,22.59
2024-10-01,S007,SKU00258,34,30,29.8
2024-10-01,S007,SKU00390,39,10,20.94
2024-10-01,S007,SKU00119,32,13,21.19
2024-10-01,S007,SKU00043,44,5,24.13
2024-10-01,S007,SKU00389,30,18,26.23
2024-10-01,S007,SKU00033,54,0,10.76
2024-10-01,S007,SKU00395,48,7,14.64
2024-10-01,S007,SKU00109,51,14,32.26
2024-10-01,S007,SKU00287,36,7,23.44
2024-10-01,S007,SKU00224,37,18,28.25
2024-10-01,S007,SKU00133,39,2,10.11
2024-10-01,S007,SKU00348,13,9,24.11
2024-10-01,S008,SKU00309,23,26,27.53
2024-10-01,S008,SKU00351,32,14,20.29
2024-10-01,S008,SKU00218,65,1,10.78
2024-10-01,S008,SKU00343,67,17,25.69
2024-10-01,S008,SKU00191,35,15,24.12
2024-10-01,S008,SKU00213,27,0,21.39
2024-10-01,S008,SKU00054,45,9,12.05
2024-10-01,S008,SKU00386,64,17,24.27
2024-10-01,S008,SKU00122,28,8,15.22
2024-10-01,S008,SKU00258,50,21,29.8
2024-10-01,S008,SKU00320,26,13,13.56
2024-10-01,S008,SKU00271,44,26,41.0
2024-10-01,S008,SKU00266,46,21,15.48
2024-10-01,S008,SKU00241,55,14,22.03
2024-10-01,S008,SKU00040,57,18,18.22
2024-10-01,S008,SKU00138,52,21,9.29
2024-10-01,S008,SKU00129,49,21,17.3
2024-10-01,S008,SKU00242,41,11,23.88
2024-10-01,S008,SKU00316,50,8,9.13
2024-10-01,S008,SKU00120,5,14,10.19
2024-10-01,S008,SKU00326,51,23,21.09
2024-10-01,S008,SKU00022,31,13,10.6
2024-10-01,S008,SKU00159,61,14,20.64
2024-10-01,S008,SKU00342,35,16,17.51
2024-10-01,S008,SKU00341,41,28,20.55
2024-10-01,S008,SKU00176,52,13,14.59
2024-10-01,S008,SKU00285,33,20,16.17
2024-10-01,S008,SKU00130,60,22,29.35
2024-10-01,S008,SKU00036,49,22,15.82
2024-10-01,S008,SKU00353,46,20,28.84
2024-10-01,S008,SKU00148,47,15,18.3
2024-10-01,S008,SKU00377,49,23,24.12
2024-10-01,S008,SKU00109,45,16,32.26
2024-10-01,S008,SKU00291,30,17,20.61
2024-10-01,S008,SKU00352,65,18,23.46
2024-10-01,S008,SKU00186,40,16,24.0
2024-10-01,S008,SKU00084,34,14,22.85
2024-10-01,S008,SKU00047,33,11,30.28
2024-10-01,S008,SKU00071,47,17,18.24
2024-10-01,S008,SKU00085,22,6,21.5
2024-10-01,S008,SKU00160,34,33,18.48
2024-10-01,S008,SKU00057,55,12,19.41
2024-10-01,S008,SKU00041,26,11,19.41
2024-10-01,S008,SKU00026,47,2,28.01
2024-10-01,S008,SKU00017,49,13,22.2
2024-10-01,S008,SKU00025,54,0,18.13
2024-10-01,S008,SKU00012,46,11,6.48
2024-10-01,S008,SKU00395,43,15,14.64
2024-10-01,S008,SKU00393,35,19,7.6
2024-10-01,S008,SKU00106,12,23,11.12
2024-10-01,S008,SKU00378,33,10,16.37
2024-10-01,S008,SKU00254,9,15,12.16
2024-10-01,S008,SKU00297,52,22,20.51
2024-10-01,S008,SKU00089,60,14,25.61
2024-10-01,S008,SKU00136,38,10,21.43
2024-10-01,S008,SKU00388,28,24,18.08
2024-10-01,S008,SKU00335,30,20,10.25
2024-10-01,S008,SKU00024,46,16,19.95
2024-10-01,S008,SKU00366,11,3,12.66
2024-10-01,S008,SKU00065,25,5,21.23
2024-10-01,S009,SKU00244,32,10,14.65
2024-10-01,S009,SKU00054,54,23,12.05
2024-10-01,S009,SKU00287,29,0,23.44
2024-10-01,S009,SKU00394,28,0,10.9
2024-10-01,S009,SKU00011,33,25,17.51
2024-10-01,S009,SKU00087,46,21,9.32
2024-10-01,S009,SKU00187,47,6,25.15
2024-10-01,S009,SKU00319,53,13,18.17
2024-10-01,S009,SKU00205,41,12,13.85
2024-10-01,S009,SKU00043,62,28,24.13
2024-10-01,S009,SKU00367,32,11,23.63
2024-10-01,S009,SKU00286,40,11,25.41
2024-10-01,S009,SKU00242,39,3,23.88
2024-10-01,S009,SKU00094,15,12,30.76
2024-10-01,S009,SKU00276,59,21,8.52
2024-10-01,S009,SKU00204,43,10,22.75
2024-10-01,S009,SKU00170,21,18,19.07
2024-10-01,S009,SKU00084,42,12,22.85
2024-10-01,S009,SKU00182,9,11,22.49
2024-10-01,S009,SKU00340,54,28,14.8
2024-10-01,S009,SKU00007,18,2,12.89
2024-10-01,S009,SKU00125,36,18,14.87
2024-10-01,S009,SKU00124,61,9,18.08
2024-10-01,S009,SKU00222,47,8,21.69
2024-10-01,S009,SKU00278,29,21,29.28
2024-10-01,S009,SKU00060,50,21,30.63
2024-10-01,S009,SKU00236,60,16,14.52
2024-10-01,S009,SKU00387,14,16,19.03
2024-10-01,S009,SKU00372,31,13,8.73
2024-10-01,S009,SKU00365,51,11,9.96
2024-10-01,S009,SKU00216,31,22,35.17
2024-10-01,S009,SKU00119,33,15,21.19
2024-10-01,S009,SKU00259,37,18,16.74
2024-10-01,S009,SKU00253,28,7,19.63
2024-10-01,S009,SKU00298,27,13,11.72
2024-10-01,S009,SKU00092,11,18,6.71
2024-10-01,S009,SKU00049,62,26,21.35
2024-10-01,S009,SKU00145,54,18,13.72
2024-10-01,S009,SKU00246,30,13,19.79
2024-10-01,S009,SKU00226,36,14,37.85
2024-10-01,S009,SKU00037,59,10,14.43
2024-10-01,S009,SKU00258,48,7,29.8
2024-10-01,S009,SKU00078,22,11,9.74
2024-10-01,S009,SKU00103,60,4,12.99
2024-10-01,S009,SKU00055,11,19,24.5
2024-10-01,S009,SKU00041,33,16,19.41
2024-10-01,S009,SKU00325,35,13,11.47
2024-10-01,S009,SKU00046,23,21,11.26
2024-10-01,S009,SKU00219,19,13,24.96
2024-10-01,S009,SKU00188,4,22,22.21
2024-10-01,S009,SKU00249,27,10,14.24
2024-10-01,S009,SKU00053,21,27,26.92
2024-10-01,S009,SKU00400,1,7,16.59
2024-10-01,S009,SKU00358,37,18,20.44
2024-10-01,S009,SKU00023,28,13,23.51
2024-10-01,S009,SKU00285,61,19,16.17
2024-10-01,S009,SKU00339,23,11,14.34
2024-10-01,S009,SKU00098,28,13,23.96
2024-10-01,S009,SKU00373,24,13,43.52
2024-10-01,S009,SKU00200,17,21,35.75
2024-10-01,S010,SKU00013,28,15,15.96
2024-10-01,S010,SKU00211,44,17,37.2
2024-10-01,S010,SKU00132,11,16,18.85
2024-10-01,S010,SKU00107,18,29,27.98
2024-10-01,S010,SKU00121,45,14,21.13
2024-10-01,S010,SKU00185,31,3,22.74
2024-10-01,S010,SKU00073,16,7,31.53
2024-10-01,S010,SKU00047,24,28,30.28
2024-10-01,S010,SKU00194,55,17,15.09
2024-10-01,S010,SKU00372,25,19,8.73
2024-10-01,S010,SKU00340,13,13,14.8
2024-10-01,S010,SKU00012,21,16,6.48
2024-10-01,S010,SKU00070,36,17,19.96
2024-10-01,S010,SKU00203,52,15,27.92
2024-10-01,S010,SKU00325,21,23,11.47
2024-10-01,S010,SKU00346,45,7,46.67
2024-10-01,S010,SKU00286,22,17,25.41
2024-10-01,S010,SKU00282,44,18,31.83
2024-10-01,S010,SKU00274,46,32,8.22
2024-10-01,S010,SKU00061,41,10,13.6
2024-10-01,S010,SKU00360,57,24,35.66
2024-10-01,S010,SKU00306,52,27,13.85
2024-10-01,S010,SKU00088,19,23,27.73
2024-10-01,S010,SKU00033,27,18,10.76
2024-10-01,S010,SKU00085,36,13,21.5
2024-10-01,S010,SKU00236,46,12,14.52
2024-10-01,S010,SKU00232,11,17,17.89
2024-10-01,S010,SKU00380,37,18,21.56
2024-10-01,S010,SKU00045,1,7,19.14
2024-10-01,S010,SKU00240,41,7,30.32
2024-10-01,S010,SKU00154,43,16,36.04
2024-10-01,S010,SKU00364,37,6,20.03
2024-10-01,S010,SKU00023,46,29,23.51
2024-10-01,S010,SKU00317,20,11,22.08
2024-10-01,S010,SKU00318,42,6,20.51
2024-10-01,S010,SKU00350,35,0,24.41
2024-10-01,S010,SKU00039,44,13,31.34
2024-10-01,S010,SKU00276,32,20,8.52
2024-10-01,S010,SKU00212,56,21,8.51
2024-10-01,S010,SKU00069,47,2,10.26
2024-10-01,S010,SKU00379,67,15,19.61
2024-10-01,S010,SKU00129,9,14,17.3
2024-10-01,S010,SKU00347,41,11,35.52
2024-10-01,S010,SKU00221,63,14,18.46
2024-10-01,S010,SKU00014,55,19,17.1
2024-10-01,S010,SKU00144,43,13,12.22
2024-10-01,S010,SKU00091,31,14,16.61
2024-10-01,S010,SKU00267,28,21,32.29
2024-10-01,S010,SKU00291,58,9,20.61
2024-10-01,S010,SKU00093,36,5,20.73
2024-10-01,S010,SKU00048,27,28,35.43
2024-10-01,S010,SKU00095,48,21,27.04
2024-10-01,S010,SKU00330,54,9,28.29
2024-10-01,S010,SKU00222,44,7,21.69
2024-10-01,S010,SKU00374,63,12,17.57
2024-10-01,S010,SKU00308,54,17,33.04
2024-10-01,S010,SKU00249,56,19,14.24
2024-10-01,S010,SKU00125,25,18,14.87
2024-10-01,S010,SKU00252,33,13,35.29
2024-10-01,S010,SKU00321,62,8,8.77
2024-10-01,S011,SKU00344,35,22,6.67
2024-10-01,S011,SKU00366,52,15,12.66
2024-10-01,S011,SKU00278,61,7,29.28
2024-10-01,S011,SKU00229,63,0,28.44
2024-10-01,S011,SKU00225,22,14,14.42
2024-10-01,S011,SKU00242,18,12,23.88
2024-10-01,S011,SKU00328,31,16,20.31
2024-10-01,S011,SKU00066,34,21,21.71
2024-10-01,S011,SKU00197,38,16,14.73
2024-10-01,S011,SKU00217,25,15,19.37
2024-10-01,S011,SKU00360,48,19,35.66
2024-10-01,S011,SKU00271,45,17,41.0
2024-10-01,S011,SKU00379,20,30,19.61
2024-10-01,S011,SKU00048,30,6,35.43
2024-10-01,S011,SKU00212,77,19,8.51
2024-10-01,S011,SKU00259,55,6,16.74
2024-10-01,S011,SKU00097,28,10,11.93
2024-10-01,S011,SKU00193,49,10,26.54
2024-10-01,S011,SKU00165,63,12,12.62
2024-10-01,S011,SKU00331,26,17,9.22
2024-10-01,S011,SKU00036,46,11,15.82
2024-10-01,S011,SKU00047,61,20,30.28
2024-10-01,S011,SKU00239,38,18,7.57
2024-10-01,S011,SKU00370,64,20,19.59
2024-10-01,S011,SKU00248,55,17,24.2
2024-10-01,S011,SKU00266,47,3,15.48
2024-10-01,S011,SKU00191,36,21,24.12
2024-10-01,S011,SKU00223,43,23,14.14
2024-10-01,S011,SKU00003,36,0,19.34
2024-10-01,S011,SKU00016,42,4,20.2
2024-10-01,S011,SKU00032,33,9,26.13
2024-10-01,S011,SKU00180,17,20,18.4
2024-10-01,S011,SKU00023,29,19,23.51
2024-10-01,S011,SKU00116,23,7,40.0
2024-10-01,S011,SKU00117,13,7,14.81
2024-10-01,S011,SKU00125,41,18,14.87
2024-10-01,S011,SKU00059,17,7,18.63
2024-10-01,S011,SKU00105,41,12,24.88
2024-10-01,S011,SKU00296,35,25,18.93
2024-10-01,S011,SKU00235,40,14,17.69
2024-10-01,S011,SKU00119,19,18,21.19
2024-10-01,S011,SKU00186,45,26,24.0
2024-10-01,S011,SKU00121,31,10,21.13
2024-10-01,S011,SKU00054,52,25,12.05
2024-10-01,S011,SKU00400,33,17,16.59
2024-10-01,S011,SKU00205,16,14,13.85
2024-10-01,S011,SKU00019,23,11,14.15
2024-10-01,S011,SKU00038,55,26,22.05
2024-10-01,S011,SKU00046,56,7,11.26
2024-10-01,S011,SKU00350,37,9,24.41
2024-10-01,S011,SKU00302,44,6,11.51
2024-10-01,S011,SKU00169,60,10,15.35
2024-10-01,S011,SKU00061,36,19,13.6
2024-10-01,S011,SKU00291,60,18,20.61
2024-10-01,S011,SKU00399,16,15,25.01
2024-10-01,S011,SKU00065,45,11,21.23
2024-10-01,S011,SKU00127,28,14,18.2
2024-10-01,S011,SKU00361,35,15,22.51
2024-10-01,S011,SKU00057,0,13,19.41
2024-10-01,S011,SKU00079,46,12,18.54
2024-10-01,S012,SKU00028,35,0,14.87
2024-10-01,S012,SKU00252,39,7,35.29
2024-10-01,S012,SKU00129,54,13,17.3
2024-10-01,S012,SKU00103,22,2,12.99
2024-10-01,S012,SKU00084,57,2,22.85
2024-10-01,S012,SKU00155,30,13,22.47
2024-10-01,S012,SKU00377,64,13,24.12
2024-10-01,S012,SKU00395,40,18,14.64
2024-10-01,S012,SKU00106,40,0,11.12
2024-10-01,S012,SKU00298,35,9,11.72
2024-10-01,S012,SKU00307,23,11,19.13
2024-10-01,S012,SKU00050,0,24,9.35
2024-10-01,S012,SKU00220,40,7,23.06
2024-10-01,S012,SKU00075,47,8,19.82
2024-10-01,S012,SKU00098,33,24,23.96
2024-10-01,S012,SKU00296,66,15,18.93
2024-10-01,S012,SKU00148,43,13,18.3
2024-10-01,S012,SKU00068,41,3,9.04
2024-10-01,S012,SKU00243,42,0,20.2
2024-10-01,S012,SKU00254,28,10,12.16
2024-10-01,S012,SKU00227,54,13,38.72
2024-10-01,S012,SKU00397,2,6,24.95
2024-10-01,S012,SKU00164,29,16,20.75
2024-10-01,S012,SKU00104,47,15,30.27
2024-10-01,S012,SKU00267,34,9,32.29
2024-10-01,S012,SKU00359,16,6,12.22
2024-10-01,S012,SKU00330,35,20,28.29
2024-10-01,S012,SKU00380,44,16,21.56
2024-10-01,S012,SKU00294,33,11,21.46
2024-10-01,S012,SKU00172,27,22,9.82
2024-10-01,S012,SKU00275,43,30,24.1
2024-10-01,S012,SKU00088,26,6,27.73
2024-10-01,S012,SKU00058,53,21,33.62
2024-10-01,S012,SKU00149,36,11,16.9
2024-10-01,S012,SKU00287,30,18,23.44
2024-10-01,S012,SKU00147,53,9,26.65
2024-10-01,S012,SKU00039,58,11,31.34
2024-10-01,S012,SKU00350,29,22,24.41
2024-10-01,S012,SKU00293,30,7,28.83
2024-10-01,S012,SKU00099,55,13,12.91
2024-10-01,S012,SKU00069,36,15,10.26
2024-10-01,S012,SKU00373,60,4,43.52
2024-10-01,S012,SKU00123,34,11,17.11
2024-10-01,S012,SKU00314,22,11,15.81
2024-10-01,S012,SKU00061,54,13,13.6
2024-10-01,S012,SKU00140,39,19,22.39
2024-10-01,S012,SKU00137,17,12,32.34
2024-10-01,S012,SKU00193,24,16,26.54
2024-10-01,S012,SKU00025,48,18,18.13
2024-10-01,S012,SKU00392,30,11,28.95
2024-10-01,S012,SKU00353,54,19,28.84
2024-10-01,S012,SKU00097,16,16,11.93
2024-10-01,S012,SKU00233,53,9,14.08
2024-10-01,S012,SKU00030,19,22,9.58
2024-10-01,S012,SKU00026,31,10,28.01
2024-10-01,S012,SKU00240,39,13,30.32
2024-10-01,S012,SKU00311,31,10,23.51
2024-10-01,S012,SKU00114,17,12,16.42
2024-10-01,S012,SKU00138,31,8,9.29
2024-10-01,S012,SKU00056,35,16,21.74
2024-10-01,S013,SKU00173,38,16,24.41
2024-10-01,S013,SKU00095,24,17,27.04
2024-10-01,S013,SKU00232,18,11,17.89
2024-10-01,S013,SKU00367,59,3,23.63
2024-10-01,S013,SKU00330,44,9,28.29
2024-10-01,S013,SKU00119,32,4,21.19
2024-10-01,S013,SKU00243,39,22,20.2
2024-10-01,S013,SKU00360,49,12,35.66
2024-10-01,S013,SKU00103,52,7,12.99
2024-10-01,S013,SKU00224,38,24,28.25
2024-10-01,S013,SKU00032,26,2,26.13
2024-10-01,S013,SKU00030,29,13,9.58
2024-10-01,S013,SKU00334,39,9,7.9
2024-10-01,S013,SKU00239,42,18,7.57
2024-10-01,S013,SKU00082,44,17,18.27
2024-10-01,S013,SKU00149,51,22,16.9
2024-10-01,S013,SKU00217,34,17,19.37
2024-10-01,S013,SKU00016,45,13,20.2
2024-10-01,S013,SKU00090,55,16,19.09
2024-10-01,S013,SKU00189,62,13,21.3
2024-10-01,S013,SKU00387,42,9,19.03
2024-10-01,S013,SKU00231,33,12,23.4
2024-10-01,S013,SKU00219,46,16,24.96
2024-10-01,S013,SKU00207,19,7,16.29
2024-10-01,S013,SKU00011,33,8,17.51
2024-10-01,S013,SKU00098,41,10,23.96
2024-10-01,S013,SKU00397,9,16,24.95
2024-10-01,S013,SKU00181,39,15,21.21
2024-10-01,S013,SKU00185,52,2,22.74
2024-10-01,S013,SKU00139,49,0,19.06
2024-10-01,S013,SKU00081,45,13,16.01
2024-10-01,S013,SKU00244,47,7,14.65
2024-10-01,S013,SKU00362,23,23,17.84
2024-10-01,S013,SKU00124,25,13,18.08
2024-10-01,S013,SKU00240,38,13,30.32
2024-10-01,S013,SKU00337,35,7,20.41
2024-10-01,S013,SKU00355,54,17,17.98
2024-10-01,S013,SKU00373,37,8,43.52
2024-10-01,S013,SKU00265,26,11,15.45
2024-10-01,S013,SKU00315,82,1,25.73
2024-10-01,S013,SKU00205,11,12,13.85
2024-10-01,S013,SKU00122,27,4,15.22
2024-10-01,S013,SKU00089,56,16,25.61
2024-10-01,S013,SKU00170,21,26,19.07
2024-10-01,S013,SKU00038,27,17,22.05
2024-10-01,S013,SKU00370,22,16,19.59
2024-10-01,S013,SKU00277,36,3,17.75
2024-10-01,S013,SKU00251,39,12,16.74
2024-10-01,S013,SKU00005,67,14,5.18
2024-10-01,S013,SKU00176,45,10,14.59
2024-10-01,S013,SKU00162,47,11,23.58
2024-10-01,S013,SKU00263,52,14,12.54
2024-10-01,S013,SKU00121,27,20,21.13
2024-10-01,S013,SKU00190,44,23,23.47
2024-10-01,S013,SKU00065,48,25,21.23
2024-10-01,S013,SKU00279,45,17,18.46
2024-10-01,S013,SKU00215,60,0,20.75
2024-10-01,S013,SKU00179,20,25,8.72
2024-10-01,S013,SKU00156,13,10,13.5
2024-10-01,S013,SKU00349,55,8,11.12
2024-10-01,S014,SKU00252,30,8,35.29
2024-10-01,S014,SKU00253,46,22,19.63
2024-10-01,S014,SKU00187,67,17,25.15
2024-10-01,S014,SKU00092,36,16,6.71
2024-10-01,S014,SKU00138,69,7,9.29
2024-10-01,S014,SKU00394,39,13,10.9
2024-10-01,S014,SKU00251,42,19,16.74
2024-10-01,S014,SKU00083,45,8,22.59
2024-10-01,S014,SKU00084,45,11,22.85
2024-10-01,S014,SKU00287,32,17,23.44
2024-10-01,S014,SKU00039,39,24,31.34
2024-10-01,S014,SKU00313,40,0,21.61
2024-10-01,S014,SKU00197,23,19,14.73
2024-10-01,S014,SKU00325,43,27,11.47
2024-10-01,S014,SKU00362,62,22,17.84
2024-10-01,S014,SKU00045,48,11,19.14
2024-10-01,S014,SKU00359,64,5,12.22
2024-10-01,S014,SKU00321,34,14,8.77
2024-10-01,S014,SKU00110,22,13,22.59
2024-10-01,S014,SKU00202,50,18,41.7
2024-10-01,S014,SKU00269,58,23,13.31
2024-10-01,S014,SKU00291,59,22,20.61
2024-10-01,S014,SKU00088,0,14,27.73
2024-10-01,S014,SKU00041,51,21,19.41
2024-10-01,S014,SKU00268,46,11,22.72
2024-10-01,S014,SKU00317,39,9,22.08
2024-10-01,S014,SKU00167,41,25,11.09
2024-10-01,S014,SKU00046,51,16,11.26
2024-10-01,S014,SKU00033,51,26,10.76
2024-10-01,S014,SKU00257,6,18,12.09
2024-10-01,S014,SKU00192,57,12,15.31
2024-10-01,S014,SKU00308,54,17,33.04
2024-10-01,S014,SKU00355,88,6,17.98
2024-10-01,S014,SKU00240,37,15,30.32
2024-10-01,S014,SKU00375,38,11,23.14
2024-10-01,S014,SKU00250,50,18,22.08
2024-10-01,S014,SKU00175,41,8,22.23
2024-10-01,S014,SKU00132,57,17,18.85
2024-10-01,S014,SKU00345,24,17,21.99
2024-10-01,S014,SKU00274,37,10,8.22
2024-10-01,S014,SKU00384,28,13,6.97
2024-10-01,S014,SKU00231,54,4,23.4
2024-10-01,S014,SKU00017,43,18,22.2
2024-10-01,S014,SKU00048,59,9,35.43
2024-10-01,S014,SKU00318,33,8,20.51
2024-10-01,S014,SKU00218,27,17,10.78
2024-10-01,S014,SKU00101,46,0,13.03
2024-10-01,S014,SKU00290,39,15,20.85
2024-10-01,S014,SKU00143,48,6,9.07
2024-10-01,S014,SKU00174,7,3,23.97
2024-10-01,S014,SKU00322,56,13,9.39
2024-10-01,S014,SKU00399,51,10,25.01
2024-10-01,S014,SKU00150,55,17,17.58
2024-10-01,S014,SKU00220,25,8,23.06
2024-10-01,S014,SKU00259,17,18,16.74
2024-10-01,S014,SKU00286,63,16,25.41
2024-10-01,S014,SKU00109,33,12,32.26
2024-10-01,S014,SKU00042,32,19,27.28
2024-10-01,S014,SKU00021,52,22,21.44
2024-10-01,S014,SKU00371,21,20,23.22
2024-10-01,S015,SKU00240,14,20,30.32
2024-10-01,S015,SKU00365,27,15,9.96
2024-10-01,S015,SKU00175,33,29,22.23
2024-10-01,S015,SKU00376,27,20,22.09
2024-10-01,S015,SKU00054,47,16,12.05
2024-10-01,S015,SKU00350,57,22,24.41
2024-10-01,S015,SKU00096,32,14,19.19
2024-10-01,S015,SKU00046,30,22,11.26
2024-10-01,S015,SKU00314,34,13,15.81
2024-10-01,S015,SKU00187,44,19,25.15
2024-10-01,S015,SKU00066,58,9,21.71
2024-10-01,S015,SKU00299,25,16,21.87
2024-10-01,S015,SKU00399,30,11,25.01
2024-10-01,S015,SKU00346,50,16,46.67
2024-10-01,S015,SKU00026,35,17,28.01
2024-10-01,S015,SKU00295,47,17,21.15
2024-10-01,S015,SKU00197,44,9,14.73
2024-10-01,S015,SKU00076,31,10,16.2
2024-10-01,S015,SKU00039,19,4,31.34
2024-10-01,S015,SKU00203,44,8,27.92
2024-10-01,S015,SKU00172,25,2,9.82
2024-10-01,S015,SKU00220,54,14,23.06
2024-10-01,S015,SKU00224,55,10,28.25
2024-10-01,S015,SKU00150,28,10,17.58
2024-10-01,S015,SKU00218,42,19,10.78
2024-10-01,S015,SKU00386,58,22,24.27
2024-10-01,S015,SKU00339,71,10,14.34
2024-10-01,S015,SKU00349,31,12,11.12
2024-10-01,S015,SKU00199,19,10,28.75
2024-10-01,S015,SKU00180,47,19,18.4
2024-10-01,S015,SKU00183,27,18,7.71
2024-10-01,S015,SKU00033,39,21,10.76
2024-10-01,S015,SKU00328,43,15,20.31
2024-10-01,S015,SKU00261,0,16,33.76
2024-10-01,S015,SKU00135,36,16,21.41
2024-10-01,S015,SKU00157,18,5,26.67
2024-10-01,S015,SKU00325,23,9,11.47
2024-10-01,S015,SKU00352,47,14,23.46
2024-10-01,S015,SKU00072,49,7,22.01
2024-10-01,S015,SKU00111,41,20,22.67
2024-10-01,S015,SKU00327,32,28,24.66
2024-10-01,S015,SKU00214,41,10,47.96
2024-10-01,S015,SKU00397,23,10,24.95
2024-10-01,S015,SKU00062,61,11,21.8
2024-10-01,S015,SKU00067,20,15,12.5
2024-10-01,S015,SKU00252,53,26,35.29
2024-10-01,S015,SKU00253,38,27,19.63
2024-10-01,S015,SKU00181,18,5,21.21
2024-10-01,S015,SKU00315,50,17,25.73
2024-10-01,S015,SKU00030,50,28,9.58
2024-10-01,S015,SKU00241,26,10,22.03
2024-10-01,S015,SKU00126,53,11,25.54
2024-10-01,S015,SKU00264,55,14,13.51
2024-10-01,S015,SKU00249,44,18,14.24
2024-10-01,S015,SKU00221,28,15,18.46
2024-10-01,S015,SKU00280,37,23,11.07
2024-10-01,S015,SKU00354,58,7,16.32
2024-10-01,S015,SKU00036,44,18,15.82
2024-10-01,S015,SKU00163,52,22,15.73
2024-10-01,S015,SKU00372,45,15,8.73
2024-10-01,S016,SKU00133,42,18,10.11
2024-10-01,S016,SKU00216,40,10,35.17
2024-10-01,S016,SKU00289,34,28,20.83
2024-10-01,S016,SKU00264,56,19,13.51
2024-10-01,S016,SKU00256,51,28,16.17
2024-10-01,S016,SKU00009,34,7,21.87
2024-10-01,S016,SKU00177,43,11,24.36
2024-10-01,S016,SKU00132,32,4,18.85
2024-10-01,S016,SKU00305,33,15,19.27
2024-10-01,S016,SKU00385,32,17,24.15
2024-10-01,S016,SKU00083,14,10,22.59
2024-10-01,S016,SKU00114,18,20,16.42
2024-10-01,S016,SKU00251,53,17,16.74
2024-10-01,S016,SKU00310,44,12,23.34
2024-10-01,S016,SKU00304,55,21,13.37
2024-10-01,S016,SKU00240,35,10,30.32
2024-10-01,S016,SKU00320,22,8,13.56
2024-10-01,S016,SKU00140,51,19,22.39
2024-10-01,S016,SKU00119,53,13,21.19
2024-10-01,S016,SKU00297,50,18,20.51
2024-10-01,S016,SKU00392,29,10,28.95
2024-10-01,S016,SKU00102,29,16,7.81
2024-10-01,S016,SKU00048,55,16,35.43
2024-10-01,S016,SKU00324,17,3,27.35
2024-10-01,S016,SKU00096,54,22,19.19
2024-10-01,S016,SKU00374,64,16,17.57
2024-10-01,S016,SKU00150,35,17,17.58
2024-10-01,S016,SKU00075,61,25,19.82
2024-10-01,S016,SKU00325,51,24,11.47
2024-10-01,S016,SKU00044,63,9,16.43
2024-10-01,S016,SKU00348,19,18,24.11
2024-10-01,S016,SKU00035,49,13,34.51
2024-10-01,S016,SKU00157,45,2,26.67
2024-10-01,S016,SKU00064,23,7,14.1
2024-10-01,S016,SKU00233,64,22,14.08
2024-10-01,S016,SKU00299,47,22,21.87
2024-10-01,S016,SKU00371,38,18,23.22
2024-10-01,S016,SKU00399,32,8,25.01
2024-10-01,S016,SKU00308,29,13,33.04
2024-10-01,S016,SKU00291,38,6,20.61
2024-10-01,S016,SKU00078,39,12,9.74
2024-10-01,S016,SKU00242,34,10,23.88
2024-10-01,S016,SKU00100,60,19,7.48
2024-10-01,S016,SKU00047,65,17,30.28
2024-10-01,S016,SKU00226,52,10,37.85
2024-10-01,S016,SKU00255,18,11,33.68
2024-10-01,S016,SKU00224,16,26,28.25
2024-10-01,S016,SKU00245,8,10,19.78
2024-10-01,S016,SKU00045,40,5,19.14
2024-10-01,S016,SKU00081,58,16,16.01
2024-10-01,S016,SKU00051,40,12,21.15
2024-10-01,S016,SKU00024,60,5,19.95
2024-10-01,S016,SKU00191,30,6,24.12
2024-10-01,S016,SKU00372,43,11,8.73
2024-10-01,S016,SKU00019,27,19,14.15
2024-10-01,S016,SKU00107,46,17,27.98
2024-10-01,S016,SKU00135,34,9,21.41
2024-10-01,S016,SKU00204,43,23,22.75
2024-10-01,S016,SKU00108,50,19,8.67
2024-10-01,S016,SKU00212,70,9,8.51
2024-10-01,S017,SKU00152,50,19,34.48
2024-10-01,S017,SKU00224,39,25,28.25
2024-10-01,S017,SKU00006,53,3,22.21
2024-10-01,S017,SKU00313,37,18,21.61
2024-10-01,S017,SKU00338,51,14,23.32
2024-10-01,S017,SKU00377,46,2,24.12
2024-10-01,S017,SKU00103,57,16,12.99
2024-10-01,S017,SKU00308,55,18,33.04
2024-10-01,S017,SKU00158,37,14,7.83
2024-10-01,S017,SKU00026,49,2,28.01
2024-10-01,S017,SKU00005,22,10,5.18
2024-10-01,S017,SKU00363,38,15,19.67
2024-10-01,S017,SKU00138,33,23,9.29
2024-10-01,S017,SKU00287,48,21,23.44
2024-10-01,S017,SKU00091,48,12,16.61
2024-10-01,S017,SKU00027,62,11,8.1
2024-10-01,S017,SKU00014,55,22,17.1
2024-10-01,S017,SKU00130,59,15,29.35
2024-10-01,S017,SKU00373,27,14,43.52
2024-10-01,S017,SKU00340,11,4,14.8
2024-10-01,S017,SKU00180,32,0,18.4
2024-10-01,S017,SKU00386,65,11,24.27
2024-10-01,S017,SKU00351,26,23,20.29
2024-10-01,S017,SKU00359,35,18,12.22
2024-10-01,S017,SKU00166,12,23,26.57
2024-10-01,S017,SKU00370,33,19,19.59
2024-10-01,S017,SKU00061,26,13,13.6
2024-10-01,S017,SKU00041,54,16,19.41
2024-10-01,S017,SKU00321,25,4,8.77
2024-10-01,S017,SKU00233,38,16,14.08
2024-10-01,S017,SKU00071,32,21,18.24
2024-10-01,S017,SKU00016,18,9,20.2
2024-10-01,S017,SKU00126,37,25,25.54
2024-10-01,S017,SKU00349,39,9,11.12
2024-10-01,S017,SKU00190,46,9,23.47
2024-10-01,S017,SKU00279,33,20,18.46
2024-10-01,S017,SKU00325,72,15,11.47
2024-10-01,S017,SKU00212,48,5,8.51
2024-10-01,S017,SKU00291,27,9,20.61
2024-10-01,S017,SKU00069,64,7,10.26
2024-10-01,S017,SKU00109,24,3,32.26
2024-10-01,S017,SKU00286,48,9,25.41
2024-10-01,S017,SKU00218,45,14,10.78
2024-10-01,S017,SKU00137,62,3,32.34
2024-10-01,S017,SKU00295,25,2,21.15
2024-10-01,S017,SKU00012,34,13,6.48
2024-10-01,S017,SKU00075,37,19,19.82
2024-10-01,S017,SKU00368,42,20,14.01
2024-10-01,S017,SKU00048,41,0,35.43
2024-10-01,S017,SKU00064,55,16,14.1
2024-10-01,S017,SKU00352,44,14,23.46
2024-10-01,S017,SKU00327,47,20,24.66
2024-10-01,S017,SKU00034,40,10,25.34
2024-10-01,S017,SKU00121,49,12,21.13
2024-10-01,S017,SKU00009,56,0,21.87
2024-10-01,S017,SKU00207,9,31,16.29
2024-10-01,S017,SKU00250,60,5,22.08
2024-10-01,S017,SKU00304,50,23,13.37
2024-10-01,S017,SKU00387,21,19,19.03
2024-10-01,S017,SKU00245,61,7,19.78
2024-10-01,S018,SKU00400,39,20,16.59
2024-10-01,S018,SKU00066,59,34,21.71
2024-10-01,S018,SKU00345,37,13,21.99
2024-10-01,S018,SKU00072,51,19,22.01
2024-10-01,S018,SKU00090,23,11,19.09
2024-10-01,S018,SKU00368,36,15,14.01
2024-10-01,S018,SKU00171,33,10,26.18
2024-10-01,S018,SKU00201,23,17,17.59
2024-10-01,S018,SKU00360,46,3,35.66
2024-10-01,S018,SKU00030,47,7,9.58
2024-10-01,S018,SKU00299,51,21,21.87
2024-10-01,S018,SKU00043,41,11,24.13
2024-10-01,S018,SKU00233,49,14,14.08
2024-10-01,S018,SKU00054,53,17,12.05
2024-10-01,S018,SKU00099,22,6,12.91
2024-10-01,S018,SKU00146,50,0,30.59
2024-10-01,S018,SKU00197,44,14,14.73
2024-10-01,S018,SKU00092,35,5,6.71
2024-10-01,S018,SKU00357,43,11,14.08
2024-10-01,S018,SKU00084,30,17,22.85
2024-10-01,S018,SKU00162,40,14,23.58
2024-10-01,S018,SKU00343,48,16,25.69
2024-10-01,S018,SKU00265,27,14,15.45
2024-10-01,S018,SKU00142,41,16,22.57
2024-10-01,S018,SKU00051,35,4,21.15
2024-10-01,S018,SKU00179,49,8,8.72
2024-10-01,S018,SKU00359,41,17,12.22
2024-10-01,S018,SKU00076,37,10,16.2
2024-10-01,S018,SKU00047,23,20,30.28
2024-10-01,S018,SKU00086,10,16,27.42
2024-10-01,S018,SKU00093,16,15,20.73
2024-10-01,S018,SKU00088,27,13,27.73
2024-10-01,S018,SKU00377,50,23,24.12
2024-10-01,S018,SKU00140,17,17,22.39
2024-10-01,S018,SKU00178,46,15,23.85
2024-10-01,S018,SKU00175,42,13,22.23
2024-10-01,S018,SKU00292,36,23,27.78
2024-10-01,S018,SKU00263,61,10,12.54
2024-10-01,S018,SKU00210,54,17,17.08
2024-10-01,S018,SKU00150,33,13,17.58
2024-10-01,S018,SKU00356,46,4,6.76
2024-10-01,S018,SKU00286,39,2,25.41
2024-10-01,S018,SKU00324,14,19,27.35
2024-10-01,S018,SKU00152,49,9,34.48
2024-10-01,S018,SKU00005,75,10,5.18
2024-10-01,S018,SKU00303,34,9,27.57
2024-10-01,S018,SKU00136,31,23,21.43
2024-10-01,S018,SKU00113,24,28,20.63
2024-10-01,S018,SKU00069,26,18,10.26
2024-10-01,S018,SKU00313,37,18,21.61
2024-10-01,S018,SKU00317,91,17,22.08
2024-10-01,S018,SKU00397,27,5,24.95
2024-10-01,S018,SKU00102,42,19,7.81
2024-10-01,S018,SKU00211,18,21,37.2
2024-10-01,S018,SKU00031,21,21,18.97
2024-10-01,S018,SKU00239,26,6,7.57
2024-10-01,S018,SKU00326,59,20,21.09
2024-10-01,S018,SKU00280,29,14,11.07
2024-10-01,S018,SKU00297,49,20,20.51
2024-10-01,S018,SKU00362,31,9,17.84
2024-10-01,S019,SKU00192,44,21,15.31
2024-10-01,S019,SKU00301,51,27,13.89
2024-10-01,S019,SKU00258,21,18,29.8
2024-10-01,S019,SKU00195,34,13,20.76
2024-10-01,S019,SKU00092,44,5,6.71
2024-10-01,S019,SKU00373,43,6,43.52
2024-10-01,S019,SKU00376,44,8,22.09
2024-10-01,S019,SKU00090,27,12,19.09
2024-10-01,S019,SKU00178,48,29,23.85
2024-10-01,S019,SKU00113,34,22,20.63
2024-10-01,S019,SKU00313,63,11,21.61
2024-10-01,S019,SKU00234,48,15,14.14
2024-10-01,S019,SKU00026,40,11,28.01
2024-10-01,S019,SKU00155,48,16,22.47
2024-10-01,S019,SKU00266,17,12,15.48
2024-10-01,S019,SKU00206,36,7,12.31
2024-10-01,S019,SKU00143,50,20,9.07
2024-10-01,S019,SKU00004,44,21,9.51
2024-10-01,S019,SKU00109,50,0,32.26
2024-10-01,S019,SKU00015,29,17,25.51
2024-10-01,S019,SKU00216,28,31,35.17
2024-10-01,S019,SKU00193,50,7,26.54
2024-10-01,S019,SKU00038,49,19,22.05
2024-10-01,S019,SKU00365,31,18,9.96
2024-10-01,S019,SKU00212,9,12,8.51
2024-10-01,S019,SKU00035,48,12,34.51
2024-10-01,S019,SKU00034,50,26,25.34
2024-10-01,S019,SKU00191,20,15,24.12
2024-10-01,S019,SKU00352,44,21,23.46
2024-10-01,S019,SKU00264,27,14,13.51
2024-10-01,S019,SKU00002,49,3,22.95
2024-10-01,S019,SKU00042,47,3,27.28
2024-10-01,S019,SKU00169,71,20,15.35
2024-10-01,S019,SKU00288,27,10,22.22
2024-10-01,S019,SKU00009,34,18,21.87
2024-10-01,S019,SKU00211,29,12,37.2
2024-10-01,S019,SKU00255,37,6,33.68
2024-10-01,S019,SKU00098,34,10,23.96
2024-10-01,S019,SKU00307,55,0,19.13
2024-10-01,S019,SKU00243,47,3,20.2
2024-10-01,S019,SKU00046,59,11,11.26
2024-10-01,S019,SKU00385,48,13,24.15
2024-10-01,S019,SKU00053,46,0,26.92
2024-10-01,S019,SKU00224,38,18,28.25
2024-10-01,S019,SKU00029,40,0,18.21
2024-10-01,S019,SKU00137,31,4,32.34
2024-10-01,S019,SKU00162,21,1,23.58
2024-10-01,S019,SKU00025,66,21,18.13
2024-10-01,S019,SKU00371,37,22,23.22
2024-10-01,S019,SKU00297,23,16,20.51
2024-10-01,S019,SKU00355,40,4,17.98
2024-10-01,S019,SKU00048,36,13,35.43
2024-10-01,S019,SKU00184,47,13,15.79
2024-10-01,S019,SKU00268,43,15,22.72
2024-10-01,S019,SKU00253,62,15,19.63
2024-10-01,S019,SKU00229,30,10,28.44
2024-10-01,S019,SKU00050,27,10,9.35
2024-10-01,S019,SKU00249,22,0,14.24
2024-10-01,S019,SKU00154,38,5,36.04
2024-10-01,S019,SKU00134,31,14,22.15
2024-10-01,S020,SKU00162,40,18,23.58
2024-10-01,S020,SKU00373,28,7,43.52
2024-10-01,S020,SKU00012,10,20,6.48
2024-10-01,S020,SKU00046,44,13,11.26
2024-10-01,S020,SKU00117,56,17,14.81
2024-10-01,S020,SKU00154,46,15,36.04
2024-10-01,S020,SKU00201,25,13,17.59
2024-10-01,S020,SKU00377,35,12,24.12
2024-10-01,S020,SKU00216,48,10,35.17
2024-10-01,S020,SKU00014,60,0,17.1
2024-10-01,S020,SKU00053,26,7,26.92
2024-10-01,S020,SKU00323,12,10,17.89
2024-10-01,S020,SKU00016,23,3,20.2
2024-10-01,S020,SKU00229,28,20,28.44
2024-10-01,S020,SKU00196,54,14,14.66
2024-10-01,S020,SKU00307,47,12,19.13
2024-10-01,S020,SKU00122,81,14,15.22
2024-10-01,S020,SKU00355,51,24,17.98
2024-10-01,S020,SKU00374,40,26,17.57
2024-10-01,S020,SKU00037,45,14,14.43
2024-10-01,S020,SKU00045,45,5,19.14
2024-10-01,S020,SKU00142,13,12,22.57
2024-10-01,S020,SKU00137,31,4,32.34
2024-10-01,S020,SKU00219,41,16,24.96
2024-10-01,S020,SKU00071,50,0,18.24
2024-10-01,S020,SKU00318,32,17,20.51
2024-10-01,S020,SKU00296,11,10,18.93
2024-10-01,S020,SKU00391,28,13,20.67
2024-10-01,S020,SKU00212,43,21,8.51
2024-10-01,S020,SKU00040,24,13,18.22
2024-10-01,S020,SKU00135,30,24,21.41
2024-10-01,S020,SKU00344,15,17,6.67
2024-10-01,S020,SKU00392,45,19,28.95
2024-10-01,S020,SKU00308,21,24,33.04
2024-10-01,S020,SKU00334,41,5,7.9
2024-10-01,S020,SKU00335,42,7,10.25
2024-10-01,S020,SKU00366,26,12,12.66
2024-10-01,S020,SKU00249,44,16,14.24
2024-10-01,S020,SKU00214,37,27,47.96
2024-10-01,S020,SKU00128,45,12,12.06
2024-10-01,S020,SKU00009,33,4,21.87
2024-10-01,S020,SKU00006,69,13,22.21
2024-10-01,S020,SKU00180,17,14,18.4
2024-10-01,S020,SKU00152,31,24,34.48
2024-10-01,S020,SKU00177,41,15,24.36
2024-10-01,S020,SKU00059,32,10,18.63
2024-10-01,S020,SKU00066,22,21,21.71
2024-10-01,S020,SKU00314,33,18,15.81
2024-10-01,S020,SKU00015,43,23,25.51
2024-10-01,S020,SKU00110,55,10,22.59
2024-10-01,S020,SKU00301,27,2,13.89
2024-10-01,S020,SKU00363,37,10,19.67
2024-10-01,S020,SKU00254,5,11,12.16
2024-10-01,S020,SKU00222,22,8,21.69
2024-10-01,S020,SKU00358,27,25,20.44
2024-10-01,S020,SKU00193,24,12,26.54
2024-10-01,S020,SKU00025,27,10,18.13
2024-10-01,S020,SKU00383,44,12,21.74
2024-10-01,S020,SKU00228,60,21,42.12
2024-10-01,S020,SKU00276,28,22,8.52
2024-10-01,S021,SKU00306,21,17,13.85
2024-10-01,S021,SKU00349,30,13,11.12
2024-10-01,S021,SKU00027,43,8,8.1
2024-10-01,S021,SKU00037,61,21,14.43
2024-10-01,S021,SKU00079,39,13,18.54
2024-10-01,S021,SKU00329,53,9,21.42
2024-10-01,S021,SKU00153,59,20,27.58
2024-10-01,S021,SKU00295,22,13,21.15
2024-10-01,S021,SKU00057,36,10,19.41
2024-10-01,S021,SKU00374,29,14,17.57
2024-10-01,S021,SKU00044,29,12,16.43
2024-10-01,S021,SKU00061,54,4,13.6
2024-10-01,S021,SKU00204,29,0,22.75
2024-10-01,S021,SKU00162,45,14,23.58
2024-10-01,S021,SKU00060,33,7,30.63
2024-10-01,S021,SKU00160,60,13,18.48
2024-10-01,S021,SKU00335,61,11,10.25
2024-10-01,S021,SKU00190,35,20,23.47
2024-10-01,S021,SKU00013,39,14,15.96
2024-10-01,S021,SKU00337,53,17,20.41
2024-10-01,S021,SKU00094,38,19,30.76
2024-10-01,S021,SKU00047,46,18,30.28
2024-10-01,S021,SKU00389,7,17,26.23
2024-10-01,S021,SKU00231,63,29,23.4
2024-10-01,S021,SKU00149,43,4,16.9
2024-10-01,S021,SKU00169,42,20,15.35
2024-10-01,S021,SKU00068,32,33,9.04
2024-10-01,S021,SKU00272,14,23,18.35
2024-10-01,S021,SKU00260,17,12,16.1
2024-10-01,S021,SKU00351,30,22,20.29
2024-10-01,S021,SKU00177,17,29,24.36
2024-10-01,S021,SKU00386,51,14,24.27
2024-10-01,S021,SKU00084,32,5,22.85
2024-10-01,S021,SKU00392,22,15,28.95
2024-10-01,S021,SKU00250,38,7,22.08
2024-10-01,S021,SKU00022,13,26,10.6
2024-10-01,S021,SKU00215,44,25,20.75
2024-10-01,S021,SKU00085,53,13,21.5
2024-10-01,S021,SKU00073,39,6,31.53
2024-10-01,S021,SKU00216,68,9,35.17
2024-10-01,S021,SKU00078,51,19,9.74
2024-10-01,S021,SKU00199,55,8,28.75
2024-10-01,S021,SKU00327,54,13,24.66
2024-10-01,S021,SKU00238,38,7,47.65
2024-10-01,S021,SKU00102,31,12,7.81
2024-10-01,S021,SKU00395,40,18,14.64
2024-10-01,S021,SKU00096,53,12,19.19
2024-10-01,S021,SKU00235,49,10,17.69
2024-10-01,S021,SKU00031,68,26,18.97
2024-10-01,S021,SKU00282,62,39,31.83
2024-10-01,S021,SKU00141,49,13,34.29
2024-10-01,S021,SKU00099,29,11,12.91
2024-10-01,S021,SKU00202,45,4,41.7
2024-10-01,S021,SKU00040,41,13,18.22
2024-10-01,S021,SKU00187,26,5,25.15
2024-10-01,S021,SKU00005,16,13,5.18
2024-10-01,S021,SKU00170,39,24,19.07
2024-10-01,S021,SKU00244,52,21,14.65
2024-10-01,S021,SKU00136,37,25,21.43
2024-10-01,S021,SKU00380,53,0,21.56
2024-10-01,S022,SKU00212,40,4,8.51
2024-10-01,S022,SKU00010,44,15,22.61
2024-10-01,S022,SKU00120,48,33,10.19
2024-10-01,S022,SKU00199,36,11,28.75
2024-10-01,S022,SKU00150,47,15,17.58
2024-10-01,S022,SKU00400,45,9,16.59
2024-10-01,S022,SKU00039,21,15,31.34
2024-10-01,S022,SKU00209,52,20,40.26
2024-10-01,S022,SKU00358,17,17,20.44
2024-10-01,S022,SKU00299,45,23,21.87
2024-10-01,S022,SKU00163,52,18,15.73
2024-10-01,S022,SKU00167,43,14,11.09
2024-10-01,S022,SKU00024,69,13,19.95
2024-10-01,S022,SKU00301,43,2,13.89
2024-10-01,S022,SKU00382,38,13,8.38
2024-10-01,S022,SKU00174,30,23,23.97
2024-10-01,S022,SKU00098,21,10,23.96
2024-10-01,S022,SKU00038,54,7,22.05
2024-10-01,S022,SKU00139,39,17,19.06
2024-10-01,S022,SKU00318,32,12,20.51
2024-10-01,S022,SKU00088,30,12,27.73
2024-10-01,S022,SKU00158,21,12,7.83
2024-10-01,S022,SKU00290,37,14,20.85
2024-10-01,S022,SKU00049,0,8,21.35
2024-10-01,S022,SKU00173,49,18,24.41
2024-10-01,S022,SKU00259,45,0,16.74
2024-10-01,S022,SKU00008,49,20,14.83
2024-10-01,S022,SKU00014,47,4,17.1
2024-10-01,S022,SKU00344,43,14,6.67
2024-10-01,S022,SKU00302,31,10,11.51
2024-10-01,S022,SKU00151,58,6,7.16
2024-10-01,S022,SKU00355,34,6,17.98
2024-10-01,S022,SKU00036,56,16,15.82
2024-10-01,S022,SKU00130,20,6,29.35
2024-10-01,S022,SKU00194,54,4,15.09
2024-10-01,S022,SKU00237,36,2,22.91
2024-10-01,S022,SKU00224,24,14,28.25
2024-10-01,S022,SKU00134,42,16,22.15
2024-10-01,S022,SKU00252,27,13,35.29
2024-10-01,S022,SKU00002,14,18,22.95
2024-10-01,S022,SKU00278,43,23,29.28
2024-10-01,S022,SKU00068,49,20,9.04
2024-10-01,S022,SKU00143,47,25,9.07
2024-10-01,S022,SKU00157,35,12,26.67
2024-10-01,S022,SKU00391,53,5,20.67
2024-10-01,S022,SKU00152,29,16,34.48
2024-10-01,S022,SKU00057,18,20,19.41
2024-10-01,S022,SKU00340,47,10,14.8
2024-10-01,S022,SKU00211,36,7,37.2
2024-10-01,S022,SKU00393,38,8,7.6
2024-10-01,S022,SKU00295,40,18,21.15
2024-10-01,S022,SKU00015,45,11,25.51
2024-10-01,S022,SKU00317,44,17,22.08
2024-10-01,S022,SKU00266,31,7,15.48
2024-10-01,S022,SKU00251,44,8,16.74
2024-10-01,S022,SKU00207,36,19,16.29
2024-10-01,S022,SKU00293,56,22,28.83
2024-10-01,S022,SKU00133,42,0,10.11
2024-10-01,S022,SKU00055,47,20,24.5
2024-10-01,S022,SKU00384,34,12,6.97
2024-10-01,S023,SKU00082,47,27,18.27
2024-10-01,S023,SKU00084,49,7,22.85
2024-10-01,S023,SKU00236,0,22,14.52
2024-10-01,S023,SKU00111,21,1,22.67
2024-10-01,S023,SKU00073,56,0,31.53
2024-10-01,S023,SKU00216,50,25,35.17
2024-10-01,S023,SKU00312,12,16,19.86
2024-10-01,S023,SKU00078,44,16,9.74
2024-10-01,S023,SKU00377,56,11,24.12
2024-10-01,S023,SKU00332,28,14,53.2
2024-10-01,S023,SKU00243,49,0,20.2
2024-10-01,S023,SKU00177,32,24,24.36
2024-10-01,S023,SKU00356,56,17,6.76
2024-10-01,S023,SKU00020,24,17,19.96
2024-10-01,S023,SKU00347,50,22,35.52
2024-10-01,S023,SKU00396,5,0,6.08
2024-10-01,S023,SKU00211,45,17,37.2
2024-10-01,S023,SKU00267,13,14,32.29
2024-10-01,S023,SKU00186,25,28,24.0
2024-10-01,S023,SKU00174,30,9,23.97
2024-10-01,S023,SKU00156,40,11,13.5
2024-10-01,S023,SKU00070,50,18,19.96
2024-10-01,S023,SKU00220,41,23,23.06
2024-10-01,S023,SKU00259,34,8,16.74
2024-10-01,S023,SKU00049,51,16,21.35
2024-10-01,S023,SKU00319,40,18,18.17
2024-10-01,S023,SKU00137,67,14,32.34
2024-10-01,S023,SKU00369,44,28,27.28
2024-10-01,S023,SKU00168,42,5,18.6
2024-10-01,S023,SKU00189,23,14,21.3
2024-10-01,S023,SKU00080,57,16,21.0
2024-10-01,S023,SKU00182,51,9,22.49
2024-10-01,S023,SKU00045,20,13,19.14
2024-10-01,S023,SKU00333,22,12,19.02
2024-10-01,S023,SKU00337,35,14,20.41
2024-10-01,S023,SKU00384,31,27,6.97
2024-10-01,S023,SKU00338,58,12,23.32
2024-10-01,S023,SKU00340,34,17,14.8
2024-10-01,S023,SKU00046,46,17,11.26
2024-10-01,S023,SKU00209,29,15,40.26
2024-10-01,S023,SKU00011,46,11,17.51
2024-10-01,S023,SKU00386,18,4,24.27
2024-10-01,S023,SKU00130,36,18,29.35
2024-10-01,S023,SKU00098,23,21,23.96
2024-10-01,S023,SKU00058,30,20,33.62
2024-10-01,S023,SKU00365,59,19,9.96
2024-10-01,S023,SKU00317,22,14,22.08
2024-10-01,S023,SKU00378,33,13,16.37
2024-10-01,S023,SKU00173,55,11,24.41
2024-10-01,S023,SKU00120,36,16,10.19
2024-10-01,S023,SKU00254,35,15,12.16
2024-10-01,S023,SKU00102,31,20,7.81
2024-10-01,S023,SKU00083,53,16,22.59
2024-10-01,S023,SKU00028,40,1,14.87
2024-10-01,S023,SKU00029,19,17,18.21
2024-10-01,S023,SKU00331,24,31,9.22
2024-10-01,S023,SKU00172,51,20,9.82
2024-10-01,S023,SKU00077,54,17,7.81
2024-10-01,S023,SKU00167,51,23,11.09
2024-10-01,S023,SKU00096,36,14,19.19
2024-10-01,S024,SKU00377,26,15,24.12
2024-10-01,S024,SKU00301,37,24,13.89
2024-10-01,S024,SKU00348,29,15,24.11
2024-10-01,S024,SKU00273,31,12,21.29
2024-10-01,S024,SKU00235,61,9,17.69
2024-10-01,S024,SKU00148,52,13,18.3
2024-10-01,S024,SKU00254,33,17,12.16
2024-10-01,S024,SKU00344,15,13,6.67
2024-10-01,S024,SKU00280,49,23,11.07
2024-10-01,S024,SKU00296,26,9,18.93
2024-10-01,S024,SKU00356,88,12,6.76
2024-10-01,S024,SKU00239,28,3,7.57
2024-10-01,S024,SKU00156,21,13,13.5
2024-10-01,S024,SKU00325,27,14,11.47
2024-10-01,S024,SKU00072,42,19,22.01
2024-10-01,S024,SKU00031,23,11,18.97
2024-10-01,S024,SKU00394,69,17,10.9
2024-10-01,S024,SKU00118,50,14,9.41
2024-10-01,S024,SKU00265,40,11,15.45
2024-10-01,S024,SKU00146,41,17,30.59
2024-10-01,S024,SKU00317,33,6,22.08
2024-10-01,S024,SKU00196,48,16,14.66
2024-10-01,S024,SKU00322,45,15,9.39
2024-10-01,S024,SKU00121,11,20,21.13
2024-10-01,S024,SKU00346,61,8,46.67
2024-10-01,S024,SKU00144,37,19,12.22
2024-10-01,S024,SKU00060,22,2,30.63
2024-10-01,S024,SKU00337,49,21,20.41
2024-10-01,S024,SKU00044,1,20,16.43
2024-10-01,S024,SKU00343,53,17,25.69
2024-10-01,S024,SKU00181,2,20,21.21
2024-10-01,S024,SKU00352,62,3,23.46
2024-10-01,S024,SKU00135,5,22,21.41
2024-10-01,S024,SKU00370,30,0,19.59
2024-10-01,S024,SKU00187,42,18,25.15
2024-10-01,S024,SKU00200,56,16,35.75
2024-10-01,S024,SKU00242,25,18,23.88
2024-10-01,S024,SKU00013,41,21,15.96
2024-10-01,S024,SKU00053,50,8,26.92
2024-10-01,S024,SKU00051,33,17,21.15
2024-10-01,S024,SKU00110,35,19,22.59
2024-10-01,S024,SKU00371,33,16,23.22
2024-10-01,S024,SKU00059,0,21,18.63
2024-10-01,S024,SKU00248,19,14,24.2
2024-10-01,S024,SKU00398,40,19,31.97
2024-10-01,S024,SKU00109,40,13,32.26
2024-10-01,S024,SKU00358,48,19,20.44
2024-10-01,S024,SKU00106,40,16,11.12
2024-10-01,S024,SKU00055,50,15,24.5
2024-10-01,S024,SKU00027,39,16,8.1
2024-10-01,S024,SKU00376,30,17,22.09
2024-10-01,S024,SKU00034,50,12,25.34
2024-10-01,S024,SKU00381,49,21,29.5
2024-10-01,S024,SKU00062,34,11,21.8
2024-10-01,S024,SKU00232,53,17,17.89
2024-10-01,S024,SKU00132,69,9,18.85
2024-10-01,S024,SKU00251,30,23,16.74
2024-10-01,S024,SKU00083,44,16,22.59
2024-10-01,S024,SKU00350,44,6,24.41
2024-10-01,S024,SKU00320,45,13,13.56
2024-10-01,S025,SKU00019,22,6,14.15
2024-10-01,S025,SKU00385,41,14,24.15
2024-10-01,S025,SKU00148,31,23,18.3
2024-10-01,S025,SKU00361,59,0,22.51
2024-10-01,S025,SKU00083,40,11,22.59
2024-10-01,S025,SKU00165,24,12,12.62
2024-10-01,S025,SKU00252,43,12,35.29
2024-10-01,S025,SKU00243,33,18,20.2
2024-10-01,S025,SKU00338,33,19,23.32
2024-10-01,S025,SKU00194,62,17,15.09
2024-10-01,S025,SKU00236,42,15,14.52
2024-10-01,S025,SKU00002,40,6,22.95
2024-10-01,S025,SKU00026,57,16,28.01
2024-10-01,S025,SKU00188,48,5,22.21
2024-10-01,S025,SKU00072,40,10,22.01
2024-10-01,S025,SKU00056,34,2,21.74
2024-10-01,S025,SKU00175,32,15,22.23
2024-10-01,S025,SKU00153,29,22,27.58
2024-10-01,S025,SKU00328,23,10,20.31
2024-10-01,S025,SKU00123,52,10,17.11
2024-10-01,S025,SKU00335,55,23,10.25
2024-10-01,S025,SKU00300,39,22,19.9
2024-10-01,S025,SKU00098,21,11,23.96
2024-10-01,S025,SKU00024,73,17,19.95
2024-10-01,S025,SKU00224,43,18,28.25
2024-10-01,S025,SKU00384,33,3,6.97
2024-10-01,S025,SKU00119,73,13,21.19
2024-10-01,S025,SKU00380,58,19,21.56
2024-10-01,S025,SKU00216,51,17,35.17
2024-10-01,S025,SKU00039,51,17,31.34
2024-10-01,S025,SKU00293,45,16,28.83
2024-10-01,S025,SKU00307,41,7,19.13
2024-10-01,S025,SKU00141,76,15,34.29
2024-10-01,S025,SKU00364,61,14,20.03
2024-10-01,S025,SKU00262,30,4,6.97
2024-10-01,S025,SKU00162,34,5,23.58
2024-10-01,S025,SKU00369,37,11,27.28
2024-10-01,S025,SKU00018,16,15,11.75
2024-10-01,S025,SKU00140,29,20,22.39
2024-10-01,S025,SKU00308,55,25,33.04
2024-10-01,S025,SKU00245,45,26,19.78
2024-10-01,S025,SKU00259,29,10,16.74
2024-10-01,S025,SKU00215,48,14,20.75
2024-10-01,S025,SKU00124,49,15,18.08
2024-10-01,S025,SKU00190,46,23,23.47
2024-10-01,S025,SKU00261,47,30,33.76
2024-10-01,S025,SKU00170,49,19,19.07
2024-10-01,S025,SKU00042,47,16,27.28
2024-10-01,S025,SKU00094,40,17,30.76
2024-10-01,S025,SKU00163,47,23,15.73
2024-10-01,S025,SKU00325,62,20,11.47
2024-10-01,S025,SKU00061,31,17,13.6
2024-10-01,S025,SKU00278,21,4,29.28
2024-10-01,S025,SKU00081,15,7,16.01
2024-10-01,S025,SKU00336,53,0,21.13
2024-10-01,S025,SKU00353,38,12,28.84
2024-10-01,S025,SKU00038,26,13,22.05
2024-10-01,S025,SKU00269,28,22,13.31
2024-10-01,S025,SKU00400,13,11,16.59
2024-10-01,S025,SKU00131,47,21,22.93
2024-10-01,S026,SKU00224,40,12,28.25
2024-10-01,S026,SKU00156,10,9,13.5
2024-10-01,S026,SKU00378,43,16,16.37
2024-10-01,S026,SKU00337,24,15,20.41
2024-10-01,S026,SKU00289,47,12,20.83
2024-10-01,S026,SKU00026,46,14,28.01
2024-10-01,S026,SKU00128,48,16,12.06
2024-10-01,S026,SKU00387,9,18,19.03
2024-10-01,S026,SKU00193,33,9,26.54
2024-10-01,S026,SKU00371,47,9,23.22
2024-10-01,S026,SKU00180,17,18,18.4
2024-10-01,S026,SKU00077,38,13,7.81
2024-10-01,S026,SKU00346,42,12,46.67
2024-10-01,S026,SKU00270,51,11,23.19
2024-10-01,S026,SKU00066,49,28,21.71
2024-10-01,S026,SKU00213,58,2,21.39
2024-10-01,S026,SKU00277,69,13,17.75
2024-10-01,S026,SKU00208,34,16,7.02
2024-10-01,S026,SKU00029,60,23,18.21
2024-10-01,S026,SKU00226,45,18,37.85
2024-10-01,S026,SKU00310,34,11,23.34
2024-10-01,S026,SKU00399,29,11,25.01
2024-10-01,S026,SKU00205,38,17,13.85
2024-10-01,S026,SKU00136,39,11,21.43
2024-10-01,S026,SKU00056,41,17,21.74
2024-10-01,S026,SKU00323,57,18,17.89
2024-10-01,S026,SKU00197,37,22,14.73
2024-10-01,S026,SKU00272,43,9,18.35
2024-10-01,S026,SKU00065,41,3,21.23
2024-10-01,S026,SKU00059,51,11,18.63
2024-10-01,S026,SKU00190,28,25,23.47
2024-10-01,S026,SKU00334,39,20,7.9
2024-10-01,S026,SKU00041,76,22,19.41
2024-10-01,S026,SKU00260,38,3,16.1
2024-10-01,S026,SKU00313,30,18,21.61
2024-10-01,S026,SKU00259,62,7,16.74
2024-10-01,S026,SKU00256,29,18,16.17
2024-10-01,S026,SKU00376,39,18,22.09
2024-10-01,S026,SKU00199,25,14,28.75
2024-10-01,S026,SKU00227,48,8,38.72
2024-10-01,S026,SKU00124,30,16,18.08
2024-10-01,S026,SKU00265,58,16,15.45
2024-10-01,S026,SKU00002,40,8,22.95
2024-10-01,S026,SKU00330,20,17,28.29
2024-10-01,S026,SKU00325,49,1,11.47
2024-10-01,S026,SKU00235,40,14,17.69
2024-10-01,S026,SKU00317,29,27,22.08
2024-10-01,S026,SKU00131,6,11,22.93
2024-10-01,S026,SKU00163,29,25,15.73
2024-10-01,S026,SKU00217,18,16,19.37
2024-10-01,S026,SKU00396,22,18,6.08
2024-10-01,S026,SKU00187,35,19,25.15
2024-10-01,S026,SKU00341,46,8,20.55
2024-10-01,S026,SKU00356,39,9,6.76
2024-10-01,S026,SKU00204,20,23,22.75
2024-10-01,S026,SKU00320,41,9,13.56
2024-10-01,S026,SKU00331,29,30,9.22
2024-10-01,S026,SKU00037,13,21,14.43
2024-10-01,S026,SKU00106,58,18,11.12
2024-10-01,S026,SKU00024,39,5,19.95
2024-10-01,S027,SKU00032,37,21,26.13
2024-10-01,S027,SKU00161,20,15,6.86
2024-10-01,S027,SKU00177,45,24,24.36
2024-10-01,S027,SKU00257,59,12,12.09
2024-10-01,S027,SKU00059,29,13,18.63
2024-10-01,S027,SKU00396,41,10,6.08
2024-10-01,S027,SKU00118,24,22,9.41
2024-10-01,S027,SKU00307,52,17,19.13
2024-10-01,S027,SKU00049,44,15,21.35
2024-10-01,S027,SKU00206,20,15,12.31
2024-10-01,S027,SKU00048,54,9,35.43
2024-10-01,S027,SKU00324,13,23,27.35
2024-10-01,S027,SKU00150,57,25,17.58
2024-10-01,S027,SKU00228,16,12,42.12
2024-10-01,S027,SKU00290,34,8,20.85
2024-10-01,S027,SKU00344,38,9,6.67
2024-10-01,S027,SKU00391,46,18,20.67
2024-10-01,S027,SKU00023,35,9,23.51
2024-10-01,S027,SKU00095,49,18,27.04
2024-10-01,S027,SKU00375,64,17,23.14
2024-10-01,S027,SKU00200,53,16,35.75
2024-10-01,S027,SKU00064,38,15,14.1
2024-10-01,S027,SKU00209,24,16,40.26
2024-10-01,S027,SKU00229,58,13,28.44
2024-10-01,S027,SKU00282,32,18,31.83
2024-10-01,S027,SKU00285,46,20,16.17
2024-10-01,S027,SKU00300,36,17,19.9
2024-10-01,S027,SKU00210,45,4,17.08
2024-10-01,S027,SKU00001,28,23,20.02
2024-10-01,S027,SKU00027,65,27,8.1
2024-10-01,S027,SKU00021,20,5,21.44
2024-10-01,S027,SKU00167,21,21,11.09
2024-10-01,S027,SKU00308,47,16,33.04
2024-10-01,S027,SKU00234,28,8,14.14
2024-10-01,S027,SKU00348,30,16,24.11
2024-10-01,S027,SKU00355,45,0,17.98
2024-10-01,S027,SKU00394,52,0,10.9
2024-10-01,S027,SKU00183,35,11,7.71
2024-10-01,S027,SKU00182,29,24,22.49
2024-10-01,S027,SKU00039,30,15,31.34
2024-10-01,S027,SKU00280,28,15,11.07
2024-10-01,S027,SKU00163,53,13,15.73
2024-10-01,S027,SKU00184,60,17,15.79
2024-10-01,S027,SKU00092,27,22,6.71
2024-10-01,S027,SKU00144,44,10,12.22
2024-10-01,S027,SKU00388,51,9,18.08
2024-10-01,S027,SKU00211,34,24,37.2
2024-10-01,S027,SKU00332,39,21,53.2
2024-10-01,S027,SKU00256,26,9,16.17
2024-10-01,S027,SKU00380,38,22,21.56
2024-10-01,S027,SKU00362,39,7,17.84
2024-10-01,S027,SKU00068,32,14,9.04
2024-10-01,S027,SKU00148,60,18,18.3
2024-10-01,S027,SKU00014,18,15,17.1
2024-10-01,S027,SKU00012,30,16,6.48
2024-10-01,S027,SKU00074,48,12,28.23
2024-10-01,S027,SKU00393,17,23,7.6
2024-10-01,S027,SKU00102,36,23,7.81
2024-10-01,S027,SKU00042,30,6,27.28
2024-10-01,S027,SKU00120,41,30,10.19
2024-10-01,S028,SKU00373,27,14,43.52
2024-10-01,S028,SKU00184,51,7,15.79
2024-10-01,S028,SKU00350,23,11,24.41
2024-10-01,S028,SKU00183,31,5,7.71
2024-10-01,S028,SKU00114,59,17,16.42
2024-10-01,S028,SKU00087,48,15,9.32
2024-10-01,S028,SKU00304,45,24,13.37
2024-10-01,S028,SKU00289,60,26,20.83
2024-10-01,S028,SKU00222,62,11,21.69
2024-10-01,S028,SKU00368,48,14,14.01
2024-10-01,S028,SKU00280,24,0,11.07
2024-10-01,S028,SKU00016,59,17,20.2
2024-10-01,S028,SKU00327,61,24,24.66
2024-10-01,S028,SKU00399,41,26,25.01
2024-10-01,S028,SKU00366,21,26,12.66
2024-10-01,S028,SKU00010,39,31,22.61
2024-10-01,S028,SKU00169,52,21,15.35
2024-10-01,S028,SKU00061,15,14,13.6
2024-10-01,S028,SKU00099,29,14,12.91
2024-10-01,S028,SKU00088,14,11,27.73
2024-10-01,S028,SKU00095,48,5,27.04
2024-10-01,S028,SKU00054,17,3,12.05
2024-10-01,S028,SKU00226,45,14,37.85
2024-10-01,S028,SKU00267,54,24,32.29
2024-10-01,S028,SKU00073,58,13,31.53
2024-10-01,S028,SKU00112,23,21,17.88
2024-10-01,S028,SKU00261,72,3,33.76
2024-10-01,S028,SKU00225,62,26,14.42
2024-10-01,S028,SKU00367,49,16,23.63
2024-10-01,S028,SKU00006,42,17,22.21
2024-10-01,S028,SKU00188,31,10,22.21
2024-10-01,S028,SKU00076,51,16,16.2
2024-10-01,S028,SKU00075,56,10,19.82
2024-10-01,S028,SKU00365,17,12,9.96
2024-10-01,S028,SKU00332,31,20,53.2
2024-10-01,S028,SKU00340,40,14,14.8
2024-10-01,S028,SKU00312,35,13,19.86
2024-10-01,S028,SKU00177,46,24,24.36
2024-10-01,S028,SKU00242,6,12,23.88
2024-10-01,S028,SKU00197,38,16,14.73
2024-10-01,S028,SKU00195,47,14,20.76
2024-10-01,S028,SKU00343,65,15,25.69
2024-10-01,S028,SKU00355,57,12,17.98
2024-10-01,S028,SKU00003,31,2,19.34
2024-10-01,S028,SKU00072,32,21,22.01
2024-10-01,S028,SKU00136,22,20,21.43
2024-10-01,S028,SKU00145,44,10,13.72
2024-10-01,S028,SKU00160,28,21,18.48
2024-10-01,S028,SKU00285,56,13,16.17
2024-10-01,S028,SKU00027,62,16,8.1
2024-10-01,S028,SKU00161,55,2,6.86
2024-10-01,S028,SKU00150,52,11,17.58
2024-10-01,S028,SKU00257,24,13,12.09
2024-10-01,S028,SKU00231,36,10,23.4
2024-10-01,S028,SKU00377,17,6,24.12
2024-10-01,S028,SKU00166,50,29,26.57
2024-10-01,S028,SKU00020,56,8,19.96
2024-10-01,S028,SKU00129,29,16,17.3
2024-10-01,S028,SKU00091,25,15,16.61
2024-10-01,S028,SKU00388,61,0,18.08
2024-10-01,S029,SKU00325,18,13,11.47
2024-10-01,S029,SKU00348,43,18,24.11
2024-10-01,S029,SKU00364,16,21,20.03
2024-10-01,S029,SKU00355,50,13,17.98
2024-10-01,S029,SKU00036,37,15,15.82
2024-10-01,S029,SKU00022,7,8,10.6
2024-10-01,S029,SKU00272,60,14,18.35
2024-10-01,S029,SKU00013,19,20,15.96
2024-10-01,S029,SKU00366,49,0,12.66
2024-10-01,S029,SKU00040,37,16,18.22
2024-10-01,S029,SKU00025,31,9,18.13
2024-10-01,S029,SKU00053,49,14,26.92
2024-10-01,S029,SKU00259,25,15,16.74
2024-10-01,S029,SKU00122,45,19,15.22
2024-10-01,S029,SKU00067,71,10,12.5
2024-10-01,S029,SKU00048,32,8,35.43
2024-10-01,S029,SKU00250,28,12,22.08
2024-10-01,S029,SKU00228,42,27,42.12
2024-10-01,S029,SKU00233,60,19,14.08
2024-10-01,S029,SKU00302,23,17,11.51
2024-10-01,S029,SKU00173,51,24,24.41
2024-10-01,S029,SKU00003,50,11,19.34
2024-10-01,S029,SKU00226,4,15,37.85
2024-10-01,S029,SKU00196,51,5,14.66
2024-10-01,S029,SKU00304,30,12,13.37
2024-10-01,S029,SKU00317,42,26,22.08
2024-10-01,S029,SKU00390,27,12,20.94
2024-10-01,S029,SKU00185,30,11,22.74
2024-10-01,S029,SKU00238,40,22,47.65
2024-10-01,S029,SKU00112,46,4,17.88
2024-10-01,S029,SKU00061,29,17,13.6
2024-10-01,S029,SKU00385,29,11,24.15
2024-10-01,S029,SKU00328,65,10,20.31
2024-10-01,S029,SKU00257,17,19,12.09
2024-10-01,S029,SKU00290,13,11,20.85
2024-10-01,S029,SKU00298,39,16,11.72
2024-10-01,S029,SKU00071,49,1,18.24
2024-10-01,S029,SKU00026,44,6,28.01
2024-10-01,S029,SKU00037,67,25,14.43
2024-10-01,S029,SKU00161,44,21,6.86
2024-10-01,S029,SKU00197,13,8,14.73
2024-10-01,S029,SKU00341,49,14,20.55
2024-10-01,S029,SKU00009,29,6,21.87
2024-10-01,S029,SKU00024,36,7,19.95
2024-10-01,S029,SKU00070,16,14,19.96
2024-10-01,S029,SKU00322,17,18,9.39
2024-10-01,S029,SKU00050,48,21,9.35
2024-10-01,S029,SKU00243,29,16,20.2
2024-10-01,S029,SKU00098,67,10,23.96
2024-10-01,S029,SKU00266,39,21,15.48
2024-10-01,S029,SKU00023,18,10,23.51
2024-10-01,S029,SKU00300,27,6,19.9
2024-10-01,S029,SKU00343,52,14,25.69
2024-10-01,S029,SKU00294,32,11,21.46
2024-10-01,S029,SKU00293,36,8,28.83
2024-10-01,S029,SKU00354,40,17,16.32
2024-10-01,S029,SKU00212,39,15,8.51
2024-10-01,S029,SKU00263,39,24,12.54
2024-10-01,S029,SKU00160,38,22,18.48
2024-10-01,S029,SKU00110,46,20,22.59
2024-10-01,S030,SKU00232,42,12,17.89
2024-10-01,S030,SKU00234,38,8,14.14
2024-10-01,S030,SKU00342,32,12,17.51
2024-10-01,S030,SKU00263,8,16,12.54
2024-10-01,S030,SKU00125,64,15,14.87
2024-10-01,S030,SKU00302,41,6,11.51
2024-10-01,S030,SKU00019,43,14,14.15
2024-10-01,S030,SKU00295,23,21,21.15
2024-10-01,S030,SKU00190,34,20,23.47
2024-10-01,S030,SKU00400,29,12,16.59
2024-10-01,S030,SKU00217,32,17,19.37
2024-10-01,S030,SKU00138,57,6,9.29
2024-10-01,S030,SKU00060,26,7,30.63
2024-10-01,S030,SKU00262,37,17,6.97
2024-10-01,S030,SKU00154,54,13,36.04
2024-10-01,S030,SKU00389,38,11,26.23
2024-10-01,S030,SKU00239,23,5,7.57
2024-10-01,S030,SKU00264,37,6,13.51
2024-10-01,S030,SKU00375,50,20,23.14
2024-10-01,S030,SKU00041,44,16,19.41
2024-10-01,S030,SKU00093,48,23,20.73
2024-10-01,S030,SKU00002,61,6,22.95
2024-10-01,S030,SKU00003,44,2,19.34
2024-10-01,S030,SKU00355,55,20,17.98
2024-10-01,S030,SKU00014,19,11,17.1
2024-10-01,S030,SKU00344,53,13,6.67
2024-10-01,S030,SKU00181,37,5,21.21
2024-10-01,S030,SKU00339,29,17,14.34
2024-10-01,S030,SKU00225,23,21,14.42
2024-10-01,S030,SKU00244,12,18,14.65
2024-10-01,S030,SKU00113,38,23,20.63
2024-10-01,S030,SKU00338,13,9,23.32
2024-10-01,S030,SKU00220,42,7,23.06
2024-10-01,S030,SKU00074,23,18,28.23
2024-10-01,S030,SKU00252,46,19,35.29
2024-10-01,S030,SKU00236,27,13,14.52
2024-10-01,S030,SKU00390,43,16,20.94
2024-10-01,S030,SKU00340,26,16,14.8
2024-10-01,S030,SKU00368,53,0,14.01
2024-10-01,S030,SKU00276,59,2,8.52
2024-10-01,S030,SKU00175,21,12,22.23
2024-10-01,S030,SKU00068,39,21,9.04
2024-10-01,S030,SKU00176,15,0,14.59
2024-10-01,S030,SKU00388,48,15,18.08
2024-10-01,S030,SKU00066,63,3,21.71
2024-10-01,S030,SKU00148,23,12,18.3
2024-10-01,S030,SKU00108,31,24,8.67
2024-10-01,S030,SKU00096,31,15,19.19
2024-10-01,S030,SKU00017,18,7,22.2
2024-10-01,S030,SKU00015,15,21,25.51
2024-10-01,S030,SKU00114,48,14,16.42
2024-10-01,S030,SKU00354,22,0,16.32
2024-10-01,S030,SKU00197,34,10,14.73
2024-10-01,S030,SKU00278,33,18,29.28
2024-10-01,S030,SKU00009,20,24,21.87
2024-10-01,S030,SKU00063,52,9,13.32
2024-10-01,S030,SKU00061,37,18,13.6
2024-10-01,S030,SKU00377,26,17,24.12
2024-10-01,S030,SKU00065,55,11,21.23
2024-10-01,S030,SKU00348,37,7,24.11
2024-11-01,S001,SKU00021,59,12,21.44
2024-11-01,S001,SKU00382,36,10,8.38
2024-11-01,S001,SKU00141,44,11,34.29
2024-11-01,S001,SKU00266,60,22,15.48
2024-11-01,S001,SKU00096,28,14,19.19
2024-11-01,S001,SKU00005,44,10,5.18
2024-11-01,S001,SKU00164,40,22,20.75
2024-11-01,S001,SKU00139,68,20,19.06
2024-11-01,S001,SKU00393,25,23,7.6
2024-11-01,S001,SKU00268,38,13,22.72
2024-11-01,S001,SKU00032,45,10,26.13
2024-11-01,S001,SKU00243,56,3,20.2
2024-11-01,S001,SKU00245,16,2,19.78
2024-11-01,S001,SKU00376,57,12,22.09
2024-11-01,S001,SKU00169,36,22,15.35
2024-11-01,S001,SKU00034,37,21,25.34
2024-11-01,S001,SKU00328,43,33,20.31
2024-11-01,S001,SKU00125,40,17,14.87
2024-11-01,S001,SKU00234,40,10,14.14
2024-11-01,S001,SKU00335,63,8,10.25
2024-11-01,S001,SKU00338,44,18,23.32
2024-11-01,S001,SKU00130,29,0,29.35
2024-11-01,S001,SKU00302,59,10,11.51
2024-11-01,S001,SKU00138,1,15,9.29
2024-11-01,S001,SKU00061,62,18,13.6
2024-11-01,S001,SKU00397,50,18,24.95
2024-11-01,S001,SKU00025,48,22,18.13
2024-11-01,S001,SKU00381,35,12,29.5
2024-11-01,S001,SKU00225,37,0,14.42
2024-11-01,S001,SKU00248,31,10,24.2
2024-11-01,S001,SKU00117,65,5,14.81
2024-11-01,S001,SKU00337,47,8,20.41
2024-11-01,S001,SKU00208,38,24,7.02
2024-11-01,S001,SKU00115,14,11,16.78
2024-11-01,S001,SKU00313,35,14,21.61
2024-11-01,S001,SKU00116,37,10,40.0
2024-11-01,S001,SKU00022,70,17,10.6
2024-11-01,S001,SKU00326,50,15,21.09
2024-11-01,S001,SKU00210,50,21,17.08
2024-11-01,S001,SKU00017,25,22,22.2
2024-11-01,S001,SKU00121,11,12,21.13
2024-11-01,S001,SKU00011,80,9,17.51
2024-11-01,S001,SKU00309,39,15,27.53
2024-11-01,S001,SKU00258,29,11,29.8
2024-11-01,S001,SKU00372,25,11,8.73
2024-11-01,S001,SKU00122,27,0,15.22
2024-11-01,S001,SKU00318,54,25,20.51
2024-11-01,S001,SKU00030,24,11,9.58
2024-11-01,S001,SKU00246,36,26,19.79
2024-11-01,S001,SKU00212,56,11,8.51
2024-11-01,S001,SKU00037,57,23,14.43
2024-11-01,S001,SKU00233,28,17,14.08
2024-11-01,S001,SKU00042,34,20,27.28
2024-11-01,S001,SKU00179,18,9,8.72
2024-11-01,S001,SKU00322,59,22,9.39
2024-11-01,S001,SKU00235,61,8,17.69
2024-11-01,S001,SKU00128,38,14,12.06
2024-11-01,S001,SKU00067,28,13,12.5
2024-11-01,S001,SKU00334,13,20,7.9
2024-11-01,S001,SKU00054,45,15,12.05
2024-11-01,S002,SKU00305,26,14,19.27
2024-11-01,S002,SKU00275,27,23,24.1
2024-11-01,S002,SKU00331,37,13,9.22
2024-11-01,S002,SKU00026,35,18,28.01
2024-11-01,S002,SKU00230,49,11,28.51
2024-11-01,S002,SKU00232,22,21,17.89
2024-11-01,S002,SKU00328,0,12,20.31
2024-11-01,S002,SKU00039,26,13,31.34
2024-11-01,S002,SKU00213,48,16,21.39
2024-11-01,S002,SKU00027,32,8,8.1
2024-11-01,S002,SKU00296,36,2,18.93
2024-11-01,S002,SKU00001,66,27,20.02
2024-11-01,S002,SKU00128,60,26,12.06
2024-11-01,S002,SKU00398,22,4,31.97
2024-11-01,S002,SKU00096,27,8,19.19
2024-11-01,S002,SKU00119,58,0,21.19
2024-11-01,S002,SKU00301,56,16,13.89
2024-11-01,S002,SKU00373,34,16,43.52
2024-11-01,S002,SKU00323,41,18,17.89
2024-11-01,S002,SKU00279,36,13,18.46
2024-11-01,S002,SKU00002,53,20,22.95
2024-11-01,S002,SKU00319,42,18,18.17
2024-11-01,S002,SKU00085,46,19,21.5
2024-11-01,S002,SKU00217,44,17,19.37
2024-11-01,S002,SKU00396,53,3,6.08
2024-11-01,S002,SKU00361,44,20,22.51
2024-11-01,S002,SKU00184,24,22,15.79
2024-11-01,S002,SKU00249,46,16,14.24
2024-11-01,S002,SKU00086,68,6,27.42
2024-11-01,S002,SKU00157,20,13,26.67
2024-11-01,S002,SKU00069,39,16,10.26
2024-11-01,S002,SKU00322,45,17,9.39
2024-11-01,S002,SKU00008,45,25,14.83
2024-11-01,S002,SKU00100,23,17,7.48
2024-11-01,S002,SKU00286,30,23,25.41
2024-11-01,S002,SKU00031,42,19,18.97
2024-11-01,S002,SKU00266,33,5,15.48
2024-11-01,S002,SKU00342,30,30,17.51
2024-11-01,S002,SKU00067,28,18,12.5
2024-11-01,S002,SKU00375,57,17,23.14
2024-11-01,S002,SKU00121,42,18,21.13
2024-11-01,S002,SKU00007,32,7,12.89
2024-11-01,S002,SKU00170,41,8,19.07
2024-11-01,S002,SKU00153,38,14,27.58
2024-11-01,S002,SKU00018,47,0,11.75
2024-11-01,S002,SKU00293,36,20,28.83
2024-11-01,S002,SKU00389,42,27,26.23
2024-11-01,S002,SKU00379,27,19,19.61
2024-11-01,S002,SKU00233,50,8,14.08
2024-11-01,S002,SKU00238,47,16,47.65
2024-11-01,S002,SKU00108,45,24,8.67
2024-11-01,S002,SKU00081,41,2,16.01
2024-11-01,S002,SKU00288,24,12,22.22
2024-11-01,S002,SKU00144,23,7,12.22
2024-11-01,S002,SKU00395,52,16,14.64
2024-11-01,S002,SKU00061,18,12,13.6
2024-11-01,S002,SKU00028,58,5,14.87
2024-11-01,S002,SKU00262,70,9,6.97
2024-11-01,S002,SKU00370,35,8,19.59
2024-11-01,S002,SKU00048,43,22,35.43
2024-11-01,S003,SKU00035,55,27,34.51
2024-11-01,S003,SKU00321,73,10,8.77
2024-11-01,S003,SKU00250,33,19,22.08
2024-11-01,S003,SKU00311,48,22,23.51
2024-11-01,S003,SKU00330,50,19,28.29
2024-11-01,S003,SKU00388,50,6,18.08
2024-11-01,S003,SKU00251,43,21,16.74
2024-11-01,S003,SKU00318,22,24,20.51
2024-11-01,S003,SKU00390,40,18,20.94
2024-11-01,S003,SKU00356,47,13,6.76
2024-11-01,S003,SKU00197,25,20,14.73
2024-11-01,S003,SKU00302,30,21,11.51
2024-11-01,S003,SKU00335,50,29,10.25
2024-11-01,S003,SKU00186,3,31,24.0
2024-11-01,S003,SKU00240,27,21,30.32
2024-11-01,S003,SKU00019,16,19,14.15
2024-11-01,S003,SKU00283,31,9,35.29
2024-11-01,S003,SKU00183,49,15,7.71
2024-11-01,S003,SKU00400,53,0,16.59
2024-11-01,S003,SKU00027,41,19,8.1
2024-11-01,S003,SKU00248,45,11,24.2
2024-11-01,S003,SKU00166,26,4,26.57
2024-11-01,S003,SKU00289,47,19,20.83
2024-11-01,S003,SKU00103,17,10,12.99
2024-11-01,S003,SKU00148,53,23,18.3
2024-11-01,S003,SKU00374,5,23,17.57
2024-11-01,S003,SKU00392,50,15,28.95
2024-11-01,S003,SKU00156,67,10,13.5
2024-11-01,S003,SKU00245,25,10,19.78
2024-11-01,S003,SKU00211,30,8,37.2
2024-11-01,S003,SKU00085,19,13,21.5
2024-11-01,S003,SKU00030,22,20,9.58
2024-11-01,S003,SKU00288,15,10,22.22
2024-11-01,S003,SKU00229,5,17,28.44
2024-11-01,S003,SKU00078,47,17,9.74
2024-11-01,S003,SKU00323,70,18,17.89
2024-11-01,S003,SKU00353,51,10,28.84
2024-11-01,S003,SKU00284,57,12,20.24
2024-11-01,S003,SKU00174,18,12,23.97
2024-11-01,S003,SKU00031,30,21,18.97
2024-11-01,S003,SKU00218,15,17,10.78
2024-11-01,S003,SKU00010,6,24,22.61
2024-11-01,S003,SKU00102,37,21,7.81
2024-11-01,S003,SKU00244,65,22,14.65
2024-11-01,S003,SKU00317,60,20,22.08
2024-11-01,S003,SKU00234,68,2,14.14
2024-11-01,S003,SKU00246,58,17,19.79
2024-11-01,S003,SKU00057,55,17,19.41
2024-11-01,S003,SKU00216,23,19,35.17
2024-11-01,S003,SKU00017,56,18,22.2
2024-11-01,S003,SKU00065,49,11,21.23
2024-11-01,S003,SKU00150,52,20,17.58
2024-11-01,S003,SKU00296,30,9,18.93
2024-11-01,S003,SKU00125,46,12,14.87
2024-11-01,S003,SKU00107,31,26,27.98
2024-11-01,S003,SKU00262,36,15,6.97
2024-11-01,S003,SKU00173,16,14,24.41
2024-11-01,S003,SKU00189,39,5,21.3
2024-11-01,S003,SKU00076,31,20,16.2
2024-11-01,S003,SKU00036,54,16,15.82
2024-11-01,S004,SKU00271,37,6,41.0
2024-11-01,S004,SKU00351,23,8,20.29
2024-11-01,S004,SKU00324,30,6,27.35
2024-11-01,S004,SKU00072,19,13,22.01
2024-11-01,S004,SKU00240,48,13,30.32
2024-11-01,S004,SKU00148,7,9,18.3
2024-11-01,S004,SKU00219,45,11,24.96
2024-11-01,S004,SKU00034,17,13,25.34
2024-11-01,S004,SKU00212,18,9,8.51
2024-11-01,S004,SKU00205,22,20,13.85
2024-11-01,S004,SKU00356,62,8,6.76
2024-11-01,S004,SKU00269,13,26,13.31
2024-11-01,S004,SKU00206,50,1,12.31
2024-11-01,S004,SKU00265,22,16,15.45
2024-11-01,S004,SKU00355,30,8,17.98
2024-11-01,S004,SKU00021,43,17,21.44
2024-11-01,S004,SKU00215,42,18,20.75
2024-11-01,S004,SKU00261,44,11,33.76
2024-11-01,S004,SKU00399,7,11,25.01
2024-11-01,S004,SKU00335,53,6,10.25
2024-11-01,S004,SKU00164,75,23,20.75
2024-11-01,S004,SKU00268,58,9,22.72
2024-11-01,S004,SKU00208,25,16,7.02
2024-11-01,S004,SKU00273,52,17,21.29
2024-11-01,S004,SKU00340,26,9,14.8
2024-11-01,S004,SKU00297,16,16,20.51
2024-11-01,S004,SKU00092,21,18,6.71
2024-11-01,S004,SKU00393,61,11,7.6
2024-11-01,S004,SKU00197,39,20,14.73
2024-11-01,S004,SKU00288,52,16,22.22
2024-11-01,S004,SKU00255,35,9,33.68
2024-11-01,S004,SKU00291,47,15,20.61
2024-11-01,S004,SKU00189,34,0,21.3
2024-11-01,S004,SKU00229,26,18,28.44
2024-11-01,S004,SKU00076,22,11,16.2
2024-11-01,S004,SKU00204,23,22,22.75
2024-11-01,S004,SKU00060,32,17,30.63
2024-11-01,S004,SKU00066,32,4,21.71
2024-11-01,S004,SKU00353,50,8,28.84
2024-11-01,S004,SKU00264,40,19,13.51
2024-11-01,S004,SKU00252,40,10,35.29
2024-11-01,S004,SKU00315,42,1,25.73
2024-11-01,S004,SKU00298,54,17,11.72
2024-11-01,S004,SKU00115,26,4,16.78
2024-11-01,S004,SKU00398,48,15,31.97
2024-11-01,S004,SKU00045,19,15,19.14
2024-11-01,S004,SKU00358,39,25,20.44
2024-11-01,S004,SKU00091,14,10,16.61
2024-11-01,S004,SKU00299,40,23,21.87
2024-11-01,S004,SKU00188,19,21,22.21
2024-11-01,S004,SKU00052,49,18,25.94
2024-11-01,S004,SKU00338,52,10,23.32
2024-11-01,S004,SKU00078,19,31,9.74
2024-11-01,S004,SKU00343,44,19,25.69
2024-11-01,S004,SKU00319,25,22,18.17
2024-11-01,S004,SKU00383,33,18,21.74
2024-11-01,S004,SKU00087,45,12,9.32
2024-11-01,S004,SKU00303,27,17,27.57
2024-11-01,S004,SKU00023,56,23,23.51
2024-11-01,S004,SKU00047,31,27,30.28
2024-11-01,S005,SKU00052,56,20,25.94
2024-11-01,S005,SKU00342,34,21,17.51
2024-11-01,S005,SKU00357,47,14,14.08
2024-11-01,S005,SKU00400,50,19,16.59
2024-11-01,S005,SKU00300,38,11,19.9
2024-11-01,S005,SKU00163,39,12,15.73
2024-11-01,S005,SKU00164,77,16,20.75
2024-11-01,S005,SKU00153,49,25,27.58
2024-11-01,S005,SKU00089,26,16,25.61
2024-11-01,S005,SKU00152,40,24,34.48
2024-11-01,S005,SKU00281,46,24,24.82
2024-11-01,S005,SKU00125,17,19,14.87
2024-11-01,S005,SKU00385,48,29,24.15
2024-11-01,S005,SKU00371,29,19,23.22
2024-11-01,S005,SKU00058,36,0,33.62
2024-11-01,S005,SKU00253,55,15,19.63
2024-11-01,S005,SKU00068,33,11,9.04
2024-11-01,S005,SKU00182,43,16,22.49
2024-11-01,S005,SKU00116,36,17,40.0
2024-11-01,S005,SKU00167,58,12,11.09
2024-11-01,S005,SKU00364,43,22,20.03
2024-11-01,S005,SKU00382,19,3,8.38
2024-11-01,S005,SKU00062,18,22,21.8
2024-11-01,S005,SKU00392,40,6,28.95
2024-11-01,S005,SKU00280,37,16,11.07
2024-11-01,S005,SKU00046,62,21,11.26
2024-11-01,S005,SKU00243,24,7,20.2
2024-11-01,S005,SKU00063,33,12,13.32
2024-11-01,S005,SKU00132,27,14,18.85
2024-11-01,S005,SKU00351,27,21,20.29
2024-11-01,S005,SKU00162,33,12,23.58
2024-11-01,S005,SKU00175,32,8,22.23
2024-11-01,S005,SKU00084,12,17,22.85
2024-11-01,S005,SKU00289,37,16,20.83
2024-11-01,S005,SKU00013,42,8,15.96
2024-11-01,S005,SKU00287,38,18,23.44
2024-11-01,S005,SKU00383,47,13,21.74
2024-11-01,S005,SKU00363,47,5,19.67
2024-11-01,S005,SKU00029,34,11,18.21
2024-11-01,S005,SKU00121,15,18,21.13
2024-11-01,S005,SKU00332,34,13,53.2
2024-11-01,S005,SKU00158,28,13,7.83
2024-11-01,S005,SKU00245,44,22,19.78
2024-11-01,S005,SKU00102,27,20,7.81
2024-11-01,S005,SKU00196,42,7,14.66
2024-11-01,S005,SKU00241,40,26,22.03
2024-11-01,S005,SKU00286,39,17,25.41
2024-11-01,S005,SKU00114,34,17,16.42
2024-11-01,S005,SKU00248,35,17,24.2
2024-11-01,S005,SKU00199,49,2,28.75
2024-11-01,S005,SKU00249,48,19,14.24
2024-11-01,S005,SKU00238,24,19,47.65
2024-11-01,S005,SKU00328,22,8,20.31
2024-11-01,S005,SKU00108,52,10,8.67
2024-11-01,S005,SKU00214,71,12,47.96
2024-11-01,S005,SKU00040,34,5,18.22
2024-11-01,S005,SKU00133,15,23,10.11
2024-11-01,S005,SKU00085,64,16,21.5
2024-11-01,S005,SKU00293,24,8,28.83
2024-11-01,S005,SKU00023,41,22,23.51
2024-11-01,S006,SKU00236,43,7,14.52
2024-11-01,S006,SKU00244,31,6,14.65
2024-11-01,S006,SKU00186,68,5,24.0
2024-11-01,S006,SKU00042,29,18,27.28
2024-11-01,S006,SKU00356,58,17,6.76
2024-11-01,S006,SKU00364,31,25,20.03
2024-11-01,S006,SKU00010,42,6,22.61
2024-11-01,S006,SKU00197,80,9,14.73
2024-11-01,S006,SKU00142,39,17,22.57
2024-11-01,S006,SKU00203,59,11,27.92
2024-11-01,S006,SKU00396,39,11,6.08
2024-11-01,S006,SKU00048,26,15,35.43
2024-11-01,S006,SKU00184,46,17,15.79
2024-11-01,S006,SKU00177,68,3,24.36
2024-11-01,S006,SKU00348,72,20,24.11
2024-11-01,S006,SKU00167,42,3,11.09
2024-11-01,S006,SKU00012,29,16,6.48
2024-11-01,S006,SKU00361,35,18,22.51
2024-11-01,S006,SKU00305,37,17,19.27
2024-11-01,S006,SKU00185,28,22,22.74
2024-11-01,S006,SKU00275,33,5,24.1
2024-11-01,S006,SKU00264,66,16,13.51
2024-11-01,S006,SKU00166,21,10,26.57
2024-11-01,S006,SKU00187,47,6,25.15
2024-11-01,S006,SKU00397,38,19,24.95
2024-11-01,S006,SKU00283,51,20,35.29
2024-11-01,S006,SKU00217,33,20,19.37
2024-11-01,S006,SKU00274,40,20,8.22
2024-11-01,S006,SKU00079,51,15,18.54
2024-11-01,S006,SKU00375,26,18,23.14
2024-11-01,S006,SKU00017,32,22,22.2
2024-11-01,S006,SKU00115,19,14,16.78
2024-11-01,S006,SKU00037,34,17,14.43
2024-11-01,S006,SKU00358,44,11,20.44
2024-11-01,S006,SKU00097,36,12,11.93
2024-11-01,S006,SKU00029,31,8,18.21
2024-11-01,S006,SKU00219,34,19,24.96
2024-11-01,S006,SKU00288,32,24,22.22
2024-11-01,S006,SKU00269,63,10,13.31
2024-11-01,S006,SKU00258,43,13,29.8
2024-11-01,S006,SKU00180,16,4,18.4
2024-11-01,S006,SKU00314,39,24,15.81
2024-11-01,S006,SKU00179,39,18,8.72
2024-11-01,S006,SKU00246,17,13,19.79
2024-11-01,S006,SKU00032,52,12,26.13
2024-11-01,S006,SKU00125,50,22,14.87
2024-11-01,S006,SKU00200,64,18,35.75
2024-11-01,S006,SKU00352,48,11,23.46
2024-11-01,S006,SKU00227,49,9,38.72
2024-11-01,S006,SKU00229,41,7,28.44
2024-11-01,S006,SKU00117,56,0,14.81
2024-11-01,S006,SKU00070,55,31,19.96
2024-11-01,S006,SKU00235,55,0,17.69
2024-11-01,S006,SKU00377,36,9,24.12
2024-11-01,S006,SKU00254,63,17,12.16
2024-11-01,S006,SKU00036,35,17,15.82
2024-11-01,S006,SKU00226,58,15,37.85
2024-11-01,S006,SKU00221,45,8,18.46
2024-11-01,S006,SKU00215,52,10,20.75
2024-11-01,S006,SKU00061,37,16,13.6
2024-11-01,S007,SKU00341,53,14,20.55
2024-11-01,S007,SKU00367,55,18,23.63
2024-11-01,S007,SKU00001,47,15,20.02
2024-11-01,S007,SKU00013,49,13,15.96
2024-11-01,S007,SKU00163,62,20,15.73
2024-11-01,S007,SKU00374,40,9,17.57
2024-11-01,S007,SKU00043,30,19,24.13
2024-11-01,S007,SKU00236,9,5,14.52
2024-11-01,S007,SKU00136,37,4,21.43
2024-11-01,S007,SKU00053,41,21,26.92
2024-11-01,S007,SKU00023,50,18,23.51
2024-11-01,S007,SKU00117,50,22,14.81
2024-11-01,S007,SKU00289,36,20,20.83
2024-11-01,S007,SKU00347,60,15,35.52
2024-11-01,S007,SKU00182,34,17,22.49
2024-11-01,S007,SKU00138,10,6,9.29
2024-11-01,S007,SKU00169,41,6,15.35
2024-11-01,S007,SKU00234,52,18,14.14
2024-11-01,S007,SKU00357,40,16,14.08
2024-11-01,S007,SKU00068,60,11,9.04
2024-11-01,S007,SKU00305,26,18,19.27
2024-11-01,S007,SKU00224,67,14,28.25
2024-11-01,S007,SKU00084,21,27,22.85
2024-11-01,S007,SKU00017,38,15,22.2
2024-11-01,S007,SKU00219,52,31,24.96
2024-11-01,S007,SKU00291,66,24,20.61
2024-11-01,S007,SKU00212,11,4,8.51
2024-11-01,S007,SKU00206,42,9,12.31
2024-11-01,S007,SKU00246,61,0,19.79
2024-11-01,S007,SKU00128,48,27,12.06
2024-11-01,S007,SKU00369,43,16,27.28
2024-11-01,S007,SKU00185,34,9,22.74
2024-11-01,S007,SKU00061,38,23,13.6
2024-11-01,S007,SKU00149,37,13,16.9
2024-11-01,S007,SKU00123,57,20,17.11
2024-11-01,S007,SKU00173,29,5,24.41
2024-11-01,S007,SKU00259,30,17,16.74
2024-11-01,S007,SKU00368,42,9,14.01
2024-11-01,S007,SKU00238,42,11,47.65
2024-11-01,S007,SKU00394,55,13,10.9
2024-11-01,S007,SKU00270,7,8,23.19
2024-11-01,S007,SKU00371,49,25,23.22
2024-11-01,S007,SKU00187,39,24,25.15
2024-11-01,S007,SKU00026,36,10,28.01
2024-11-01,S007,SKU00057,27,18,19.41
2024-11-01,S007,SKU00385,48,14,24.15
2024-11-01,S007,SKU00152,36,9,34.48
2024-11-01,S007,SKU00220,36,9,23.06
2024-11-01,S007,SKU00332,56,22,53.2
2024-11-01,S007,SKU00122,41,14,15.22
2024-11-01,S007,SKU00399,60,11,25.01
2024-11-01,S007,SKU00306,72,12,13.85
2024-11-01,S007,SKU00139,29,20,19.06
2024-11-01,S007,SKU00353,48,10,28.84
2024-11-01,S007,SKU00214,27,14,47.96
2024-11-01,S007,SKU00098,52,10,23.96
2024-11-01,S007,SKU00011,14,18,17.51
2024-11-01,S007,SKU00343,38,7,25.69
2024-11-01,S007,SKU00197,25,19,14.73
2024-11-01,S007,SKU00174,39,8,23.97
2024-11-01,S008,SKU00181,65,9,21.21
2024-11-01,S008,SKU00272,50,11,18.35
2024-11-01,S008,SKU00381,29,17,29.5
2024-11-01,S008,SKU00221,60,16,18.46
2024-11-01,S008,SKU00161,42,15,6.86
2024-11-01,S008,SKU00370,36,9,19.59
2024-11-01,S008,SKU00117,25,15,14.81
2024-11-01,S008,SKU00001,44,12,20.02
2024-11-01,S008,SKU00304,58,12,13.37
2024-11-01,S008,SKU00185,24,13,22.74
2024-11-01,S008,SKU00092,31,12,6.71
2024-11-01,S008,SKU00178,36,6,23.85
2024-11-01,S008,SKU00207,45,17,16.29
2024-11-01,S008,SKU00058,30,9,33.62
2024-11-01,S008,SKU00144,41,0,12.22
2024-11-01,S008,SKU00385,47,12,24.15
2024-11-01,S008,SKU00347,39,9,35.52
2024-11-01,S008,SKU00378,62,8,16.37
2024-11-01,S008,SKU00082,27,11,18.27
2024-11-01,S008,SKU00073,48,10,31.53
2024-11-01,S008,SKU00270,63,23,23.19
2024-11-01,S008,SKU00013,22,11,15.96
2024-11-01,S008,SKU00076,50,16,16.2
2024-11-01,S008,SKU00255,56,12,33.68
2024-11-01,S008,SKU00205,6,19,13.85
2024-11-01,S008,SKU00386,30,22,24.27
2024-11-01,S008,SKU00365,49,13,9.96
2024-11-01,S008,SKU00253,37,27,19.63
2024-11-01,S008,SKU00138,54,19,9.29
2024-11-01,S008,SKU00374,31,16,17.57
2024-11-01,S008,SKU00004,39,26,9.51
2024-11-01,S008,SKU00366,64,4,12.66
2024-11-01,S008,SKU00156,54,16,13.5
2024-11-01,S008,SKU00368,18,12,14.01
2024-11-01,S008,SKU00147,11,27,26.65
2024-11-01,S008,SKU00052,66,7,25.94
2024-11-01,S008,SKU00391,31,19,20.67
2024-11-01,S008,SKU00241,34,11,22.03
2024-11-01,S008,SKU00326,27,5,21.09
2024-11-01,S008,SKU00223,32,8,14.14
2024-11-01,S008,SKU00231,36,27,23.4
2024-11-01,S008,SKU00095,50,18,27.04
2024-11-01,S008,SKU00219,32,13,24.96
2024-11-01,S008,SKU00108,61,13,8.67
2024-11-01,S008,SKU00230,44,15,28.51
2024-11-01,S008,SKU00029,42,7,18.21
2024-11-01,S008,SKU00046,31,9,11.26
2024-11-01,S008,SKU00228,61,13,42.12
2024-11-01,S008,SKU00237,61,13,22.91
2024-11-01,S008,SKU00308,21,21,33.04
2024-11-01,S008,SKU00122,56,9,15.22
2024-11-01,S008,SKU00362,13,24,17.84
2024-11-01,S008,SKU00248,44,14,24.2
2024-11-01,S008,SKU00005,43,14,5.18
2024-11-01,S008,SKU00019,18,9,14.15
2024-11-01,S008,SKU00074,68,12,28.23
2024-11-01,S008,SKU00210,31,13,17.08
2024-11-01,S008,SKU00358,48,16,20.44
2024-11-01,S008,SKU00048,27,14,35.43
2024-11-01,S008,SKU00022,44,1,10.6
2024-11-01,S009,SKU00327,41,21,24.66
2024-11-01,S009,SKU00085,38,22,21.5
2024-11-01,S009,SKU00087,36,10,9.32
2024-11-01,S009,SKU00332,8,0,53.2
2024-11-01,S009,SKU00092,25,15,6.71
2024-11-01,S009,SKU00178,47,17,23.85
2024-11-01,S009,SKU00234,57,3,14.14
2024-11-01,S009,SKU00238,8,2,47.65
2024-11-01,S009,SKU00286,19,7,25.41
2024-11-01,S009,SKU00202,23,1,41.7
2024-11-01,S009,SKU00172,36,10,9.82
2024-11-01,S009,SKU00363,71,9,19.67
2024-11-01,S009,SKU00069,49,15,10.26
2024-11-01,S009,SKU00293,28,16,28.83
2024-11-01,S009,SKU00176,20,18,14.59
2024-11-01,S009,SKU00380,42,1,21.56
2024-11-01,S009,SKU00341,27,16,20.55
2024-11-01,S009,SKU00185,35,9,22.74
2024-11-01,S009,SKU00110,37,31,22.59
2024-11-01,S009,SKU00336,40,16,21.13
2024-11-01,S009,SKU00364,50,23,20.03
2024-11-01,S009,SKU00208,50,15,7.02
2024-11-01,S009,SKU00046,56,13,11.26
2024-11-01,S009,SKU00246,54,14,19.79
2024-11-01,S009,SKU00261,38,17,33.76
2024-11-01,S009,SKU00155,25,5,22.47
2024-11-01,S009,SKU00347,36,20,35.52
2024-11-01,S009,SKU00106,36,15,11.12
2024-11-01,S009,SKU00382,19,22,8.38
2024-11-01,S009,SKU00149,53,12,16.9
2024-11-01,S009,SKU00031,50,20,18.97
2024-11-01,S009,SKU00189,27,12,21.3
2024-11-01,S009,SKU00236,48,22,14.52
2024-11-01,S009,SKU00309,37,18,27.53
2024-11-01,S009,SKU00037,31,11,14.43
2024-11-01,S009,SKU00291,5,12,20.61
2024-11-01,S009,SKU00223,35,28,14.14
2024-11-01,S009,SKU00143,51,15,9.07
2024-11-01,S009,SKU00330,30,1,28.29
2024-11-01,S009,SKU00017,53,12,22.2
2024-11-01,S009,SKU00080,43,5,21.0
2024-11-01,S009,SKU00165,41,10,12.62
2024-11-01,S009,SKU00292,29,21,27.78
2024-11-01,S009,SKU00260,44,11,16.1
2024-11-01,S009,SKU00170,36,9,19.07
2024-11-01,S009,SKU00151,49,9,7.16
2024-11-01,S009,SKU00122,40,18,15.22
2024-11-01,S009,SKU00221,36,15,18.46
2024-11-01,S009,SKU00191,19,1,24.12
2024-11-01,S009,SKU00373,38,3,43.52
2024-11-01,S009,SKU00316,54,3,9.13
2024-11-01,S009,SKU00051,48,8,21.15
2024-11-01,S009,SKU00216,41,17,35.17
2024-11-01,S009,SKU00383,25,22,21.74
2024-11-01,S009,SKU00375,37,11,23.14
2024-11-01,S009,SKU00180,12,0,18.4
2024-11-01,S009,SKU00101,53,11,13.03
2024-11-01,S009,SKU00284,31,17,20.24
2024-11-01,S009,SKU00249,43,5,14.24
2024-11-01,S009,SKU00369,43,16,27.28
2024-11-01,S010,SKU00084,61,20,22.85
2024-11-01,S010,SKU00270,17,23,23.19
2024-11-01,S010,SKU00045,21,11,19.14
2024-11-01,S010,SKU00149,21,0,16.9
2024-11-01,S010,SKU00295,45,0,21.15
2024-11-01,S010,SKU00223,33,22,14.14
2024-11-01,S010,SKU00081,43,13,16.01
2024-11-01,S010,SKU00116,33,13,40.0
2024-11-01,S010,SKU00037,32,11,14.43
2024-11-01,S010,SKU00344,51,14,6.67
2024-11-01,S010,SKU00172,35,4,9.82
2024-11-01,S010,SKU00302,10,25,11.51
2024-11-01,S010,SKU00328,36,7,20.31
2024-11-01,S010,SKU00180,36,3,18.4
2024-11-01,S010,SKU00385,44,22,24.15
2024-11-01,S010,SKU00212,40,14,8.51
2024-11-01,S010,SKU00362,60,16,17.84
2024-11-01,S010,SKU00153,51,17,27.58
2024-11-01,S010,SKU00120,35,0,10.19
2024-11-01,S010,SKU00086,28,29,27.42
2024-11-01,S010,SKU00067,25,5,12.5
2024-11-01,S010,SKU00268,27,24,22.72
2024-11-01,S010,SKU00147,34,9,26.65
2024-11-01,S010,SKU00075,22,14,19.82
2024-11-01,S010,SKU00294,29,7,21.46
2024-11-01,S010,SKU00054,67,9,12.05
2024-11-01,S010,SKU00128,51,28,12.06
2024-11-01,S010,SKU00127,39,13,18.2
2024-11-01,S010,SKU00216,37,12,35.17
2024-11-01,S010,SKU00244,48,21,14.65
2024-11-01,S010,SKU00151,38,21,7.16
2024-11-01,S010,SKU00321,29,12,8.77
2024-11-01,S010,SKU00175,34,8,22.23
2024-11-01,S010,SKU00195,31,26,20.76
2024-11-01,S010,SKU00312,46,12,19.86
2024-11-01,S010,SKU00185,36,12,22.74
2024-11-01,S010,SKU00232,25,14,17.89
2024-11-01,S010,SKU00259,17,20,16.74
2024-11-01,S010,SKU00072,58,18,22.01
2024-11-01,S010,SKU00143,22,11,9.07
2024-11-01,S010,SKU00323,38,27,17.89
2024-11-01,S010,SKU00372,59,7,8.73
2024-11-01,S010,SKU00167,44,15,11.09
2024-11-01,S010,SKU00381,30,14,29.5
2024-11-01,S010,SKU00040,17,10,18.22
2024-11-01,S010,SKU00278,38,16,29.28
2024-11-01,S010,SKU00178,35,8,23.85
2024-11-01,S010,SKU00104,12,21,30.27
2024-11-01,S010,SKU00326,39,27,21.09
2024-11-01,S010,SKU00395,40,24,14.64
2024-11-01,S010,SKU00205,29,22,13.85
2024-11-01,S010,SKU00107,66,12,27.98
2024-11-01,S010,SKU00027,48,0,8.1
2024-11-01,S010,SKU00347,59,8,35.52
2024-11-01,S010,SKU00168,16,21,18.6
2024-11-01,S010,SKU00066,67,10,21.71
2024-11-01,S010,SKU00325,19,3,11.47
2024-11-01,S010,SKU00030,28,15,9.58
2024-11-01,S010,SKU00191,46,13,24.12
2024-11-01,S010,SKU00357,49,14,14.08
2024-11-01,S011,SKU00067,34,18,12.5
2024-11-01,S011,SKU00258,38,8,29.8
2024-11-01,S011,SKU00315,52,24,25.73
2024-11-01,S011,SKU00378,19,6,16.37
2024-11-01,S011,SKU00367,29,10,23.63
2024-11-01,S011,SKU00222,52,31,21.69
2024-11-01,S011,SKU00076,44,10,16.2
2024-11-01,S011,SKU00085,39,5,21.5
2024-11-01,S011,SKU00387,35,11,19.03
2024-11-01,S011,SKU00295,48,10,21.15
2024-11-01,S011,SKU00020,52,34,19.96
2024-11-01,S011,SKU00086,37,16,27.42
2024-11-01,S011,SKU00244,51,23,14.65
2024-11-01,S011,SKU00204,50,9,22.75
2024-11-01,S011,SKU00061,45,2,13.6
2024-11-01,S011,SKU00224,13,15,28.25
2024-11-01,S011,SKU00273,46,6,21.29
2024-11-01,S011,SKU00183,11,18,7.71
2024-11-01,S011,SKU00338,21,7,23.32
2024-11-01,S011,SKU00063,24,16,13.32
2024-11-01,S011,SKU00110,60,32,22.59
2024-11-01,S011,SKU00157,43,10,26.67
2024-11-01,S011,SKU00062,49,8,21.8
2024-11-01,S011,SKU00074,55,8,28.23
2024-11-01,S011,SKU00329,35,19,21.42
2024-11-01,S011,SKU00060,32,0,30.63
2024-11-01,S011,SKU00059,40,7,18.63
2024-11-01,S011,SKU00002,20,16,22.95
2024-11-01,S011,SKU00066,43,5,21.71
2024-11-01,S011,SKU00309,35,13,27.53
2024-11-01,S011,SKU00084,32,8,22.85
2024-11-01,S011,SKU00172,67,13,9.82
2024-11-01,S011,SKU00381,40,29,29.5
2024-11-01,S011,SKU00153,53,14,27.58
2024-11-01,S011,SKU00198,13,13,25.14
2024-11-01,S011,SKU00305,31,18,19.27
2024-11-01,S011,SKU00324,30,13,27.35
2024-11-01,S011,SKU00081,36,10,16.01
2024-11-01,S011,SKU00325,28,23,11.47
2024-11-01,S011,SKU00344,33,30,6.67
2024-11-01,S011,SKU00247,23,13,19.17
2024-11-01,S011,SKU00073,0,18,31.53
2024-11-01,S011,SKU00241,31,10,22.03
2024-11-01,S011,SKU00128,42,6,12.06
2024-11-01,S011,SKU00044,46,11,16.43
2024-11-01,S011,SKU00326,66,21,21.09
2024-11-01,S011,SKU00038,25,12,22.05
2024-11-01,S011,SKU00294,32,3,21.46
2024-11-01,S011,SKU00191,40,1,24.12
2024-11-01,S011,SKU00230,46,17,28.51
2024-11-01,S011,SKU00197,8,2,14.73
2024-11-01,S011,SKU00087,62,20,9.32
2024-11-01,S011,SKU00211,29,11,37.2
2024-11-01,S011,SKU00150,53,14,17.58
2024-11-01,S011,SKU00363,59,20,19.67
2024-11-01,S011,SKU00354,21,15,16.32
2024-11-01,S011,SKU00127,27,7,18.2
2024-11-01,S011,SKU00003,44,11,19.34
2024-11-01,S011,SKU00035,18,15,34.51
2024-11-01,S011,SKU00359,41,11,12.22
2024-11-01,S012,SKU00178,61,6,23.85
2024-11-01,S012,SKU00353,26,5,28.84
2024-11-01,S012,SKU00187,30,10,25.15
2024-11-01,S012,SKU00102,44,9,7.81
2024-11-01,S012,SKU00126,63,11,25.54
2024-11-01,S012,SKU00151,50,6,7.16
2024-11-01,S012,SKU00197,40,23,14.73
2024-11-01,S012,SKU00049,46,12,21.35
2024-11-01,S012,SKU00082,32,20,18.27
2024-11-01,S012,SKU00062,49,8,21.8
2024-11-01,S012,SKU00071,68,13,18.24
2024-11-01,S012,SKU00214,28,8,47.96
2024-11-01,S012,SKU00210,41,22,17.08
2024-11-01,S012,SKU00114,43,14,16.42
2024-11-01,S012,SKU00152,43,18,34.48
2024-11-01,S012,SKU00063,33,5,13.32
2024-11-01,S012,SKU00368,29,0,14.01
2024-11-01,S012,SKU00041,28,13,19.41
2024-11-01,S012,SKU00161,34,21,6.86
2024-11-01,S012,SKU00366,61,16,12.66
2024-11-01,S012,SKU00034,47,12,25.34
2024-11-01,S012,SKU00347,33,15,35.52
2024-11-01,S012,SKU00388,32,19,18.08
2024-11-01,S012,SKU00363,50,5,19.67
2024-11-01,S012,SKU00389,38,21,26.23
2024-11-01,S012,SKU00217,39,28,19.37
2024-11-01,S012,SKU00153,21,3,27.58
2024-11-01,S012,SKU00188,37,9,22.21
2024-11-01,S012,SKU00206,55,16,12.31
2024-11-01,S012,SKU00149,41,11,16.9
2024-11-01,S012,SKU00355,33,12,17.98
2024-11-01,S012,SKU00270,54,0,23.19
2024-11-01,S012,SKU00093,21,22,20.73
2024-11-01,S012,SKU00108,33,27,8.67
2024-11-01,S012,SKU00100,50,12,7.48
2024-11-01,S012,SKU00202,21,16,41.7
2024-11-01,S012,SKU00209,42,20,40.26
2024-11-01,S012,SKU00240,34,11,30.32
2024-11-01,S012,SKU00135,40,10,21.41
2024-11-01,S012,SKU00265,51,7,15.45
2024-11-01,S012,SKU00329,44,29,21.42
2024-11-01,S012,SKU00040,35,11,18.22
2024-11-01,S012,SKU00078,43,14,9.74
2024-11-01,S012,SKU00275,32,19,24.1
2024-11-01,S012,SKU00310,16,5,23.34
2024-11-01,S012,SKU00069,34,10,10.26
2024-11-01,S012,SKU00259,7,17,16.74
2024-11-01,S012,SKU00342,51,28,17.51
2024-11-01,S012,SKU00251,65,19,16.74
2024-11-01,S012,SKU00235,40,25,17.69
2024-11-01,S012,SKU00292,15,13,27.78
2024-11-01,S012,SKU00255,41,19,33.68
2024-11-01,S012,SKU00222,27,2,21.69
2024-11-01,S012,SKU00091,44,13,16.61
2024-11-01,S012,SKU00245,52,16,19.78
2024-11-01,S012,SKU00129,45,6,17.3
2024-11-01,S012,SKU00343,45,14,25.69
2024-11-01,S012,SKU00400,31,14,16.59
2024-11-01,S012,SKU00179,38,22,8.72
2024-11-01,S012,SKU00330,31,31,28.29
2024-11-01,S013,SKU00103,45,7,12.99
2024-11-01,S013,SKU00086,53,30,27.42
2024-11-01,S013,SKU00132,41,4,18.85
2024-11-01,S013,SKU00379,29,15,19.61
2024-11-01,S013,SKU00324,38,32,27.35
2024-11-01,S013,SKU00264,21,24,13.51
2024-11-01,S013,SKU00056,34,18,21.74
2024-11-01,S013,SKU00320,49,5,13.56
2024-11-01,S013,SKU00381,34,12,29.5
2024-11-01,S013,SKU00008,26,29,14.83
2024-11-01,S013,SKU00291,37,20,20.61
2024-11-01,S013,SKU00174,42,24,23.97
2024-11-01,S013,SKU00134,54,15,22.15
2024-11-01,S013,SKU00219,15,19,24.96
2024-11-01,S013,SKU00079,53,16,18.54
2024-11-01,S013,SKU00370,3,4,19.59
2024-11-01,S013,SKU00135,36,24,21.41
2024-11-01,S013,SKU00083,51,20,22.59
2024-11-01,S013,SKU00368,32,10,14.01
2024-11-01,S013,SKU00034,48,34,25.34
2024-11-01,S013,SKU00300,31,26,19.9
2024-11-01,S013,SKU00171,58,11,26.18
2024-11-01,S013,SKU00239,42,23,7.57
2024-11-01,S013,SKU00345,24,21,21.99
2024-11-01,S013,SKU00070,41,14,19.96
2024-11-01,S013,SKU00100,39,10,7.48
2024-11-01,S013,SKU00107,26,13,27.98
2024-11-01,S013,SKU00047,62,17,30.28
2024-11-01,S013,SKU00204,55,26,22.75
2024-11-01,S013,SKU00380,25,14,21.56
2024-11-01,S013,SKU00168,36,2,18.6
2024-11-01,S013,SKU00059,54,26,18.63
2024-11-01,S013,SKU00366,41,20,12.66
2024-11-01,S013,SKU00072,51,20,22.01
2024-11-01,S013,SKU00130,36,24,29.35
2024-11-01,S013,SKU00332,55,20,53.2
2024-11-01,S013,SKU00328,48,9,20.31
2024-11-01,S013,SKU00140,44,18,22.39
2024-11-01,S013,SKU00106,66,14,11.12
2024-11-01,S013,SKU00397,25,13,24.95
2024-11-01,S013,SKU00221,37,23,18.46
2024-11-01,S013,SKU00001,8,6,20.02
2024-11-01,S013,SKU00357,19,15,14.08
2024-11-01,S013,SKU00095,27,25,27.04
2024-11-01,S013,SKU00084,15,15,22.85
2024-11-01,S013,SKU00258,57,10,29.8
2024-11-01,S013,SKU00281,14,11,24.82
2024-11-01,S013,SKU00251,55,18,16.74
2024-11-01,S013,SKU00146,40,12,30.59
2024-11-01,S013,SKU00329,35,21,21.42
2024-11-01,S013,SKU00288,47,24,22.22
2024-11-01,S013,SKU00002,39,14,22.95
2024-11-01,S013,SKU00372,18,18,8.73
2024-11-01,S013,SKU00091,25,43,16.61
2024-11-01,S013,SKU00150,43,29,17.58
2024-11-01,S013,SKU00303,20,1,27.57
2024-11-01,S013,SKU00257,56,3,12.09
2024-11-01,S013,SKU00032,35,18,26.13
2024-11-01,S013,SKU00265,27,1,15.45
2024-11-01,S013,SKU00261,23,10,33.76
2024-11-01,S014,SKU00397,13,18,24.95
2024-11-01,S014,SKU00128,30,8,12.06
2024-11-01,S014,SKU00369,24,9,27.28
2024-11-01,S014,SKU00381,43,12,29.5
2024-11-01,S014,SKU00236,34,16,14.52
2024-11-01,S014,SKU00334,33,35,7.9
2024-11-01,S014,SKU00233,37,13,14.08
2024-11-01,S014,SKU00361,42,12,22.51
2024-11-01,S014,SKU00175,44,10,22.23
2024-11-01,S014,SKU00151,26,5,7.16
2024-11-01,S014,SKU00394,39,0,10.9
2024-11-01,S014,SKU00214,3,15,47.96
2024-11-01,S014,SKU00280,59,8,11.07
2024-11-01,S014,SKU00130,55,18,29.35
2024-11-01,S014,SKU00283,67,16,35.29
2024-11-01,S014,SKU00026,73,25,28.01
2024-11-01,S014,SKU00210,12,20,17.08
2024-11-01,S014,SKU00161,36,29,6.86
2024-11-01,S014,SKU00218,31,10,10.78
2024-11-01,S014,SKU00242,27,15,23.88
2024-11-01,S014,SKU00388,34,13,18.08
2024-11-01,S014,SKU00011,19,5,17.51
2024-11-01,S014,SKU00352,72,22,23.46
2024-11-01,S014,SKU00152,58,14,34.48
2024-11-01,S014,SKU00362,41,23,17.84
2024-11-01,S014,SKU00370,30,12,19.59
2024-11-01,S014,SKU00321,41,25,8.77
2024-11-01,S014,SKU00029,46,11,18.21
2024-11-01,S014,SKU00398,10,20,31.97
2024-11-01,S014,SKU00164,68,15,20.75
2024-11-01,S014,SKU00330,59,22,28.29
2024-11-01,S014,SKU00170,38,0,19.07
2024-11-01,S014,SKU00380,39,13,21.56
2024-11-01,S014,SKU00023,45,20,23.51
2024-11-01,S014,SKU00343,56,15,25.69
2024-11-01,S014,SKU00101,64,16,13.03
2024-11-01,S014,SKU00134,64,25,22.15
2024-11-01,S014,SKU00355,56,17,17.98
2024-11-01,S014,SKU00245,54,21,19.78
2024-11-01,S014,SKU00010,16,19,22.61
2024-11-01,S014,SKU00159,37,15,20.64
2024-11-01,S014,SKU00081,48,19,16.01
2024-11-01,S014,SKU00153,40,16,27.58
2024-11-01,S014,SKU00078,9,13,9.74
2024-11-01,S014,SKU00239,42,17,7.57
2024-11-01,S014,SKU00086,46,17,27.42
2024-11-01,S014,SKU00246,53,9,19.79
2024-11-01,S014,SKU00387,75,10,19.03
2024-11-01,S014,SKU00250,37,15,22.08
2024-11-01,S014,SKU00132,53,25,18.85
2024-11-01,S014,SKU00273,42,12,21.29
2024-11-01,S014,SKU00113,47,12,20.63
2024-11-01,S014,SKU00275,47,14,24.1
2024-11-01,S014,SKU00111,46,0,22.67
2024-11-01,S014,SKU00038,39,13,22.05
2024-11-01,S014,SKU00337,52,24,20.41
2024-11-01,S014,SKU00396,53,8,6.08
2024-11-01,S014,SKU00344,50,18,6.67
2024-11-01,S014,SKU00154,24,21,36.04
2024-11-01,S014,SKU00290,100,6,20.85
2024-11-01,S015,SKU00173,40,18,24.41
2024-11-01,S015,SKU00234,2,12,14.14
2024-11-01,S015,SKU00145,54,7,13.72
2024-11-01,S015,SKU00016,12,21,20.2
2024-11-01,S015,SKU00379,29,13,19.61
2024-11-01,S015,SKU00190,29,14,23.47
2024-11-01,S015,SKU00351,60,19,20.29
2024-11-01,S015,SKU00116,67,12,40.0
2024-11-01,S015,SKU00388,52,13,18.08
2024-11-01,S015,SKU00115,46,12,16.78
2024-11-01,S015,SKU00253,52,21,19.63
2024-11-01,S015,SKU00254,39,18,12.16
2024-11-01,S015,SKU00008,22,17,14.83
2024-11-01,S015,SKU00333,41,14,19.02
2024-11-01,S015,SKU00127,18,11,18.2
2024-11-01,S015,SKU00079,45,13,18.54
2024-11-01,S015,SKU00303,31,8,27.57
2024-11-01,S015,SKU00245,48,11,19.78
2024-11-01,S015,SKU00023,54,13,23.51
2024-11-01,S015,SKU00369,27,7,27.28
2024-11-01,S015,SKU00151,34,31,7.16
2024-11-01,S015,SKU00084,33,6,22.85
2024-11-01,S015,SKU00289,43,19,20.83
2024-11-01,S015,SKU00149,5,13,16.9
2024-11-01,S015,SKU00269,30,10,13.31
2024-11-01,S015,SKU00169,64,7,15.35
2024-11-01,S015,SKU00133,43,28,10.11
2024-11-01,S015,SKU00039,32,6,31.34
2024-11-01,S015,SKU00367,56,19,23.63
2024-11-01,S015,SKU00022,55,19,10.6
2024-11-01,S015,SKU00060,52,17,30.63
2024-11-01,S015,SKU00196,61,20,14.66
2024-11-01,S015,SKU00272,47,13,18.35
2024-11-01,S015,SKU00386,10,12,24.27
2024-11-01,S015,SKU00040,48,15,18.22
2024-11-01,S015,SKU00052,37,12,25.94
2024-11-01,S015,SKU00307,45,21,19.13
2024-11-01,S015,SKU00332,72,6,53.2
2024-11-01,S015,SKU00035,33,5,34.51
2024-11-01,S015,SKU00048,68,1,35.43
2024-11-01,S015,SKU00006,46,13,22.21
2024-11-01,S015,SKU00068,34,12,9.04
2024-11-01,S015,SKU00154,25,16,36.04
2024-11-01,S015,SKU00334,27,5,7.9
2024-11-01,S015,SKU00103,22,5,12.99
2024-11-01,S015,SKU00363,42,22,19.67
2024-11-01,S015,SKU00025,39,20,18.13
2024-11-01,S015,SKU00322,62,14,9.39
2024-11-01,S015,SKU00319,54,5,18.17
2024-11-01,S015,SKU00312,43,22,19.86
2024-11-01,S015,SKU00349,35,4,11.12
2024-11-01,S015,SKU00335,29,10,10.25
2024-11-01,S015,SKU00261,36,20,33.76
2024-11-01,S015,SKU00318,46,20,20.51
2024-11-01,S015,SKU00283,42,16,35.29
2024-11-01,S015,SKU00106,45,6,11.12
2024-11-01,S015,SKU00046,24,14,11.26
2024-11-01,S015,SKU00377,41,1,24.12
2024-11-01,S015,SKU00215,26,13,20.75
2024-11-01,S015,SKU00354,49,19,16.32
2024-11-01,S016,SKU00074,41,10,28.23
2024-11-01,S016,SKU00104,55,5,30.27
2024-11-01,S016,SKU00304,29,14,13.37
2024-11-01,S016,SKU00109,32,11,32.26
2024-11-01,S016,SKU00201,55,19,17.59
2024-11-01,S016,SKU00125,49,7,14.87
2024-11-01,S016,SKU00192,20,19,15.31
2024-11-01,S016,SKU00276,30,2,8.52
2024-11-01,S016,SKU00390,41,20,20.94
2024-11-01,S016,SKU00252,48,19,35.29
2024-11-01,S016,SKU00052,16,7,25.94
2024-11-01,S016,SKU00108,11,4,8.67
2024-11-01,S016,SKU00062,52,3,21.8
2024-11-01,S016,SKU00045,11,20,19.14
2024-11-01,S016,SKU00026,4,8,28.01
2024-11-01,S016,SKU00015,40,22,25.51
2024-11-01,S016,SKU00010,76,13,22.61
2024-11-01,S016,SKU00044,48,10,16.43
2024-11-01,S016,SKU00002,24,23,22.95
2024-11-01,S016,SKU00274,19,13,8.22
2024-11-01,S016,SKU00313,71,11,21.61
2024-11-01,S016,SKU00130,55,12,29.35
2024-11-01,S016,SKU00106,15,11,11.12
2024-11-01,S016,SKU00168,63,0,18.6
2024-11-01,S016,SKU00296,28,17,18.93
2024-11-01,S016,SKU00380,56,17,21.56
2024-11-01,S016,SKU00265,34,18,15.45
2024-11-01,S016,SKU00036,13,18,15.82
2024-11-01,S016,SKU00132,49,14,18.85
2024-11-01,S016,SKU00023,22,22,23.51
2024-11-01,S016,SKU00204,27,20,22.75
2024-11-01,S016,SKU00397,49,23,24.95
2024-11-01,S016,SKU00292,40,12,27.78
2024-11-01,S016,SKU00064,21,14,14.1
2024-11-01,S016,SKU00083,35,16,22.59
2024-11-01,S016,SKU00018,46,29,11.75
2024-11-01,S016,SKU00250,42,18,22.08
2024-11-01,S016,SKU00263,59,16,12.54
2024-11-01,S016,SKU00267,4,10,32.29
2024-11-01,S016,SKU00280,43,14,11.07
2024-11-01,S016,SKU00178,39,20,23.85
2024-11-01,S016,SKU00211,36,19,37.2
2024-11-01,S016,SKU00230,0,13,28.51
2024-11-01,S016,SKU00377,47,11,24.12
2024-11-01,S016,SKU00258,46,12,29.8
2024-11-01,S016,SKU00174,24,16,23.97
2024-11-01,S016,SKU00399,61,4,25.01
2024-11-01,S016,SKU00316,52,18,9.13
2024-11-01,S016,SKU00311,71,15,23.51
2024-11-01,S016,SKU00181,6,16,21.21
2024-11-01,S016,SKU00160,55,16,18.48
2024-11-01,S016,SKU00031,42,10,18.97
2024-11-01,S016,SKU00172,48,0,9.82
2024-11-01,S016,SKU00310,39,25,23.34
2024-11-01,S016,SKU00208,37,14,7.02
2024-11-01,S016,SKU00227,47,12,38.72
2024-11-01,S016,SKU00196,18,3,14.66
2024-11-01,S016,SKU00332,22,3,53.2
2024-11-01,S016,SKU00205,53,11,13.85
2024-11-01,S016,SKU00027,17,11,8.1
2024-11-01,S017,SKU00382,32,26,8.38
2024-11-01,S017,SKU00144,55,21,12.22
2024-11-01,S017,SKU00151,29,2,7.16
2024-11-01,S017,SKU00258,57,22,29.8
2024-11-01,S017,SKU00217,45,23,19.37
2024-11-01,S017,SKU00282,41,16,31.83
2024-11-01,S017,SKU00398,13,23,31.97
2024-11-01,S017,SKU00028,49,23,14.87
2024-11-01,S017,SKU00303,23,22,27.57
2024-11-01,S017,SKU00163,27,10,15.73
2024-11-01,S017,SKU00373,0,16,43.52
2024-11-01,S017,SKU00365,51,14,9.96
2024-11-01,S017,SKU00385,9,20,24.15
2024-11-01,S017,SKU00351,51,14,20.29
2024-11-01,S017,SKU00165,39,8,12.62
2024-11-01,S017,SKU00100,33,18,7.48
2024-11-01,S017,SKU00286,23,22,25.41
2024-11-01,S017,SKU00011,27,9,17.51
2024-11-01,S017,SKU00139,22,21,19.06
2024-11-01,S017,SKU00142,22,23,22.57
2024-11-01,S017,SKU00228,33,21,42.12
2024-11-01,S017,SKU00055,40,8,24.5
2024-11-01,S017,SKU00299,18,27,21.87
2024-11-01,S017,SKU00190,58,11,23.47
2024-11-01,S017,SKU00008,61,16,14.83
2024-11-01,S017,SKU00159,40,13,20.64
2024-11-01,S017,SKU00064,65,4,14.1
2024-11-01,S017,SKU00099,29,7,12.91
2024-11-01,S017,SKU00207,64,11,16.29
2024-11-01,S017,SKU00247,54,20,19.17
2024-11-01,S017,SKU00048,42,0,35.43
2024-11-01,S017,SKU00054,71,9,12.05
2024-11-01,S017,SKU00319,27,15,18.17
2024-11-01,S017,SKU00226,37,0,37.85
2024-11-01,S017,SKU00171,44,22,26.18
2024-11-01,S017,SKU00221,21,32,18.46
2024-11-01,S017,SKU00013,44,3,15.96
2024-11-01,S017,SKU00241,46,21,22.03
2024-11-01,S017,SKU00179,39,27,8.72
2024-11-01,S017,SKU00216,44,7,35.17
2024-11-01,S017,SKU00359,50,17,12.22
2024-11-01,S017,SKU00187,48,14,25.15
2024-11-01,S017,SKU00252,47,14,35.29
2024-11-01,S017,SKU00352,38,8,23.46
2024-11-01,S017,SKU00153,40,0,27.58
2024-11-01,S017,SKU00348,25,20,24.11
2024-11-01,S017,SKU00329,44,17,21.42
2024-11-01,S017,SKU00369,62,15,27.28
2024-11-01,S017,SKU00208,22,25,7.02
2024-11-01,S017,SKU00350,49,6,24.41
2024-11-01,S017,SKU00378,40,14,16.37
2024-11-01,S017,SKU00312,26,18,19.86
2024-11-01,S017,SKU00209,55,13,40.26
2024-11-01,S017,SKU00362,39,16,17.84
2024-11-01,S017,SKU00032,44,2,26.13
2024-11-01,S017,SKU00326,70,17,21.09
2024-11-01,S017,SKU00101,22,19,13.03
2024-11-01,S017,SKU00036,26,24,15.82
2024-11-01,S017,SKU00181,59,15,21.21
2024-11-01,S017,SKU00198,48,24,25.14
2024-11-01,S018,SKU00058,32,19,33.62
2024-11-01,S018,SKU00039,26,13,31.34
2024-11-01,S018,SKU00145,49,12,13.72
2024-11-01,S018,SKU00301,47,15,13.89
2024-11-01,S018,SKU00002,40,10,22.95
2024-11-01,S018,SKU00048,46,29,35.43
2024-11-01,S018,SKU00400,42,15,16.59
2024-11-01,S018,SKU00336,29,12,21.13
2024-11-01,S018,SKU00381,48,21,29.5
2024-11-01,S018,SKU00090,39,18,19.09
2024-11-01,S018,SKU00128,29,10,12.06
2024-11-01,S018,SKU00327,42,12,24.66
2024-11-01,S018,SKU00391,46,10,20.67
2024-11-01,S018,SKU00027,43,33,8.1
2024-11-01,S018,SKU00051,24,17,21.15
2024-11-01,S018,SKU00237,31,17,22.91
2024-11-01,S018,SKU00185,32,16,22.74
2024-11-01,S018,SKU00009,40,16,21.87
2024-11-01,S018,SKU00304,49,16,13.37
2024-11-01,S018,SKU00337,44,6,20.41
2024-11-01,S018,SKU00014,31,23,17.1
2024-11-01,S018,SKU00067,58,8,12.5
2024-11-01,S018,SKU00303,49,13,27.57
2024-11-01,S018,SKU00266,23,11,15.48
2024-11-01,S018,SKU00143,36,21,9.07
2024-11-01,S018,SKU00166,42,9,26.57
2024-11-01,S018,SKU00032,27,24,26.13
2024-11-01,S018,SKU00287,75,9,23.44
2024-11-01,S018,SKU00244,45,19,14.65
2024-11-01,S018,SKU00105,57,11,24.88
2024-11-01,S018,SKU00196,52,8,14.66
2024-11-01,S018,SKU00038,45,11,22.05
2024-11-01,S018,SKU00389,44,4,26.23
2024-11-01,S018,SKU00191,0,19,24.12
2024-11-01,S018,SKU00003,51,18,19.34
2024-11-01,S018,SKU00065,39,16,21.23
2024-11-01,S018,SKU00369,39,10,27.28
2024-11-01,S018,SKU00188,51,21,22.21
2024-11-01,S018,SKU00165,33,27,12.62
2024-11-01,S018,SKU00114,25,15,16.42
2024-11-01,S018,SKU00335,56,10,10.25
2024-11-01,S018,SKU00221,33,6,18.46
2024-11-01,S018,SKU00016,19,14,20.2
2024-11-01,S018,SKU00180,33,8,18.4
2024-11-01,S018,SKU00041,43,16,19.41
2024-11-01,S018,SKU00107,9,26,27.98
2024-11-01,S018,SKU00387,33,18,19.03
2024-11-01,S018,SKU00292,57,9,27.78
2024-11-01,S018,SKU00329,34,4,21.42
2024-11-01,S018,SKU00068,51,15,9.04
2024-11-01,S018,SKU00157,50,1,26.67
2024-11-01,S018,SKU00176,7,19,14.59
2024-11-01,S018,SKU00123,33,12,17.11
2024-11-01,S018,SKU00147,24,11,26.65
2024-11-01,S018,SKU00074,28,10,28.23
2024-11-01,S018,SKU00238,35,25,47.65
2024-11-01,S018,SKU00324,27,11,27.35
2024-11-01,S018,SKU00015,19,22,25.51
2024-11-01,S018,SKU00349,54,23,11.12
2024-11-01,S018,SKU00313,31,22,21.61
2024-11-01,S019,SKU00151,43,20,7.16
2024-11-01,S019,SKU00207,47,12,16.29
2024-11-01,S019,SKU00025,54,12,18.13
2024-11-01,S019,SKU00184,24,21,15.79
2024-11-01,S019,SKU00051,36,13,21.15
2024-11-01,S019,SKU00348,22,12,24.11
2024-11-01,S019,SKU00336,43,20,21.13
2024-11-01,S019,SKU00077,12,14,7.81
2024-11-01,S019,SKU00323,42,17,17.89
2024-11-01,S019,SKU00148,61,25,18.3
2024-11-01,S019,SKU00356,46,16,6.76
2024-11-01,S019,SKU00225,36,8,14.42
2024-11-01,S019,SKU00054,17,11,12.05
2024-11-01,S019,SKU00325,13,22,11.47
2024-11-01,S019,SKU00291,45,20,20.61
2024-11-01,S019,SKU00057,29,19,19.41
2024-11-01,S019,SKU00253,52,20,19.63
2024-11-01,S019,SKU00190,40,12,23.47
2024-11-01,S019,SKU00256,47,20,16.17
2024-11-01,S019,SKU00240,28,25,30.32
2024-11-01,S019,SKU00379,22,18,19.61
2024-11-01,S019,SKU00213,29,12,21.39
2024-11-01,S019,SKU00101,35,14,13.03
2024-11-01,S019,SKU00370,42,14,19.59
2024-11-01,S019,SKU00127,28,8,18.2
2024-11-01,S019,SKU00167,45,14,11.09
2024-11-01,S019,SKU00108,32,1,8.67
2024-11-01,S019,SKU00080,15,14,21.0
2024-11-01,S019,SKU00121,39,14,21.13
2024-11-01,S019,SKU00216,25,22,35.17
2024-11-01,S019,SKU00152,33,12,34.48
2024-11-01,S019,SKU00382,60,12,8.38
2024-11-01,S019,SKU00398,45,21,31.97
2024-11-01,S019,SKU00017,51,14,22.2
2024-11-01,S019,SKU00063,40,9,13.32
2024-11-01,S019,SKU00040,29,19,18.22
2024-11-01,S019,SKU00288,36,20,22.22
2024-11-01,S019,SKU00132,44,28,18.85
2024-11-01,S019,SKU00088,70,15,27.73
2024-11-01,S019,SKU00317,29,19,22.08
2024-11-01,S019,SKU00114,35,17,16.42
2024-11-01,S019,SKU00099,24,12,12.91
2024-11-01,S019,SKU00360,65,11,35.66
2024-11-01,S019,SKU00125,40,15,14.87
2024-11-01,S019,SKU00062,31,13,21.8
2024-11-01,S019,SKU00061,54,11,13.6
2024-11-01,S019,SKU00131,38,8,22.93
2024-11-01,S019,SKU00103,37,11,12.99
2024-11-01,S019,SKU00319,33,18,18.17
2024-11-01,S019,SKU00395,59,9,14.64
2024-11-01,S019,SKU00021,51,14,21.44
2024-11-01,S019,SKU00212,46,9,8.51
2024-11-01,S019,SKU00284,29,16,20.24
2024-11-01,S019,SKU00071,41,16,18.24
2024-11-01,S019,SKU00171,34,18,26.18
2024-11-01,S019,SKU00355,18,5,17.98
2024-11-01,S019,SKU00238,31,7,47.65
2024-11-01,S019,SKU00083,20,18,22.59
2024-11-01,S019,SKU00041,33,16,19.41
2024-11-01,S019,SKU00257,37,22,12.09
2024-11-01,S020,SKU00046,38,10,11.26
2024-11-01,S020,SKU00138,27,5,9.29
2024-11-01,S020,SKU00087,32,19,9.32
2024-11-01,S020,SKU00314,68,19,15.81
2024-11-01,S020,SKU00284,33,12,20.24
2024-11-01,S020,SKU00378,54,21,16.37
2024-11-01,S020,SKU00335,56,19,10.25
2024-11-01,S020,SKU00042,69,14,27.28
2024-11-01,S020,SKU00369,63,20,27.28
2024-11-01,S020,SKU00129,47,18,17.3
2024-11-01,S020,SKU00360,32,20,35.66
2024-11-01,S020,SKU00368,47,17,14.01
2024-11-01,S020,SKU00124,20,6,18.08
2024-11-01,S020,SKU00203,63,10,27.92
2024-11-01,S020,SKU00119,42,23,21.19
2024-11-01,S020,SKU00011,11,9,17.51
2024-11-01,S020,SKU00254,36,2,12.16
2024-11-01,S020,SKU00189,38,17,21.3
2024-11-01,S020,SKU00176,59,12,14.59
2024-11-01,S020,SKU00312,38,19,19.86
2024-11-01,S020,SKU00364,29,8,20.03
2024-11-01,S020,SKU00367,53,13,23.63
2024-11-01,S020,SKU00104,36,8,30.27
2024-11-01,S020,SKU00076,23,25,16.2
2024-11-01,S020,SKU00208,43,13,7.02
2024-11-01,S020,SKU00387,33,37,19.03
2024-11-01,S020,SKU00341,78,19,20.55
2024-11-01,S020,SKU00244,43,14,14.65
2024-11-01,S020,SKU00140,54,22,22.39
2024-11-01,S020,SKU00261,54,15,33.76
2024-11-01,S020,SKU00109,44,6,32.26
2024-11-01,S020,SKU00103,70,13,12.99
2024-11-01,S020,SKU00271,41,10,41.0
2024-11-01,S020,SKU00310,45,4,23.34
2024-11-01,S020,SKU00294,9,29,21.46
2024-11-01,S020,SKU00236,45,10,14.52
2024-11-01,S020,SKU00118,46,26,9.41
2024-11-01,S020,SKU00277,23,4,17.75
2024-11-01,S020,SKU00299,36,13,21.87
2024-11-01,S020,SKU00307,41,15,19.13
2024-11-01,S020,SKU00030,13,27,9.58
2024-11-01,S020,SKU00265,36,14,15.45
2024-11-01,S020,SKU00142,41,13,22.57
2024-11-01,S020,SKU00223,57,16,14.14
2024-11-01,S020,SKU00122,0,7,15.22
2024-11-01,S020,SKU00246,49,7,19.79
2024-11-01,S020,SKU00287,58,13,23.44
2024-11-01,S020,SKU00180,45,8,18.4
2024-11-01,S020,SKU00289,52,10,20.83
2024-11-01,S020,SKU00082,44,6,18.27
2024-11-01,S020,SKU00105,47,15,24.88
2024-11-01,S020,SKU00221,13,17,18.46
2024-11-01,S020,SKU00358,24,12,20.44
2024-11-01,S020,SKU00012,36,5,6.48
2024-11-01,S020,SKU00305,21,16,19.27
2024-11-01,S020,SKU00301,46,10,13.89
2024-11-01,S020,SKU00380,53,8,21.56
2024-11-01,S020,SKU00217,49,7,19.37
2024-11-01,S020,SKU00053,43,18,26.92
2024-11-01,S020,SKU00133,55,21,10.11
2024-11-01,S021,SKU00187,23,20,25.15
2024-11-01,S021,SKU00018,22,11,11.75
2024-11-01,S021,SKU00379,26,18,19.61
2024-11-01,S021,SKU00087,66,15,9.32
2024-11-01,S021,SKU00128,28,9,12.06
2024-11-01,S021,SKU00048,17,9,35.43
2024-11-01,S021,SKU00244,38,16,14.65
2024-11-01,S021,SKU00367,38,17,23.63
2024-11-01,S021,SKU00079,59,21,18.54
2024-11-01,S021,SKU00110,72,7,22.59
2024-11-01,S021,SKU00284,44,14,20.24
2024-11-01,S021,SKU00206,48,23,12.31
2024-11-01,S021,SKU00278,23,13,29.28
2024-11-01,S021,SKU00243,60,10,20.2
2024-11-01,S021,SKU00084,37,20,22.85
2024-11-01,S021,SKU00181,25,8,21.21
2024-11-01,S021,SKU00051,29,24,21.15
2024-11-01,S021,SKU00201,47,2,17.59
2024-11-01,S021,SKU00100,64,13,7.48
2024-11-01,S021,SKU00370,43,16,19.59
2024-11-01,S021,SKU00025,70,11,18.13
2024-11-01,S021,SKU00249,39,10,14.24
2024-11-01,S021,SKU00398,48,28,31.97
2024-11-01,S021,SKU00226,45,13,37.85
2024-11-01,S021,SKU00232,66,1,17.89
2024-11-01,S021,SKU00119,44,12,21.19
2024-11-01,S021,SKU00382,28,6,8.38
2024-11-01,S021,SKU00162,42,7,23.58
2024-11-01,S021,SKU00305,15,14,19.27
2024-11-01,S021,SKU00349,46,23,11.12
2024-11-01,S021,SKU00271,49,10,41.0
2024-11-01,S021,SKU00026,41,16,28.01
2024-11-01,S021,SKU00166,52,10,26.57
2024-11-01,S021,SKU00347,50,17,35.52
2024-11-01,S021,SKU00325,52,14,11.47
2024-11-01,S021,SKU00315,40,8,25.73
2024-11-01,S021,SKU00030,46,3,9.58
2024-11-01,S021,SKU00114,24,15,16.42
2024-11-01,S021,SKU00272,33,7,18.35
2024-11-01,S021,SKU00126,61,13,25.54
2024-11-01,S021,SKU00011,27,25,17.51
2024-11-01,S021,SKU00390,46,19,20.94
2024-11-01,S021,SKU00197,19,15,14.73
2024-11-01,S021,SKU00365,41,15,9.96
2024-11-01,S021,SKU00214,0,19,47.96
2024-11-01,S021,SKU00044,46,3,16.43
2024-11-01,S021,SKU00099,30,25,12.91
2024-11-01,S021,SKU00047,42,22,30.28
2024-11-01,S021,SKU00141,24,12,34.29
2024-11-01,S021,SKU00377,45,19,24.12
2024-11-01,S021,SKU00274,49,17,8.22
2024-11-01,S021,SKU00312,35,8,19.86
2024-11-01,S021,SKU00097,31,9,11.93
2024-11-01,S021,SKU00143,59,23,9.07
2024-11-01,S021,SKU00242,34,22,23.88
2024-11-01,S021,SKU00299,23,0,21.87
2024-11-01,S021,SKU00053,26,21,26.92
2024-11-01,S021,SKU00113,36,10,20.63
2024-11-01,S021,SKU00360,5,12,35.66
2024-11-01,S021,SKU00066,47,20,21.71
2024-11-01,S022,SKU00213,47,13,21.39
2024-11-01,S022,SKU00031,58,22,18.97
2024-11-01,S022,SKU00192,39,22,15.31
2024-11-01,S022,SKU00131,4,16,22.93
2024-11-01,S022,SKU00007,41,6,12.89
2024-11-01,S022,SKU00038,68,15,22.05
2024-11-01,S022,SKU00394,27,4,10.9
2024-11-01,S022,SKU00380,40,9,21.56
2024-11-01,S022,SKU00120,39,16,10.19
2024-11-01,S022,SKU00247,45,11,19.17
2024-11-01,S022,SKU00393,44,13,7.6
2024-11-01,S022,SKU00364,23,15,20.03
2024-11-01,S022,SKU00230,29,24,28.51
2024-11-01,S022,SKU00084,29,20,22.85
2024-11-01,S022,SKU00197,41,19,14.73
2024-11-01,S022,SKU00057,52,8,19.41
2024-11-01,S022,SKU00350,44,13,24.41
2024-11-01,S022,SKU00372,67,9,8.73
2024-11-01,S022,SKU00382,57,23,8.38
2024-11-01,S022,SKU00348,38,12,24.11
2024-11-01,S022,SKU00374,42,9,17.57
2024-11-01,S022,SKU00087,77,15,9.32
2024-11-01,S022,SKU00041,41,12,19.41
2024-11-01,S022,SKU00141,53,19,34.29
2024-11-01,S022,SKU00320,43,8,13.56
2024-11-01,S022,SKU00148,55,19,18.3
2024-11-01,S022,SKU00315,50,6,25.73
2024-11-01,S022,SKU00142,64,22,22.57
2024-11-01,S022,SKU00342,49,6,17.51
2024-11-01,S022,SKU00009,64,13,21.87
2024-11-01,S022,SKU00063,22,12,13.32
2024-11-01,S022,SKU00298,37,22,11.72
2024-11-01,S022,SKU00309,47,10,27.53
2024-11-01,S022,SKU00162,27,16,23.58
2024-11-01,S022,SKU00020,34,27,19.96
2024-11-01,S022,SKU00282,37,23,31.83
2024-11-01,S022,SKU00292,31,8,27.78
2024-11-01,S022,SKU00231,25,11,23.4
2024-11-01,S022,SKU00086,48,15,27.42
2024-11-01,S022,SKU00055,19,0,24.5
2024-11-01,S022,SKU00226,23,21,37.85
2024-11-01,S022,SKU00232,46,11,17.89
2024-11-01,S022,SKU00187,49,23,25.15
2024-11-01,S022,SKU00037,56,12,14.43
2024-11-01,S022,SKU00323,28,33,17.89
2024-11-01,S022,SKU00040,33,17,18.22
2024-11-01,S022,SKU00375,55,2,23.14
2024-11-01,S022,SKU00398,57,11,31.97
2024-11-01,S022,SKU00021,18,38,21.44
2024-11-01,S022,SKU00033,38,13,10.76
2024-11-01,S022,SKU00168,44,13,18.6
2024-11-01,S022,SKU00395,14,0,14.64
2024-11-01,S022,SKU00239,27,15,7.57
2024-11-01,S022,SKU00001,20,23,20.02
2024-11-01,S022,SKU00204,45,13,22.75
2024-11-01,S022,SKU00280,34,14,11.07
2024-11-01,S022,SKU00266,33,17,15.48
2024-11-01,S022,SKU00359,70,20,12.22
2024-11-01,S022,SKU00203,59,14,27.92
2024-11-01,S022,SKU00103,35,28,12.99
2024-11-01,S023,SKU00118,29,14,9.41
2024-11-01,S023,SKU00164,57,21,20.75
2024-11-01,S023,SKU00132,11,18,18.85
2024-11-01,S023,SKU00216,47,17,35.17
2024-11-01,S023,SKU00085,10,7,21.5
2024-11-01,S023,SKU00027,35,6,8.1
2024-11-01,S023,SKU00095,36,10,27.04
2024-11-01,S023,SKU00396,52,27,6.08
2024-11-01,S023,SKU00156,48,18,13.5
2024-11-01,S023,SKU00285,24,21,16.17
2024-11-01,S023,SKU00264,36,10,13.51
2024-11-01,S023,SKU00098,9,17,23.96
2024-11-01,S023,SKU00336,11,17,21.13
2024-11-01,S023,SKU00037,38,28,14.43
2024-11-01,S023,SKU00271,18,30,41.0
2024-11-01,S023,SKU00267,0,18,32.29
2024-11-01,S023,SKU00196,26,10,14.66
2024-11-01,S023,SKU00142,65,19,22.57
2024-11-01,S023,SKU00010,51,9,22.61
2024-11-01,S023,SKU00291,40,17,20.61
2024-11-01,S023,SKU00068,58,0,9.04
2024-11-01,S023,SKU00050,29,24,9.35
2024-11-01,S023,SKU00122,51,15,15.22
2024-11-01,S023,SKU00275,15,20,24.1
2024-11-01,S023,SKU00385,48,0,24.15
2024-11-01,S023,SKU00330,25,29,28.29
2024-11-01,S023,SKU00364,54,10,20.03
2024-11-01,S023,SKU00173,29,14,24.41
2024-11-01,S023,SKU00371,51,13,23.22
2024-11-01,S023,SKU00387,9,13,19.03
2024-11-01,S023,SKU00357,53,21,14.08
2024-11-01,S023,SKU00061,55,6,13.6
2024-11-01,S023,SKU00246,47,20,19.79
2024-11-01,S023,SKU00097,39,18,11.93
2024-11-01,S023,SKU00184,39,22,15.79
2024-11-01,S023,SKU00292,46,15,27.78
2024-11-01,S023,SKU00076,61,5,16.2
2024-11-01,S023,SKU00024,25,25,19.95
2024-11-01,S023,SKU00206,37,3,12.31
2024-11-01,S023,SKU00054,25,12,12.05
2024-11-01,S023,SKU00197,52,10,14.73
2024-11-01,S023,SKU00214,47,17,47.96
2024-11-01,S023,SKU00346,27,7,46.67
2024-11-01,S023,SKU00234,42,18,14.14
2024-11-01,S023,SKU00227,23,16,38.72
2024-11-01,S023,SKU00162,73,31,23.58
2024-11-01,S023,SKU00001,72,15,20.02
2024-11-01,S023,SKU00084,40,14,22.85
2024-11-01,S023,SKU00198,24,11,25.14
2024-11-01,S023,SKU00177,34,18,24.36
2024-11-01,S023,SKU00134,44,15,22.15
2024-11-01,S023,SKU00326,72,21,21.09
2024-11-01,S023,SKU00309,47,12,27.53
2024-11-01,S023,SKU00150,50,16,17.58
2024-11-01,S023,SKU00302,46,14,11.51
2024-11-01,S023,SKU00229,45,16,28.44
2024-11-01,S023,SKU00272,32,9,18.35
2024-11-01,S023,SKU00312,26,3,19.86
2024-11-01,S023,SKU00373,42,20,43.52
2024-11-01,S023,SKU00131,47,18,22.93
2024-11-01,S024,SKU00365,51,16,9.96
2024-11-01,S024,SKU00383,61,22,21.74
2024-11-01,S024,SKU00340,46,10,14.8
2024-11-01,S024,SKU00228,38,26,42.12
2024-11-01,S024,SKU00012,47,13,6.48
2024-11-01,S024,SKU00101,44,16,13.03
2024-11-01,S024,SKU00112,36,6,17.88
2024-11-01,S024,SKU00056,71,14,21.74
2024-11-01,S024,SKU00335,50,17,10.25
2024-11-01,S024,SKU00052,70,5,25.94
2024-11-01,S024,SKU00085,19,8,21.5
2024-11-01,S024,SKU00360,40,24,35.66
2024-11-01,S024,SKU00375,32,22,23.14
2024-11-01,S024,SKU00175,29,4,22.23
2024-11-01,S024,SKU00011,29,20,17.51
2024-11-01,S024,SKU00051,48,3,21.15
2024-11-01,S024,SKU00275,66,17,24.1
2024-11-01,S024,SKU00258,36,17,29.8
2024-11-01,S024,SKU00400,28,18,16.59
2024-11-01,S024,SKU00225,37,20,14.42
2024-11-01,S024,SKU00029,52,20,18.21
2024-11-01,S024,SKU00306,35,25,13.85
2024-11-01,S024,SKU00272,27,23,18.35
2024-11-01,S024,SKU00045,76,11,19.14
2024-11-01,S024,SKU00074,35,12,28.23
2024-11-01,S024,SKU00369,22,12,27.28
2024-11-01,S024,SKU00117,57,14,14.81
2024-11-01,S024,SKU00219,64,22,24.96
2024-11-01,S024,SKU00054,17,11,12.05
2024-11-01,S024,SKU00139,36,18,19.06
2024-11-01,S024,SKU00152,36,20,34.48
2024-11-01,S024,SKU00188,31,32,22.21
2024-11-01,S024,SKU00256,38,20,16.17
2024-11-01,S024,SKU00392,31,19,28.95
2024-11-01,S024,SKU00338,49,25,23.32
2024-11-01,S024,SKU00068,36,7,9.04
2024-11-01,S024,SKU00229,52,15,28.44
2024-11-01,S024,SKU00037,18,14,14.43
2024-11-01,S024,SKU00076,65,5,16.2
2024-11-01,S024,SKU00135,61,17,21.41
2024-11-01,S024,SKU00371,38,19,23.22
2024-11-01,S024,SKU00183,55,17,7.71
2024-11-01,S024,SKU00235,19,19,17.69
2024-11-01,S024,SKU00035,25,5,34.51
2024-11-01,S024,SKU00118,56,16,9.41
2024-11-01,S024,SKU00291,47,10,20.61
2024-11-01,S024,SKU00086,51,17,27.42
2024-11-01,S024,SKU00223,50,15,14.14
2024-11-01,S024,SKU00146,50,9,30.59
2024-11-01,S024,SKU00022,35,9,10.6
2024-11-01,S024,SKU00377,51,19,24.12
2024-11-01,S024,SKU00047,51,13,30.28
2024-11-01,S024,SKU00305,37,12,19.27
2024-11-01,S024,SKU00160,63,9,18.48
2024-11-01,S024,SKU00200,28,23,35.75
2024-11-01,S024,SKU00367,49,16,23.63
2024-11-01,S024,SKU00358,42,10,20.44
2024-11-01,S024,SKU00179,66,11,8.72
2024-11-01,S024,SKU00314,47,5,15.81
2024-11-01,S024,SKU00121,57,16,21.13
2024-11-01,S025,SKU00174,48,19,23.97
2024-11-01,S025,SKU00135,32,19,21.41
2024-11-01,S025,SKU00297,24,8,20.51
2024-11-01,S025,SKU00100,55,22,7.48
2024-11-01,S025,SKU00041,25,11,19.41
2024-11-01,S025,SKU00186,40,29,24.0
2024-11-01,S025,SKU00056,49,16,21.74
2024-11-01,S025,SKU00015,78,11,25.51
2024-11-01,S025,SKU00102,51,18,7.81
2024-11-01,S025,SKU00134,31,15,22.15
2024-11-01,S025,SKU00088,38,19,27.73
2024-11-01,S025,SKU00004,39,6,9.51
2024-11-01,S025,SKU00006,32,21,22.21
2024-11-01,S025,SKU00171,92,14,26.18
2024-11-01,S025,SKU00189,61,13,21.3
2024-11-01,S025,SKU00205,67,25,13.85
2024-11-01,S025,SKU00268,49,17,22.72
2024-11-01,S025,SKU00398,34,13,31.97
2024-11-01,S025,SKU00292,64,10,27.78
2024-11-01,S025,SKU00142,29,21,22.57
2024-11-01,S025,SKU00277,34,13,17.75
2024-11-01,S025,SKU00278,28,11,29.28
2024-11-01,S025,SKU00151,21,22,7.16
2024-11-01,S025,SKU00066,41,18,21.71
2024-11-01,S025,SKU00373,53,11,43.52
2024-11-01,S025,SKU00387,37,8,19.03
2024-11-01,S025,SKU00258,43,13,29.8
2024-11-01,S025,SKU00350,63,15,24.41
2024-11-01,S025,SKU00103,46,16,12.99
2024-11-01,S025,SKU00323,57,17,17.89
2024-11-01,S025,SKU00153,31,15,27.58
2024-11-01,S025,SKU00339,68,9,14.34
2024-11-01,S025,SKU00039,25,10,31.34
2024-11-01,S025,SKU00221,23,7,18.46
2024-11-01,S025,SKU00087,48,6,9.32
2024-11-01,S025,SKU00072,46,10,22.01
2024-11-01,S025,SKU00303,53,26,27.57
2024-11-01,S025,SKU00228,30,15,42.12
2024-11-01,S025,SKU00076,36,14,16.2
2024-11-01,S025,SKU00249,42,15,14.24
2024-11-01,S025,SKU00215,35,12,20.75
2024-11-01,S025,SKU00238,30,10,47.65
2024-11-01,S025,SKU00376,32,12,22.09
2024-11-01,S025,SKU00143,19,7,9.07
2024-11-01,S025,SKU00165,43,6,12.62
2024-11-01,S025,SKU00164,23,11,20.75
2024-11-01,S025,SKU00255,9,17,33.68
2024-11-01,S025,SKU00382,33,21,8.38
2024-11-01,S025,SKU00342,45,12,17.51
2024-11-01,S025,SKU00320,59,8,13.56
2024-11-01,S025,SKU00105,37,19,24.88
2024-11-01,S025,SKU00163,47,0,15.73
2024-11-01,S025,SKU00202,43,9,41.7
2024-11-01,S025,SKU00365,42,13,9.96
2024-11-01,S025,SKU00064,36,14,14.1
2024-11-01,S025,SKU00068,15,12,9.04
2024-11-01,S025,SKU00096,20,12,19.19
2024-11-01,S025,SKU00357,35,19,14.08
2024-11-01,S025,SKU00067,37,5,12.5
2024-11-01,S025,SKU00251,64,0,16.74
2024-11-01,S026,SKU00021,49,18,21.44
2024-11-01,S026,SKU00014,29,25,17.1
2024-11-01,S026,SKU00294,38,19,21.46
2024-11-01,S026,SKU00279,37,22,18.46
2024-11-01,S026,SKU00261,34,23,33.76
2024-11-01,S026,SKU00027,29,15,8.1
2024-11-01,S026,SKU00380,32,18,21.56
2024-11-01,S026,SKU00077,46,29,7.81
2024-11-01,S026,SKU00123,50,11,17.11
2024-11-01,S026,SKU00160,39,13,18.48
2024-11-01,S026,SKU00153,20,19,27.58
2024-11-01,S026,SKU00257,44,24,12.09
2024-11-01,S026,SKU00097,54,26,11.93
2024-11-01,S026,SKU00071,34,21,18.24
2024-11-01,S026,SKU00211,43,16,37.2
2024-11-01,S026,SKU00385,43,1,24.15
2024-11-01,S026,SKU00142,26,26,22.57
2024-11-01,S026,SKU00361,16,11,22.51
2024-11-01,S026,SKU00017,45,5,22.2
2024-11-01,S026,SKU00115,25,13,16.78
2024-11-01,S026,SKU00076,60,8,16.2
2024-11-01,S026,SKU00258,36,21,29.8
2024-11-01,S026,SKU00300,48,19,19.9
2024-11-01,S026,SKU00156,2,10,13.5
2024-11-01,S026,SKU00388,40,14,18.08
2024-11-01,S026,SKU00047,44,12,30.28
2024-11-01,S026,SKU00390,29,26,20.94
2024-11-01,S026,SKU00001,42,19,20.02
2024-11-01,S026,SKU00233,54,13,14.08
2024-11-01,S026,SKU00091,21,9,16.61
2024-11-01,S026,SKU00321,42,18,8.77
2024-11-01,S026,SKU00126,31,24,25.54
2024-11-01,S026,SKU00069,48,23,10.26
2024-11-01,S026,SKU00214,44,21,47.96
2024-11-01,S026,SKU00295,47,19,21.15
2024-11-01,S026,SKU00020,37,10,19.96
2024-11-01,S026,SKU00366,58,15,12.66
2024-11-01,S026,SKU00219,29,14,24.96
2024-11-01,S026,SKU00220,62,23,23.06
2024-11-01,S026,SKU00212,54,25,8.51
2024-11-01,S026,SKU00243,53,10,20.2
2024-11-01,S026,SKU00083,50,15,22.59
2024-11-01,S026,SKU00173,35,1,24.41
2024-11-01,S026,SKU00136,49,18,21.43
2024-11-01,S026,SKU00352,45,14,23.46
2024-11-01,S026,SKU00018,39,17,11.75
2024-11-01,S026,SKU00050,39,9,9.35
2024-11-01,S026,SKU00057,18,7,19.41
2024-11-01,S026,SKU00029,59,12,18.21
2024-11-01,S026,SKU00362,43,13,17.84
2024-11-01,S026,SKU00006,23,21,22.21
2024-11-01,S026,SKU00146,40,12,30.59
2024-11-01,S026,SKU00340,37,3,14.8
2024-11-01,S026,SKU00269,59,28,13.31
2024-11-01,S026,SKU00347,28,19,35.52
2024-11-01,S026,SKU00230,30,33,28.51
2024-11-01,S026,SKU00118,16,19,9.41
2024-11-01,S026,SKU00222,23,22,21.69
2024-11-01,S026,SKU00026,28,17,28.01
2024-11-01,S026,SKU00074,50,17,28.23
2024-11-01,S027,SKU00201,27,13,17.59
2024-11-01,S027,SKU00327,22,23,24.66
2024-11-01,S027,SKU00086,36,30,27.42
2024-11-01,S027,SKU00330,22,20,28.29
2024-11-01,S027,SKU00149,19,22,16.9
2024-11-01,S027,SKU00186,26,24,24.0
2024-11-01,S027,SKU00036,71,14,15.82
2024-11-01,S027,SKU00298,30,8,11.72
2024-11-01,S027,SKU00126,26,11,25.54
2024-11-01,S027,SKU00217,39,16,19.37
2024-11-01,S027,SKU00111,36,21,22.67
2024-11-01,S027,SKU00235,46,15,17.69
2024-11-01,S027,SKU00105,22,19,24.88
2024-11-01,S027,SKU00228,40,12,42.12
2024-11-01,S027,SKU00184,24,18,15.79
2024-11-01,S027,SKU00302,44,18,11.51
2024-11-01,S027,SKU00331,13,16,9.22
2024-11-01,S027,SKU00122,30,17,15.22
2024-11-01,S027,SKU00389,28,8,26.23
2024-11-01,S027,SKU00399,53,21,25.01
2024-11-01,S027,SKU00131,29,20,22.93
2024-11-01,S027,SKU00087,27,14,9.32
2024-11-01,S027,SKU00045,20,20,19.14
2024-11-01,S027,SKU00080,40,3,21.0
2024-11-01,S027,SKU00121,42,16,21.13
2024-11-01,S027,SKU00112,42,6,17.88
2024-11-01,S027,SKU00156,44,17,13.5
2024-11-01,S027,SKU00037,62,0,14.43
2024-11-01,S027,SKU00285,37,0,16.17
2024-11-01,S027,SKU00015,31,13,25.51
2024-11-01,S027,SKU00308,28,19,33.04
2024-11-01,S027,SKU00098,35,23,23.96
2024-11-01,S027,SKU00166,51,16,26.57
2024-11-01,S027,SKU00033,57,6,10.76
2024-11-01,S027,SKU00248,45,27,24.2
2024-11-01,S027,SKU00057,49,6,19.41
2024-11-01,S027,SKU00032,46,16,26.13
2024-11-01,S027,SKU00291,46,20,20.61
2024-11-01,S027,SKU00230,27,13,28.51
2024-11-01,S027,SKU00318,32,8,20.51
2024-11-01,S027,SKU00310,40,14,23.34
2024-11-01,S027,SKU00346,10,12,46.67
2024-11-01,S027,SKU00046,29,9,11.26
2024-11-01,S027,SKU00081,45,9,16.01
2024-11-01,S027,SKU00165,30,3,12.62
2024-11-01,S027,SKU00375,34,9,23.14
2024-11-01,S027,SKU00018,30,18,11.75
2024-11-01,S027,SKU00297,46,20,20.51
2024-11-01,S027,SKU00144,50,14,12.22
2024-11-01,S027,SKU00216,68,12,35.17
2024-11-01,S027,SKU00002,39,7,22.95
2024-11-01,S027,SKU00247,60,5,19.17
2024-11-01,S027,SKU00151,44,0,7.16
2024-11-01,S027,SKU00252,62,18,35.29
2024-11-01,S027,SKU00136,27,23,21.43
2024-11-01,S027,SKU00391,38,28,20.67
2024-11-01,S027,SKU00061,39,21,13.6
2024-11-01,S027,SKU00322,36,12,9.39
2024-11-01,S027,SKU00316,45,7,9.13
2024-11-01,S027,SKU00196,39,17,14.66
2024-11-01,S028,SKU00365,36,16,9.96
2024-11-01,S028,SKU00216,36,21,35.17
2024-11-01,S028,SKU00255,34,27,33.68
2024-11-01,S028,SKU00275,31,17,24.1
2024-11-01,S028,SKU00372,19,11,8.73
2024-11-01,S028,SKU00302,33,11,11.51
2024-11-01,S028,SKU00150,29,19,17.58
2024-11-01,S028,SKU00300,10,17,19.9
2024-11-01,S028,SKU00314,38,8,15.81
2024-11-01,S028,SKU00153,44,18,27.58
2024-11-01,S028,SKU00084,25,14,22.85
2024-11-01,S028,SKU00285,17,4,16.17
2024-11-01,S028,SKU00393,49,16,7.6
2024-11-01,S028,SKU00160,27,17,18.48
2024-11-01,S028,SKU00138,48,15,9.29
2024-11-01,S028,SKU00133,61,18,10.11
2024-11-01,S028,SKU00092,20,14,6.71
2024-11-01,S028,SKU00238,55,15,47.65
2024-11-01,S028,SKU00346,52,21,46.67
2024-11-01,S028,SKU00254,30,20,12.16
2024-11-01,S028,SKU00257,40,5,12.09
2024-11-01,S028,SKU00171,39,21,26.18
2024-11-01,S028,SKU00210,62,10,17.08
2024-11-01,S028,SKU00078,52,20,9.74
2024-11-01,S028,SKU00012,31,18,6.48
2024-11-01,S028,SKU00296,29,15,18.93
2024-11-01,S028,SKU00291,38,22,20.61
2024-11-01,S028,SKU00294,45,6,21.46
2024-11-01,S028,SKU00177,38,11,24.36
2024-11-01,S028,SKU00400,3,29,16.59
2024-11-01,S028,SKU00032,66,22,26.13
2024-11-01,S028,SKU00350,61,10,24.41
2024-11-01,S028,SKU00060,47,12,30.63
2024-11-01,S028,SKU00398,28,10,31.97
2024-11-01,S028,SKU00298,28,27,11.72
2024-11-01,S028,SKU00018,59,6,11.75
2024-11-01,S028,SKU00081,25,12,16.01
2024-11-01,S028,SKU00135,34,25,21.41
2024-11-01,S028,SKU00130,33,8,29.35
2024-11-01,S028,SKU00351,29,16,20.29
2024-11-01,S028,SKU00008,57,13,14.83
2024-11-01,S028,SKU00124,72,17,18.08
2024-11-01,S028,SKU00067,47,12,12.5
2024-11-01,S028,SKU00317,39,18,22.08
2024-11-01,S028,SKU00211,52,19,37.2
2024-11-01,S028,SKU00028,41,12,14.87
2024-11-01,S028,SKU00155,42,6,22.47
2024-11-01,S028,SKU00364,10,28,20.03
2024-11-01,S028,SKU00311,37,16,23.51
2024-11-01,S028,SKU00262,72,18,6.97
2024-11-01,S028,SKU00106,45,20,11.12
2024-11-01,S028,SKU00107,32,16,27.98
2024-11-01,S028,SKU00248,46,10,24.2
2024-11-01,S028,SKU00145,12,14,13.72
2024-11-01,S028,SKU00003,36,15,19.34
2024-11-01,S028,SKU00029,39,17,18.21
2024-11-01,S028,SKU00315,28,16,25.73
2024-11-01,S028,SKU00370,61,13,19.59
2024-11-01,S028,SKU00121,63,9,21.13
2024-11-01,S028,SKU00056,55,14,21.74
2024-11-01,S029,SKU00061,51,16,13.6
2024-11-01,S029,SKU00059,27,17,18.63
2024-11-01,S029,SKU00191,29,15,24.12
2024-11-01,S029,SKU00298,21,6,11.72
2024-11-01,S029,SKU00214,21,26,47.96
2024-11-01,S029,SKU00273,42,13,21.29
2024-11-01,S029,SKU00356,30,14,6.76
2024-11-01,S029,SKU00203,57,11,27.92
2024-11-01,S029,SKU00234,42,18,14.14
2024-11-01,S029,SKU00243,24,10,20.2
2024-11-01,S029,SKU00315,28,14,25.73
2024-11-01,S029,SKU00141,29,5,34.29
2024-11-01,S029,SKU00044,24,24,16.43
2024-11-01,S029,SKU00259,50,3,16.74
2024-11-01,S029,SKU00169,38,14,15.35
2024-11-01,S029,SKU00365,39,26,9.96
2024-11-01,S029,SKU00007,29,23,12.89
2024-11-01,S029,SKU00124,38,19,18.08
2024-11-01,S029,SKU00089,50,18,25.61
2024-11-01,S029,SKU00175,29,16,22.23
2024-11-01,S029,SKU00201,40,17,17.59
2024-11-01,S029,SKU00062,75,14,21.8
2024-11-01,S029,SKU00113,44,19,20.63
2024-11-01,S029,SKU00257,47,18,12.09
2024-11-01,S029,SKU00063,65,14,13.32
2024-11-01,S029,SKU00364,37,23,20.03
2024-11-01,S029,SKU00107,44,8,27.98
2024-11-01,S029,SKU00215,23,22,20.75
2024-11-01,S029,SKU00261,42,10,33.76
2024-11-01,S029,SKU00115,40,9,16.78
2024-11-01,S029,SKU00143,36,16,9.07
2024-11-01,S029,SKU00359,23,26,12.22
2024-11-01,S029,SKU00232,25,10,17.89
2024-11-01,S029,SKU00093,50,23,20.73
2024-11-01,S029,SKU00179,23,16,8.72
2024-11-01,S029,SKU00309,54,10,27.53
2024-11-01,S029,SKU00230,33,3,28.51
2024-11-01,S029,SKU00154,37,23,36.04
2024-11-01,S029,SKU00382,44,13,8.38
2024-11-01,S029,SKU00183,40,27,7.71
2024-11-01,S029,SKU00327,39,0,24.66
2024-11-01,S029,SKU00068,46,21,9.04
2024-11-01,S029,SKU00313,34,15,21.61
2024-11-01,S029,SKU00281,48,12,24.82
2024-11-01,S029,SKU00054,29,6,12.05
2024-11-01,S029,SKU00085,16,22,21.5
2024-11-01,S029,SKU00321,19,10,8.77
2024-11-01,S029,SKU00254,44,12,12.16
2024-11-01,S029,SKU00263,17,10,12.54
2024-11-01,S029,SKU00065,62,9,21.23
2024-11-01,S029,SKU00172,0,10,9.82
2024-11-01,S029,SKU00188,49,1,22.21
2024-11-01,S029,SKU00237,66,22,22.91
2024-11-01,S029,SKU00227,54,18,38.72
2024-11-01,S029,SKU00010,38,20,22.61
2024-11-01,S029,SKU00073,30,13,31.53
2024-11-01,S029,SKU00380,47,5,21.56
2024-11-01,S029,SKU00069,13,34,10.26
2024-11-01,S029,SKU00302,35,28,11.51
2024-11-01,S029,SKU00397,50,17,24.95
2024-11-01,S030,SKU00019,47,11,14.15
2024-11-01,S030,SKU00088,43,5,27.73
2024-11-01,S030,SKU00310,19,3,23.34
2024-11-01,S030,SKU00213,40,6,21.39
2024-11-01,S030,SKU00004,41,17,9.51
2024-11-01,S030,SKU00153,33,11,27.58
2024-11-01,S030,SKU00381,27,0,29.5
2024-11-01,S030,SKU00323,66,11,17.89
2024-11-01,S030,SKU00255,33,6,33.68
2024-11-01,S030,SKU00295,41,8,21.15
2024-11-01,S030,SKU00184,43,14,15.79
2024-11-01,S030,SKU00314,31,6,15.81
2024-11-01,S030,SKU00238,21,21,47.65
2024-11-01,S030,SKU00149,37,11,16.9
2024-11-01,S030,SKU00281,55,8,24.82
2024-11-01,S030,SKU00379,8,18,19.61
2024-11-01,S030,SKU00013,47,19,15.96
2024-11-01,S030,SKU00092,10,11,6.71
2024-11-01,S030,SKU00071,49,10,18.24
2024-11-01,S030,SKU00035,51,19,34.51
2024-11-01,S030,SKU00392,38,13,28.95
2024-11-01,S030,SKU00335,17,19,10.25
2024-11-01,S030,SKU00161,12,18,6.86
2024-11-01,S030,SKU00062,43,23,21.8
2024-11-01,S030,SKU00132,44,23,18.85
2024-11-01,S030,SKU00394,41,29,10.9
2024-11-01,S030,SKU00247,50,12,19.17
2024-11-01,S030,SKU00139,38,6,19.06
2024-11-01,S030,SKU00346,39,11,46.67
2024-11-01,S030,SKU00242,33,15,23.88
2024-11-01,S030,SKU00172,37,4,9.82
2024-11-01,S030,SKU00260,55,15,16.1
2024-11-01,S030,SKU00320,40,12,13.56
2024-11-01,S030,SKU00228,62,20,42.12
2024-11-01,S030,SKU00055,32,2,24.5
2024-11-01,S030,SKU00274,66,26,8.22
2024-11-01,S030,SKU00288,41,17,22.22
2024-11-01,S030,SKU00370,27,17,19.59
2024-11-01,S030,SKU00007,27,30,12.89
2024-11-01,S030,SKU00081,56,17,16.01
2024-11-01,S030,SKU00040,56,19,18.22
2024-11-01,S030,SKU00398,61,12,31.97
2024-11-01,S030,SKU00077,56,8,7.81
2024-11-01,S030,SKU00309,44,9,27.53
2024-11-01,S030,SKU00118,68,21,9.41
2024-11-01,S030,SKU00152,61,21,34.48
2024-11-01,S030,SKU00292,63,17,27.78
2024-11-01,S030,SKU00003,32,0,19.34
2024-11-01,S030,SKU00296,13,14,18.93
2024-11-01,S030,SKU00049,20,16,21.35
2024-11-01,S030,SKU00207,33,19,16.29
2024-11-01,S030,SKU00194,62,11,15.09
2024-11-01,S030,SKU00160,23,17,18.48
2024-11-01,S030,SKU00037,46,24,14.43
2024-11-01,S030,SKU00251,46,16,16.74
2024-11-01,S030,SKU00155,62,18,22.47
2024-11-01,S030,SKU00375,53,14,23.14
2024-11-01,S030,SKU00010,53,14,22.61
2024-11-01,S030,SKU00246,51,22,19.79
2024-11-01,S030,SKU00347,61,13,35.52
2024-12-01,S001,SKU00153,22,14,27.58
2024-12-01,S001,SKU00285,27,14,16.17
2024-12-01,S001,SKU00266,31,16,15.48
2024-12-01,S001,SKU00073,51,4,31.53
2024-12-01,S001,SKU00271,50,0,41.0
2024-12-01,S001,SKU00112,41,17,17.88
2024-12-01,S001,SKU00328,0,19,20.31
2024-12-01,S001,SKU00381,73,23,29.5
2024-12-01,S001,SKU00194,22,6,15.09
2024-12-01,S001,SKU00275,44,1,24.1
2024-12-01,S001,SKU00277,41,13,17.75
2024-12-01,S001,SKU00199,29,17,28.75
2024-12-01,S001,SKU00012,39,2,6.48
2024-12-01,S001,SKU00003,16,11,19.34
2024-12-01,S001,SKU00274,57,21,8.22
2024-12-01,S001,SKU00213,16,20,21.39
2024-12-01,S001,SKU00311,51,17,23.51
2024-12-01,S001,SKU00244,66,5,14.65
2024-12-01,S001,SKU00043,48,8,24.13
2024-12-01,S001,SKU00088,61,13,27.73
2024-12-01,S001,SKU00286,47,17,25.41
2024-12-01,S001,SKU00334,40,11,7.9
2024-12-01,S001,SKU00168,9,25,18.6
2024-12-01,S001,SKU00357,28,14,14.08
2024-12-01,S001,SKU00160,26,9,18.48
2024-12-01,S001,SKU00235,35,7,17.69
2024-12-01,S001,SKU00263,49,27,12.54
2024-12-01,S001,SKU00222,64,23,21.69
2024-12-01,S001,SKU00395,20,16,14.64
2024-12-01,S001,SKU00255,66,11,33.68
2024-12-01,S001,SKU00115,62,12,16.78
2024-12-01,S001,SKU00195,59,11,20.76
2024-12-01,S001,SKU00185,39,12,22.74
2024-12-01,S001,SKU00252,63,13,35.29
2024-12-01,S001,SKU00315,55,9,25.73
2024-12-01,S001,SKU00057,16,11,19.41
2024-12-01,S001,SKU00175,47,15,22.23
2024-12-01,S001,SKU00349,19,15,11.12
2024-12-01,S001,SKU00288,67,7,22.22
2024-12-01,S001,SKU00224,27,18,28.25
2024-12-01,S001,SKU00184,34,20,15.79
2024-12-01,S001,SKU00162,46,16,23.58
2024-12-01,S001,SKU00063,34,23,13.32
2024-12-01,S001,SKU00131,39,8,22.93
2024-12-01,S001,SKU00355,32,11,17.98
2024-12-01,S001,SKU00091,52,16,16.61
2024-12-01,S001,SKU00386,35,11,24.27
2024-12-01,S001,SKU00269,23,10,13.31
2024-12-01,S001,SKU00176,53,17,14.59
2024-12-01,S001,SKU00391,41,39,20.67
2024-12-01,S001,SKU00142,17,19,22.57
2024-12-01,S001,SKU00382,18,2,8.38
2024-12-01,S001,SKU00291,33,20,20.61
2024-12-01,S001,SKU00097,26,19,11.93
2024-12-01,S001,SKU00092,47,0,6.71
2024-12-01,S001,SKU00397,32,17,24.95
2024-12-01,S001,SKU00283,59,32,35.29
2024-12-01,S001,SKU00251,68,15,16.74
2024-12-01,S001,SKU00246,7,18,19.79
2024-12-01,S001,SKU00350,18,2,24.41
2024-12-01,S002,SKU00317,33,10,22.08
2024-12-01,S002,SKU00043,36,17,24.13
2024-12-01,S002,SKU00070,35,14,19.96
2024-12-01,S002,SKU00186,38,7,24.0
2024-12-01,S002,SKU00048,56,22,35.43
2024-12-01,S002,SKU00095,55,12,27.04
2024-12-01,S002,SKU00034,23,10,25.34
2024-12-01,S002,SKU00086,35,5,27.42
2024-12-01,S002,SKU00266,48,22,15.48
2024-12-01,S002,SKU00188,35,8,22.21
2024-12-01,S002,SKU00341,19,7,20.55
2024-12-01,S002,SKU00044,22,24,16.43
2024-12-01,S002,SKU00003,13,1,19.34
2024-12-01,S002,SKU00205,48,6,13.85
2024-12-01,S002,SKU00123,53,8,17.11
2024-12-01,S002,SKU00058,37,14,33.62
2024-12-01,S002,SKU00206,44,1,12.31
2024-12-01,S002,SKU00194,26,11,15.09
2024-12-01,S002,SKU00296,38,16,18.93
2024-12-01,S002,SKU00030,41,14,9.58
2024-12-01,S002,SKU00277,32,11,17.75
2024-12-01,S002,SKU00248,33,9,24.2
2024-12-01,S002,SKU00198,45,8,25.14
2024-12-01,S002,SKU00220,31,25,23.06
2024-12-01,S002,SKU00114,67,13,16.42
2024-12-01,S002,SKU00393,42,16,7.6
2024-12-01,S002,SKU00016,43,25,20.2
2024-12-01,S002,SKU00176,30,18,14.59
2024-12-01,S002,SKU00293,36,25,28.83
2024-12-01,S002,SKU00224,15,17,28.25
2024-12-01,S002,SKU00133,47,23,10.11
2024-12-01,S002,SKU00199,47,11,28.75
2024-12-01,S002,SKU00261,44,18,33.76
2024-12-01,S002,SKU00049,61,21,21.35
2024-12-01,S002,SKU00067,33,31,12.5
2024-12-01,S002,SKU00246,31,19,19.79
2024-12-01,S002,SKU00012,64,27,6.48
2024-12-01,S002,SKU00213,40,3,21.39
2024-12-01,S002,SKU00381,31,11,29.5
2024-12-01,S002,SKU00102,57,14,7.81
2024-12-01,S002,SKU00214,50,7,47.96
2024-12-01,S002,SKU00247,64,21,19.17
2024-12-01,S002,SKU00237,41,13,22.91
2024-12-01,S002,SKU00395,23,8,14.64
2024-12-01,S002,SKU00100,34,9,7.48
2024-12-01,S002,SKU00166,42,10,26.57
2024-12-01,S002,SKU00257,41,29,12.09
2024-12-01,S002,SKU00232,4,8,17.89
2024-12-01,S002,SKU00010,53,18,22.61
2024-12-01,S002,SKU00081,28,0,16.01
2024-12-01,S002,SKU00235,50,24,17.69
2024-12-01,S002,SKU00242,22,19,23.88
2024-12-01,S002,SKU00038,52,17,22.05
2024-12-01,S002,SKU00348,19,9,24.11
2024-12-01,S002,SKU00298,64,9,11.72
2024-12-01,S002,SKU00302,47,9,11.51
2024-12-01,S002,SKU00300,12,6,19.9
2024-12-01,S002,SKU00270,64,10,23.19
2024-12-01,S002,SKU00276,48,5,8.52
2024-12-01,S002,SKU00342,43,14,17.51
2024-12-01,S003,SKU00260,36,9,16.1
2024-12-01,S003,SKU00067,43,8,12.5
2024-12-01,S003,SKU00351,73,17,20.29
2024-12-01,S003,SKU00295,59,11,21.15
2024-12-01,S003,SKU00258,51,7,29.8
2024-12-01,S003,SKU00141,38,20,34.29
2024-12-01,S003,SKU00126,32,7,25.54
2024-12-01,S003,SKU00391,57,19,20.67
2024-12-01,S003,SKU00106,65,15,11.12
2024-12-01,S003,SKU00130,30,14,29.35
2024-12-01,S003,SKU00008,42,6,14.83
2024-12-01,S003,SKU00206,45,25,12.31
2024-12-01,S003,SKU00158,30,8,7.83
2024-12-01,S003,SKU00306,43,15,13.85
2024-12-01,S003,SKU00378,61,12,16.37
2024-12-01,S003,SKU00231,39,13,23.4
2024-12-01,S003,SKU00232,46,15,17.89
2024-12-01,S003,SKU00294,15,4,21.46
2024-12-01,S003,SKU00066,30,10,21.71
2024-12-01,S003,SKU00068,48,13,9.04
2024-12-01,S003,SKU00339,49,1,14.34
2024-12-01,S003,SKU00071,39,16,18.24
2024-12-01,S003,SKU00338,65,13,23.32
2024-12-01,S003,SKU00311,27,0,23.51
2024-12-01,S003,SKU00023,46,22,23.51
2024-12-01,S003,SKU00044,26,5,16.43
2024-12-01,S003,SKU00365,21,11,9.96
2024-12-01,S003,SKU00236,43,19,14.52
2024-12-01,S003,SKU00020,46,27,19.96
2024-12-01,S003,SKU00123,23,26,17.11
2024-12-01,S003,SKU00091,60,15,16.61
2024-12-01,S003,SKU00027,59,8,8.1
2024-12-01,S003,SKU00042,38,9,27.28
2024-12-01,S003,SKU00314,20,22,15.81
2024-12-01,S003,SKU00002,29,18,22.95
2024-12-01,S003,SKU00340,43,19,14.8
2024-12-01,S003,SKU00144,33,13,12.22
2024-12-01,S003,SKU00142,52,18,22.57
2024-12-01,S003,SKU00336,58,11,21.13
2024-12-01,S003,SKU00352,45,4,23.46
2024-12-01,S003,SKU00093,50,27,20.73
2024-12-01,S003,SKU00271,61,18,41.0
2024-12-01,S003,SKU00191,26,6,24.12
2024-12-01,S003,SKU00173,25,18,24.41
2024-12-01,S003,SKU00021,21,13,21.44
2024-12-01,S003,SKU00242,19,9,23.88
2024-12-01,S003,SKU00103,51,1,12.99
2024-12-01,S003,SKU00270,42,17,23.19
2024-12-01,S003,SKU00385,44,14,24.15
2024-12-01,S003,SKU00051,61,21,21.15
2024-12-01,S003,SKU00225,46,9,14.42
2024-12-01,S003,SKU00332,77,17,53.2
2024-12-01,S003,SKU00390,39,26,20.94
2024-12-01,S003,SKU00324,36,13,27.35
2024-12-01,S003,SKU00243,52,23,20.2
2024-12-01,S003,SKU00400,31,17,16.59
2024-12-01,S003,SKU00383,0,17,21.74
2024-12-01,S003,SKU00040,24,18,18.22
2024-12-01,S003,SKU00283,16,25,35.29
2024-12-01,S003,SKU00310,72,13,23.34
2024-12-01,S004,SKU00229,48,18,28.44
2024-12-01,S004,SKU00138,15,6,9.29
2024-12-01,S004,SKU00182,17,20,22.49
2024-12-01,S004,SKU00287,45,22,23.44
2024-12-01,S004,SKU00234,16,6,14.14
2024-12-01,S004,SKU00096,29,23,19.19
2024-12-01,S004,SKU00037,50,12,14.43
2024-12-01,S004,SKU00148,45,17,18.3
2024-12-01,S004,SKU00315,65,26,25.73
2024-12-01,S004,SKU00195,49,5,20.76
2024-12-01,S004,SKU00050,51,19,9.35
2024-12-01,S004,SKU00394,27,26,10.9
2024-12-01,S004,SKU00362,9,13,17.84
2024-12-01,S004,SKU00298,45,22,11.72
2024-12-01,S004,SKU00059,26,11,18.63
2024-12-01,S004,SKU00163,15,15,15.73
2024-12-01,S004,SKU00254,70,0,12.16
2024-12-01,S004,SKU00061,41,13,13.6
2024-12-01,S004,SKU00253,23,19,19.63
2024-12-01,S004,SKU00036,36,19,15.82
2024-12-01,S004,SKU00319,67,8,18.17
2024-12-01,S004,SKU00104,44,12,30.27
2024-12-01,S004,SKU00202,60,14,41.7
2024-12-01,S004,SKU00011,44,27,17.51
2024-12-01,S004,SKU00363,19,21,19.67
2024-12-01,S004,SKU00022,22,15,10.6
2024-12-01,S004,SKU00379,45,24,19.61
2024-12-01,S004,SKU00173,33,11,24.41
2024-12-01,S004,SKU00181,51,0,21.21
2024-12-01,S004,SKU00231,24,12,23.4
2024-12-01,S004,SKU00306,41,24,13.85
2024-12-01,S004,SKU00010,46,18,22.61
2024-12-01,S004,SKU00204,50,13,22.75
2024-12-01,S004,SKU00086,34,12,27.42
2024-12-01,S004,SKU00262,36,11,6.97
2024-12-01,S004,SKU00083,71,20,22.59
2024-12-01,S004,SKU00085,6,16,21.5
2024-12-01,S004,SKU00344,28,12,6.67
2024-12-01,S004,SKU00384,37,26,6.97
2024-12-01,S004,SKU00364,34,17,20.03
2024-12-01,S004,SKU00220,28,19,23.06
2024-12-01,S004,SKU00029,37,18,18.21
2024-12-01,S004,SKU00316,43,3,9.13
2024-12-01,S004,SKU00276,49,22,8.52
2024-12-01,S004,SKU00115,32,24,16.78
2024-12-01,S004,SKU00304,28,18,13.37
2024-12-01,S004,SKU00359,45,13,12.22
2024-12-01,S004,SKU00006,36,27,22.21
2024-12-01,S004,SKU00113,39,12,20.63
2024-12-01,S004,SKU00098,14,22,23.96
2024-12-01,S004,SKU00225,30,23,14.42
2024-12-01,S004,SKU00126,35,13,25.54
2024-12-01,S004,SKU00313,22,13,21.61
2024-12-01,S004,SKU00064,33,23,14.1
2024-12-01,S004,SKU00285,35,15,16.17
2024-12-01,S004,SKU00337,35,10,20.41
2024-12-01,S004,SKU00014,56,14,17.1
2024-12-01,S004,SKU00290,55,3,20.85
2024-12-01,S004,SKU00355,37,22,17.98
2024-12-01,S004,SKU00210,42,0,17.08
2024-12-01,S005,SKU00088,71,12,27.73
2024-12-01,S005,SKU00358,58,11,20.44
2024-12-01,S005,SKU00004,18,24,9.51
2024-12-01,S005,SKU00098,45,9,23.96
2024-12-01,S005,SKU00262,25,13,6.97
2024-12-01,S005,SKU00123,38,18,17.11
2024-12-01,S005,SKU00226,35,16,37.85
2024-12-01,S005,SKU00169,21,14,15.35
2024-12-01,S005,SKU00253,25,24,19.63
2024-12-01,S005,SKU00259,56,19,16.74
2024-12-01,S005,SKU00124,17,17,18.08
2024-12-01,S005,SKU00227,65,25,38.72
2024-12-01,S005,SKU00009,38,13,21.87
2024-12-01,S005,SKU00337,37,20,20.41
2024-12-01,S005,SKU00086,56,12,27.42
2024-12-01,S005,SKU00149,31,16,16.9
2024-12-01,S005,SKU00225,57,0,14.42
2024-12-01,S005,SKU00007,34,20,12.89
2024-12-01,S005,SKU00320,37,15,13.56
2024-12-01,S005,SKU00372,41,10,8.73
2024-12-01,S005,SKU00395,38,8,14.64
2024-12-01,S005,SKU00391,13,30,20.67
2024-12-01,S005,SKU00255,63,6,33.68
2024-12-01,S005,SKU00244,29,25,14.65
2024-12-01,S005,SKU00374,22,9,17.57
2024-12-01,S005,SKU00345,40,13,21.99
2024-12-01,S005,SKU00384,66,15,6.97
2024-12-01,S005,SKU00301,55,14,13.89
2024-12-01,S005,SKU00151,55,16,7.16
2024-12-01,S005,SKU00135,85,20,21.41
2024-12-01,S005,SKU00052,44,22,25.94
2024-12-01,S005,SKU00361,42,24,22.51
2024-12-01,S005,SKU00157,40,11,26.67
2024-12-01,S005,SKU00024,40,23,19.95
2024-12-01,S005,SKU00203,49,22,27.92
2024-12-01,S005,SKU00263,54,18,12.54
2024-12-01,S005,SKU00193,36,11,26.54
2024-12-01,S005,SKU00208,41,1,7.02
2024-12-01,S005,SKU00141,25,8,34.29
2024-12-01,S005,SKU00346,22,23,46.67
2024-12-01,S005,SKU00112,54,19,17.88
2024-12-01,S005,SKU00379,22,9,19.61
2024-12-01,S005,SKU00258,62,27,29.8
2024-12-01,S005,SKU00171,43,11,26.18
2024-12-01,S005,SKU00095,40,12,27.04
2024-12-01,S005,SKU00145,45,15,13.72
2024-12-01,S005,SKU00291,33,14,20.61
2024-12-01,S005,SKU00175,11,10,22.23
2024-12-01,S005,SKU00392,53,4,28.95
2024-12-01,S005,SKU00224,42,13,28.25
2024-12-01,S005,SKU00147,39,17,26.65
2024-12-01,S005,SKU00140,29,0,22.39
2024-12-01,S005,SKU00075,44,23,19.82
2024-12-01,S005,SKU00349,46,14,11.12
2024-12-01,S005,SKU00153,53,13,27.58
2024-12-01,S005,SKU00373,52,10,43.52
2024-12-01,S005,SKU00343,61,0,25.69
2024-12-01,S005,SKU00159,50,7,20.64
2024-12-01,S005,SKU00189,0,10,21.3
2024-12-01,S005,SKU00162,31,6,23.58
2024-12-01,S006,SKU00216,43,22,35.17
2024-12-01,S006,SKU00309,39,13,27.53
2024-12-01,S006,SKU00382,49,8,8.38
2024-12-01,S006,SKU00325,41,16,11.47
2024-12-01,S006,SKU00191,57,19,24.12
2024-12-01,S006,SKU00132,20,13,18.85
2024-12-01,S006,SKU00048,49,16,35.43
2024-12-01,S006,SKU00237,28,16,22.91
2024-12-01,S006,SKU00013,40,19,15.96
2024-12-01,S006,SKU00379,26,10,19.61
2024-12-01,S006,SKU00329,41,18,21.42
2024-12-01,S006,SKU00172,20,11,9.82
2024-12-01,S006,SKU00133,47,25,10.11
2024-12-01,S006,SKU00346,62,13,46.67
2024-12-01,S006,SKU00281,6,20,24.82
2024-12-01,S006,SKU00105,62,21,24.88
2024-12-01,S006,SKU00377,46,9,24.12
2024-12-01,S006,SKU00085,45,17,21.5
2024-12-01,S006,SKU00080,19,8,21.0
2024-12-01,S006,SKU00090,27,19,19.09
2024-12-01,S006,SKU00337,35,3,20.41
2024-12-01,S006,SKU00186,40,16,24.0
2024-12-01,S006,SKU00315,40,14,25.73
2024-12-01,S006,SKU00176,20,14,14.59
2024-12-01,S006,SKU00015,29,14,25.51
2024-12-01,S006,SKU00151,45,21,7.16
2024-12-01,S006,SKU00177,61,13,24.36
2024-12-01,S006,SKU00223,38,19,14.14
2024-12-01,S006,SKU00375,35,14,23.14
2024-12-01,S006,SKU00047,15,12,30.28
2024-12-01,S006,SKU00010,26,19,22.61
2024-12-01,S006,SKU00397,32,16,24.95
2024-12-01,S006,SKU00314,27,6,15.81
2024-12-01,S006,SKU00119,56,9,21.19
2024-12-01,S006,SKU00070,47,17,19.96
2024-12-01,S006,SKU00214,47,0,47.96
2024-12-01,S006,SKU00092,39,10,6.71
2024-12-01,S006,SKU00067,45,7,12.5
2024-12-01,S006,SKU00026,34,7,28.01
2024-12-01,S006,SKU00024,12,16,19.95
2024-12-01,S006,SKU00179,48,0,8.72
2024-12-01,S006,SKU00123,34,14,17.11
2024-12-01,S006,SKU00207,40,25,16.29
2024-12-01,S006,SKU00084,27,16,22.85
2024-12-01,S006,SKU00266,31,14,15.48
2024-12-01,S006,SKU00204,47,21,22.75
2024-12-01,S006,SKU00008,64,20,14.83
2024-12-01,S006,SKU00210,41,5,17.08
2024-12-01,S006,SKU00298,25,17,11.72
2024-12-01,S006,SKU00162,47,9,23.58
2024-12-01,S006,SKU00131,25,15,22.93
2024-12-01,S006,SKU00033,72,12,10.76
2024-12-01,S006,SKU00142,53,0,22.57
2024-12-01,S006,SKU00239,20,12,7.57
2024-12-01,S006,SKU00003,62,15,19.34
2024-12-01,S006,SKU00115,49,5,16.78
2024-12-01,S006,SKU00170,57,10,19.07
2024-12-01,S006,SKU00165,26,7,12.62
2024-12-01,S006,SKU00311,40,21,23.51
2024-12-01,S006,SKU00192,62,20,15.31
2024-12-01,S007,SKU00292,53,32,27.78
2024-12-01,S007,SKU00134,43,10,22.15
2024-12-01,S007,SKU00239,38,17,7.57
2024-12-01,S007,SKU00258,54,15,29.8
2024-12-01,S007,SKU00366,47,18,12.66
2024-12-01,S007,SKU00142,68,22,22.57
2024-12-01,S007,SKU00210,62,8,17.08
2024-12-01,S007,SKU00088,1,22,27.73
2024-12-01,S007,SKU00051,55,14,21.15
2024-12-01,S007,SKU00343,38,8,25.69
2024-12-01,S007,SKU00329,43,23,21.42
2024-12-01,S007,SKU00322,40,2,9.39
2024-12-01,S007,SKU00220,26,22,23.06
2024-12-01,S007,SKU00174,32,18,23.97
2024-12-01,S007,SKU00390,33,12,20.94
2024-12-01,S007,SKU00048,33,17,35.43
2024-12-01,S007,SKU00379,52,20,19.61
2024-12-01,S007,SKU00185,43,31,22.74
2024-12-01,S007,SKU00099,26,23,12.91
2024-12-01,S007,SKU00024,64,0,19.95
2024-12-01,S007,SKU00311,46,8,23.51
2024-12-01,S007,SKU00215,39,25,20.75
2024-12-01,S007,SKU00117,45,5,14.81
2024-12-01,S007,SKU00133,61,12,10.11
2024-12-01,S007,SKU00073,34,16,31.53
2024-12-01,S007,SKU00236,69,24,14.52
2024-12-01,S007,SKU00043,67,21,24.13
2024-12-01,S007,SKU00170,68,2,19.07
2024-12-01,S007,SKU00156,38,25,13.5
2024-12-01,S007,SKU00294,42,28,21.46
2024-12-01,S007,SKU00392,47,16,28.95
2024-12-01,S007,SKU00079,71,11,18.54
2024-12-01,S007,SKU00204,38,13,22.75
2024-12-01,S007,SKU00313,50,14,21.61
2024-12-01,S007,SKU00308,66,17,33.04
2024-12-01,S007,SKU00356,34,21,6.76
2024-12-01,S007,SKU00209,26,10,40.26
2024-12-01,S007,SKU00309,46,6,27.53
2024-12-01,S007,SKU00203,40,19,27.92
2024-12-01,S007,SKU00194,43,14,15.09
2024-12-01,S007,SKU00009,46,23,21.87
2024-12-01,S007,SKU00183,19,23,7.71
2024-12-01,S007,SKU00246,16,8,19.79
2024-12-01,S007,SKU00302,36,10,11.51
2024-12-01,S007,SKU00378,13,14,16.37
2024-12-01,S007,SKU00041,41,13,19.41
2024-12-01,S007,SKU00054,27,19,12.05
2024-12-01,S007,SKU00213,48,3,21.39
2024-12-01,S007,SKU00228,47,17,42.12
2024-12-01,S007,SKU00310,40,2,23.34
2024-12-01,S007,SKU00256,14,13,16.17
2024-12-01,S007,SKU00335,71,18,10.25
2024-12-01,S007,SKU00050,69,10,9.35
2024-12-01,S007,SKU00297,59,10,20.51
2024-12-01,S007,SKU00057,30,9,19.41
2024-12-01,S007,SKU00163,47,9,15.73
2024-12-01,S007,SKU00268,15,21,22.72
2024-12-01,S007,SKU00254,43,19,12.16
2024-12-01,S007,SKU00187,52,23,25.15
2024-12-01,S007,SKU00173,26,0,24.41
2024-12-01,S008,SKU00036,65,6,15.82
2024-12-01,S008,SKU00210,25,13,17.08
2024-12-01,S008,SKU00079,57,17,18.54
2024-12-01,S008,SKU00003,18,22,19.34
2024-12-01,S008,SKU00008,35,23,14.83
2024-12-01,S008,SKU00202,68,7,41.7
2024-12-01,S008,SKU00116,23,2,40.0
2024-12-01,S008,SKU00221,39,9,18.46
2024-12-01,S008,SKU00095,45,23,27.04
2024-12-01,S008,SKU00351,28,20,20.29
2024-12-01,S008,SKU00072,13,10,22.01
2024-12-01,S008,SKU00225,48,14,14.42
2024-12-01,S008,SKU00229,28,31,28.44
2024-12-01,S008,SKU00068,48,0,9.04
2024-12-01,S008,SKU00165,41,14,12.62
2024-12-01,S008,SKU00301,25,21,13.89
2024-12-01,S008,SKU00329,36,14,21.42
2024-12-01,S008,SKU00139,62,15,19.06
2024-12-01,S008,SKU00047,40,8,30.28
2024-12-01,S008,SKU00380,30,33,21.56
2024-12-01,S008,SKU00041,47,21,19.41
2024-12-01,S008,SKU00075,48,17,19.82
2024-12-01,S008,SKU00177,60,12,24.36
2024-12-01,S008,SKU00370,41,12,19.59
2024-12-01,S008,SKU00009,55,24,21.87
2024-12-01,S008,SKU00134,57,15,22.15
2024-12-01,S008,SKU00012,56,28,6.48
2024-12-01,S008,SKU00117,43,17,14.81
2024-12-01,S008,SKU00148,68,9,18.3
2024-12-01,S008,SKU00282,37,26,31.83
2024-12-01,S008,SKU00151,53,16,7.16
2024-12-01,S008,SKU00269,44,5,13.31
2024-12-01,S008,SKU00137,44,23,32.34
2024-12-01,S008,SKU00031,54,12,18.97
2024-12-01,S008,SKU00154,48,5,36.04
2024-12-01,S008,SKU00376,48,12,22.09
2024-12-01,S008,SKU00292,0,11,27.78
2024-12-01,S008,SKU00302,16,14,11.51
2024-12-01,S008,SKU00238,47,0,47.65
2024-12-01,S008,SKU00105,51,21,24.88
2024-12-01,S008,SKU00133,34,16,10.11
2024-12-01,S008,SKU00381,43,9,29.5
2024-12-01,S008,SKU00073,32,8,31.53
2024-12-01,S008,SKU00291,31,0,20.61
2024-12-01,S008,SKU00342,53,3,17.51
2024-12-01,S008,SKU00228,30,8,42.12
2024-12-01,S008,SKU00163,67,22,15.73
2024-12-01,S008,SKU00318,38,7,20.51
2024-12-01,S008,SKU00106,22,0,11.12
2024-12-01,S008,SKU00186,56,0,24.0
2024-12-01,S008,SKU00108,50,0,8.67
2024-12-01,S008,SKU00371,52,1,23.22
2024-12-01,S008,SKU00303,26,9,27.57
2024-12-01,S008,SKU00359,43,20,12.22
2024-12-01,S008,SKU00037,49,12,14.43
2024-12-01,S008,SKU00085,36,15,21.5
2024-12-01,S008,SKU00020,37,13,19.96
2024-12-01,S008,SKU00386,15,16,24.27
2024-12-01,S008,SKU00290,26,25,20.85
2024-12-01,S008,SKU00136,28,25,21.43
2024-12-01,S009,SKU00073,39,18,31.53
2024-12-01,S009,SKU00041,51,15,19.41
2024-12-01,S009,SKU00128,44,12,12.06
2024-12-01,S009,SKU00005,44,21,5.18
2024-12-01,S009,SKU00112,25,13,17.88
2024-12-01,S009,SKU00397,42,12,24.95
2024-12-01,S009,SKU00046,48,6,11.26
2024-12-01,S009,SKU00062,39,13,21.8
2024-12-01,S009,SKU00360,47,14,35.66
2024-12-01,S009,SKU00064,54,27,14.1
2024-12-01,S009,SKU00220,36,15,23.06
2024-12-01,S009,SKU00304,45,0,13.37
2024-12-01,S009,SKU00375,58,15,23.14
2024-12-01,S009,SKU00298,37,12,11.72
2024-12-01,S009,SKU00277,46,24,17.75
2024-12-01,S009,SKU00387,29,24,19.03
2024-12-01,S009,SKU00118,25,7,9.41
2024-12-01,S009,SKU00011,40,3,17.51
2024-12-01,S009,SKU00330,44,8,28.29
2024-12-01,S009,SKU00130,37,28,29.35
2024-12-01,S009,SKU00035,51,9,34.51
2024-12-01,S009,SKU00189,21,18,21.3
2024-12-01,S009,SKU00194,16,18,15.09
2024-12-01,S009,SKU00354,44,16,16.32
2024-12-01,S009,SKU00388,26,14,18.08
2024-12-01,S009,SKU00166,43,22,26.57
2024-12-01,S009,SKU00199,40,23,28.75
2024-12-01,S009,SKU00337,55,4,20.41
2024-12-01,S009,SKU00286,31,21,25.41
2024-12-01,S009,SKU00119,28,20,21.19
2024-12-01,S009,SKU00196,30,11,14.66
2024-12-01,S009,SKU00135,61,13,21.41
2024-12-01,S009,SKU00219,52,15,24.96
2024-12-01,S009,SKU00171,36,5,26.18
2024-12-01,S009,SKU00090,23,13,19.09
2024-12-01,S009,SKU00222,47,19,21.69
2024-12-01,S009,SKU00376,48,15,22.09
2024-12-01,S009,SKU00109,28,7,32.26
2024-12-01,S009,SKU00061,78,18,13.6
2024-12-01,S009,SKU00283,45,18,35.29
2024-12-01,S009,SKU00367,58,20,23.63
2024-12-01,S009,SKU00002,10,4,22.95
2024-12-01,S009,SKU00155,56,15,22.47
2024-12-01,S009,SKU00259,10,13,16.74
2024-12-01,S009,SKU00067,12,11,12.5
2024-12-01,S009,SKU00231,47,7,23.4
2024-12-01,S009,SKU00023,18,4,23.51
2024-12-01,S009,SKU00342,43,11,17.51
2024-12-01,S009,SKU00382,35,2,8.38
2024-12-01,S009,SKU00030,27,27,9.58
2024-12-01,S009,SKU00190,48,13,23.47
2024-12-01,S009,SKU00290,50,28,20.85
2024-12-01,S009,SKU00092,22,23,6.71
2024-12-01,S009,SKU00312,17,13,19.86
2024-12-01,S009,SKU00208,33,7,7.02
2024-12-01,S009,SKU00179,48,22,8.72
2024-12-01,S009,SKU00368,55,12,14.01
2024-12-01,S009,SKU00058,42,17,33.62
2024-12-01,S009,SKU00115,38,3,16.78
2024-12-01,S009,SKU00186,57,24,24.0
2024-12-01,S010,SKU00312,25,22,19.86
2024-12-01,S010,SKU00022,40,7,10.6
2024-12-01,S010,SKU00217,34,15,19.37
2024-12-01,S010,SKU00354,31,19,16.32
2024-12-01,S010,SKU00327,55,19,24.66
2024-12-01,S010,SKU00358,30,20,20.44
2024-12-01,S010,SKU00028,8,2,14.87
2024-12-01,S010,SKU00395,46,4,14.64
2024-12-01,S010,SKU00329,64,20,21.42
2024-12-01,S010,SKU00136,51,8,21.43
2024-12-01,S010,SKU00282,38,6,31.83
2024-12-01,S010,SKU00138,35,20,9.29
2024-12-01,S010,SKU00127,41,12,18.2
2024-12-01,S010,SKU00094,50,15,30.76
2024-12-01,S010,SKU00078,30,12,9.74
2024-12-01,S010,SKU00258,50,13,29.8
2024-12-01,S010,SKU00346,27,4,46.67
2024-12-01,S010,SKU00113,41,4,20.63
2024-12-01,S010,SKU00280,15,26,11.07
2024-12-01,S010,SKU00311,57,11,23.51
2024-12-01,S010,SKU00001,43,27,20.02
2024-12-01,S010,SKU00156,51,17,13.5
2024-12-01,S010,SKU00027,43,6,8.1
2024-12-01,S010,SKU00150,19,16,17.58
2024-12-01,S010,SKU00267,37,26,32.29
2024-12-01,S010,SKU00021,44,4,21.44
2024-12-01,S010,SKU00394,57,11,10.9
2024-12-01,S010,SKU00334,46,10,7.9
2024-12-01,S010,SKU00128,16,18,12.06
2024-12-01,S010,SKU00347,42,14,35.52
2024-12-01,S010,SKU00177,24,14,24.36
2024-12-01,S010,SKU00350,38,16,24.41
2024-12-01,S010,SKU00158,8,17,7.83
2024-12-01,S010,SKU00224,42,0,28.25
2024-12-01,S010,SKU00273,39,18,21.29
2024-12-01,S010,SKU00068,43,9,9.04
2024-12-01,S010,SKU00229,26,15,28.44
2024-12-01,S010,SKU00201,31,16,17.59
2024-12-01,S010,SKU00087,24,17,9.32
2024-12-01,S010,SKU00279,36,20,18.46
2024-12-01,S010,SKU00245,41,8,19.78
2024-12-01,S010,SKU00018,34,22,11.75
2024-12-01,S010,SKU00174,33,10,23.97
2024-12-01,S010,SKU00228,30,19,42.12
2024-12-01,S010,SKU00108,64,12,8.67
2024-12-01,S010,SKU00142,44,17,22.57
2024-12-01,S010,SKU00013,43,23,15.96
2024-12-01,S010,SKU00373,41,3,43.52
2024-12-01,S010,SKU00009,47,17,21.87
2024-12-01,S010,SKU00109,51,18,32.26
2024-12-01,S010,SKU00375,19,32,23.14
2024-12-01,S010,SKU00133,75,14,10.11
2024-12-01,S010,SKU00339,54,20,14.34
2024-12-01,S010,SKU00328,72,12,20.31
2024-12-01,S010,SKU00332,35,7,53.2
2024-12-01,S010,SKU00255,23,14,33.68
2024-12-01,S010,SKU00306,40,13,13.85
2024-12-01,S010,SKU00236,17,4,14.52
2024-12-01,S010,SKU00121,12,14,21.13
2024-12-01,S010,SKU00356,33,17,6.76
2024-12-01,S011,SKU00333,65,0,19.02
2024-12-01,S011,SKU00222,39,10,21.69
2024-12-01,S011,SKU00232,54,13,17.89
2024-12-01,S011,SKU00314,36,11,15.81
2024-12-01,S011,SKU00198,51,21,25.14
2024-12-01,S011,SKU00307,28,14,19.13
2024-12-01,S011,SKU00235,45,7,17.69
2024-12-01,S011,SKU00041,40,13,19.41
2024-12-01,S011,SKU00125,15,15,14.87
2024-12-01,S011,SKU00380,52,10,21.56
2024-12-01,S011,SKU00032,26,1,26.13
2024-12-01,S011,SKU00130,78,17,29.35
2024-12-01,S011,SKU00055,30,10,24.5
2024-12-01,S011,SKU00128,32,17,12.06
2024-12-01,S011,SKU00288,34,17,22.22
2024-12-01,S011,SKU00103,52,0,12.99
2024-12-01,S011,SKU00117,33,0,14.81
2024-12-01,S011,SKU00201,40,16,17.59
2024-12-01,S011,SKU00111,46,10,22.67
2024-12-01,S011,SKU00195,0,13,20.76
2024-12-01,S011,SKU00063,54,18,13.32
2024-12-01,S011,SKU00343,32,11,25.69
2024-12-01,S011,SKU00269,47,3,13.31
2024-12-01,S011,SKU00082,40,16,18.27
2024-12-01,S011,SKU00389,27,18,26.23
2024-12-01,S011,SKU00248,42,17,24.2
2024-12-01,S011,SKU00123,45,16,17.11
2024-12-01,S011,SKU00323,52,18,17.89
2024-12-01,S011,SKU00088,46,15,27.73
2024-12-01,S011,SKU00189,73,12,21.3
2024-12-01,S011,SKU00400,32,12,16.59
2024-12-01,S011,SKU00104,16,13,30.27
2024-12-01,S011,SKU00284,14,21,20.24
2024-12-01,S011,SKU00300,48,14,19.9
2024-12-01,S011,SKU00329,40,14,21.42
2024-12-01,S011,SKU00220,47,13,23.06
2024-12-01,S011,SKU00173,68,28,24.41
2024-12-01,S011,SKU00256,27,30,16.17
2024-12-01,S011,SKU00228,38,7,42.12
2024-12-01,S011,SKU00397,41,14,24.95
2024-12-01,S011,SKU00204,29,27,22.75
2024-12-01,S011,SKU00044,11,13,16.43
2024-12-01,S011,SKU00291,51,12,20.61
2024-12-01,S011,SKU00119,40,22,21.19
2024-12-01,S011,SKU00316,34,19,9.13
2024-12-01,S011,SKU00142,9,15,22.57
2024-12-01,S011,SKU00383,28,14,21.74
2024-12-01,S011,SKU00185,31,19,22.74
2024-12-01,S011,SKU00312,0,22,19.86
2024-12-01,S011,SKU00148,59,16,18.3
2024-12-01,S011,SKU00197,42,5,14.73
2024-12-01,S011,SKU00277,46,13,17.75
2024-12-01,S011,SKU00159,24,0,20.64
2024-12-01,S011,SKU00175,28,13,22.23
2024-12-01,S011,SKU00392,39,10,28.95
2024-12-01,S011,SKU00152,30,17,34.48
2024-12-01,S011,SKU00039,17,0,31.34
2024-12-01,S011,SKU00005,40,11,5.18
2024-12-01,S011,SKU00137,27,18,32.34
2024-12-01,S011,SKU00341,42,14,20.55
2024-12-01,S012,SKU00213,24,9,21.39
2024-12-01,S012,SKU00023,46,16,23.51
2024-12-01,S012,SKU00357,35,8,14.08
2024-12-01,S012,SKU00379,41,9,19.61
2024-12-01,S012,SKU00259,63,25,16.74
2024-12-01,S012,SKU00236,50,25,14.52
2024-12-01,S012,SKU00104,47,5,30.27
2024-12-01,S012,SKU00148,54,12,18.3
2024-12-01,S012,SKU00197,21,19,14.73
2024-12-01,S012,SKU00369,55,13,27.28
2024-12-01,S012,SKU00285,54,15,16.17
2024-12-01,S012,SKU00154,24,20,36.04
2024-12-01,S012,SKU00188,15,22,22.21
2024-12-01,S012,SKU00288,59,36,22.22
2024-12-01,S012,SKU00293,47,13,28.83
2024-12-01,S012,SKU00326,31,18,21.09
2024-12-01,S012,SKU00252,36,22,35.29
2024-12-01,S012,SKU00177,39,25,24.36
2024-12-01,S012,SKU00353,45,18,28.84
2024-12-01,S012,SKU00359,38,11,12.22
2024-12-01,S012,SKU00196,14,11,14.66
2024-12-01,S012,SKU00254,42,20,12.16
2024-12-01,S012,SKU00378,47,6,16.37
2024-12-01,S012,SKU00098,19,22,23.96
2024-12-01,S012,SKU00380,29,5,21.56
2024-12-01,S012,SKU00123,54,19,17.11
2024-12-01,S012,SKU00205,19,21,13.85
2024-12-01,S012,SKU00034,57,5,25.34
2024-12-01,S012,SKU00282,49,18,31.83
2024-12-01,S012,SKU00316,65,21,9.13
2024-12-01,S012,SKU00073,20,19,31.53
2024-12-01,S012,SKU00152,31,17,34.48
2024-12-01,S012,SKU00087,42,12,9.32
2024-12-01,S012,SKU00234,29,16,14.14
2024-12-01,S012,SKU00397,43,17,24.95
2024-12-01,S012,SKU00392,27,8,28.95
2024-12-01,S012,SKU00128,57,27,12.06
2024-12-01,S012,SKU00189,17,21,21.3
2024-12-01,S012,SKU00072,60,5,22.01
2024-12-01,S012,SKU00355,33,11,17.98
2024-12-01,S012,SKU00211,26,23,37.2
2024-12-01,S012,SKU00079,43,14,18.54
2024-12-01,S012,SKU00299,23,25,21.87
2024-12-01,S012,SKU00041,38,25,19.41
2024-12-01,S012,SKU00174,21,15,23.97
2024-12-01,S012,SKU00260,47,8,16.1
2024-12-01,S012,SKU00367,42,20,23.63
2024-12-01,S012,SKU00390,20,19,20.94
2024-12-01,S012,SKU00277,58,12,17.75
2024-12-01,S012,SKU00120,32,15,10.19
2024-12-01,S012,SKU00364,30,13,20.03
2024-12-01,S012,SKU00095,34,13,27.04
2024-12-01,S012,SKU00249,43,21,14.24
2024-12-01,S012,SKU00050,33,14,9.35
2024-12-01,S012,SKU00320,51,10,13.56
2024-12-01,S012,SKU00339,30,14,14.34
2024-12-01,S012,SKU00085,32,15,21.5
2024-12-01,S012,SKU00038,35,17,22.05
2024-12-01,S012,SKU00351,31,0,20.29
2024-12-01,S012,SKU00212,22,16,8.51
2024-12-01,S013,SKU00301,38,24,13.89
2024-12-01,S013,SKU00130,45,20,29.35
2024-12-01,S013,SKU00177,71,6,24.36
2024-12-01,S013,SKU00332,49,19,53.2
2024-12-01,S013,SKU00300,27,3,19.9
2024-12-01,S013,SKU00270,49,7,23.19
2024-12-01,S013,SKU00340,23,23,14.8
2024-12-01,S013,SKU00256,29,18,16.17
2024-12-01,S013,SKU00127,11,17,18.2
2024-12-01,S013,SKU00365,42,12,9.96
2024-12-01,S013,SKU00064,32,14,14.1
2024-12-01,S013,SKU00290,28,29,20.85
2024-12-01,S013,SKU00197,39,8,14.73
2024-12-01,S013,SKU00185,33,5,22.74
2024-12-01,S013,SKU00284,28,21,20.24
2024-12-01,S013,SKU00345,15,10,21.99
2024-12-01,S013,SKU00265,35,24,15.45
2024-12-01,S013,SKU00065,41,19,21.23
2024-12-01,S013,SKU00286,26,24,25.41
2024-12-01,S013,SKU00263,44,8,12.54
2024-12-01,S013,SKU00170,40,6,19.07
2024-12-01,S013,SKU00060,49,17,30.63
2024-12-01,S013,SKU00124,68,3,18.08
2024-12-01,S013,SKU00143,48,11,9.07
2024-12-01,S013,SKU00252,52,16,35.29
2024-12-01,S013,SKU00207,30,7,16.29
2024-12-01,S013,SKU00287,49,38,23.44
2024-12-01,S013,SKU00011,30,15,17.51
2024-12-01,S013,SKU00121,27,24,21.13
2024-12-01,S013,SKU00335,34,15,10.25
2024-12-01,S013,SKU00031,48,22,18.97
2024-12-01,S013,SKU00198,45,8,25.14
2024-12-01,S013,SKU00162,22,23,23.58
2024-12-01,S013,SKU00041,22,5,19.41
2024-12-01,S013,SKU00216,59,21,35.17
2024-12-01,S013,SKU00194,38,19,15.09
2024-12-01,S013,SKU00030,44,13,9.58
2024-12-01,S013,SKU00255,38,11,33.68
2024-12-01,S013,SKU00193,35,21,26.54
2024-12-01,S013,SKU00105,69,20,24.88
2024-12-01,S013,SKU00346,33,13,46.67
2024-12-01,S013,SKU00089,36,23,25.61
2024-12-01,S013,SKU00199,58,18,28.75
2024-12-01,S013,SKU00312,37,11,19.86
2024-12-01,S013,SKU00163,47,19,15.73
2024-12-01,S013,SKU00120,53,3,10.19
2024-12-01,S013,SKU00028,63,18,14.87
2024-12-01,S013,SKU00068,50,19,9.04
2024-12-01,S013,SKU00269,38,6,13.31
2024-12-01,S013,SKU00118,56,20,9.41
2024-12-01,S013,SKU00237,9,0,22.91
2024-12-01,S013,SKU00363,43,1,19.67
2024-12-01,S013,SKU00258,54,17,29.8
2024-12-01,S013,SKU00189,41,26,21.3
2024-12-01,S013,SKU00047,0,18,30.28
2024-12-01,S013,SKU00181,35,2,21.21
2024-12-01,S013,SKU00351,35,25,20.29
2024-12-01,S013,SKU00195,56,15,20.76
2024-12-01,S013,SKU00150,53,13,17.58
2024-12-01,S013,SKU00376,37,12,22.09
2024-12-01,S014,SKU00073,38,12,31.53
2024-12-01,S014,SKU00127,34,11,18.2
2024-12-01,S014,SKU00251,10,12,16.74
2024-12-01,S014,SKU00241,38,13,22.03
2024-12-01,S014,SKU00004,39,6,9.51
2024-12-01,S014,SKU00293,48,24,28.83
2024-12-01,S014,SKU00400,31,5,16.59
2024-12-01,S014,SKU00306,56,18,13.85
2024-12-01,S014,SKU00318,50,12,20.51
2024-12-01,S014,SKU00292,22,15,27.78
2024-12-01,S014,SKU00367,42,21,23.63
2024-12-01,S014,SKU00094,67,15,30.76
2024-12-01,S014,SKU00143,47,23,9.07
2024-12-01,S014,SKU00053,38,14,26.92
2024-12-01,S014,SKU00090,33,24,19.09
2024-12-01,S014,SKU00291,31,22,20.61
2024-12-01,S014,SKU00165,39,13,12.62
2024-12-01,S014,SKU00125,52,12,14.87
2024-12-01,S014,SKU00156,54,11,13.5
2024-12-01,S014,SKU00017,68,10,22.2
2024-12-01,S014,SKU00322,50,12,9.39
2024-12-01,S014,SKU00016,26,13,20.2
2024-12-01,S014,SKU00256,53,16,16.17
2024-12-01,S014,SKU00173,37,15,24.41
2024-12-01,S014,SKU00111,49,11,22.67
2024-12-01,S014,SKU00059,44,23,18.63
2024-12-01,S014,SKU00030,25,25,9.58
2024-12-01,S014,SKU00054,54,22,12.05
2024-12-01,S014,SKU00048,27,0,35.43
2024-12-01,S014,SKU00055,52,13,24.5
2024-12-01,S014,SKU00096,9,18,19.19
2024-12-01,S014,SKU00379,11,12,19.61
2024-12-01,S014,SKU00003,68,1,19.34
2024-12-01,S014,SKU00152,54,22,34.48
2024-12-01,S014,SKU00295,45,16,21.15
2024-12-01,S014,SKU00388,47,10,18.08
2024-12-01,S014,SKU00137,46,12,32.34
2024-12-01,S014,SKU00121,26,22,21.13
2024-12-01,S014,SKU00018,14,27,11.75
2024-12-01,S014,SKU00235,59,23,17.69
2024-12-01,S014,SKU00011,68,5,17.51
2024-12-01,S014,SKU00224,63,24,28.25
2024-12-01,S014,SKU00338,42,5,23.32
2024-12-01,S014,SKU00097,33,22,11.93
2024-12-01,S014,SKU00238,43,2,47.65
2024-12-01,S014,SKU00387,29,12,19.03
2024-12-01,S014,SKU00353,61,26,28.84
2024-12-01,S014,SKU00171,39,21,26.18
2024-12-01,S014,SKU00031,44,9,18.97
2024-12-01,S014,SKU00320,26,5,13.56
2024-12-01,S014,SKU00328,53,22,20.31
2024-12-01,S014,SKU00249,43,24,14.24
2024-12-01,S014,SKU00276,23,14,8.52
2024-12-01,S014,SKU00132,30,14,18.85
2024-12-01,S014,SKU00246,17,13,19.79
2024-12-01,S014,SKU00028,37,27,14.87
2024-12-01,S014,SKU00334,46,22,7.9
2024-12-01,S014,SKU00262,59,15,6.97
2024-12-01,S014,SKU00186,39,1,24.0
2024-12-01,S014,SKU00324,35,15,27.35
2024-12-01,S015,SKU00229,4,14,28.44
2024-12-01,S015,SKU00089,58,14,25.61
2024-12-01,S015,SKU00342,53,30,17.51
2024-12-01,S015,SKU00200,29,2,35.75
2024-12-01,S015,SKU00111,22,19,22.67
2024-12-01,S015,SKU00356,31,26,6.76
2024-12-01,S015,SKU00094,23,10,30.76
2024-12-01,S015,SKU00279,65,13,18.46
2024-12-01,S015,SKU00365,44,6,9.96
2024-12-01,S015,SKU00182,30,24,22.49
2024-12-01,S015,SKU00331,72,16,9.22
2024-12-01,S015,SKU00070,18,14,19.96
2024-12-01,S015,SKU00181,36,18,21.21
2024-12-01,S015,SKU00174,60,13,23.97
2024-12-01,S015,SKU00249,38,10,14.24
2024-12-01,S015,SKU00050,66,21,9.35
2024-12-01,S015,SKU00336,54,20,21.13
2024-12-01,S015,SKU00095,70,17,27.04
2024-12-01,S015,SKU00146,51,13,30.59
2024-12-01,S015,SKU00236,33,20,14.52
2024-12-01,S015,SKU00206,47,9,12.31
2024-12-01,S015,SKU00220,31,15,23.06
2024-12-01,S015,SKU00005,84,15,5.18
2024-12-01,S015,SKU00251,40,0,16.74
2024-12-01,S015,SKU00156,21,11,13.5
2024-12-01,S015,SKU00385,17,10,24.15
2024-12-01,S015,SKU00208,64,2,7.02
2024-12-01,S015,SKU00040,28,14,18.22
2024-12-01,S015,SKU00329,31,5,21.42
2024-12-01,S015,SKU00338,40,15,23.32
2024-12-01,S015,SKU00028,34,20,14.87
2024-12-01,S015,SKU00124,31,22,18.08
2024-12-01,S015,SKU00399,49,5,25.01
2024-12-01,S015,SKU00097,63,4,11.93
2024-12-01,S015,SKU00360,51,24,35.66
2024-12-01,S015,SKU00021,29,17,21.44
2024-12-01,S015,SKU00007,41,9,12.89
2024-12-01,S015,SKU00009,46,17,21.87
2024-12-01,S015,SKU00153,37,20,27.58
2024-12-01,S015,SKU00058,41,20,33.62
2024-12-01,S015,SKU00258,41,22,29.8
2024-12-01,S015,SKU00166,42,11,26.57
2024-12-01,S015,SKU00130,49,28,29.35
2024-12-01,S015,SKU00129,19,6,17.3
2024-12-01,S015,SKU00351,49,15,20.29
2024-12-01,S015,SKU00393,75,14,7.6
2024-12-01,S015,SKU00041,46,17,19.41
2024-12-01,S015,SKU00306,44,10,13.85
2024-12-01,S015,SKU00072,57,19,22.01
2024-12-01,S015,SKU00256,16,25,16.17
2024-12-01,S015,SKU00341,51,22,20.55
2024-12-01,S015,SKU00278,43,19,29.28
2024-12-01,S015,SKU00054,38,28,12.05
2024-12-01,S015,SKU00354,11,27,16.32
2024-12-01,S015,SKU00250,52,31,22.08
2024-12-01,S015,SKU00179,47,6,8.72
2024-12-01,S015,SKU00107,35,11,27.98
2024-12-01,S015,SKU00006,30,23,22.21
2024-12-01,S015,SKU00177,28,11,24.36
2024-12-01,S015,SKU00096,36,10,19.19
2024-12-01,S016,SKU00396,15,14,6.08
2024-12-01,S016,SKU00182,34,11,22.49
2024-12-01,S016,SKU00108,50,0,8.67
2024-12-01,S016,SKU00304,24,21,13.37
2024-12-01,S016,SKU00251,24,18,16.74
2024-12-01,S016,SKU00305,31,20,19.27
2024-12-01,S016,SKU00157,56,8,26.67
2024-12-01,S016,SKU00056,37,32,21.74
2024-12-01,S016,SKU00194,31,8,15.09
2024-12-01,S016,SKU00268,67,15,22.72
2024-12-01,S016,SKU00032,37,28,26.13
2024-12-01,S016,SKU00198,32,4,25.14
2024-12-01,S016,SKU00117,55,19,14.81
2024-12-01,S016,SKU00109,24,16,32.26
2024-12-01,S016,SKU00282,51,24,31.83
2024-12-01,S016,SKU00378,31,5,16.37
2024-12-01,S016,SKU00260,17,28,16.1
2024-12-01,S016,SKU00203,53,9,27.92
2024-12-01,S016,SKU00209,44,23,40.26
2024-12-01,S016,SKU00367,41,20,23.63
2024-12-01,S016,SKU00290,23,5,20.85
2024-12-01,S016,SKU00215,36,17,20.75
2024-12-01,S016,SKU00300,43,18,19.9
2024-12-01,S016,SKU00107,34,8,27.98
2024-12-01,S016,SKU00044,21,4,16.43
2024-12-01,S016,SKU00010,59,12,22.61
2024-12-01,S016,SKU00354,39,16,16.32
2024-12-01,S016,SKU00230,11,2,28.51
2024-12-01,S016,SKU00179,57,8,8.72
2024-12-01,S016,SKU00051,34,10,21.15
2024-12-01,S016,SKU00153,44,16,27.58
2024-12-01,S016,SKU00333,32,17,19.02
2024-12-01,S016,SKU00173,41,11,24.41
2024-12-01,S016,SKU00110,33,25,22.59
2024-12-01,S016,SKU00082,24,9,18.27
2024-12-01,S016,SKU00356,77,13,6.76
2024-12-01,S016,SKU00227,37,27,38.72
2024-12-01,S016,SKU00297,52,6,20.51
2024-12-01,S016,SKU00388,20,20,18.08
2024-12-01,S016,SKU00320,49,21,13.56
2024-12-01,S016,SKU00314,29,19,15.81
2024-12-01,S016,SKU00387,64,24,19.03
2024-12-01,S016,SKU00246,58,13,19.79
2024-12-01,S016,SKU00150,48,2,17.58
2024-12-01,S016,SKU00197,23,28,14.73
2024-12-01,S016,SKU00059,46,22,18.63
2024-12-01,S016,SKU00067,39,12,12.5
2024-12-01,S016,SKU00233,20,29,14.08
2024-12-01,S016,SKU00165,81,12,12.62
2024-12-01,S016,SKU00121,39,18,21.13
2024-12-01,S016,SKU00140,21,27,22.39
2024-12-01,S016,SKU00005,43,10,5.18
2024-12-01,S016,SKU00247,51,9,19.17
2024-12-01,S016,SKU00004,27,11,9.51
2024-12-01,S016,SKU00206,29,4,12.31
2024-12-01,S016,SKU00009,11,10,21.87
2024-12-01,S016,SKU00272,28,4,18.35
2024-12-01,S016,SKU00172,73,15,9.82
2024-12-01,S016,SKU00296,18,4,18.93
2024-12-01,S016,SKU00170,33,13,19.07
2024-12-01,S017,SKU00362,22,15,17.84
2024-12-01,S017,SKU00095,42,11,27.04
2024-12-01,S017,SKU00315,47,12,25.73
2024-12-01,S017,SKU00332,12,0,53.2
2024-12-01,S017,SKU00267,48,10,32.29
2024-12-01,S017,SKU00323,25,25,17.89
2024-12-01,S017,SKU00008,54,13,14.83
2024-12-01,S017,SKU00239,30,21,7.57
2024-12-01,S017,SKU00318,41,16,20.51
2024-12-01,S017,SKU00268,50,5,22.72
2024-12-01,S017,SKU00138,42,7,9.29
2024-12-01,S017,SKU00059,25,23,18.63
2024-12-01,S017,SKU00126,73,18,25.54
2024-12-01,S017,SKU00399,32,19,25.01
2024-12-01,S017,SKU00047,41,23,30.28
2024-12-01,S017,SKU00189,38,10,21.3
2024-12-01,S017,SKU00283,55,26,35.29
2024-12-01,S017,SKU00118,35,26,9.41
2024-12-01,S017,SKU00020,34,8,19.96
2024-12-01,S017,SKU00013,33,6,15.96
2024-12-01,S017,SKU00112,35,5,17.88
2024-12-01,S017,SKU00153,59,14,27.58
2024-12-01,S017,SKU00124,52,21,18.08
2024-12-01,S017,SKU00394,17,10,10.9
2024-12-01,S017,SKU00134,34,17,22.15
2024-12-01,S017,SKU00183,15,1,7.71
2024-12-01,S017,SKU00129,38,13,17.3
2024-12-01,S017,SKU00215,44,1,20.75
2024-12-01,S017,SKU00301,31,32,13.89
2024-12-01,S017,SKU00391,60,17,20.67
2024-12-01,S017,SKU00244,48,17,14.65
2024-12-01,S017,SKU00257,50,5,12.09
2024-12-01,S017,SKU00093,28,16,20.73
2024-12-01,S017,SKU00017,34,15,22.2
2024-12-01,S017,SKU00057,43,21,19.41
2024-12-01,S017,SKU00098,49,9,23.96
2024-12-01,S017,SKU00371,31,16,23.22
2024-12-01,S017,SKU00085,37,6,21.5
2024-12-01,S017,SKU00099,46,12,12.91
2024-12-01,S017,SKU00282,71,13,31.83
2024-12-01,S017,SKU00242,42,1,23.88
2024-12-01,S017,SKU00214,12,17,47.96
2024-12-01,S017,SKU00055,30,12,24.5
2024-12-01,S017,SKU00039,34,21,31.34
2024-12-01,S017,SKU00389,44,22,26.23
2024-12-01,S017,SKU00114,52,7,16.42
2024-12-01,S017,SKU00080,23,15,21.0
2024-12-01,S017,SKU00078,46,24,9.74
2024-12-01,S017,SKU00324,57,1,27.35
2024-12-01,S017,SKU00160,35,5,18.48
2024-12-01,S017,SKU00259,69,12,16.74
2024-12-01,S017,SKU00054,31,20,12.05
2024-12-01,S017,SKU00108,44,17,8.67
2024-12-01,S017,SKU00195,40,24,20.76
2024-12-01,S017,SKU00304,25,36,13.37
2024-12-01,S017,SKU00149,18,15,16.9
2024-12-01,S017,SKU00021,29,15,21.44
2024-12-01,S017,SKU00191,34,7,24.12
2024-12-01,S017,SKU00060,39,22,30.63
2024-12-01,S017,SKU00136,67,30,21.43
2024-12-01,S018,SKU00084,35,7,22.85
2024-12-01,S018,SKU00179,20,23,8.72
2024-12-01,S018,SKU00267,37,12,32.29
2024-12-01,S018,SKU00239,17,19,7.57
2024-12-01,S018,SKU00095,38,4,27.04
2024-12-01,S018,SKU00339,46,21,14.34
2024-12-01,S018,SKU00118,47,18,9.41
2024-12-01,S018,SKU00248,54,9,24.2
2024-12-01,S018,SKU00389,16,7,26.23
2024-12-01,S018,SKU00305,34,15,19.27
2024-12-01,S018,SKU00064,24,14,14.1
2024-12-01,S018,SKU00034,19,4,25.34
2024-12-01,S018,SKU00270,53,6,23.19
2024-12-01,S018,SKU00365,35,12,9.96
2024-12-01,S018,SKU00012,30,13,6.48
2024-12-01,S018,SKU00318,0,9,20.51
2024-12-01,S018,SKU00133,42,21,10.11
2024-12-01,S018,SKU00303,40,18,27.57
2024-12-01,S018,SKU00143,32,7,9.07
2024-12-01,S018,SKU00386,42,8,24.27
2024-12-01,S018,SKU00278,40,20,29.28
2024-12-01,S018,SKU00177,41,3,24.36
2024-12-01,S018,SKU00170,28,15,19.07
2024-12-01,S018,SKU00358,2,16,20.44
2024-12-01,S018,SKU00279,57,37,18.46
2024-12-01,S018,SKU00311,61,18,23.51
2024-12-01,S018,SKU00050,28,4,9.35
2024-12-01,S018,SKU00285,46,16,16.17
2024-12-01,S018,SKU00176,44,8,14.59
2024-12-01,S018,SKU00392,12,16,28.95
2024-12-01,S018,SKU00056,59,31,21.74
2024-12-01,S018,SKU00067,38,16,12.5
2024-12-01,S018,SKU00260,22,4,16.1
2024-12-01,S018,SKU00349,32,13,11.12
2024-12-01,S018,SKU00241,52,3,22.03
2024-12-01,S018,SKU00198,69,0,25.14
2024-12-01,S018,SKU00332,46,6,53.2
2024-12-01,S018,SKU00262,31,20,6.97
2024-12-01,S018,SKU00120,14,6,10.19
2024-12-01,S018,SKU00299,53,13,21.87
2024-12-01,S018,SKU00322,47,17,9.39
2024-12-01,S018,SKU00123,43,20,17.11
2024-12-01,S018,SKU00097,29,24,11.93
2024-12-01,S018,SKU00335,36,22,10.25
2024-12-01,S018,SKU00207,59,16,16.29
2024-12-01,S018,SKU00146,14,30,30.59
2024-12-01,S018,SKU00099,30,17,12.91
2024-12-01,S018,SKU00302,40,22,11.51
2024-12-01,S018,SKU00348,25,16,24.11
2024-12-01,S018,SKU00087,38,15,9.32
2024-12-01,S018,SKU00135,37,16,21.41
2024-12-01,S018,SKU00257,62,15,12.09
2024-12-01,S018,SKU00297,32,18,20.51
2024-12-01,S018,SKU00354,3,18,16.32
2024-12-01,S018,SKU00150,55,6,17.58
2024-12-01,S018,SKU00292,33,12,27.78
2024-12-01,S018,SKU00013,74,16,15.96
2024-12-01,S018,SKU00382,9,13,8.38
2024-12-01,S018,SKU00002,42,13,22.95
2024-12-01,S018,SKU00208,45,13,7.02
2024-12-01,S019,SKU00229,30,10,28.44
2024-12-01,S019,SKU00270,43,4,23.19
2024-12-01,S019,SKU00267,51,1,32.29
2024-12-01,S019,SKU00043,48,0,24.13
2024-12-01,S019,SKU00083,23,7,22.59
2024-12-01,S019,SKU00248,29,4,24.2
2024-12-01,S019,SKU00222,46,17,21.69
2024-12-01,S019,SKU00350,42,17,24.41
2024-12-01,S019,SKU00235,46,11,17.69
2024-12-01,S019,SKU00322,25,19,9.39
2024-12-01,S019,SKU00279,42,11,18.46
2024-12-01,S019,SKU00118,53,25,9.41
2024-12-01,S019,SKU00344,61,18,6.67
2024-12-01,S019,SKU00138,51,16,9.29
2024-12-01,S019,SKU00029,16,9,18.21
2024-12-01,S019,SKU00296,42,6,18.93
2024-12-01,S019,SKU00008,43,14,14.83
2024-12-01,S019,SKU00389,38,23,26.23
2024-12-01,S019,SKU00313,59,19,21.61
2024-12-01,S019,SKU00218,39,18,10.78
2024-12-01,S019,SKU00332,37,11,53.2
2024-12-01,S019,SKU00209,53,21,40.26
2024-12-01,S019,SKU00249,57,30,14.24
2024-12-01,S019,SKU00025,26,11,18.13
2024-12-01,S019,SKU00047,33,21,30.28
2024-12-01,S019,SKU00283,92,9,35.29
2024-12-01,S019,SKU00277,49,11,17.75
2024-12-01,S019,SKU00226,38,13,37.85
2024-12-01,S019,SKU00160,29,12,18.48
2024-12-01,S019,SKU00310,54,15,23.34
2024-12-01,S019,SKU00085,70,17,21.5
2024-12-01,S019,SKU00189,58,3,21.3
2024-12-01,S019,SKU00196,64,22,14.66
2024-12-01,S019,SKU00360,29,14,35.66
2024-12-01,S019,SKU00200,34,16,35.75
2024-12-01,S019,SKU00010,65,22,22.61
2024-12-01,S019,SKU00027,33,20,8.1
2024-12-01,S019,SKU00108,63,18,8.67
2024-12-01,S019,SKU00363,53,7,19.67
2024-12-01,S019,SKU00228,46,15,42.12
2024-12-01,S019,SKU00216,67,13,35.17
2024-12-01,S019,SKU00259,48,18,16.74
2024-12-01,S019,SKU00385,27,16,24.15
2024-12-01,S019,SKU00263,33,17,12.54
2024-12-01,S019,SKU00334,37,14,7.9
2024-12-01,S019,SKU00204,44,10,22.75
2024-12-01,S019,SKU00186,37,18,24.0
2024-12-01,S019,SKU00054,45,10,12.05
2024-12-01,S019,SKU00335,18,14,10.25
2024-12-01,S019,SKU00139,42,10,19.06
2024-12-01,S019,SKU00013,15,23,15.96
2024-12-01,S019,SKU00316,53,20,9.13
2024-12-01,S019,SKU00133,32,15,10.11
2024-12-01,S019,SKU00290,59,14,20.85
2024-12-01,S019,SKU00318,58,22,20.51
2024-12-01,S019,SKU00198,20,16,25.14
2024-12-01,S019,SKU00177,56,12,24.36
2024-12-01,S019,SKU00006,78,5,22.21
2024-12-01,S019,SKU00099,49,18,12.91
2024-12-01,S019,SKU00068,57,6,9.04
2024-12-01,S020,SKU00162,31,25,23.58
2024-12-01,S020,SKU00370,60,8,19.59
2024-12-01,S020,SKU00062,39,1,21.8
2024-12-01,S020,SKU00187,58,11,25.15
2024-12-01,S020,SKU00184,50,11,15.79
2024-12-01,S020,SKU00071,57,8,18.24
2024-12-01,S020,SKU00294,43,16,21.46
2024-12-01,S020,SKU00214,39,3,47.96
2024-12-01,S020,SKU00288,22,14,22.22
2024-12-01,S020,SKU00083,45,0,22.59
2024-12-01,S020,SKU00389,22,9,26.23
2024-12-01,S020,SKU00355,30,14,17.98
2024-12-01,S020,SKU00282,38,13,31.83
2024-12-01,S020,SKU00135,28,18,21.41
2024-12-01,S020,SKU00043,31,8,24.13
2024-12-01,S020,SKU00027,47,35,8.1
2024-12-01,S020,SKU00104,63,13,30.27
2024-12-01,S020,SKU00034,26,13,25.34
2024-12-01,S020,SKU00158,48,11,7.83
2024-12-01,S020,SKU00244,66,7,14.65
2024-12-01,S020,SKU00029,11,22,18.21
2024-12-01,S020,SKU00302,29,8,11.51
2024-12-01,S020,SKU00053,26,24,26.92
2024-12-01,S020,SKU00398,19,13,31.97
2024-12-01,S020,SKU00048,33,8,35.43
2024-12-01,S020,SKU00118,49,11,9.41
2024-12-01,S020,SKU00323,51,0,17.89
2024-12-01,S020,SKU00400,53,11,16.59
2024-12-01,S020,SKU00181,52,30,21.21
2024-12-01,S020,SKU00375,56,24,23.14
2024-12-01,S020,SKU00115,40,5,16.78
2024-12-01,S020,SKU00061,36,16,13.6
2024-12-01,S020,SKU00352,27,20,23.46
2024-12-01,S020,SKU00378,0,17,16.37
2024-12-01,S020,SKU00310,48,26,23.34
2024-12-01,S020,SKU00330,41,25,28.29
2024-12-01,S020,SKU00020,45,11,19.96
2024-12-01,S020,SKU00228,47,16,42.12
2024-12-01,S020,SKU00250,56,17,22.08
2024-12-01,S020,SKU00274,54,12,8.22
2024-12-01,S020,SKU00073,44,11,31.53
2024-12-01,S020,SKU00233,82,19,14.08
2024-12-01,S020,SKU00012,40,9,6.48
2024-12-01,S020,SKU00275,31,12,24.1
2024-12-01,S020,SKU00357,40,12,14.08
2024-12-01,S020,SKU00390,67,13,20.94
2024-12-01,S020,SKU00025,21,18,18.13
2024-12-01,S020,SKU00088,39,10,27.73
2024-12-01,S020,SKU00203,55,8,27.92
2024-12-01,S020,SKU00058,13,8,33.62
2024-12-01,S020,SKU00372,41,23,8.73
2024-12-01,S020,SKU00231,69,21,23.4
2024-12-01,S020,SKU00391,38,18,20.67
2024-12-01,S020,SKU00249,41,10,14.24
2024-12-01,S020,SKU00399,16,10,25.01
2024-12-01,S020,SKU00325,23,22,11.47
2024-12-01,S020,SKU00209,48,16,40.26
2024-12-01,S020,SKU00155,60,18,22.47
2024-12-01,S020,SKU00247,34,21,19.17
2024-12-01,S020,SKU00253,36,13,19.63
2024-12-01,S021,SKU00149,24,27,16.9
2024-12-01,S021,SKU00197,30,9,14.73
2024-12-01,S021,SKU00012,52,22,6.48
2024-12-01,S021,SKU00307,59,7,19.13
2024-12-01,S021,SKU00028,30,21,14.87
2024-12-01,S021,SKU00078,52,21,9.74
2024-12-01,S021,SKU00076,27,14,16.2
2024-12-01,S021,SKU00387,28,18,19.03
2024-12-01,S021,SKU00189,55,19,21.3
2024-12-01,S021,SKU00119,44,20,21.19
2024-12-01,S021,SKU00327,59,11,24.66
2024-12-01,S021,SKU00295,36,15,21.15
2024-12-01,S021,SKU00294,70,11,21.46
2024-12-01,S021,SKU00325,53,17,11.47
2024-12-01,S021,SKU00037,37,2,14.43
2024-12-01,S021,SKU00057,12,14,19.41
2024-12-01,S021,SKU00047,39,17,30.28
2024-12-01,S021,SKU00097,21,8,11.93
2024-12-01,S021,SKU00270,58,11,23.19
2024-12-01,S021,SKU00237,49,10,22.91
2024-12-01,S021,SKU00213,46,7,21.39
2024-12-01,S021,SKU00178,50,18,23.85
2024-12-01,S021,SKU00302,55,5,11.51
2024-12-01,S021,SKU00064,18,13,14.1
2024-12-01,S021,SKU00195,40,25,20.76
2024-12-01,S021,SKU00123,18,21,17.11
2024-12-01,S021,SKU00337,49,10,20.41
2024-12-01,S021,SKU00322,26,9,9.39
2024-12-01,S021,SKU00225,25,14,14.42
2024-12-01,S021,SKU00297,34,18,20.51
2024-12-01,S021,SKU00144,9,11,12.22
2024-12-01,S021,SKU00220,35,22,23.06
2024-12-01,S021,SKU00231,59,18,23.4
2024-12-01,S021,SKU00278,31,15,29.28
2024-12-01,S021,SKU00259,44,22,16.74
2024-12-01,S021,SKU00194,56,15,15.09
2024-12-01,S021,SKU00105,22,6,24.88
2024-12-01,S021,SKU00317,40,20,22.08
2024-12-01,S021,SKU00342,70,6,17.51
2024-12-01,S021,SKU00069,14,23,10.26
2024-12-01,S021,SKU00336,41,19,21.13
2024-12-01,S021,SKU00081,47,5,16.01
2024-12-01,S021,SKU00019,69,23,14.15
2024-12-01,S021,SKU00355,47,14,17.98
2024-12-01,S021,SKU00281,9,7,24.82
2024-12-01,S021,SKU00165,41,30,12.62
2024-12-01,S021,SKU00135,37,17,21.41
2024-12-01,S021,SKU00374,54,6,17.57
2024-12-01,S021,SKU00309,23,13,27.53
2024-12-01,S021,SKU00075,29,0,19.82
2024-12-01,S021,SKU00289,51,21,20.83
2024-12-01,S021,SKU00059,28,9,18.63
2024-12-01,S021,SKU00185,41,18,22.74
2024-12-01,S021,SKU00394,54,24,10.9
2024-12-01,S021,SKU00129,47,21,17.3
2024-12-01,S021,SKU00109,36,16,32.26
2024-12-01,S021,SKU00087,35,18,9.32
2024-12-01,S021,SKU00126,29,20,25.54
2024-12-01,S021,SKU00083,16,18,22.59
2024-12-01,S021,SKU00128,30,9,12.06
2024-12-01,S022,SKU00052,62,13,25.94
2024-12-01,S022,SKU00252,7,12,35.29
2024-12-01,S022,SKU00267,51,2,32.29
2024-12-01,S022,SKU00017,43,19,22.2
2024-12-01,S022,SKU00012,36,23,6.48
2024-12-01,S022,SKU00114,38,8,16.42
2024-12-01,S022,SKU00222,20,19,21.69
2024-12-01,S022,SKU00288,36,13,22.22
2024-12-01,S022,SKU00039,18,21,31.34
2024-12-01,S022,SKU00031,43,11,18.97
2024-12-01,S022,SKU00010,50,22,22.61
2024-12-01,S022,SKU00107,51,11,27.98
2024-12-01,S022,SKU00069,33,20,10.26
2024-12-01,S022,SKU00152,57,7,34.48
2024-12-01,S022,SKU00387,26,13,19.03
2024-12-01,S022,SKU00285,48,9,16.17
2024-12-01,S022,SKU00096,66,6,19.19
2024-12-01,S022,SKU00279,44,25,18.46
2024-12-01,S022,SKU00235,19,24,17.69
2024-12-01,S022,SKU00382,53,11,8.38
2024-12-01,S022,SKU00305,37,23,19.27
2024-12-01,S022,SKU00185,37,13,22.74
2024-12-01,S022,SKU00126,19,26,25.54
2024-12-01,S022,SKU00273,45,11,21.29
2024-12-01,S022,SKU00061,30,12,13.6
2024-12-01,S022,SKU00189,32,5,21.3
2024-12-01,S022,SKU00159,44,14,20.64
2024-12-01,S022,SKU00140,31,15,22.39
2024-12-01,S022,SKU00169,27,8,15.35
2024-12-01,S022,SKU00366,4,6,12.66
2024-12-01,S022,SKU00294,16,16,21.46
2024-12-01,S022,SKU00199,44,17,28.75
2024-12-01,S022,SKU00153,40,8,27.58
2024-12-01,S022,SKU00183,37,7,7.71
2024-12-01,S022,SKU00234,42,11,14.14
2024-12-01,S022,SKU00090,50,13,19.09
2024-12-01,S022,SKU00384,41,23,6.97
2024-12-01,S022,SKU00329,24,13,21.42
2024-12-01,S022,SKU00395,41,17,14.64
2024-12-01,S022,SKU00068,55,13,9.04
2024-12-01,S022,SKU00216,35,19,35.17
2024-12-01,S022,SKU00321,32,14,8.77
2024-12-01,S022,SKU00139,58,15,19.06
2024-12-01,S022,SKU00293,24,17,28.83
2024-12-01,S022,SKU00055,0,2,24.5
2024-12-01,S022,SKU00059,56,35,18.63
2024-12-01,S022,SKU00057,45,22,19.41
2024-12-01,S022,SKU00054,29,21,12.05
2024-12-01,S022,SKU00343,51,5,25.69
2024-12-01,S022,SKU00105,32,18,24.88
2024-12-01,S022,SKU00221,43,21,18.46
2024-12-01,S022,SKU00230,30,23,28.51
2024-12-01,S022,SKU00154,48,5,36.04
2024-12-01,S022,SKU00227,36,11,38.72
2024-12-01,S022,SKU00168,36,10,18.6
2024-12-01,S022,SKU00347,32,19,35.52
2024-12-01,S022,SKU00385,31,22,24.15
2024-12-01,S022,SKU00091,40,16,16.61
2024-12-01,S022,SKU00206,51,19,12.31
2024-12-01,S022,SKU00375,35,17,23.14
2024-12-01,S023,SKU00231,25,22,23.4
2024-12-01,S023,SKU00095,25,11,27.04
2024-12-01,S023,SKU00035,57,11,34.51
2024-12-01,S023,SKU00386,36,20,24.27
2024-12-01,S023,SKU00372,45,10,8.73
2024-12-01,S023,SKU00347,33,11,35.52
2024-12-01,S023,SKU00338,38,24,23.32
2024-12-01,S023,SKU00067,29,19,12.5
2024-12-01,S023,SKU00183,15,8,7.71
2024-12-01,S023,SKU00092,30,6,6.71
2024-12-01,S023,SKU00286,50,13,25.41
2024-12-01,S023,SKU00039,24,29,31.34
2024-12-01,S023,SKU00007,53,4,12.89
2024-12-01,S023,SKU00219,13,18,24.96
2024-12-01,S023,SKU00252,38,6,35.29
2024-12-01,S023,SKU00245,35,18,19.78
2024-12-01,S023,SKU00160,49,9,18.48
2024-12-01,S023,SKU00197,39,13,14.73
2024-12-01,S023,SKU00043,21,24,24.13
2024-12-01,S023,SKU00191,30,9,24.12
2024-12-01,S023,SKU00085,43,28,21.5
2024-12-01,S023,SKU00179,43,23,8.72
2024-12-01,S023,SKU00169,68,23,15.35
2024-12-01,S023,SKU00154,21,21,36.04
2024-12-01,S023,SKU00157,9,13,26.67
2024-12-01,S023,SKU00199,41,16,28.75
2024-12-01,S023,SKU00152,37,25,34.48
2024-12-01,S023,SKU00305,34,18,19.27
2024-12-01,S023,SKU00383,28,14,21.74
2024-12-01,S023,SKU00151,20,24,7.16
2024-12-01,S023,SKU00088,17,18,27.73
2024-12-01,S023,SKU00223,37,7,14.14
2024-12-01,S023,SKU00343,34,17,25.69
2024-12-01,S023,SKU00027,16,13,8.1
2024-12-01,S023,SKU00325,33,9,11.47
2024-12-01,S023,SKU00195,9,3,20.76
2024-12-01,S023,SKU00175,42,22,22.23
2024-12-01,S023,SKU00089,49,4,25.61
2024-12-01,S023,SKU00242,24,19,23.88
2024-12-01,S023,SKU00377,34,12,24.12
2024-12-01,S023,SKU00018,55,10,11.75
2024-12-01,S023,SKU00032,33,12,26.13
2024-12-01,S023,SKU00374,23,8,17.57
2024-12-01,S023,SKU00163,27,13,15.73
2024-12-01,S023,SKU00135,44,13,21.41
2024-12-01,S023,SKU00215,11,14,20.75
2024-12-01,S023,SKU00318,56,14,20.51
2024-12-01,S023,SKU00080,23,14,21.0
2024-12-01,S023,SKU00218,9,18,10.78
2024-12-01,S023,SKU00382,17,22,8.38
2024-12-01,S023,SKU00258,23,12,29.8
2024-12-01,S023,SKU00012,42,2,6.48
2024-12-01,S023,SKU00208,38,7,7.02
2024-12-01,S023,SKU00334,52,13,7.9
2024-12-01,S023,SKU00315,47,4,25.73
2024-12-01,S023,SKU00336,47,10,21.13
2024-12-01,S023,SKU00100,63,11,7.48
2024-12-01,S023,SKU00247,59,15,19.17
2024-12-01,S023,SKU00320,31,17,13.56
2024-12-01,S023,SKU00034,25,8,25.34
2024-12-01,S024,SKU00106,33,24,11.12
2024-12-01,S024,SKU00257,58,18,12.09
2024-12-01,S024,SKU00211,37,14,37.2
2024-12-01,S024,SKU00397,53,12,24.95
2024-12-01,S024,SKU00285,39,21,16.17
2024-12-01,S024,SKU00220,45,12,23.06
2024-12-01,S024,SKU00369,25,23,27.28
2024-12-01,S024,SKU00332,52,11,53.2
2024-12-01,S024,SKU00117,14,0,14.81
2024-12-01,S024,SKU00356,62,18,6.76
2024-12-01,S024,SKU00142,81,15,22.57
2024-12-01,S024,SKU00002,56,18,22.95
2024-12-01,S024,SKU00267,61,18,32.29
2024-12-01,S024,SKU00095,27,7,27.04
2024-12-01,S024,SKU00377,43,28,24.12
2024-12-01,S024,SKU00081,54,12,16.01
2024-12-01,S024,SKU00186,14,27,24.0
2024-12-01,S024,SKU00234,21,16,14.14
2024-12-01,S024,SKU00138,29,19,9.29
2024-12-01,S024,SKU00297,25,12,20.51
2024-12-01,S024,SKU00082,50,19,18.27
2024-12-01,S024,SKU00269,61,30,13.31
2024-12-01,S024,SKU00296,34,23,18.93
2024-12-01,S024,SKU00307,17,24,19.13
2024-12-01,S024,SKU00389,41,14,26.23
2024-12-01,S024,SKU00298,62,0,11.72
2024-12-01,S024,SKU00346,51,16,46.67
2024-12-01,S024,SKU00083,42,12,22.59
2024-12-01,S024,SKU00182,56,25,22.49
2024-12-01,S024,SKU00390,51,14,20.94
2024-12-01,S024,SKU00140,64,16,22.39
2024-12-01,S024,SKU00246,37,3,19.79
2024-12-01,S024,SKU00309,72,21,27.53
2024-12-01,S024,SKU00313,2,24,21.61
2024-12-01,S024,SKU00251,38,13,16.74
2024-12-01,S024,SKU00114,51,20,16.42
2024-12-01,S024,SKU00130,39,15,29.35
2024-12-01,S024,SKU00253,48,7,19.63
2024-12-01,S024,SKU00339,44,16,14.34
2024-12-01,S024,SKU00280,48,17,11.07
2024-12-01,S024,SKU00150,25,17,17.58
2024-12-01,S024,SKU00398,25,25,31.97
2024-12-01,S024,SKU00115,33,19,16.78
2024-12-01,S024,SKU00192,40,13,15.31
2024-12-01,S024,SKU00265,8,24,15.45
2024-12-01,S024,SKU00304,29,6,13.37
2024-12-01,S024,SKU00366,43,12,12.66
2024-12-01,S024,SKU00098,35,12,23.96
2024-12-01,S024,SKU00336,55,7,21.13
2024-12-01,S024,SKU00273,38,9,21.29
2024-12-01,S024,SKU00069,71,27,10.26
2024-12-01,S024,SKU00119,17,6,21.19
2024-12-01,S024,SKU00217,26,11,19.37
2024-12-01,S024,SKU00333,26,13,19.02
2024-12-01,S024,SKU00359,61,5,12.22
2024-12-01,S024,SKU00342,19,37,17.51
2024-12-01,S024,SKU00104,36,3,30.27
2024-12-01,S024,SKU00289,29,19,20.83
2024-12-01,S024,SKU00034,24,20,25.34
2024-12-01,S024,SKU00292,22,16,27.78
2024-12-01,S025,SKU00391,52,24,20.67
2024-12-01,S025,SKU00037,38,19,14.43
2024-12-01,S025,SKU00110,31,21,22.59
2024-12-01,S025,SKU00239,41,23,7.57
2024-12-01,S025,SKU00080,29,19,21.0
2024-12-01,S025,SKU00146,48,4,30.59
2024-12-01,S025,SKU00305,30,10,19.27
2024-12-01,S025,SKU00360,43,7,35.66
2024-12-01,S025,SKU00188,11,13,22.21
2024-12-01,S025,SKU00023,72,25,23.51
2024-12-01,S025,SKU00160,32,25,18.48
2024-12-01,S025,SKU00085,30,21,21.5
2024-12-01,S025,SKU00255,58,19,33.68
2024-12-01,S025,SKU00133,64,29,10.11
2024-12-01,S025,SKU00114,29,13,16.42
2024-12-01,S025,SKU00119,17,14,21.19
2024-12-01,S025,SKU00117,77,22,14.81
2024-12-01,S025,SKU00165,60,12,12.62
2024-12-01,S025,SKU00370,47,9,19.59
2024-12-01,S025,SKU00139,38,16,19.06
2024-12-01,S025,SKU00249,43,8,14.24
2024-12-01,S025,SKU00072,28,16,22.01
2024-12-01,S025,SKU00011,42,11,17.51
2024-12-01,S025,SKU00308,44,24,33.04
2024-12-01,S025,SKU00198,58,18,25.14
2024-12-01,S025,SKU00285,46,20,16.17
2024-12-01,S025,SKU00074,36,18,28.23
2024-12-01,S025,SKU00063,41,10,13.32
2024-12-01,S025,SKU00169,53,16,15.35
2024-12-01,S025,SKU00065,30,18,21.23
2024-12-01,S025,SKU00366,42,17,12.66
2024-12-01,S025,SKU00275,9,13,24.1
2024-12-01,S025,SKU00392,33,11,28.95
2024-12-01,S025,SKU00315,39,8,25.73
2024-12-01,S025,SKU00158,38,12,7.83
2024-12-01,S025,SKU00166,29,14,26.57
2024-12-01,S025,SKU00060,43,20,30.63
2024-12-01,S025,SKU00142,32,18,22.57
2024-12-01,S025,SKU00053,51,9,26.92
2024-12-01,S025,SKU00145,63,14,13.72
2024-12-01,S025,SKU00123,47,28,17.11
2024-12-01,S025,SKU00398,25,19,31.97
2024-12-01,S025,SKU00261,51,26,33.76
2024-12-01,S025,SKU00137,63,16,32.34
2024-12-01,S025,SKU00311,27,14,23.51
2024-12-01,S025,SKU00349,29,28,11.12
2024-12-01,S025,SKU00052,37,14,25.94
2024-12-01,S025,SKU00273,32,13,21.29
2024-12-01,S025,SKU00131,44,8,22.93
2024-12-01,S025,SKU00214,5,13,47.96
2024-12-01,S025,SKU00218,41,15,10.78
2024-12-01,S025,SKU00346,46,8,46.67
2024-12-01,S025,SKU00081,52,21,16.01
2024-12-01,S025,SKU00202,48,8,41.7
2024-12-01,S025,SKU00330,33,9,28.29
2024-12-01,S025,SKU00044,30,16,16.43
2024-12-01,S025,SKU00030,52,22,9.58
2024-12-01,S025,SKU00220,50,26,23.06
2024-12-01,S025,SKU00352,41,14,23.46
2024-12-01,S025,SKU00190,65,3,23.47
2024-12-01,S026,SKU00216,57,11,35.17
2024-12-01,S026,SKU00022,36,18,10.6
2024-12-01,S026,SKU00078,15,8,9.74
2024-12-01,S026,SKU00059,43,16,18.63
2024-12-01,S026,SKU00304,43,1,13.37
2024-12-01,S026,SKU00042,59,19,27.28
2024-12-01,S026,SKU00341,39,10,20.55
2024-12-01,S026,SKU00249,51,11,14.24
2024-12-01,S026,SKU00267,68,21,32.29
2024-12-01,S026,SKU00312,37,18,19.86
2024-12-01,S026,SKU00215,50,13,20.75
2024-12-01,S026,SKU00095,32,11,27.04
2024-12-01,S026,SKU00388,55,15,18.08
2024-12-01,S026,SKU00317,44,9,22.08
2024-12-01,S026,SKU00026,36,32,28.01
2024-12-01,S026,SKU00316,30,22,9.13
2024-12-01,S026,SKU00183,28,18,7.71
2024-12-01,S026,SKU00366,57,10,12.66
2024-12-01,S026,SKU00177,46,13,24.36
2024-12-01,S026,SKU00011,15,16,17.51
2024-12-01,S026,SKU00024,48,16,19.95
2024-12-01,S026,SKU00240,74,10,30.32
2024-12-01,S026,SKU00248,10,14,24.2
2024-12-01,S026,SKU00054,15,11,12.05
2024-12-01,S026,SKU00323,42,15,17.89
2024-12-01,S026,SKU00364,40,22,20.03
2024-12-01,S026,SKU00396,40,12,6.08
2024-12-01,S026,SKU00002,42,7,22.95
2024-12-01,S026,SKU00114,42,7,16.42
2024-12-01,S026,SKU00107,42,18,27.98
2024-12-01,S026,SKU00241,28,14,22.03
2024-12-01,S026,SKU00303,44,3,27.57
2024-12-01,S026,SKU00288,55,15,22.22
2024-12-01,S026,SKU00178,29,15,23.85
2024-12-01,S026,SKU00027,61,10,8.1
2024-12-01,S026,SKU00380,57,14,21.56
2024-12-01,S026,SKU00385,31,11,24.15
2024-12-01,S026,SKU00269,30,5,13.31
2024-12-01,S026,SKU00036,34,9,15.82
2024-12-01,S026,SKU00023,40,10,23.51
2024-12-01,S026,SKU00091,49,5,16.61
2024-12-01,S026,SKU00165,34,14,12.62
2024-12-01,S026,SKU00251,38,25,16.74
2024-12-01,S026,SKU00200,45,3,35.75
2024-12-01,S026,SKU00006,35,17,22.21
2024-12-01,S026,SKU00390,49,23,20.94
2024-12-01,S026,SKU00050,32,5,9.35
2024-12-01,S026,SKU00300,28,2,19.9
2024-12-01,S026,SKU00370,41,3,19.59
2024-12-01,S026,SKU00352,44,16,23.46
2024-12-01,S026,SKU00220,39,16,23.06
2024-12-01,S026,SKU00190,49,19,23.47
2024-12-01,S026,SKU00162,40,14,23.58
2024-12-01,S026,SKU00004,33,16,9.51
2024-12-01,S026,SKU00075,49,14,19.82
2024-12-01,S026,SKU00292,44,23,27.78
2024-12-01,S026,SKU00081,39,8,16.01
2024-12-01,S026,SKU00273,34,22,21.29
2024-12-01,S026,SKU00148,60,13,18.3
2024-12-01,S026,SKU00335,29,12,10.25
2024-12-01,S027,SKU00085,49,17,21.5
2024-12-01,S027,SKU00263,47,16,12.54
2024-12-01,S027,SKU00198,32,23,25.14
2024-12-01,S027,SKU00022,28,8,10.6
2024-12-01,S027,SKU00392,44,15,28.95
2024-12-01,S027,SKU00301,85,18,13.89
2024-12-01,S027,SKU00295,42,2,21.15
2024-12-01,S027,SKU00379,37,19,19.61
2024-12-01,S027,SKU00092,65,21,6.71
2024-12-01,S027,SKU00369,46,21,27.28
2024-12-01,S027,SKU00199,36,17,28.75
2024-12-01,S027,SKU00312,46,0,19.86
2024-12-01,S027,SKU00269,51,18,13.31
2024-12-01,S027,SKU00011,44,16,17.51
2024-12-01,S027,SKU00359,51,16,12.22
2024-12-01,S027,SKU00107,30,15,27.98
2024-12-01,S027,SKU00112,51,19,17.88
2024-12-01,S027,SKU00165,62,17,12.62
2024-12-01,S027,SKU00060,32,9,30.63
2024-12-01,S027,SKU00048,51,16,35.43
2024-12-01,S027,SKU00164,48,13,20.75
2024-12-01,S027,SKU00191,30,31,24.12
2024-12-01,S027,SKU00310,46,13,23.34
2024-12-01,S027,SKU00323,45,4,17.89
2024-12-01,S027,SKU00200,33,14,35.75
2024-12-01,S027,SKU00006,44,12,22.21
2024-12-01,S027,SKU00252,37,14,35.29
2024-12-01,S027,SKU00124,17,11,18.08
2024-12-01,S027,SKU00232,33,19,17.89
2024-12-01,S027,SKU00102,28,9,7.81
2024-12-01,S027,SKU00197,68,24,14.73
2024-12-01,S027,SKU00347,72,16,35.52
2024-12-01,S027,SKU00244,74,23,14.65
2024-12-01,S027,SKU00361,19,29,22.51
2024-12-01,S027,SKU00265,47,25,15.45
2024-12-01,S027,SKU00346,32,19,46.67
2024-12-01,S027,SKU00242,38,14,23.88
2024-12-01,S027,SKU00036,28,9,15.82
2024-12-01,S027,SKU00256,47,16,16.17
2024-12-01,S027,SKU00096,36,11,19.19
2024-12-01,S027,SKU00178,42,17,23.85
2024-12-01,S027,SKU00336,49,5,21.13
2024-12-01,S027,SKU00128,49,12,12.06
2024-12-01,S027,SKU00129,36,3,17.3
2024-12-01,S027,SKU00399,42,23,25.01
2024-12-01,S027,SKU00251,38,0,16.74
2024-12-01,S027,SKU00358,53,2,20.44
2024-12-01,S027,SKU00283,58,15,35.29
2024-12-01,S027,SKU00143,43,10,9.07
2024-12-01,S027,SKU00026,46,19,28.01
2024-12-01,S027,SKU00015,37,7,25.51
2024-12-01,S027,SKU00343,56,18,25.69
2024-12-01,S027,SKU00158,48,17,7.83
2024-12-01,S027,SKU00177,19,18,24.36
2024-12-01,S027,SKU00196,58,4,14.66
2024-12-01,S027,SKU00357,46,8,14.08
2024-12-01,S027,SKU00168,29,9,18.6
2024-12-01,S027,SKU00363,39,8,19.67
2024-12-01,S027,SKU00309,30,18,27.53
2024-12-01,S027,SKU00268,24,11,22.72
2024-12-01,S028,SKU00246,44,19,19.79
2024-12-01,S028,SKU00280,37,11,11.07
2024-12-01,S028,SKU00085,68,21,21.5
2024-12-01,S028,SKU00214,42,3,47.96
2024-12-01,S028,SKU00215,34,13,20.75
2024-12-01,S028,SKU00084,41,8,22.85
2024-12-01,S028,SKU00399,29,13,25.01
2024-12-01,S028,SKU00370,31,5,19.59
2024-12-01,S028,SKU00027,26,13,8.1
2024-12-01,S028,SKU00383,33,12,21.74
2024-12-01,S028,SKU00303,28,18,27.57
2024-12-01,S028,SKU00340,36,16,14.8
2024-12-01,S028,SKU00060,36,15,30.63
2024-12-01,S028,SKU00271,47,11,41.0
2024-12-01,S028,SKU00040,34,11,18.22
2024-12-01,S028,SKU00250,30,9,22.08
2024-12-01,S028,SKU00266,50,22,15.48
2024-12-01,S028,SKU00056,18,10,21.74
2024-12-01,S028,SKU00240,65,9,30.32
2024-12-01,S028,SKU00133,14,17,10.11
2024-12-01,S028,SKU00198,36,2,25.14
2024-12-01,S028,SKU00124,14,10,18.08
2024-12-01,S028,SKU00093,30,9,20.73
2024-12-01,S028,SKU00074,49,7,28.23
2024-12-01,S028,SKU00140,18,8,22.39
2024-12-01,S028,SKU00222,18,12,21.69
2024-12-01,S028,SKU00342,23,29,17.51
2024-12-01,S028,SKU00130,43,23,29.35
2024-12-01,S028,SKU00378,56,14,16.37
2024-12-01,S028,SKU00031,37,6,18.97
2024-12-01,S028,SKU00316,30,3,9.13
2024-12-01,S028,SKU00209,57,8,40.26
2024-12-01,S028,SKU00219,18,11,24.96
2024-12-01,S028,SKU00112,45,8,17.88
2024-12-01,S028,SKU00134,34,16,22.15
2024-12-01,S028,SKU00149,46,15,16.9
2024-12-01,S028,SKU00194,35,0,15.09
2024-12-01,S028,SKU00229,57,20,28.44
2024-12-01,S028,SKU00002,48,21,22.95
2024-12-01,S028,SKU00013,58,20,15.96
2024-12-01,S028,SKU00248,73,13,24.2
2024-12-01,S028,SKU00265,36,2,15.45
2024-12-01,S028,SKU00334,16,20,7.9
2024-12-01,S028,SKU00263,61,15,12.54
2024-12-01,S028,SKU00233,54,0,14.08
2024-12-01,S028,SKU00034,39,20,25.34
2024-12-01,S028,SKU00329,41,26,21.42
2024-12-01,S028,SKU00254,42,9,12.16
2024-12-01,S028,SKU00061,0,5,13.6
2024-12-01,S028,SKU00372,36,8,8.73
2024-12-01,S028,SKU00143,12,29,9.07
2024-12-01,S028,SKU00055,30,6,24.5
2024-12-01,S028,SKU00118,64,22,9.41
2024-12-01,S028,SKU00361,51,17,22.51
2024-12-01,S028,SKU00216,12,17,35.17
2024-12-01,S028,SKU00033,30,5,10.76
2024-12-01,S028,SKU00304,42,21,13.37
2024-12-01,S028,SKU00346,53,21,46.67
2024-12-01,S028,SKU00187,55,14,25.15
2024-12-01,S028,SKU00301,34,4,13.89
2024-12-01,S029,SKU00260,20,10,16.1
2024-12-01,S029,SKU00097,45,25,11.93
2024-12-01,S029,SKU00300,48,13,19.9
2024-12-01,S029,SKU00292,32,10,27.78
2024-12-01,S029,SKU00084,30,9,22.85
2024-12-01,S029,SKU00093,22,12,20.73
2024-12-01,S029,SKU00056,60,14,21.74
2024-12-01,S029,SKU00282,51,24,31.83
2024-12-01,S029,SKU00240,46,24,30.32
2024-12-01,S029,SKU00150,30,16,17.58
2024-12-01,S029,SKU00051,49,17,21.15
2024-12-01,S029,SKU00197,22,35,14.73
2024-12-01,S029,SKU00301,34,19,13.89
2024-12-01,S029,SKU00304,46,22,13.37
2024-12-01,S029,SKU00365,49,25,9.96
2024-12-01,S029,SKU00071,25,29,18.24
2024-12-01,S029,SKU00370,39,18,19.59
2024-12-01,S029,SKU00066,0,16,21.71
2024-12-01,S029,SKU00254,50,13,12.16
2024-12-01,S029,SKU00246,30,17,19.79
2024-12-01,S029,SKU00213,40,22,21.39
2024-12-01,S029,SKU00119,36,16,21.19
2024-12-01,S029,SKU00308,75,8,33.04
2024-12-01,S029,SKU00134,38,18,22.15
2024-12-01,S029,SKU00364,57,16,20.03
2024-12-01,S029,SKU00224,53,13,28.25
2024-12-01,S029,SKU00268,35,17,22.72
2024-12-01,S029,SKU00043,46,19,24.13
2024-12-01,S029,SKU00064,41,15,14.1
2024-12-01,S029,SKU00045,74,13,19.14
2024-12-01,S029,SKU00078,64,16,9.74
2024-12-01,S029,SKU00314,53,7,15.81
2024-12-01,S029,SKU00151,38,7,7.16
2024-12-01,S029,SKU00333,63,22,19.02
2024-12-01,S029,SKU00002,34,15,22.95
2024-12-01,S029,SKU00343,36,9,25.69
2024-12-01,S029,SKU00265,36,2,15.45
2024-12-01,S029,SKU00283,24,21,35.29
2024-12-01,S029,SKU00131,62,23,22.93
2024-12-01,S029,SKU00356,30,18,6.76
2024-12-01,S029,SKU00223,38,29,14.14
2024-12-01,S029,SKU00015,31,8,25.51
2024-12-01,S029,SKU00108,31,7,8.67
2024-12-01,S029,SKU00358,47,25,20.44
2024-12-01,S029,SKU00155,10,18,22.47
2024-12-01,S029,SKU00390,45,10,20.94
2024-12-01,S029,SKU00127,8,6,18.2
2024-12-01,S029,SKU00184,34,4,15.79
2024-12-01,S029,SKU00275,57,18,24.1
2024-12-01,S029,SKU00331,39,12,9.22
2024-12-01,S029,SKU00143,32,13,9.07
2024-12-01,S029,SKU00207,31,10,16.29
2024-12-01,S029,SKU00374,36,13,17.57
2024-12-01,S029,SKU00107,36,16,27.98
2024-12-01,S029,SKU00178,52,11,23.85
2024-12-01,S029,SKU00322,43,9,9.39
2024-12-01,S029,SKU00158,68,22,7.83
2024-12-01,S029,SKU00384,47,26,6.97
2024-12-01,S029,SKU00200,46,0,35.75
2024-12-01,S029,SKU00264,46,8,13.51
2024-12-01,S030,SKU00266,27,11,15.48
2024-12-01,S030,SKU00101,42,10,13.03
2024-12-01,S030,SKU00270,21,14,23.19
2024-12-01,S030,SKU00109,28,12,32.26
2024-12-01,S030,SKU00061,40,25,13.6
2024-12-01,S030,SKU00087,28,17,9.32
2024-12-01,S030,SKU00221,41,13,18.46
2024-12-01,S030,SKU00276,35,13,8.52
2024-12-01,S030,SKU00090,31,22,19.09
2024-12-01,S030,SKU00180,59,25,18.4
2024-12-01,S030,SKU00273,41,2,21.29
2024-12-01,S030,SKU00400,55,14,16.59
2024-12-01,S030,SKU00289,37,15,20.83
2024-12-01,S030,SKU00152,56,23,34.48
2024-12-01,S030,SKU00392,17,12,28.95
2024-12-01,S030,SKU00020,57,13,19.96
2024-12-01,S030,SKU00319,48,7,18.17
2024-12-01,S030,SKU00358,60,18,20.44
2024-12-01,S030,SKU00282,48,17,31.83
2024-12-01,S030,SKU00188,45,11,22.21
2024-12-01,S030,SKU00094,37,22,30.76
2024-12-01,S030,SKU00211,50,12,37.2
2024-12-01,S030,SKU00050,51,15,9.35
2024-12-01,S030,SKU00150,34,9,17.58
2024-12-01,S030,SKU00345,49,20,21.99
2024-12-01,S030,SKU00139,53,13,19.06
2024-12-01,S030,SKU00222,44,17,21.69
2024-12-01,S030,SKU00005,39,19,5.18
2024-12-01,S030,SKU00391,35,10,20.67
2024-12-01,S030,SKU00192,27,10,15.31
2024-12-01,S030,SKU00155,33,7,22.47
2024-12-01,S030,SKU00171,26,9,26.18
2024-12-01,S030,SKU00208,47,22,7.02
2024-12-01,S030,SKU00067,55,20,12.5
2024-12-01,S030,SKU00299,52,31,21.87
2024-12-01,S030,SKU00361,30,3,22.51
2024-12-01,S030,SKU00252,37,16,35.29
2024-12-01,S030,SKU00251,28,6,16.74
2024-12-01,S030,SKU00362,65,26,17.84
2024-12-01,S030,SKU00352,49,3,23.46
2024-12-01,S030,SKU00223,55,5,14.14
2024-12-01,S030,SKU00199,54,11,28.75
2024-12-01,S030,SKU00229,24,13,28.44
2024-12-01,S030,SKU00293,42,22,28.83
2024-12-01,S030,SKU00346,42,27,46.67
2024-12-01,S030,SKU00176,54,12,14.59
2024-12-01,S030,SKU00277,19,5,17.75
2024-12-01,S030,SKU00029,38,10,18.21
2024-12-01,S030,SKU00127,69,19,18.2
2024-12-01,S030,SKU00254,55,25,12.16
2024-12-01,S030,SKU00195,36,12,20.76
2024-12-01,S030,SKU00038,54,21,22.05
2024-12-01,S030,SKU00081,32,13,16.01
2024-12-01,S030,SKU00370,11,21,19.59
2024-12-01,S030,SKU00156,34,12,13.5
2024-12-01,S030,SKU00086,34,10,27.42
2024-12-01,S030,SKU00095,37,0,27.04
2024-12-01,S030,SKU00238,65,6,47.65
2024-12-01,S030,SKU00001,42,20,20.02
2024-12-01,S030,SKU00274,36,23,8.22
