order_id,order_line_id,sku,qty,unit_price,gross_sales,promo_id,discount_amt,net_sales
O0000001,O0000001-1,SKU00016,1,33.83,33.83,,0.0,33.83
O0000001,O0000001-2,SKU00189,1,53.14,53.14,,0.0,53.14
O0000001,O0000001-3,SKU00306,1,36.9,36.9,,0.0,36.9
O0000001,O0000001-4,SKU00155,1,44.19,44.19,,0.0,44.19
O0000002,O0000002-1,SKU00001,1,32.38,32.38,,0.0,32.38
O0000002,O0000002-2,SKU00049,1,49.27,49.27,,0.0,49.27
O0000002,O0000002-3,SKU00010,1,32.93,32.93,,0.0,32.93
O0000003,O0000003-1,SKU00301,2,30.77,61.54,,0.0,61.54
O0000004,O0000004-1,SKU00126,2,40.15,80.3,,0.0,80.3
O0000005,O0000005-1,SKU00391,1,57.23,57.23,,0.0,57.23
O0000006,O0000006-1,SKU00307,1,36.83,36.83,,0.0,36.83
O0000007,O0000007-1,SKU00155,1,44.19,44.19,,0.0,44.19
O0000007,O0000007-2,SKU00057,2,34.63,69.26,,0.0,69.26
O0000008,O0000008-1,SKU00232,1,34.95,34.95,,0.0,34.95
O0000008,O0000008-2,SKU00352,1,37.11,37.11,,0.0,37.11
O0000008,O0000008-3,SKU00123,1,28.95,28.95,,0.0,28.95
O0000009,O0000009-1,SKU00213,1,45.05,45.05,,0.0,45.05
O0000009,O0000009-2,SKU00208,1,15.73,15.73,,0.0,15.73
O0000010,O0000010-1,SKU00104,1,73.97,73.97,,0.0,73.97
O0000010,O0000010-2,SKU00225,2,25.36,50.72,,0.0,50.72
O0000011,O0000011-1,SKU00006,1,31.28,31.28,,0.0,31.28
O0000012,O0000012-1,SKU00015,1,66.48,66.48,,0.0,66.48
O0000013,O0000013-1,SKU00352,2,37.11,74.22,,0.0,74.22
O0000013,O0000013-2,SKU00358,2,36.52,73.04,,0.0,73.04
O0000013,O0000013-3,SKU00300,1,29.05,29.05,,0.0,29.05
O0000013,O0000013-4,SKU00179,1,14.26,14.26,,0.0,14.26
O0000014,O0000014-1,SKU00165,1,18.9,18.9,,0.0,18.9
O0000014,O0000014-2,SKU00242,1,41.5,41.5,,0.0,41.5
O0000015,O0000015-1,SKU00023,1,57.22,57.22,,0.0,57.22
O0000015,O0000015-2,SKU00334,1,17.99,17.99,,0.0,17.99
O0000016,O0000016-1,SKU00122,1,22.77,22.77,,0.0,22.77
O0000016,O0000016-2,SKU00152,1,57.95,57.95,,0.0,57.95
O0000016,O0000016-3,SKU00118,1,21.46,21.46,,0.0,21.46
O0000017,O0000017-1,SKU00042,1,72.45,72.45,,0.0,72.45
O0000017,O0000017-2,SKU00308,1,57.22,57.22,,0.0,57.22
O0000017,O0000017-3,SKU00216,1,68.72,68.72,,0.0,68.72
O0000018,O0000018-1,SKU00304,1,28.55,28.55,,0.0,28.55
O0000019,O0000019-1,SKU00156,2,25.39,50.78,,0.0,50.78
O0000019,O0000019-2,SKU00384,1,16.39,16.39,,0.0,16.39
O0000020,O0000020-1,SKU00146,1,60.33,60.33,,0.0,60.33
O0000020,O0000020-2,SKU00199,1,60.64,60.64,,0.0,60.64
O0000021,O0000021-1,SKU00153,1,61.1,61.1,,0.0,61.1
O0000021,O0000021-2,SKU00293,1,70.96,70.96,,0.0,70.96
O0000021,O0000021-3,SKU00135,1,42.96,42.96,,0.0,42.96
O0000022,O0000022-1,SKU00269,1,28.75,28.75,,0.0,28.75
O0000022,O0000022-2,SKU00278,1,54.54,54.54,,0.0,54.54
O0000022,O0000022-3,SKU00187,2,39.15,78.3,,0.0,78.3
O0000022,O0000022-4,SKU00197,1,32.23,32.23,,0.0,32.23
O0000023,O0000023-1,SKU00313,1,49.13,49.13,,0.0,49.13
O0000023,O0000023-2,SKU00165,1,18.9,18.9,,0.0,18.9
O0000023,O0000023-3,SKU00018,1,20.66,20.66,,0.0,20.66
O0000024,O0000024-1,SKU00002,1,57.3,57.3,,0.0,57.3
O0000025,O0000025-1,SKU00202,1,80.2,80.2,,0.0,80.2
O0000025,O0000025-2,SKU00320,1,20.06,20.06,,0.0,20.06
O0000025,O0000025-3,SKU00202,1,80.2,80.2,,0.0,80.2
O0000026,O0000026-1,SKU00340,1,30.34,30.34,,0.0,30.34
O0000027,O0000027-1,SKU00381,1,81.55,81.55,,0.0,81.55
O0000028,O0000028-1,SKU00117,1,30.62,30.62,,0.0,30.62
O0000028,O0000028-2,SKU00147,3,41.64,124.92,,0.0,124.92
O0000028,O0000028-3,SKU00073,1,61.83,61.83,,0.0,61.83
O0000028,O0000028-4,SKU00006,1,31.28,31.28,,0.0,31.28
O0000029,O0000029-1,SKU00360,1,93.89,93.89,,0.0,93.89
O0000029,O0000029-2,SKU00139,1,52.17,52.17,,0.0,52.17
O0000029,O0000029-3,SKU00248,1,48.06,48.06,,0.0,48.06
O0000030,O0000030-1,SKU00040,2,46.34,92.68,,0.0,92.68
O0000030,O0000030-2,SKU00078,1,17.22,17.22,,0.0,17.22
O0000030,O0000030-3,SKU00026,1,45.44,45.44,,0.0,45.44
O0000031,O0000031-1,SKU00181,1,47.26,47.26,,0.0,47.26
O0000032,O0000032-1,SKU00005,2,8.67,17.34,,0.0,17.34
O0000032,O0000032-2,SKU00036,1,42.54,42.54,,0.0,42.54
O0000032,O0000032-3,SKU00358,1,36.52,36.52,,0.0,36.52
O0000032,O0000032-4,SKU00196,1,36.14,36.14,,0.0,36.14
O0000033,O0000033-1,SKU00389,1,51.94,51.94,,0.0,51.94
O0000034,O0000034-1,SKU00367,1,50.59,50.59,,0.0,50.59
O0000034,O0000034-2,SKU00252,1,57.03,57.03,,0.0,57.03
O0000035,O0000035-1,SKU00238,1,69.04,69.04,,0.0,69.04
O0000036,O0000036-1,SKU00098,1,54.0,54.0,,0.0,54.0
O0000036,O0000036-2,SKU00033,1,24.44,24.44,,0.0,24.44
O0000037,O0000037-1,SKU00334,2,17.99,35.98,,0.0,35.98
O0000037,O0000037-2,SKU00317,1,32.85,32.85,,0.0,32.85
O0000038,O0000038-1,SKU00150,1,41.46,41.46,,0.0,41.46
O0000038,O0000038-2,SKU00137,2,60.17,120.34,,0.0,120.34
O0000038,O0000038-3,SKU00080,1,45.12,45.12,,0.0,45.12
O0000039,O0000039-1,SKU00097,1,30.01,30.01,,0.0,30.01
O0000039,O0000039-2,SKU00075,1,53.82,53.82,,0.0,53.82
O0000039,O0000039-3,SKU00197,1,32.23,32.23,,0.0,32.23
O0000040,O0000040-1,SKU00106,1,24.61,24.61,,0.0,24.61
O0000041,O0000041-1,SKU00381,1,81.55,81.55,,0.0,81.55
O0000042,O0000042-1,SKU00184,1,34.06,34.06,,0.0,34.06
O0000043,O0000043-1,SKU00234,1,20.16,20.16,,0.0,20.16
O0000043,O0000043-2,SKU00206,3,31.05,93.15,,0.0,93.15
O0000043,O0000043-3,SKU00125,1,30.05,30.05,,0.0,30.05
O0000044,O0000044-1,SKU00211,1,88.68,88.68,,0.0,88.68
O0000045,O0000045-1,SKU00265,1,26.72,26.72,,0.0,26.72
O0000046,O0000046-1,SKU00392,1,45.36,45.36,,0.0,45.36
O0000047,O0000047-1,SKU00367,1,50.59,50.59,,0.0,50.59
O0000047,O0000047-2,SKU00253,1,51.01,51.01,,0.0,51.01
O0000047,O0000047-3,SKU00232,1,34.95,34.95,,0.0,34.95
O0000048,O0000048-1,SKU00145,1,34.93,34.93,,0.0,34.93
O0000049,O0000049-1,SKU00070,1,44.51,44.51,,0.0,44.51
O0000049,O0000049-2,SKU00123,3,28.95,86.85,,0.0,86.85
O0000050,O0000050-1,SKU00391,1,57.23,57.23,,0.0,57.23
O0000050,O0000050-2,SKU00170,1,29.26,29.26,,0.0,29.26
O0000050,O0000050-3,SKU00206,1,31.05,31.05,,0.0,31.05
O0000051,O0000051-1,SKU00199,1,60.64,60.64,,0.0,60.64
O0000051,O0000051-2,SKU00076,1,31.8,31.8,,0.0,31.8
O0000052,O0000052-1,SKU00260,1,38.96,38.96,,0.0,38.96
O0000052,O0000052-2,SKU00140,2,56.17,112.34,,0.0,112.34
O0000053,O0000053-1,SKU00002,2,57.3,114.6,,0.0,114.6
O0000054,O0000054-1,SKU00220,1,42.7,42.7,,0.0,42.7
O0000055,O0000055-1,SKU00314,1,39.09,39.09,,0.0,39.09
O0000055,O0000055-2,SKU00236,2,32.17,64.34,,0.0,64.34
O0000055,O0000055-3,SKU00181,2,47.26,94.52,,0.0,94.52
O0000055,O0000055-4,SKU00075,1,53.82,53.82,,0.0,53.82
O0000056,O0000056-1,SKU00103,1,32.28,32.28,,0.0,32.28
O0000057,O0000057-1,SKU00117,1,30.62,30.62,,0.0,30.62
O0000057,O0000057-2,SKU00099,1,22.33,22.33,,0.0,22.33
O0000058,O0000058-1,SKU00083,3,54.82,164.46,,0.0,164.46
O0000059,O0000059-1,SKU00049,1,49.27,49.27,,0.0,49.27
O0000059,O0000059-2,SKU00287,1,61.4,61.4,,0.0,61.4
O0000060,O0000060-1,SKU00329,1,37.64,37.64,,0.0,37.64
O0000061,O0000061-1,SKU00165,1,18.9,18.9,,0.0,18.9
O0000061,O0000061-2,SKU00109,1,88.61,88.61,,0.0,88.61
O0000062,O0000062-1,SKU00331,1,21.15,21.15,,0.0,21.15
O0000062,O0000062-2,SKU00114,1,29.46,29.46,,0.0,29.46
O0000063,O0000063-1,SKU00077,1,17.01,17.01,,0.0,17.01
O0000064,O0000064-1,SKU00113,3,49.01,147.03,,0.0,147.03
O0000065,O0000065-1,SKU00006,1,31.28,31.28,,0.0,31.28
O0000065,O0000065-2,SKU00069,2,19.77,39.54,,0.0,39.54
O0000065,O0000065-3,SKU00186,1,34.13,34.13,,0.0,34.13
O0000066,O0000066-1,SKU00172,1,17.17,17.17,,0.0,17.17
O0000066,O0000066-2,SKU00105,1,52.33,52.33,,0.0,52.33
O0000066,O0000066-3,SKU00225,1,25.36,25.36,,0.0,25.36
O0000067,O0000067-1,SKU00090,3,36.81,110.43,,0.0,110.43
O0000067,O0000067-2,SKU00031,1,49.75,49.75,,0.0,49.75
O0000067,O0000067-3,SKU00089,1,49.77,49.77,,0.0,49.77
O0000067,O0000067-4,SKU00110,1,38.93,38.93,,0.0,38.93
O0000068,O0000068-1,SKU00021,2,49.41,98.82,,0.0,98.82
O0000068,O0000068-2,SKU00199,1,60.64,60.64,,0.0,60.64
O0000068,O0000068-3,SKU00361,2,44.18,88.36,,0.0,88.36
O0000068,O0000068-4,SKU00198,1,39.26,39.26,,0.0,39.26
O0000069,O0000069-1,SKU00315,1,65.19,65.19,,0.0,65.19
O0000069,O0000069-2,SKU00241,1,46.38,46.38,,0.0,46.38
O0000070,O0000070-1,SKU00299,1,33.57,33.57,,0.0,33.57
O0000071,O0000071-1,SKU00335,1,18.97,18.97,,0.0,18.97
O0000072,O0000072-1,SKU00286,1,54.7,54.7,,0.0,54.7
O0000072,O0000072-2,SKU00382,1,19.75,19.75,,0.0,19.75
O0000072,O0000072-3,SKU00249,1,31.28,31.28,,0.0,31.28
O0000073,O0000073-1,SKU00144,1,27.92,27.92,,0.0,27.92
O0000074,O0000074-1,SKU00113,2,49.01,98.02,,0.0,98.02
O0000075,O0000075-1,SKU00322,2,22.71,45.42,,0.0,45.42
O0000076,O0000076-1,SKU00150,1,41.46,41.46,,0.0,41.46
O0000076,O0000076-2,SKU00399,1,38.17,38.17,,0.0,38.17
O0000076,O0000076-3,SKU00181,1,47.26,47.26,,0.0,47.26
O0000077,O0000077-1,SKU00122,1,22.77,22.77,,0.0,22.77
O0000078,O0000078-1,SKU00123,1,28.95,28.95,,0.0,28.95
O0000079,O0000079-1,SKU00349,2,18.05,36.1,,0.0,36.1
O0000079,O0000079-2,SKU00321,1,13.85,13.85,,0.0,13.85
O0000080,O0000080-1,SKU00083,1,54.82,54.82,,0.0,54.82
O0000081,O0000081-1,SKU00074,1,76.62,76.62,,0.0,76.62
O0000081,O0000081-2,SKU00118,1,21.46,21.46,,0.0,21.46
O0000082,O0000082-1,SKU00139,1,52.17,52.17,,0.0,52.17
O0000082,O0000082-2,SKU00120,1,19.69,19.69,,0.0,19.69
O0000082,O0000082-3,SKU00252,1,57.03,57.03,,0.0,57.03
O0000083,O0000083-1,SKU00160,1,42.59,42.59,,0.0,42.59
O0000083,O0000083-2,SKU00328,1,35.12,35.12,,0.0,35.12
O0000084,O0000084-1,SKU00400,1,33.96,33.96,,0.0,33.96
O0000085,O0000085-1,SKU00089,1,49.77,49.77,,0.0,49.77
O0000085,O0000085-2,SKU00190,1,45.12,45.12,,0.0,45.12
O0000086,O0000086-1,SKU00189,1,53.14,53.14,,0.0,53.14
O0000086,O0000086-2,SKU00253,1,51.01,51.01,,0.0,51.01
O0000087,O0000087-1,SKU00186,1,34.13,34.13,,0.0,34.13
O0000087,O0000087-2,SKU00289,1,47.79,47.79,,0.0,47.79
O0000087,O0000087-3,SKU00212,1,20.15,20.15,,0.0,20.15
O0000087,O0000087-4,SKU00085,1,51.96,51.96,,0.0,51.96
O0000088,O0000088-1,SKU00005,1,8.67,8.67,,0.0,8.67
O0000088,O0000088-2,SKU00352,1,37.11,37.11,,0.0,37.11
O0000088,O0000088-3,SKU00084,3,33.92,101.76,,0.0,101.76
O0000088,O0000088-4,SKU00204,3,59.25,177.75,,0.0,177.75
O0000089,O0000089-1,SKU00203,1,71.32,71.32,,0.0,71.32
O0000090,O0000090-1,SKU00221,1,31.0,31.0,,0.0,31.0
O0000090,O0000090-2,SKU00304,1,28.55,28.55,,0.0,28.55
O0000090,O0000090-3,SKU00195,1,41.24,41.24,,0.0,41.24
O0000090,O0000090-4,SKU00043,1,50.54,50.54,,0.0,50.54
O0000091,O0000091-1,SKU00169,1,38.7,38.7,,0.0,38.7
O0000092,O0000092-1,SKU00376,1,37.84,37.84,,0.0,37.84
O0000093,O0000093-1,SKU00103,1,32.28,32.28,,0.0,32.28
O0000093,O0000093-2,SKU00170,1,29.26,29.26,,0.0,29.26
O0000094,O0000094-1,SKU00067,1,20.67,20.67,,0.0,20.67
O0000094,O0000094-2,SKU00330,1,61.47,61.47,,0.0,61.47
O0000095,O0000095-1,SKU00122,1,22.77,22.77,,0.0,22.77
O0000095,O0000095-2,SKU00086,1,72.82,72.82,,0.0,72.82
O0000096,O0000096-1,SKU00175,1,44.19,44.19,,0.0,44.19
O0000096,O0000096-2,SKU00363,1,45.39,45.39,,0.0,45.39
O0000097,O0000097-1,SKU00041,2,31.32,62.64,,0.0,62.64
O0000098,O0000098-1,SKU00037,1,30.33,30.33,,0.0,30.33
O0000098,O0000098-2,SKU00009,1,52.68,52.68,,0.0,52.68
O0000099,O0000099-1,SKU00312,1,39.88,39.88,,0.0,39.88
O0000099,O0000099-2,SKU00385,1,57.12,57.12,,0.0,57.12
O0000100,O0000100-1,SKU00241,1,46.38,46.38,,0.0,46.38
O0000101,O0000101-1,SKU00267,1,82.59,82.59,,0.0,82.59
O0000101,O0000101-2,SKU00121,1,58.38,58.38,,0.0,58.38
O0000101,O0000101-3,SKU00028,1,35.88,35.88,,0.0,35.88
O0000102,O0000102-1,SKU00039,3,59.8,179.4,,0.0,179.4
O0000102,O0000102-2,SKU00099,2,22.33,44.66,,0.0,44.66
O0000103,O0000103-1,SKU00167,1,22.6,22.6,,0.0,22.6
O0000103,O0000103-2,SKU00195,1,41.24,41.24,,0.0,41.24
O0000103,O0000103-3,SKU00255,1,82.33,82.33,,0.0,82.33
O0000104,O0000104-1,SKU00203,1,71.32,71.32,,0.0,71.32
O0000104,O0000104-2,SKU00086,1,72.82,72.82,,0.0,72.82
O0000104,O0000104-3,SKU00299,2,33.57,67.14,,0.0,67.14
O0000105,O0000105-1,SKU00227,2,105.48,210.96,,0.0,210.96
O0000105,O0000105-2,SKU00400,1,33.96,33.96,,0.0,33.96
O0000106,O0000106-1,SKU00323,1,39.02,39.02,,0.0,39.02
O0000107,O0000107-1,SKU00189,1,53.14,53.14,,0.0,53.14
O0000108,O0000108-1,SKU00400,1,33.96,33.96,,0.0,33.96
O0000108,O0000108-2,SKU00124,1,29.76,29.76,,0.0,29.76
O0000108,O0000108-3,SKU00071,3,50.63,151.89,,0.0,151.89
O0000108,O0000108-4,SKU00369,2,42.23,84.46,,0.0,84.46
O0000109,O0000109-1,SKU00120,1,19.69,19.69,,0.0,19.69
O0000110,O0000110-1,SKU00076,1,31.8,31.8,,0.0,31.8
O0000111,O0000111-1,SKU00219,1,65.58,65.58,,0.0,65.58
O0000111,O0000111-2,SKU00366,1,33.09,33.09,,0.0,33.09
O0000112,O0000112-1,SKU00342,1,38.94,38.94,,0.0,38.94
O0000112,O0000112-2,SKU00176,1,24.92,24.92,,0.0,24.92
O0000112,O0000112-3,SKU00322,1,22.71,22.71,,0.0,22.71
O0000113,O0000113-1,SKU00314,2,39.09,78.18,,0.0,78.18
O0000113,O0000113-2,SKU00081,1,30.86,30.86,,0.0,30.86
O0000114,O0000114-1,SKU00307,1,36.83,36.83,,0.0,36.83
O0000115,O0000115-1,SKU00087,1,22.83,22.83,,0.0,22.83
O0000115,O0000115-2,SKU00156,3,25.39,76.17,,0.0,76.17
O0000115,O0000115-3,SKU00019,1,23.04,23.04,,0.0,23.04
O0000116,O0000116-1,SKU00275,1,50.32,50.32,,0.0,50.32
O0000116,O0000116-2,SKU00109,1,88.61,88.61,,0.0,88.61
O0000116,O0000116-3,SKU00355,3,41.61,124.83,,0.0,124.83
O0000116,O0000116-4,SKU00114,1,29.46,29.46,,0.0,29.46
O0000117,O0000117-1,SKU00307,2,36.83,73.66,,0.0,73.66
O0000118,O0000118-1,SKU00251,1,23.58,23.58,,0.0,23.58
O0000118,O0000118-2,SKU00397,1,66.5,66.5,,0.0,66.5
O0000119,O0000119-1,SKU00197,2,32.23,64.46,,0.0,64.46
O0000119,O0000119-2,SKU00189,1,53.14,53.14,,0.0,53.14
O0000120,O0000120-1,SKU00270,1,46.55,46.55,,0.0,46.55
O0000120,O0000120-2,SKU00100,2,17.02,34.04,,0.0,34.04
O0000120,O0000120-3,SKU00348,1,64.96,64.96,,0.0,64.96
O0000121,O0000121-1,SKU00120,1,19.69,19.69,,0.0,19.69
O0000122,O0000122-1,SKU00233,1,21.18,21.18,,0.0,21.18
O0000123,O0000123-1,SKU00081,1,30.86,30.86,,0.0,30.86
O0000123,O0000123-2,SKU00281,1,52.93,52.93,,0.0,52.93
O0000124,O0000124-1,SKU00119,1,37.15,37.15,,0.0,37.15
O0000124,O0000124-2,SKU00039,1,59.8,59.8,,0.0,59.8
O0000124,O0000124-3,SKU00167,1,22.6,22.6,,0.0,22.6
O0000124,O0000124-4,SKU00359,1,26.27,26.27,,0.0,26.27
O0000125,O0000125-1,SKU00071,1,50.63,50.63,,0.0,50.63
O0000126,O0000126-1,SKU00079,1,43.31,43.31,,0.0,43.31
O0000126,O0000126-2,SKU00388,2,37.93,75.86,,0.0,75.86
O0000126,O0000126-3,SKU00243,2,34.82,69.64,,0.0,69.64
O0000126,O0000126-4,SKU00298,1,21.47,21.47,,0.0,21.47
O0000127,O0000127-1,SKU00113,1,49.01,49.01,,0.0,49.01
O0000128,O0000128-1,SKU00379,1,36.36,36.36,,0.0,36.36
O0000128,O0000128-2,SKU00045,1,35.31,35.31,,0.0,35.31
O0000129,O0000129-1,SKU00120,2,19.69,39.38,,0.0,39.38
O0000130,O0000130-1,SKU00391,1,57.23,57.23,,0.0,57.23
O0000130,O0000130-2,SKU00198,1,39.26,39.26,,0.0,39.26
O0000131,O0000131-1,SKU00274,1,14.47,14.47,,0.0,14.47
O0000131,O0000131-2,SKU00247,1,43.87,43.87,,0.0,43.87
O0000131,O0000131-3,SKU00390,1,38.26,38.26,,0.0,38.26
O0000131,O0000131-4,SKU00340,1,30.34,30.34,,0.0,30.34
O0000132,O0000132-1,SKU00134,1,31.13,31.13,,0.0,31.13
O0000132,O0000132-2,SKU00292,1,51.63,51.63,,0.0,51.63
O0000132,O0000132-3,SKU00245,1,49.62,49.62,,0.0,49.62
O0000132,O0000132-4,SKU00026,1,45.44,45.44,,0.0,45.44
O0000133,O0000133-1,SKU00241,2,46.38,92.76,,0.0,92.76
O0000133,O0000133-2,SKU00315,2,65.19,130.38,,0.0,130.38
O0000134,O0000134-1,SKU00047,2,79.17,158.34,,0.0,158.34
O0000134,O0000134-2,SKU00382,1,19.75,19.75,,0.0,19.75
O0000134,O0000134-3,SKU00078,1,17.22,17.22,,0.0,17.22
O0000134,O0000134-4,SKU00384,2,16.39,32.78,,0.0,32.78
O0000135,O0000135-1,SKU00040,1,46.34,46.34,,0.0,46.34
O0000136,O0000136-1,SKU00034,1,45.57,45.57,,0.0,45.57
O0000137,O0000137-1,SKU00219,1,65.58,65.58,,0.0,65.58
O0000137,O0000137-2,SKU00335,1,18.97,18.97,,0.0,18.97
O0000138,O0000138-1,SKU00251,1,23.58,23.58,,0.0,23.58
O0000138,O0000138-2,SKU00236,1,32.17,32.17,,0.0,32.17
O0000138,O0000138-3,SKU00313,1,49.13,49.13,,0.0,49.13
O0000138,O0000138-4,SKU00132,1,44.43,44.43,,0.0,44.43
O0000139,O0000139-1,SKU00258,2,50.85,101.7,,0.0,101.7
O0000139,O0000139-2,SKU00331,1,21.15,21.15,,0.0,21.15
O0000140,O0000140-1,SKU00021,2,49.41,98.82,,0.0,98.82
O0000141,O0000141-1,SKU00094,1,56.4,56.4,,0.0,56.4
O0000141,O0000141-2,SKU00119,1,37.15,37.15,,0.0,37.15
O0000141,O0000141-3,SKU00318,1,30.41,30.41,,0.0,30.41
O0000142,O0000142-1,SKU00311,1,60.22,60.22,,0.0,60.22
O0000142,O0000142-2,SKU00164,1,38.71,38.71,,0.0,38.71
O0000142,O0000142-3,SKU00213,1,45.05,45.05,,0.0,45.05
O0000143,O0000143-1,SKU00062,1,38.63,38.63,,0.0,38.63
O0000143,O0000143-2,SKU00246,1,38.15,38.15,,0.0,38.15
O0000143,O0000143-3,SKU00100,1,17.02,17.02,,0.0,17.02
O0000144,O0000144-1,SKU00399,1,38.17,38.17,,0.0,38.17
O0000144,O0000144-2,SKU00237,1,54.4,54.4,,0.0,54.4
O0000145,O0000145-1,SKU00212,1,20.15,20.15,,0.0,20.15
O0000145,O0000145-2,SKU00122,2,22.77,45.54,,0.0,45.54
O0000145,O0000145-3,SKU00396,1,15.54,15.54,,0.0,15.54
O0000145,O0000145-4,SKU00110,1,38.93,38.93,,0.0,38.93
O0000146,O0000146-1,SKU00143,1,18.48,18.48,,0.0,18.48
O0000146,O0000146-2,SKU00267,2,82.59,165.18,,0.0,165.18
O0000147,O0000147-1,SKU00319,2,45.64,91.28,,0.0,91.28
O0000147,O0000147-2,SKU00334,1,17.99,17.99,,0.0,17.99
O0000147,O0000147-3,SKU00051,2,57.83,115.66,,0.0,115.66
O0000148,O0000148-1,SKU00079,1,43.31,43.31,,0.0,43.31
O0000148,O0000148-2,SKU00322,1,22.71,22.71,,0.0,22.71
O0000148,O0000148-3,SKU00013,1,31.04,31.04,,0.0,31.04
O0000148,O0000148-4,SKU00029,1,36.29,36.29,,0.0,36.29
O0000149,O0000149-1,SKU00295,2,42.42,84.84,,0.0,84.84
O0000149,O0000149-2,SKU00161,1,12.51,12.51,,0.0,12.51
O0000149,O0000149-3,SKU00357,1,23.0,23.0,,0.0,23.0
O0000150,O0000150-1,SKU00033,1,24.44,24.44,,0.0,24.44
O0000150,O0000150-2,SKU00379,1,36.36,36.36,,0.0,36.36
O0000151,O0000151-1,SKU00303,1,66.84,66.84,,0.0,66.84
O0000151,O0000151-2,SKU00309,1,39.31,39.31,,0.0,39.31
O0000151,O0000151-3,SKU00109,1,88.61,88.61,,0.0,88.61
O0000151,O0000151-4,SKU00049,1,49.27,49.27,,0.0,49.27
O0000152,O0000152-1,SKU00058,1,55.01,55.01,,0.0,55.01
O0000152,O0000152-2,SKU00081,1,30.86,30.86,,0.0,30.86
O0000153,O0000153-1,SKU00350,1,53.2,53.2,,0.0,53.2
O0000153,O0000153-2,SKU00349,3,18.05,54.15,,0.0,54.15
O0000153,O0000153-3,SKU00129,1,38.65,38.65,,0.0,38.65
O0000153,O0000153-4,SKU00302,1,26.48,26.48,,0.0,26.48
O0000154,O0000154-1,SKU00070,1,44.51,44.51,,0.0,44.51
O0000154,O0000154-2,SKU00070,2,44.51,89.02,,0.0,89.02
O0000154,O0000154-3,SKU00266,1,28.62,28.62,,0.0,28.62
O0000155,O0000155-1,SKU00078,1,17.22,17.22,,0.0,17.22
O0000155,O0000155-2,SKU00266,1,28.62,28.62,,0.0,28.62
O0000155,O0000155-3,SKU00232,1,34.95,34.95,,0.0,34.95
O0000155,O0000155-4,SKU00391,1,57.23,57.23,,0.0,57.23
O0000156,O0000156-1,SKU00274,1,14.47,14.47,,0.0,14.47
O0000156,O0000156-2,SKU00350,1,53.2,53.2,,0.0,53.2
O0000157,O0000157-1,SKU00153,1,61.1,61.1,,0.0,61.1
O0000157,O0000157-2,SKU00034,2,45.57,91.14,,0.0,91.14
O0000158,O0000158-1,SKU00291,2,33.52,67.04,,0.0,67.04
O0000158,O0000158-2,SKU00083,1,54.82,54.82,,0.0,54.82
O0000158,O0000158-3,SKU00004,2,22.35,44.7,,0.0,44.7
O0000159,O0000159-1,SKU00248,1,48.06,48.06,,0.0,48.06
O0000159,O0000159-2,SKU00365,1,26.67,26.67,,0.0,26.67
O0000159,O0000159-3,SKU00216,2,68.72,137.44,,0.0,137.44
O0000160,O0000160-1,SKU00355,1,41.61,41.61,,0.0,41.61
O0000160,O0000160-2,SKU00251,1,23.58,23.58,,0.0,23.58
O0000161,O0000161-1,SKU00385,1,57.12,57.12,,0.0,57.12
O0000162,O0000162-1,SKU00206,1,31.05,31.05,,0.0,31.05
O0000163,O0000163-1,SKU00060,1,76.86,76.86,,0.0,76.86
O0000163,O0000163-2,SKU00120,1,19.69,19.69,,0.0,19.69
O0000164,O0000164-1,SKU00220,1,42.7,42.7,,0.0,42.7
O0000164,O0000164-2,SKU00276,1,22.08,22.08,,0.0,22.08
O0000165,O0000165-1,SKU00077,1,17.01,17.01,,0.0,17.01
O0000166,O0000166-1,SKU00094,1,56.4,56.4,,0.0,56.4
O0000166,O0000166-2,SKU00196,1,36.14,36.14,,0.0,36.14
O0000166,O0000166-3,SKU00343,1,45.56,45.56,,0.0,45.56
O0000167,O0000167-1,SKU00354,1,27.28,27.28,,0.0,27.28
O0000167,O0000167-2,SKU00339,1,36.52,36.52,,0.0,36.52
O0000167,O0000167-3,SKU00312,2,39.88,79.76,,0.0,79.76
O0000168,O0000168-1,SKU00290,1,42.67,42.67,,0.0,42.67
O0000168,O0000168-2,SKU00369,1,42.23,42.23,,0.0,42.23
O0000168,O0000168-3,SKU00340,1,30.34,30.34,,0.0,30.34
O0000169,O0000169-1,SKU00320,1,20.06,20.06,,0.0,20.06
O0000169,O0000169-2,SKU00296,1,48.03,48.03,,0.0,48.03
O0000169,O0000169-3,SKU00184,1,34.06,34.06,,0.0,34.06
O0000170,O0000170-1,SKU00230,1,49.13,49.13,,0.0,49.13
O0000170,O0000170-2,SKU00205,2,35.8,71.6,,0.0,71.6
O0000171,O0000171-1,SKU00156,1,25.39,25.39,,0.0,25.39
O0000172,O0000172-1,SKU00058,1,55.01,55.01,,0.0,55.01
O0000172,O0000172-2,SKU00387,1,38.08,38.08,,0.0,38.08
O0000173,O0000173-1,SKU00314,2,39.09,78.18,,0.0,78.18
O0000174,O0000174-1,SKU00333,1,45.51,45.51,,0.0,45.51
O0000175,O0000175-1,SKU00062,1,38.63,38.63,,0.0,38.63
O0000176,O0000176-1,SKU00045,1,35.31,35.31,,0.0,35.31
O0000176,O0000176-2,SKU00205,1,35.8,35.8,,0.0,35.8
O0000176,O0000176-3,SKU00080,1,45.12,45.12,,0.0,45.12
O0000177,O0000177-1,SKU00104,1,73.97,73.97,,0.0,73.97
O0000177,O0000177-2,SKU00285,1,40.54,40.54,,0.0,40.54
O0000178,O0000178-1,SKU00083,1,54.82,54.82,,0.0,54.82
O0000179,O0000179-1,SKU00060,1,76.86,76.86,,0.0,76.86
O0000179,O0000179-2,SKU00372,1,19.15,19.15,,0.0,19.15
O0000180,O0000180-1,SKU00082,1,35.63,35.63,,0.0,35.63
O0000181,O0000181-1,SKU00326,2,34.94,69.88,,0.0,69.88
O0000182,O0000182-1,SKU00108,1,19.31,19.31,,0.0,19.31
O0000182,O0000182-2,SKU00036,1,42.54,42.54,,0.0,42.54
O0000183,O0000183-1,SKU00238,1,69.04,69.04,,0.0,69.04
O0000184,O0000184-1,SKU00127,1,44.81,44.81,,0.0,44.81
O0000185,O0000185-1,SKU00318,1,30.41,30.41,,0.0,30.41
O0000186,O0000186-1,SKU00333,1,45.51,45.51,,0.0,45.51
O0000187,O0000187-1,SKU00218,1,16.49,16.49,,0.0,16.49
O0000187,O0000187-2,SKU00349,1,18.05,18.05,,0.0,18.05
O0000188,O0000188-1,SKU00354,1,27.28,27.28,,0.0,27.28
O0000189,O0000189-1,SKU00290,2,42.67,85.34,,0.0,85.34
O0000190,O0000190-1,SKU00033,1,24.44,24.44,,0.0,24.44
O0000191,O0000191-1,SKU00192,1,37.74,37.74,,0.0,37.74
O0000192,O0000192-1,SKU00121,1,58.38,58.38,,0.0,58.38
O0000193,O0000193-1,SKU00166,1,65.47,65.47,,0.0,65.47
O0000193,O0000193-2,SKU00387,1,38.08,38.08,,0.0,38.08
O0000193,O0000193-3,SKU00351,1,52.83,52.83,,0.0,52.83
O0000194,O0000194-1,SKU00208,1,15.73,15.73,,0.0,15.73
O0000195,O0000195-1,SKU00352,2,37.11,74.22,,0.0,74.22
O0000196,O0000196-1,SKU00376,1,37.84,37.84,,0.0,37.84
O0000196,O0000196-2,SKU00020,2,42.57,85.14,,0.0,85.14
O0000196,O0000196-3,SKU00012,1,9.88,9.88,,0.0,9.88
O0000197,O0000197-1,SKU00141,1,78.13,78.13,,0.0,78.13
O0000197,O0000197-2,SKU00123,2,28.95,57.9,,0.0,57.9
O0000198,O0000198-1,SKU00396,2,15.54,31.08,,0.0,31.08
O0000198,O0000198-2,SKU00121,1,58.38,58.38,,0.0,58.38
O0000198,O0000198-3,SKU00110,1,38.93,38.93,,0.0,38.93
O0000199,O0000199-1,SKU00090,1,36.81,36.81,,0.0,36.81
O0000199,O0000199-2,SKU00094,1,56.4,56.4,,0.0,56.4
O0000200,O0000200-1,SKU00318,1,30.41,30.41,,0.0,30.41
O0000200,O0000200-2,SKU00312,1,39.88,39.88,,0.0,39.88
O0000200,O0000200-3,SKU00045,1,35.31,35.31,,0.0,35.31
O0000201,O0000201-1,SKU00326,2,34.94,69.88,,0.0,69.88
O0000201,O0000201-2,SKU00105,2,52.33,104.66,,0.0,104.66
O0000201,O0000201-3,SKU00374,1,34.49,34.49,,0.0,34.49
O0000202,O0000202-1,SKU00319,1,45.64,45.64,,0.0,45.64
O0000202,O0000202-2,SKU00197,2,32.23,64.46,,0.0,64.46
O0000203,O0000203-1,SKU00347,1,61.23,61.23,,0.0,61.23
O0000203,O0000203-2,SKU00029,3,36.29,108.87,,0.0,108.87
O0000204,O0000204-1,SKU00046,1,23.8,23.8,,0.0,23.8
O0000204,O0000204-2,SKU00150,2,41.46,82.92,,0.0,82.92
O0000204,O0000204-3,SKU00357,1,23.0,23.0,,0.0,23.0
O0000205,O0000205-1,SKU00382,1,19.75,19.75,,0.0,19.75
O0000205,O0000205-2,SKU00161,1,12.51,12.51,,0.0,12.51
O0000205,O0000205-3,SKU00141,1,78.13,78.13,,0.0,78.13
O0000206,O0000206-1,SKU00161,1,12.51,12.51,,0.0,12.51
O0000206,O0000206-2,SKU00148,1,39.39,39.39,,0.0,39.39
O0000207,O0000207-1,SKU00169,1,38.7,38.7,,0.0,38.7
O0000207,O0000207-2,SKU00154,1,62.36,62.36,,0.0,62.36
O0000208,O0000208-1,SKU00331,1,21.15,21.15,,0.0,21.15
O0000209,O0000209-1,SKU00167,3,22.6,67.8,,0.0,67.8
O0000209,O0000209-2,SKU00369,1,42.23,42.23,,0.0,42.23
O0000209,O0000209-3,SKU00351,1,52.83,52.83,,0.0,52.83
O0000210,O0000210-1,SKU00333,1,45.51,45.51,,0.0,45.51
O0000211,O0000211-1,SKU00369,1,42.23,42.23,,0.0,42.23
O0000212,O0000212-1,SKU00273,1,56.47,56.47,,0.0,56.47
O0000212,O0000212-2,SKU00317,1,32.85,32.85,,0.0,32.85
O0000213,O0000213-1,SKU00341,2,47.08,94.16,,0.0,94.16
O0000213,O0000213-2,SKU00050,1,25.95,25.95,,0.0,25.95
O0000214,O0000214-1,SKU00073,1,61.83,61.83,,0.0,61.83
O0000215,O0000215-1,SKU00238,1,69.04,69.04,,0.0,69.04
O0000215,O0000215-2,SKU00346,1,102.61,102.61,,0.0,102.61
O0000216,O0000216-1,SKU00154,1,62.36,62.36,,0.0,62.36
O0000216,O0000216-2,SKU00139,1,52.17,52.17,,0.0,52.17
O0000216,O0000216-3,SKU00297,1,39.78,39.78,,0.0,39.78
O0000217,O0000217-1,SKU00324,1,70.29,70.29,,0.0,70.29
O0000217,O0000217-2,SKU00190,1,45.12,45.12,,0.0,45.12
O0000218,O0000218-1,SKU00143,1,18.48,18.48,,0.0,18.48
O0000218,O0000218-2,SKU00251,1,23.58,23.58,,0.0,23.58
O0000219,O0000219-1,SKU00101,1,33.02,33.02,,0.0,33.02
O0000220,O0000220-1,SKU00156,1,25.39,25.39,,0.0,25.39
O0000221,O0000221-1,SKU00060,1,76.86,76.86,,0.0,76.86
O0000221,O0000221-2,SKU00274,2,14.47,28.94,,0.0,28.94
O0000222,O0000222-1,SKU00351,1,52.83,52.83,,0.0,52.83
O0000222,O0000222-2,SKU00057,1,34.63,34.63,,0.0,34.63
O0000223,O0000223-1,SKU00177,1,41.83,41.83,,0.0,41.83
O0000224,O0000224-1,SKU00055,1,66.78,66.78,,0.0,66.78
O0000224,O0000224-2,SKU00344,1,9.99,9.99,,0.0,9.99
O0000224,O0000224-3,SKU00355,1,41.61,41.61,,0.0,41.61
O0000225,O0000225-1,SKU00381,1,81.55,81.55,,0.0,81.55
O0000225,O0000225-2,SKU00303,1,66.84,66.84,,0.0,66.84
O0000226,O0000226-1,SKU00367,1,50.59,50.59,,0.0,50.59
O0000226,O0000226-2,SKU00204,1,59.25,59.25,,0.0,59.25
O0000226,O0000226-3,SKU00281,1,52.93,52.93,,0.0,52.93
O0000226,O0000226-4,SKU00036,2,42.54,85.08,,0.0,85.08
O0000227,O0000227-1,SKU00141,1,78.13,78.13,,0.0,78.13
O0000227,O0000227-2,SKU00136,1,52.74,52.74,,0.0,52.74
O0000227,O0000227-3,SKU00193,1,64.21,64.21,,0.0,64.21
O0000227,O0000227-4,SKU00285,2,40.54,81.08,,0.0,81.08
O0000228,O0000228-1,SKU00149,1,26.89,26.89,,0.0,26.89
O0000229,O0000229-1,SKU00151,1,20.05,20.05,,0.0,20.05
O0000229,O0000229-2,SKU00061,1,23.77,23.77,,0.0,23.77
O0000230,O0000230-1,SKU00248,1,48.06,48.06,,0.0,48.06
O0000230,O0000230-2,SKU00260,1,38.96,38.96,,0.0,38.96
O0000230,O0000230-3,SKU00060,1,76.86,76.86,,0.0,76.86
O0000231,O0000231-1,SKU00203,3,71.32,213.96,,0.0,213.96
O0000232,O0000232-1,SKU00253,2,51.01,102.02,,0.0,102.02
O0000232,O0000232-2,SKU00323,2,39.02,78.04,,0.0,78.04
O0000233,O0000233-1,SKU00119,1,37.15,37.15,,0.0,37.15
O0000233,O0000233-2,SKU00085,2,51.96,103.92,,0.0,103.92
O0000234,O0000234-1,SKU00332,1,104.52,104.52,,0.0,104.52
O0000235,O0000235-1,SKU00168,1,26.49,26.49,,0.0,26.49
O0000235,O0000235-2,SKU00001,1,32.38,32.38,,0.0,32.38
O0000236,O0000236-1,SKU00107,1,64.03,64.03,,0.0,64.03
O0000237,O0000237-1,SKU00211,1,88.68,88.68,,0.0,88.68
O0000237,O0000237-2,SKU00237,1,54.4,54.4,,0.0,54.4
O0000238,O0000238-1,SKU00100,3,17.02,51.06,,0.0,51.06
O0000239,O0000239-1,SKU00205,1,35.8,35.8,,0.0,35.8
O0000239,O0000239-2,SKU00220,2,42.7,85.4,,0.0,85.4
O0000240,O0000240-1,SKU00141,2,78.13,156.26,,0.0,156.26
O0000241,O0000241-1,SKU00060,1,76.86,76.86,,0.0,76.86
O0000241,O0000241-2,SKU00364,1,45.23,45.23,,0.0,45.23
O0000241,O0000241-3,SKU00270,1,46.55,46.55,,0.0,46.55
O0000241,O0000241-4,SKU00342,3,38.94,116.82,,0.0,116.82
O0000242,O0000242-1,SKU00086,2,72.82,145.64,,0.0,145.64
O0000243,O0000243-1,SKU00388,1,37.93,37.93,,0.0,37.93
O0000243,O0000243-2,SKU00261,1,86.51,86.51,,0.0,86.51
O0000244,O0000244-1,SKU00043,2,50.54,101.08,,0.0,101.08
O0000245,O0000245-1,SKU00138,1,17.97,17.97,,0.0,17.97
O0000245,O0000245-2,SKU00227,1,105.48,105.48,,0.0,105.48
O0000245,O0000245-3,SKU00221,1,31.0,31.0,,0.0,31.0
O0000246,O0000246-1,SKU00349,1,18.05,18.05,,0.0,18.05
O0000246,O0000246-2,SKU00208,1,15.73,15.73,,0.0,15.73
O0000247,O0000247-1,SKU00315,1,65.19,65.19,,0.0,65.19
O0000248,O0000248-1,SKU00203,1,71.32,71.32,,0.0,71.32
O0000248,O0000248-2,SKU00126,1,40.15,40.15,,0.0,40.15
O0000249,O0000249-1,SKU00035,1,57.12,57.12,,0.0,57.12
O0000249,O0000249-2,SKU00224,1,53.56,53.56,,0.0,53.56
O0000249,O0000249-3,SKU00382,1,19.75,19.75,,0.0,19.75
O0000249,O0000249-4,SKU00171,1,60.15,60.15,,0.0,60.15
O0000250,O0000250-1,SKU00379,1,36.36,36.36,,0.0,36.36
O0000251,O0000251-1,SKU00274,1,14.47,14.47,,0.0,14.47
O0000252,O0000252-1,SKU00010,1,32.93,32.93,,0.0,32.93
O0000252,O0000252-2,SKU00389,1,51.94,51.94,,0.0,51.94
O0000252,O0000252-3,SKU00238,2,69.04,138.08,,0.0,138.08
O0000253,O0000253-1,SKU00194,1,40.96,40.96,,0.0,40.96
O0000253,O0000253-2,SKU00340,3,30.34,91.02,,0.0,91.02
O0000254,O0000254-1,SKU00291,1,33.52,33.52,,0.0,33.52
O0000254,O0000254-2,SKU00237,1,54.4,54.4,,0.0,54.4
O0000255,O0000255-1,SKU00388,1,37.93,37.93,,0.0,37.93
O0000256,O0000256-1,SKU00085,1,51.96,51.96,,0.0,51.96
O0000256,O0000256-2,SKU00367,1,50.59,50.59,,0.0,50.59
O0000256,O0000256-3,SKU00368,1,19.96,19.96,,0.0,19.96
O0000257,O0000257-1,SKU00137,2,60.17,120.34,,0.0,120.34
O0000257,O0000257-2,SKU00084,2,33.92,67.84,,0.0,67.84
O0000257,O0000257-3,SKU00330,1,61.47,61.47,,0.0,61.47
O0000257,O0000257-4,SKU00368,1,19.96,19.96,,0.0,19.96
O0000258,O0000258-1,SKU00312,1,39.88,39.88,,0.0,39.88
O0000258,O0000258-2,SKU00204,1,59.25,59.25,,0.0,59.25
O0000258,O0000258-3,SKU00287,2,61.4,122.8,,0.0,122.8
O0000259,O0000259-1,SKU00358,1,36.52,36.52,,0.0,36.52
O0000259,O0000259-2,SKU00294,1,47.23,47.23,,0.0,47.23
O0000259,O0000259-3,SKU00051,1,57.83,57.83,,0.0,57.83
O0000260,O0000260-1,SKU00041,1,31.32,31.32,,0.0,31.32
O0000261,O0000261-1,SKU00020,1,42.57,42.57,,0.0,42.57
O0000262,O0000262-1,SKU00002,1,57.3,57.3,,0.0,57.3
O0000262,O0000262-2,SKU00180,2,37.89,75.78,,0.0,75.78
O0000263,O0000263-1,SKU00258,1,50.85,50.85,,0.0,50.85
O0000263,O0000263-2,SKU00261,3,86.51,259.53,,0.0,259.53
O0000264,O0000264-1,SKU00042,1,72.45,72.45,,0.0,72.45
O0000264,O0000264-2,SKU00063,3,26.13,78.39,,0.0,78.39
O0000265,O0000265-1,SKU00115,1,25.28,25.28,,0.0,25.28
O0000266,O0000266-1,SKU00148,1,39.39,39.39,,0.0,39.39
O0000266,O0000266-2,SKU00197,1,32.23,32.23,,0.0,32.23
O0000266,O0000266-3,SKU00326,1,34.94,34.94,,0.0,34.94
O0000267,O0000267-1,SKU00222,1,30.96,30.96,,0.0,30.96
O0000268,O0000268-1,SKU00304,1,28.55,28.55,,0.0,28.55
O0000268,O0000268-2,SKU00152,1,57.95,57.95,,0.0,57.95
O0000268,O0000268-3,SKU00130,1,66.52,66.52,,0.0,66.52
O0000269,O0000269-1,SKU00179,1,14.26,14.26,,0.0,14.26
O0000270,O0000270-1,SKU00340,1,30.34,30.34,,0.0,30.34
O0000270,O0000270-2,SKU00097,2,30.01,60.02,,0.0,60.02
O0000270,O0000270-3,SKU00002,3,57.3,171.9,,0.0,171.9
O0000271,O0000271-1,SKU00190,1,45.12,45.12,,0.0,45.12
O0000271,O0000271-2,SKU00346,1,102.61,102.61,,0.0,102.61
O0000272,O0000272-1,SKU00202,1,80.2,80.2,,0.0,80.2
O0000272,O0000272-2,SKU00197,1,32.23,32.23,,0.0,32.23
O0000273,O0000273-1,SKU00270,1,46.55,46.55,,0.0,46.55
O0000274,O0000274-1,SKU00166,1,65.47,65.47,,0.0,65.47
O0000274,O0000274-2,SKU00150,1,41.46,41.46,,0.0,41.46
O0000274,O0000274-3,SKU00345,1,60.26,60.26,,0.0,60.26
O0000274,O0000274-4,SKU00357,1,23.0,23.0,,0.0,23.0
O0000275,O0000275-1,SKU00242,1,41.5,41.5,,0.0,41.5
O0000276,O0000276-1,SKU00200,1,61.25,61.25,,0.0,61.25
O0000276,O0000276-2,SKU00008,1,26.23,26.23,,0.0,26.23
O0000277,O0000277-1,SKU00243,1,34.82,34.82,,0.0,34.82
O0000277,O0000277-2,SKU00283,1,85.39,85.39,,0.0,85.39
O0000278,O0000278-1,SKU00219,2,65.58,131.16,,0.0,131.16
O0000278,O0000278-2,SKU00398,1,85.14,85.14,,0.0,85.14
O0000279,O0000279-1,SKU00028,1,35.88,35.88,,0.0,35.88
O0000279,O0000279-2,SKU00242,1,41.5,41.5,,0.0,41.5
O0000279,O0000279-3,SKU00342,1,38.94,38.94,,0.0,38.94
O0000279,O0000279-4,SKU00174,1,57.96,57.96,,0.0,57.96
O0000280,O0000280-1,SKU00176,2,24.92,49.84,,0.0,49.84
O0000280,O0000280-2,SKU00071,1,50.63,50.63,,0.0,50.63
O0000281,O0000281-1,SKU00237,1,54.4,54.4,,0.0,54.4
O0000282,O0000282-1,SKU00283,2,85.39,170.78,,0.0,170.78
O0000282,O0000282-2,SKU00372,1,19.15,19.15,,0.0,19.15
O0000282,O0000282-3,SKU00188,3,58.74,176.22,,0.0,176.22
O0000282,O0000282-4,SKU00181,1,47.26,47.26,,0.0,47.26
O0000283,O0000283-1,SKU00352,1,37.11,37.11,,0.0,37.11
O0000284,O0000284-1,SKU00159,1,47.62,47.62,,0.0,47.62
O0000285,O0000285-1,SKU00322,1,22.71,22.71,,0.0,22.71
O0000285,O0000285-2,SKU00045,1,35.31,35.31,,0.0,35.31
O0000285,O0000285-3,SKU00325,1,27.6,27.6,,0.0,27.6
O0000285,O0000285-4,SKU00042,1,72.45,72.45,,0.0,72.45
O0000286,O0000286-1,SKU00114,2,29.46,58.92,,0.0,58.92
O0000287,O0000287-1,SKU00157,1,70.71,70.71,,0.0,70.71
O0000288,O0000288-1,SKU00143,3,18.48,55.44,,0.0,55.44
O0000289,O0000289-1,SKU00067,1,20.67,20.67,,0.0,20.67
O0000290,O0000290-1,SKU00100,1,17.02,17.02,,0.0,17.02
O0000290,O0000290-2,SKU00360,1,93.89,93.89,,0.0,93.89
O0000291,O0000291-1,SKU00229,1,74.74,74.74,,0.0,74.74
O0000292,O0000292-1,SKU00388,1,37.93,37.93,,0.0,37.93
O0000293,O0000293-1,SKU00117,1,30.62,30.62,,0.0,30.62
O0000294,O0000294-1,SKU00027,1,11.75,11.75,,0.0,11.75
O0000295,O0000295-1,SKU00235,1,46.43,46.43,,0.0,46.43
O0000295,O0000295-2,SKU00125,1,30.05,30.05,,0.0,30.05
O0000295,O0000295-3,SKU00367,1,50.59,50.59,,0.0,50.59
O0000296,O0000296-1,SKU00291,1,33.52,33.52,,0.0,33.52
O0000297,O0000297-1,SKU00227,1,105.48,105.48,,0.0,105.48
O0000297,O0000297-2,SKU00131,1,34.39,34.39,,0.0,34.39
O0000298,O0000298-1,SKU00192,1,37.74,37.74,,0.0,37.74
O0000298,O0000298-2,SKU00297,1,39.78,39.78,,0.0,39.78
O0000298,O0000298-3,SKU00130,1,66.52,66.52,,0.0,66.52
O0000299,O0000299-1,SKU00360,1,93.89,93.89,,0.0,93.89
O0000299,O0000299-2,SKU00148,1,39.39,39.39,,0.0,39.39
O0000299,O0000299-3,SKU00141,2,78.13,156.26,,0.0,156.26
O0000299,O0000299-4,SKU00069,1,19.77,19.77,,0.0,19.77
O0000300,O0000300-1,SKU00286,1,54.7,54.7,,0.0,54.7
O0000300,O0000300-2,SKU00158,2,19.54,39.08,,0.0,39.08
O0000300,O0000300-3,SKU00219,1,65.58,65.58,,0.0,65.58
O0000300,O0000300-4,SKU00205,2,35.8,71.6,,0.0,71.6
O0000301,O0000301-1,SKU00128,1,24.13,24.13,,0.0,24.13
O0000301,O0000301-2,SKU00114,1,29.46,29.46,,0.0,29.46
O0000302,O0000302-1,SKU00320,1,20.06,20.06,,0.0,20.06
O0000302,O0000302-2,SKU00292,1,51.63,51.63,,0.0,51.63
O0000303,O0000303-1,SKU00024,3,39.92,119.76,,0.0,119.76
O0000304,O0000304-1,SKU00362,1,26.77,26.77,,0.0,26.77
O0000304,O0000304-2,SKU00344,1,9.99,9.99,,0.0,9.99
O0000304,O0000304-3,SKU00292,1,51.63,51.63,,0.0,51.63
O0000305,O0000305-1,SKU00028,1,35.88,35.88,,0.0,35.88
O0000305,O0000305-2,SKU00203,1,71.32,71.32,,0.0,71.32
O0000306,O0000306-1,SKU00121,1,58.38,58.38,,0.0,58.38
O0000306,O0000306-2,SKU00066,1,52.48,52.48,,0.0,52.48
O0000307,O0000307-1,SKU00350,1,53.2,53.2,,0.0,53.2
O0000307,O0000307-2,SKU00164,2,38.71,77.42,,0.0,77.42
O0000308,O0000308-1,SKU00295,1,42.42,42.42,,0.0,42.42
O0000308,O0000308-2,SKU00400,1,33.96,33.96,,0.0,33.96
O0000308,O0000308-3,SKU00223,2,22.77,45.54,,0.0,45.54
O0000309,O0000309-1,SKU00079,1,43.31,43.31,,0.0,43.31
O0000309,O0000309-2,SKU00095,1,53.11,53.11,,0.0,53.11
O0000310,O0000310-1,SKU00178,1,55.23,55.23,,0.0,55.23
O0000311,O0000311-1,SKU00267,1,82.59,82.59,,0.0,82.59
O0000312,O0000312-1,SKU00177,2,41.83,83.66,,0.0,83.66
O0000313,O0000313-1,SKU00278,1,54.54,54.54,,0.0,54.54
O0000313,O0000313-2,SKU00031,2,49.75,99.5,,0.0,99.5
O0000314,O0000314-1,SKU00398,1,85.14,85.14,,0.0,85.14
O0000314,O0000314-2,SKU00386,1,42.93,42.93,,0.0,42.93
O0000315,O0000315-1,SKU00245,1,49.62,49.62,,0.0,49.62
O0000315,O0000315-2,SKU00321,2,13.85,27.7,,0.0,27.7
O0000316,O0000316-1,SKU00398,1,85.14,85.14,,0.0,85.14
O0000316,O0000316-2,SKU00361,1,44.18,44.18,,0.0,44.18
O0000316,O0000316-3,SKU00252,1,57.03,57.03,,0.0,57.03
O0000316,O0000316-4,SKU00230,2,49.13,98.26,,0.0,98.26
O0000317,O0000317-1,SKU00142,2,61.52,123.04,,0.0,123.04
O0000317,O0000317-2,SKU00056,1,38.71,38.71,,0.0,38.71
O0000318,O0000318-1,SKU00359,1,26.27,26.27,,0.0,26.27
O0000318,O0000318-2,SKU00151,1,20.05,20.05,,0.0,20.05
O0000319,O0000319-1,SKU00334,1,17.99,17.99,,0.0,17.99
O0000320,O0000320-1,SKU00047,3,79.17,237.51,,0.0,237.51
O0000321,O0000321-1,SKU00215,1,33.08,33.08,,0.0,33.08
O0000321,O0000321-2,SKU00195,1,41.24,41.24,,0.0,41.24
O0000321,O0000321-3,SKU00039,1,59.8,59.8,,0.0,59.8
O0000322,O0000322-1,SKU00123,1,28.95,28.95,,0.0,28.95
O0000322,O0000322-2,SKU00398,2,85.14,170.28,,0.0,170.28
O0000322,O0000322-3,SKU00217,1,31.07,31.07,,0.0,31.07
O0000322,O0000322-4,SKU00110,2,38.93,77.86,,0.0,77.86
O0000323,O0000323-1,SKU00012,2,9.88,19.76,,0.0,19.76
O0000323,O0000323-2,SKU00037,2,30.33,60.66,,0.0,60.66
O0000324,O0000324-1,SKU00169,1,38.7,38.7,,0.0,38.7
O0000324,O0000324-2,SKU00250,2,32.56,65.12,,0.0,65.12
O0000324,O0000324-3,SKU00295,1,42.42,42.42,,0.0,42.42
O0000325,O0000325-1,SKU00122,2,22.77,45.54,,0.0,45.54
O0000326,O0000326-1,SKU00381,2,81.55,163.1,,0.0,163.1
O0000326,O0000326-2,SKU00310,3,44.67,134.01,,0.0,134.01
O0000326,O0000326-3,SKU00083,1,54.82,54.82,,0.0,54.82
O0000327,O0000327-1,SKU00293,1,70.96,70.96,,0.0,70.96
O0000328,O0000328-1,SKU00123,3,28.95,86.85,,0.0,86.85
O0000328,O0000328-2,SKU00123,1,28.95,28.95,,0.0,28.95
O0000329,O0000329-1,SKU00149,2,26.89,53.78,,0.0,53.78
O0000329,O0000329-2,SKU00302,1,26.48,26.48,,0.0,26.48
O0000330,O0000330-1,SKU00126,1,40.15,40.15,,0.0,40.15
O0000330,O0000330-2,SKU00221,1,31.0,31.0,,0.0,31.0
O0000330,O0000330-3,SKU00312,1,39.88,39.88,,0.0,39.88
O0000331,O0000331-1,SKU00281,1,52.93,52.93,,0.0,52.93
O0000332,O0000332-1,SKU00198,1,39.26,39.26,,0.0,39.26
O0000332,O0000332-2,SKU00223,1,22.77,22.77,,0.0,22.77
O0000333,O0000333-1,SKU00365,1,26.67,26.67,,0.0,26.67
O0000334,O0000334-1,SKU00031,1,49.75,49.75,,0.0,49.75
O0000334,O0000334-2,SKU00334,1,17.99,17.99,,0.0,17.99
O0000335,O0000335-1,SKU00039,1,59.8,59.8,,0.0,59.8
O0000335,O0000335-2,SKU00100,1,17.02,17.02,,0.0,17.02
O0000335,O0000335-3,SKU00132,1,44.43,44.43,,0.0,44.43
O0000336,O0000336-1,SKU00171,1,60.15,60.15,,0.0,60.15
O0000336,O0000336-2,SKU00329,1,37.64,37.64,,0.0,37.64
O0000336,O0000336-3,SKU00215,1,33.08,33.08,,0.0,33.08
O0000337,O0000337-1,SKU00216,1,68.72,68.72,,0.0,68.72
O0000337,O0000337-2,SKU00007,2,32.91,65.82,,0.0,65.82
O0000337,O0000337-3,SKU00296,1,48.03,48.03,,0.0,48.03
O0000338,O0000338-1,SKU00167,1,22.6,22.6,,0.0,22.6
O0000338,O0000338-2,SKU00125,1,30.05,30.05,,0.0,30.05
O0000338,O0000338-3,SKU00098,1,54.0,54.0,,0.0,54.0
O0000338,O0000338-4,SKU00236,1,32.17,32.17,,0.0,32.17
O0000339,O0000339-1,SKU00130,1,66.52,66.52,,0.0,66.52
O0000339,O0000339-2,SKU00360,1,93.89,93.89,,0.0,93.89
O0000340,O0000340-1,SKU00084,1,33.92,33.92,,0.0,33.92
O0000340,O0000340-2,SKU00022,1,28.83,28.83,,0.0,28.83
O0000341,O0000341-1,SKU00079,1,43.31,43.31,,0.0,43.31
O0000342,O0000342-1,SKU00237,1,54.4,54.4,,0.0,54.4
O0000343,O0000343-1,SKU00239,1,15.42,15.42,,0.0,15.42
O0000344,O0000344-1,SKU00095,1,53.11,53.11,,0.0,53.11
O0000344,O0000344-2,SKU00063,1,26.13,26.13,,0.0,26.13
O0000345,O0000345-1,SKU00088,1,49.61,49.61,,0.0,49.61
O0000345,O0000345-2,SKU00107,1,64.03,64.03,,0.0,64.03
O0000346,O0000346-1,SKU00228,2,106.95,213.9,,0.0,213.9
O0000346,O0000346-2,SKU00200,1,61.25,61.25,,0.0,61.25
O0000346,O0000346-3,SKU00143,1,18.48,18.48,,0.0,18.48
O0000347,O0000347-1,SKU00204,1,59.25,59.25,,0.0,59.25
O0000348,O0000348-1,SKU00123,1,28.95,28.95,,0.0,28.95
O0000348,O0000348-2,SKU00178,1,55.23,55.23,,0.0,55.23
O0000348,O0000348-3,SKU00160,1,42.59,42.59,,0.0,42.59
O0000349,O0000349-1,SKU00071,1,50.63,50.63,,0.0,50.63
O0000350,O0000350-1,SKU00367,1,50.59,50.59,,0.0,50.59
O0000350,O0000350-2,SKU00066,1,52.48,52.48,,0.0,52.48
O0000350,O0000350-3,SKU00012,1,9.88,9.88,,0.0,9.88
O0000350,O0000350-4,SKU00038,3,50.53,151.59,,0.0,151.59
O0000351,O0000351-1,SKU00109,2,88.61,177.22,,0.0,177.22
O0000351,O0000351-2,SKU00031,1,49.75,49.75,,0.0,49.75
O0000351,O0000351-3,SKU00040,1,46.34,46.34,,0.0,46.34
O0000352,O0000352-1,SKU00023,3,57.22,171.66,,0.0,171.66
O0000353,O0000353-1,SKU00331,1,21.15,21.15,,0.0,21.15
O0000353,O0000353-2,SKU00060,1,76.86,76.86,,0.0,76.86
O0000354,O0000354-1,SKU00095,2,53.11,106.22,,0.0,106.22
O0000355,O0000355-1,SKU00056,1,38.71,38.71,,0.0,38.71
O0000356,O0000356-1,SKU00281,1,52.93,52.93,,0.0,52.93
O0000356,O0000356-2,SKU00038,1,50.53,50.53,,0.0,50.53
O0000357,O0000357-1,SKU00170,1,29.26,29.26,,0.0,29.26
O0000357,O0000357-2,SKU00223,1,22.77,22.77,,0.0,22.77
O0000357,O0000357-3,SKU00061,1,23.77,23.77,,0.0,23.77
O0000358,O0000358-1,SKU00195,1,41.24,41.24,,0.0,41.24
O0000358,O0000358-2,SKU00009,1,52.68,52.68,,0.0,52.68
O0000358,O0000358-3,SKU00047,2,79.17,158.34,,0.0,158.34
O0000359,O0000359-1,SKU00193,1,64.21,64.21,,0.0,64.21
O0000360,O0000360-1,SKU00137,1,60.17,60.17,,0.0,60.17
O0000360,O0000360-2,SKU00286,2,54.7,109.4,,0.0,109.4
O0000361,O0000361-1,SKU00130,1,66.52,66.52,,0.0,66.52
O0000361,O0000361-2,SKU00085,1,51.96,51.96,,0.0,51.96
O0000361,O0000361-3,SKU00276,1,22.08,22.08,,0.0,22.08
O0000362,O0000362-1,SKU00333,3,45.51,136.53,,0.0,136.53
O0000362,O0000362-2,SKU00144,1,27.92,27.92,,0.0,27.92
O0000363,O0000363-1,SKU00313,1,49.13,49.13,,0.0,49.13
O0000363,O0000363-2,SKU00299,1,33.57,33.57,,0.0,33.57
O0000363,O0000363-3,SKU00194,1,40.96,40.96,,0.0,40.96
O0000364,O0000364-1,SKU00346,1,102.61,102.61,,0.0,102.61
O0000364,O0000364-2,SKU00283,1,85.39,85.39,,0.0,85.39
O0000365,O0000365-1,SKU00149,1,26.89,26.89,,0.0,26.89
O0000366,O0000366-1,SKU00083,1,54.82,54.82,,0.0,54.82
O0000366,O0000366-2,SKU00176,1,24.92,24.92,,0.0,24.92
O0000367,O0000367-1,SKU00057,1,34.63,34.63,,0.0,34.63
O0000368,O0000368-1,SKU00339,1,36.52,36.52,,0.0,36.52
O0000368,O0000368-2,SKU00007,1,32.91,32.91,,0.0,32.91
O0000368,O0000368-3,SKU00099,1,22.33,22.33,,0.0,22.33
O0000369,O0000369-1,SKU00123,2,28.95,57.9,,0.0,57.9
O0000370,O0000370-1,SKU00278,1,54.54,54.54,,0.0,54.54
O0000371,O0000371-1,SKU00392,1,45.36,45.36,,0.0,45.36
O0000371,O0000371-2,SKU00110,1,38.93,38.93,,0.0,38.93
O0000371,O0000371-3,SKU00135,2,42.96,85.92,,0.0,85.92
O0000372,O0000372-1,SKU00094,3,56.4,169.2,,0.0,169.2
O0000372,O0000372-2,SKU00240,1,78.86,78.86,,0.0,78.86
O0000373,O0000373-1,SKU00292,1,51.63,51.63,,0.0,51.63
O0000374,O0000374-1,SKU00011,2,31.25,62.5,,0.0,62.5
O0000374,O0000374-2,SKU00336,1,54.95,54.95,,0.0,54.95
O0000374,O0000374-3,SKU00018,1,20.66,20.66,,0.0,20.66
O0000375,O0000375-1,SKU00342,1,38.94,38.94,,0.0,38.94
O0000375,O0000375-2,SKU00381,1,81.55,81.55,,0.0,81.55
O0000375,O0000375-3,SKU00326,1,34.94,34.94,,0.0,34.94
O0000376,O0000376-1,SKU00329,1,37.64,37.64,,0.0,37.64
O0000377,O0000377-1,SKU00147,1,41.64,41.64,,0.0,41.64
O0000378,O0000378-1,SKU00038,1,50.53,50.53,,0.0,50.53
O0000379,O0000379-1,SKU00243,3,34.82,104.46,,0.0,104.46
O0000379,O0000379-2,SKU00296,1,48.03,48.03,,0.0,48.03
O0000379,O0000379-3,SKU00126,1,40.15,40.15,,0.0,40.15
O0000379,O0000379-4,SKU00051,2,57.83,115.66,,0.0,115.66
O0000380,O0000380-1,SKU00126,1,40.15,40.15,,0.0,40.15
O0000380,O0000380-2,SKU00356,1,12.98,12.98,,0.0,12.98
O0000380,O0000380-3,SKU00004,1,22.35,22.35,,0.0,22.35
O0000381,O0000381-1,SKU00318,1,30.41,30.41,,0.0,30.41
O0000381,O0000381-2,SKU00047,1,79.17,79.17,,0.0,79.17
O0000382,O0000382-1,SKU00344,2,9.99,19.98,,0.0,19.98
O0000383,O0000383-1,SKU00007,1,32.91,32.91,,0.0,32.91
O0000383,O0000383-2,SKU00153,1,61.1,61.1,,0.0,61.1
O0000383,O0000383-3,SKU00224,1,53.56,53.56,,0.0,53.56
O0000384,O0000384-1,SKU00199,1,60.64,60.64,,0.0,60.64
O0000385,O0000385-1,SKU00120,1,19.69,19.69,,0.0,19.69
O0000386,O0000386-1,SKU00363,1,45.39,45.39,,0.0,45.39
O0000386,O0000386-2,SKU00219,2,65.58,131.16,,0.0,131.16
O0000386,O0000386-3,SKU00241,1,46.38,46.38,,0.0,46.38
O0000387,O0000387-1,SKU00044,1,26.97,26.97,,0.0,26.97
O0000387,O0000387-2,SKU00053,3,49.62,148.86,,0.0,148.86
O0000387,O0000387-3,SKU00332,1,104.52,104.52,,0.0,104.52
O0000387,O0000387-4,SKU00114,1,29.46,29.46,,0.0,29.46
O0000388,O0000388-1,SKU00249,1,31.28,31.28,,0.0,31.28
O0000388,O0000388-2,SKU00393,1,14.38,14.38,,0.0,14.38
O0000388,O0000388-3,SKU00325,2,27.6,55.2,,0.0,55.2
O0000389,O0000389-1,SKU00219,2,65.58,131.16,,0.0,131.16
O0000389,O0000389-2,SKU00203,1,71.32,71.32,,0.0,71.32
O0000389,O0000389-3,SKU00327,1,44.41,44.41,,0.0,44.41
O0000390,O0000390-1,SKU00322,2,22.71,45.42,,0.0,45.42
O0000390,O0000390-2,SKU00097,1,30.01,30.01,,0.0,30.01
O0000390,O0000390-3,SKU00018,1,20.66,20.66,,0.0,20.66
O0000391,O0000391-1,SKU00200,1,61.25,61.25,,0.0,61.25
O0000391,O0000391-2,SKU00110,1,38.93,38.93,,0.0,38.93
O0000391,O0000391-3,SKU00349,1,18.05,18.05,,0.0,18.05
O0000392,O0000392-1,SKU00322,1,22.71,22.71,,0.0,22.71
O0000392,O0000392-2,SKU00066,1,52.48,52.48,,0.0,52.48
O0000392,O0000392-3,SKU00167,2,22.6,45.2,,0.0,45.2
O0000393,O0000393-1,SKU00395,1,26.26,26.26,,0.0,26.26
O0000393,O0000393-2,SKU00382,1,19.75,19.75,,0.0,19.75
O0000394,O0000394-1,SKU00251,1,23.58,23.58,,0.0,23.58
O0000394,O0000394-2,SKU00077,1,17.01,17.01,,0.0,17.01
O0000395,O0000395-1,SKU00105,1,52.33,52.33,,0.0,52.33
O0000395,O0000395-2,SKU00229,1,74.74,74.74,,0.0,74.74
O0000396,O0000396-1,SKU00231,1,34.06,34.06,,0.0,34.06
O0000397,O0000397-1,SKU00229,1,74.74,74.74,,0.0,74.74
O0000397,O0000397-2,SKU00159,1,47.62,47.62,,0.0,47.62
O0000398,O0000398-1,SKU00035,1,57.12,57.12,,0.0,57.12
O0000399,O0000399-1,SKU00034,2,45.57,91.14,,0.0,91.14
O0000399,O0000399-2,SKU00129,1,38.65,38.65,,0.0,38.65
O0000399,O0000399-3,SKU00282,2,46.15,92.3,,0.0,92.3
O0000400,O0000400-1,SKU00109,1,88.61,88.61,,0.0,88.61
O0000400,O0000400-2,SKU00286,1,54.7,54.7,,0.0,54.7
O0000401,O0000401-1,SKU00348,1,64.96,64.96,,0.0,64.96
O0000401,O0000401-2,SKU00104,1,73.97,73.97,,0.0,73.97
O0000402,O0000402-1,SKU00039,1,59.8,59.8,,0.0,59.8
O0000403,O0000403-1,SKU00140,1,56.17,56.17,,0.0,56.17
O0000403,O0000403-2,SKU00017,1,37.58,37.58,,0.0,37.58
O0000404,O0000404-1,SKU00283,2,85.39,170.78,,0.0,170.78
O0000404,O0000404-2,SKU00317,3,32.85,98.55,,0.0,98.55
O0000405,O0000405-1,SKU00026,1,45.44,45.44,,0.0,45.44
O0000406,O0000406-1,SKU00205,1,35.8,35.8,,0.0,35.8
O0000406,O0000406-2,SKU00079,1,43.31,43.31,,0.0,43.31
O0000406,O0000406-3,SKU00033,1,24.44,24.44,,0.0,24.44
O0000406,O0000406-4,SKU00246,1,38.15,38.15,,0.0,38.15
O0000407,O0000407-1,SKU00181,2,47.26,94.52,,0.0,94.52
O0000407,O0000407-2,SKU00009,1,52.68,52.68,,0.0,52.68
O0000408,O0000408-1,SKU00074,1,76.62,76.62,,0.0,76.62
O0000408,O0000408-2,SKU00299,2,33.57,67.14,,0.0,67.14
O0000409,O0000409-1,SKU00125,2,30.05,60.1,,0.0,60.1
O0000409,O0000409-2,SKU00027,1,11.75,11.75,,0.0,11.75
O0000409,O0000409-3,SKU00254,3,18.56,55.68,,0.0,55.68
O0000410,O0000410-1,SKU00363,3,45.39,136.17,,0.0,136.17
O0000410,O0000410-2,SKU00169,3,38.7,116.1,,0.0,116.1
O0000411,O0000411-1,SKU00030,1,17.63,17.63,,0.0,17.63
O0000411,O0000411-2,SKU00320,1,20.06,20.06,,0.0,20.06
O0000412,O0000412-1,SKU00101,1,33.02,33.02,,0.0,33.02
O0000412,O0000412-2,SKU00004,1,22.35,22.35,,0.0,22.35
O0000413,O0000413-1,SKU00119,3,37.15,111.45,,0.0,111.45
O0000413,O0000413-2,SKU00159,1,47.62,47.62,,0.0,47.62
O0000414,O0000414-1,SKU00089,1,49.77,49.77,,0.0,49.77
O0000414,O0000414-2,SKU00225,1,25.36,25.36,,0.0,25.36
O0000415,O0000415-1,SKU00070,2,44.51,89.02,,0.0,89.02
O0000415,O0000415-2,SKU00232,1,34.95,34.95,,0.0,34.95
O0000415,O0000415-3,SKU00263,1,21.58,21.58,,0.0,21.58
O0000416,O0000416-1,SKU00204,1,59.25,59.25,,0.0,59.25
O0000417,O0000417-1,SKU00293,2,70.96,141.92,,0.0,141.92
O0000417,O0000417-2,SKU00110,1,38.93,38.93,,0.0,38.93
O0000417,O0000417-3,SKU00212,1,20.15,20.15,,0.0,20.15
O0000418,O0000418-1,SKU00027,2,11.75,23.5,,0.0,23.5
O0000419,O0000419-1,SKU00006,2,31.28,62.56,,0.0,62.56
O0000420,O0000420-1,SKU00121,1,58.38,58.38,,0.0,58.38
O0000420,O0000420-2,SKU00335,3,18.97,56.91,,0.0,56.91
O0000420,O0000420-3,SKU00298,1,21.47,21.47,,0.0,21.47
O0000420,O0000420-4,SKU00076,1,31.8,31.8,,0.0,31.8
O0000421,O0000421-1,SKU00308,2,57.22,114.44,,0.0,114.44
O0000421,O0000421-2,SKU00348,1,64.96,64.96,,0.0,64.96
O0000421,O0000421-3,SKU00198,1,39.26,39.26,,0.0,39.26
O0000422,O0000422-1,SKU00250,1,32.56,32.56,,0.0,32.56
O0000423,O0000423-1,SKU00175,1,44.19,44.19,,0.0,44.19
O0000423,O0000423-2,SKU00292,3,51.63,154.89,,0.0,154.89
O0000424,O0000424-1,SKU00333,1,45.51,45.51,,0.0,45.51
O0000425,O0000425-1,SKU00218,1,16.49,16.49,,0.0,16.49
O0000426,O0000426-1,SKU00186,1,34.13,34.13,,0.0,34.13
O0000426,O0000426-2,SKU00328,1,35.12,35.12,,0.0,35.12
O0000427,O0000427-1,SKU00296,1,48.03,48.03,,0.0,48.03
O0000427,O0000427-2,SKU00350,1,53.2,53.2,,0.0,53.2
O0000427,O0000427-3,SKU00230,2,49.13,98.26,,0.0,98.26
O0000428,O0000428-1,SKU00365,1,26.67,26.67,,0.0,26.67
O0000428,O0000428-2,SKU00360,2,93.89,187.78,,0.0,187.78
O0000429,O0000429-1,SKU00041,1,31.32,31.32,,0.0,31.32
O0000429,O0000429-2,SKU00213,2,45.05,90.1,,0.0,90.1
O0000430,O0000430-1,SKU00240,1,78.86,78.86,,0.0,78.86
O0000431,O0000431-1,SKU00062,1,38.63,38.63,,0.0,38.63
O0000431,O0000431-2,SKU00052,1,57.74,57.74,,0.0,57.74
O0000432,O0000432-1,SKU00312,2,39.88,79.76,,0.0,79.76
O0000432,O0000432-2,SKU00276,1,22.08,22.08,,0.0,22.08
O0000433,O0000433-1,SKU00120,1,19.69,19.69,,0.0,19.69
O0000434,O0000434-1,SKU00095,1,53.11,53.11,,0.0,53.11
O0000434,O0000434-2,SKU00171,1,60.15,60.15,,0.0,60.15
O0000434,O0000434-3,SKU00098,1,54.0,54.0,,0.0,54.0
O0000435,O0000435-1,SKU00323,2,39.02,78.04,,0.0,78.04
O0000435,O0000435-2,SKU00002,1,57.3,57.3,,0.0,57.3
O0000436,O0000436-1,SKU00340,2,30.34,60.68,,0.0,60.68
O0000436,O0000436-2,SKU00106,1,24.61,24.61,,0.0,24.61
O0000436,O0000436-3,SKU00151,1,20.05,20.05,,0.0,20.05
O0000437,O0000437-1,SKU00009,2,52.68,105.36,,0.0,105.36
O0000438,O0000438-1,SKU00187,1,39.15,39.15,,0.0,39.15
O0000438,O0000438-2,SKU00074,1,76.62,76.62,,0.0,76.62
O0000438,O0000438-3,SKU00261,2,86.51,173.02,,0.0,173.02
O0000439,O0000439-1,SKU00259,1,40.89,40.89,,0.0,40.89
O0000439,O0000439-2,SKU00206,2,31.05,62.1,,0.0,62.1
O0000440,O0000440-1,SKU00212,1,20.15,20.15,,0.0,20.15
O0000441,O0000441-1,SKU00105,1,52.33,52.33,,0.0,52.33
O0000441,O0000441-2,SKU00136,1,52.74,52.74,,0.0,52.74
O0000441,O0000441-3,SKU00139,3,52.17,156.51,,0.0,156.51
O0000442,O0000442-1,SKU00192,2,37.74,75.48,,0.0,75.48
O0000442,O0000442-2,SKU00107,1,64.03,64.03,,0.0,64.03
O0000443,O0000443-1,SKU00263,1,21.58,21.58,,0.0,21.58
O0000443,O0000443-2,SKU00161,1,12.51,12.51,,0.0,12.51
O0000444,O0000444-1,SKU00279,2,31.74,63.48,,0.0,63.48
O0000444,O0000444-2,SKU00238,1,69.04,69.04,,0.0,69.04
O0000444,O0000444-3,SKU00295,1,42.42,42.42,,0.0,42.42
O0000445,O0000445-1,SKU00306,2,36.9,73.8,,0.0,73.8
O0000445,O0000445-2,SKU00372,1,19.15,19.15,,0.0,19.15
O0000445,O0000445-3,SKU00173,1,61.04,61.04,,0.0,61.04
O0000446,O0000446-1,SKU00176,1,24.92,24.92,,0.0,24.92
O0000446,O0000446-2,SKU00258,1,50.85,50.85,,0.0,50.85
O0000447,O0000447-1,SKU00004,1,22.35,22.35,,0.0,22.35
O0000447,O0000447-2,SKU00103,1,32.28,32.28,,0.0,32.28
O0000448,O0000448-1,SKU00134,1,31.13,31.13,,0.0,31.13
O0000449,O0000449-1,SKU00140,1,56.17,56.17,,0.0,56.17
O0000449,O0000449-2,SKU00191,1,45.24,45.24,,0.0,45.24
O0000450,O0000450-1,SKU00206,1,31.05,31.05,,0.0,31.05
O0000450,O0000450-2,SKU00293,1,70.96,70.96,,0.0,70.96
O0000450,O0000450-3,SKU00162,1,65.18,65.18,,0.0,65.18
O0000451,O0000451-1,SKU00203,1,71.32,71.32,,0.0,71.32
O0000451,O0000451-2,SKU00184,2,34.06,68.12,,0.0,68.12
O0000452,O0000452-1,SKU00254,1,18.56,18.56,,0.0,18.56
O0000452,O0000452-2,SKU00393,1,14.38,14.38,,0.0,14.38
O0000452,O0000452-3,SKU00276,1,22.08,22.08,,0.0,22.08
O0000453,O0000453-1,SKU00037,1,30.33,30.33,,0.0,30.33
O0000453,O0000453-2,SKU00035,1,57.12,57.12,,0.0,57.12
O0000453,O0000453-3,SKU00298,1,21.47,21.47,,0.0,21.47
O0000454,O0000454-1,SKU00034,1,45.57,45.57,,0.0,45.57
O0000455,O0000455-1,SKU00283,1,85.39,85.39,,0.0,85.39
O0000455,O0000455-2,SKU00069,1,19.77,19.77,,0.0,19.77
O0000456,O0000456-1,SKU00355,1,41.61,41.61,,0.0,41.61
O0000457,O0000457-1,SKU00125,2,30.05,60.1,,0.0,60.1
O0000457,O0000457-2,SKU00021,1,49.41,49.41,,0.0,49.41
O0000458,O0000458-1,SKU00046,1,23.8,23.8,,0.0,23.8
O0000459,O0000459-1,SKU00019,1,23.04,23.04,,0.0,23.04
O0000459,O0000459-2,SKU00025,1,42.44,42.44,,0.0,42.44
O0000460,O0000460-1,SKU00122,1,22.77,22.77,,0.0,22.77
O0000461,O0000461-1,SKU00071,2,50.63,101.26,,0.0,101.26
O0000462,O0000462-1,SKU00082,1,35.63,35.63,,0.0,35.63
O0000462,O0000462-2,SKU00046,1,23.8,23.8,,0.0,23.8
O0000463,O0000463-1,SKU00171,1,60.15,60.15,,0.0,60.15
O0000463,O0000463-2,SKU00349,1,18.05,18.05,,0.0,18.05
O0000463,O0000463-3,SKU00086,1,72.82,72.82,,0.0,72.82
O0000463,O0000463-4,SKU00191,2,45.24,90.48,,0.0,90.48
O0000464,O0000464-1,SKU00104,1,73.97,73.97,,0.0,73.97
O0000465,O0000465-1,SKU00023,3,57.22,171.66,,0.0,171.66
O0000465,O0000465-2,SKU00233,1,21.18,21.18,,0.0,21.18
O0000466,O0000466-1,SKU00392,1,45.36,45.36,,0.0,45.36
O0000466,O0000466-2,SKU00202,1,80.2,80.2,,0.0,80.2
O0000467,O0000467-1,SKU00195,1,41.24,41.24,,0.0,41.24
O0000467,O0000467-2,SKU00307,1,36.83,36.83,,0.0,36.83
O0000467,O0000467-3,SKU00126,1,40.15,40.15,,0.0,40.15
O0000467,O0000467-4,SKU00384,1,16.39,16.39,,0.0,16.39
O0000468,O0000468-1,SKU00085,1,51.96,51.96,,0.0,51.96
O0000469,O0000469-1,SKU00114,1,29.46,29.46,,0.0,29.46
O0000469,O0000469-2,SKU00151,1,20.05,20.05,,0.0,20.05
O0000469,O0000469-3,SKU00400,1,33.96,33.96,,0.0,33.96
O0000470,O0000470-1,SKU00166,2,65.47,130.94,,0.0,130.94
O0000470,O0000470-2,SKU00397,1,66.5,66.5,,0.0,66.5
O0000471,O0000471-1,SKU00227,1,105.48,105.48,,0.0,105.48
O0000471,O0000471-2,SKU00203,2,71.32,142.64,,0.0,142.64
O0000471,O0000471-3,SKU00191,3,45.24,135.72,,0.0,135.72
O0000472,O0000472-1,SKU00099,1,22.33,22.33,,0.0,22.33
O0000473,O0000473-1,SKU00098,1,54.0,54.0,,0.0,54.0
O0000473,O0000473-2,SKU00268,1,43.83,43.83,,0.0,43.83
O0000474,O0000474-1,SKU00169,2,38.7,77.4,,0.0,77.4
O0000474,O0000474-2,SKU00175,1,44.19,44.19,,0.0,44.19
O0000475,O0000475-1,SKU00169,1,38.7,38.7,,0.0,38.7
O0000476,O0000476-1,SKU00237,1,54.4,54.4,,0.0,54.4
O0000477,O0000477-1,SKU00211,1,88.68,88.68,,0.0,88.68
O0000477,O0000477-2,SKU00205,1,35.8,35.8,,0.0,35.8
O0000477,O0000477-3,SKU00161,1,12.51,12.51,,0.0,12.51
O0000478,O0000478-1,SKU00188,1,58.74,58.74,,0.0,58.74
O0000478,O0000478-2,SKU00333,1,45.51,45.51,,0.0,45.51
O0000478,O0000478-3,SKU00046,1,23.8,23.8,,0.0,23.8
O0000479,O0000479-1,SKU00146,1,60.33,60.33,,0.0,60.33
O0000480,O0000480-1,SKU00263,1,21.58,21.58,,0.0,21.58
O0000481,O0000481-1,SKU00026,2,45.44,90.88,,0.0,90.88
O0000481,O0000481-2,SKU00058,1,55.01,55.01,,0.0,55.01
O0000482,O0000482-1,SKU00038,3,50.53,151.59,,0.0,151.59
O0000482,O0000482-2,SKU00114,3,29.46,88.38,,0.0,88.38
O0000483,O0000483-1,SKU00347,1,61.23,61.23,,0.0,61.23
O0000483,O0000483-2,SKU00310,1,44.67,44.67,,0.0,44.67
O0000483,O0000483-3,SKU00253,1,51.01,51.01,,0.0,51.01
O0000484,O0000484-1,SKU00324,1,70.29,70.29,,0.0,70.29
O0000484,O0000484-2,SKU00063,1,26.13,26.13,,0.0,26.13
O0000484,O0000484-3,SKU00139,2,52.17,104.34,,0.0,104.34
O0000485,O0000485-1,SKU00028,1,35.88,35.88,,0.0,35.88
O0000486,O0000486-1,SKU00173,1,61.04,61.04,,0.0,61.04
O0000486,O0000486-2,SKU00172,1,17.17,17.17,,0.0,17.17
O0000486,O0000486-3,SKU00341,3,47.08,141.24,,0.0,141.24
O0000486,O0000486-4,SKU00146,1,60.33,60.33,,0.0,60.33
O0000487,O0000487-1,SKU00004,1,22.35,22.35,,0.0,22.35
O0000487,O0000487-2,SKU00051,2,57.83,115.66,,0.0,115.66
O0000487,O0000487-3,SKU00249,1,31.28,31.28,,0.0,31.28
O0000487,O0000487-4,SKU00079,1,43.31,43.31,,0.0,43.31
O0000488,O0000488-1,SKU00228,1,106.95,106.95,,0.0,106.95
O0000488,O0000488-2,SKU00160,1,42.59,42.59,,0.0,42.59
O0000489,O0000489-1,SKU00219,1,65.58,65.58,,0.0,65.58
O0000489,O0000489-2,SKU00295,1,42.42,42.42,,0.0,42.42
O0000489,O0000489-3,SKU00030,1,17.63,17.63,,0.0,17.63
O0000490,O0000490-1,SKU00235,1,46.43,46.43,,0.0,46.43
O0000490,O0000490-2,SKU00262,3,10.7,32.1,,0.0,32.1
O0000491,O0000491-1,SKU00355,1,41.61,41.61,,0.0,41.61
O0000491,O0000491-2,SKU00004,1,22.35,22.35,,0.0,22.35
O0000492,O0000492-1,SKU00187,1,39.15,39.15,,0.0,39.15
O0000492,O0000492-2,SKU00396,2,15.54,31.08,,0.0,31.08
O0000492,O0000492-3,SKU00018,2,20.66,41.32,,0.0,41.32
O0000492,O0000492-4,SKU00053,1,49.62,49.62,,0.0,49.62
O0000493,O0000493-1,SKU00252,1,57.03,57.03,,0.0,57.03
O0000493,O0000493-2,SKU00316,1,21.03,21.03,,0.0,21.03
O0000493,O0000493-3,SKU00019,1,23.04,23.04,,0.0,23.04
O0000494,O0000494-1,SKU00295,1,42.42,42.42,,0.0,42.42
O0000494,O0000494-2,SKU00017,1,37.58,37.58,,0.0,37.58
O0000495,O0000495-1,SKU00138,1,17.97,17.97,,0.0,17.97
O0000496,O0000496-1,SKU00372,2,19.15,38.3,,0.0,38.3
O0000496,O0000496-2,SKU00168,1,26.49,26.49,,0.0,26.49
O0000497,O0000497-1,SKU00258,2,50.85,101.7,,0.0,101.7
O0000497,O0000497-2,SKU00260,1,38.96,38.96,,0.0,38.96
O0000498,O0000498-1,SKU00146,1,60.33,60.33,,0.0,60.33
O0000498,O0000498-2,SKU00012,1,9.88,9.88,,0.0,9.88
O0000499,O0000499-1,SKU00149,1,26.89,26.89,,0.0,26.89
O0000500,O0000500-1,SKU00083,1,54.82,54.82,,0.0,54.82
O0000500,O0000500-2,SKU00344,1,9.99,9.99,,0.0,9.99
O0000501,O0000501-1,SKU00175,1,44.19,44.19,,0.0,44.19
O0000501,O0000501-2,SKU00029,1,36.29,36.29,,0.0,36.29
O0000501,O0000501-3,SKU00009,1,52.68,52.68,,0.0,52.68
O0000502,O0000502-1,SKU00001,2,32.38,64.76,,0.0,64.76
O0000503,O0000503-1,SKU00144,1,27.92,27.92,,0.0,27.92
O0000504,O0000504-1,SKU00174,1,57.96,57.96,,0.0,57.96
O0000504,O0000504-2,SKU00232,1,34.95,34.95,,0.0,34.95
O0000505,O0000505-1,SKU00348,1,64.96,64.96,,0.0,64.96
O0000506,O0000506-1,SKU00125,2,30.05,60.1,,0.0,60.1
O0000506,O0000506-2,SKU00022,2,28.83,57.66,,0.0,57.66
O0000506,O0000506-3,SKU00336,1,54.95,54.95,,0.0,54.95
O0000507,O0000507-1,SKU00189,1,53.14,53.14,,0.0,53.14
O0000508,O0000508-1,SKU00192,1,37.74,37.74,,0.0,37.74
O0000509,O0000509-1,SKU00274,3,14.47,43.41,,0.0,43.41
O0000509,O0000509-2,SKU00323,1,39.02,39.02,,0.0,39.02
O0000509,O0000509-3,SKU00317,1,32.85,32.85,,0.0,32.85
O0000509,O0000509-4,SKU00389,1,51.94,51.94,,0.0,51.94
O0000510,O0000510-1,SKU00239,1,15.42,15.42,,0.0,15.42
O0000510,O0000510-2,SKU00264,1,27.04,27.04,,0.0,27.04
O0000510,O0000510-3,SKU00122,3,22.77,68.31,,0.0,68.31
O0000511,O0000511-1,SKU00025,1,42.44,42.44,,0.0,42.44
O0000511,O0000511-2,SKU00218,1,16.49,16.49,,0.0,16.49
O0000512,O0000512-1,SKU00258,2,50.85,101.7,,0.0,101.7
O0000512,O0000512-2,SKU00352,1,37.11,37.11,,0.0,37.11
O0000513,O0000513-1,SKU00049,3,49.27,147.81,,0.0,147.81
O0000513,O0000513-2,SKU00231,1,34.06,34.06,,0.0,34.06
O0000514,O0000514-1,SKU00342,1,38.94,38.94,,0.0,38.94
O0000515,O0000515-1,SKU00043,1,50.54,50.54,,0.0,50.54
O0000516,O0000516-1,SKU00261,1,86.51,86.51,,0.0,86.51
O0000516,O0000516-2,SKU00219,1,65.58,65.58,,0.0,65.58
O0000517,O0000517-1,SKU00254,1,18.56,18.56,,0.0,18.56
O0000517,O0000517-2,SKU00178,1,55.23,55.23,,0.0,55.23
O0000518,O0000518-1,SKU00166,1,65.47,65.47,,0.0,65.47
O0000519,O0000519-1,SKU00140,1,56.17,56.17,,0.0,56.17
O0000520,O0000520-1,SKU00109,1,88.61,88.61,,0.0,88.61
O0000520,O0000520-2,SKU00086,1,72.82,72.82,,0.0,72.82
O0000521,O0000521-1,SKU00017,1,37.58,37.58,,0.0,37.58
O0000522,O0000522-1,SKU00215,1,33.08,33.08,,0.0,33.08
O0000522,O0000522-2,SKU00361,1,44.18,44.18,,0.0,44.18
O0000522,O0000522-3,SKU00153,1,61.1,61.1,,0.0,61.1
O0000523,O0000523-1,SKU00209,1,102.17,102.17,,0.0,102.17
O0000523,O0000523-2,SKU00063,2,26.13,52.26,,0.0,52.26
O0000523,O0000523-3,SKU00015,1,66.48,66.48,,0.0,66.48
O0000524,O0000524-1,SKU00340,1,30.34,30.34,,0.0,30.34
O0000524,O0000524-2,SKU00057,1,34.63,34.63,,0.0,34.63
O0000524,O0000524-3,SKU00154,1,62.36,62.36,,0.0,62.36
O0000524,O0000524-4,SKU00293,1,70.96,70.96,,0.0,70.96
O0000525,O0000525-1,SKU00041,1,31.32,31.32,,0.0,31.32
O0000525,O0000525-2,SKU00199,2,60.64,121.28,,0.0,121.28
O0000525,O0000525-3,SKU00235,1,46.43,46.43,,0.0,46.43
O0000525,O0000525-4,SKU00043,1,50.54,50.54,,0.0,50.54
O0000526,O0000526-1,SKU00286,1,54.7,54.7,,0.0,54.7
O0000526,O0000526-2,SKU00400,3,33.96,101.88,,0.0,101.88
O0000526,O0000526-3,SKU00037,1,30.33,30.33,,0.0,30.33
O0000527,O0000527-1,SKU00341,1,47.08,47.08,,0.0,47.08
O0000527,O0000527-2,SKU00192,1,37.74,37.74,,0.0,37.74
O0000527,O0000527-3,SKU00108,1,19.31,19.31,,0.0,19.31
O0000528,O0000528-1,SKU00095,1,53.11,53.11,,0.0,53.11
O0000528,O0000528-2,SKU00391,1,57.23,57.23,,0.0,57.23
O0000529,O0000529-1,SKU00104,1,73.97,73.97,,0.0,73.97
O0000529,O0000529-2,SKU00316,1,21.03,21.03,,0.0,21.03
O0000530,O0000530-1,SKU00290,1,42.67,42.67,,0.0,42.67
O0000531,O0000531-1,SKU00339,1,36.52,36.52,,0.0,36.52
O0000531,O0000531-2,SKU00293,2,70.96,141.92,,0.0,141.92
O0000532,O0000532-1,SKU00346,2,102.61,205.22,,0.0,205.22
O0000532,O0000532-2,SKU00362,1,26.77,26.77,,0.0,26.77
O0000533,O0000533-1,SKU00397,1,66.5,66.5,,0.0,66.5
O0000533,O0000533-2,SKU00141,1,78.13,78.13,,0.0,78.13
O0000533,O0000533-3,SKU00227,2,105.48,210.96,,0.0,210.96
O0000534,O0000534-1,SKU00386,1,42.93,42.93,,0.0,42.93
O0000534,O0000534-2,SKU00149,1,26.89,26.89,,0.0,26.89
O0000534,O0000534-3,SKU00303,1,66.84,66.84,,0.0,66.84
O0000535,O0000535-1,SKU00282,1,46.15,46.15,,0.0,46.15
O0000535,O0000535-2,SKU00107,2,64.03,128.06,,0.0,128.06
O0000536,O0000536-1,SKU00224,1,53.56,53.56,,0.0,53.56
O0000536,O0000536-2,SKU00095,1,53.11,53.11,,0.0,53.11
O0000536,O0000536-3,SKU00295,1,42.42,42.42,,0.0,42.42
O0000537,O0000537-1,SKU00061,1,23.77,23.77,,0.0,23.77
O0000537,O0000537-2,SKU00191,1,45.24,45.24,,0.0,45.24
O0000538,O0000538-1,SKU00141,1,78.13,78.13,,0.0,78.13
O0000539,O0000539-1,SKU00157,1,70.71,70.71,,0.0,70.71
O0000540,O0000540-1,SKU00362,3,26.77,80.31,,0.0,80.31
O0000541,O0000541-1,SKU00081,1,30.86,30.86,,0.0,30.86
O0000541,O0000541-2,SKU00310,1,44.67,44.67,,0.0,44.67
O0000541,O0000541-3,SKU00195,1,41.24,41.24,,0.0,41.24
O0000541,O0000541-4,SKU00250,1,32.56,32.56,,0.0,32.56
O0000542,O0000542-1,SKU00314,1,39.09,39.09,,0.0,39.09
O0000543,O0000543-1,SKU00260,1,38.96,38.96,,0.0,38.96
O0000544,O0000544-1,SKU00042,1,72.45,72.45,,0.0,72.45
O0000544,O0000544-2,SKU00234,1,20.16,20.16,,0.0,20.16
O0000545,O0000545-1,SKU00365,1,26.67,26.67,,0.0,26.67
O0000546,O0000546-1,SKU00025,1,42.44,42.44,,0.0,42.44
O0000546,O0000546-2,SKU00030,1,17.63,17.63,,0.0,17.63
O0000546,O0000546-3,SKU00108,1,19.31,19.31,,0.0,19.31
O0000547,O0000547-1,SKU00237,1,54.4,54.4,,0.0,54.4
O0000547,O0000547-2,SKU00074,2,76.62,153.24,,0.0,153.24
O0000547,O0000547-3,SKU00070,1,44.51,44.51,,0.0,44.51
O0000548,O0000548-1,SKU00382,1,19.75,19.75,,0.0,19.75
O0000548,O0000548-2,SKU00015,1,66.48,66.48,,0.0,66.48
O0000549,O0000549-1,SKU00121,1,58.38,58.38,,0.0,58.38
O0000549,O0000549-2,SKU00329,1,37.64,37.64,,0.0,37.64
O0000550,O0000550-1,SKU00087,1,22.83,22.83,,0.0,22.83
O0000551,O0000551-1,SKU00035,1,57.12,57.12,,0.0,57.12
O0000551,O0000551-2,SKU00120,1,19.69,19.69,,0.0,19.69
O0000552,O0000552-1,SKU00362,1,26.77,26.77,,0.0,26.77
O0000553,O0000553-1,SKU00101,1,33.02,33.02,,0.0,33.02
O0000553,O0000553-2,SKU00165,1,18.9,18.9,,0.0,18.9
O0000553,O0000553-3,SKU00189,2,53.14,106.28,,0.0,106.28
O0000553,O0000553-4,SKU00229,1,74.74,74.74,,0.0,74.74
O0000554,O0000554-1,SKU00327,1,44.41,44.41,,0.0,44.41
O0000554,O0000554-2,SKU00333,1,45.51,45.51,,0.0,45.51
O0000555,O0000555-1,SKU00320,3,20.06,60.18,,0.0,60.18
O0000555,O0000555-2,SKU00081,2,30.86,61.72,,0.0,61.72
O0000556,O0000556-1,SKU00066,1,52.48,52.48,,0.0,52.48
O0000556,O0000556-2,SKU00044,1,26.97,26.97,,0.0,26.97
O0000556,O0000556-3,SKU00021,1,49.41,49.41,,0.0,49.41
O0000556,O0000556-4,SKU00287,1,61.4,61.4,,0.0,61.4
O0000557,O0000557-1,SKU00217,1,31.07,31.07,,0.0,31.07
O0000557,O0000557-2,SKU00109,1,88.61,88.61,,0.0,88.61
O0000558,O0000558-1,SKU00027,1,11.75,11.75,,0.0,11.75
O0000558,O0000558-2,SKU00215,1,33.08,33.08,,0.0,33.08
O0000558,O0000558-3,SKU00286,1,54.7,54.7,,0.0,54.7
O0000559,O0000559-1,SKU00264,1,27.04,27.04,,0.0,27.04
O0000559,O0000559-2,SKU00017,1,37.58,37.58,,0.0,37.58
O0000560,O0000560-1,SKU00124,2,29.76,59.52,,0.0,59.52
O0000560,O0000560-2,SKU00350,1,53.2,53.2,,0.0,53.2
O0000560,O0000560-3,SKU00055,1,66.78,66.78,,0.0,66.78
O0000560,O0000560-4,SKU00269,1,28.75,28.75,,0.0,28.75
O0000561,O0000561-1,SKU00275,1,50.32,50.32,,0.0,50.32
O0000561,O0000561-2,SKU00124,1,29.76,29.76,,0.0,29.76
O0000562,O0000562-1,SKU00073,1,61.83,61.83,,0.0,61.83
O0000562,O0000562-2,SKU00085,1,51.96,51.96,,0.0,51.96
O0000562,O0000562-3,SKU00389,1,51.94,51.94,,0.0,51.94
O0000562,O0000562-4,SKU00274,2,14.47,28.94,,0.0,28.94
O0000563,O0000563-1,SKU00031,1,49.75,49.75,,0.0,49.75
O0000563,O0000563-2,SKU00279,1,31.74,31.74,,0.0,31.74
O0000564,O0000564-1,SKU00259,1,40.89,40.89,,0.0,40.89
O0000565,O0000565-1,SKU00119,2,37.15,74.3,,0.0,74.3
O0000565,O0000565-2,SKU00243,2,34.82,69.64,,0.0,69.64
O0000566,O0000566-1,SKU00241,1,46.38,46.38,,0.0,46.38
O0000566,O0000566-2,SKU00076,1,31.8,31.8,P0024,9.54,22.26
O0000567,O0000567-1,SKU00141,1,78.13,78.13,,0.0,78.13
O0000568,O0000568-1,SKU00362,1,26.77,26.77,,0.0,26.77
O0000568,O0000568-2,SKU00211,1,88.68,88.68,,0.0,88.68
O0000569,O0000569-1,SKU00166,1,65.47,65.47,,0.0,65.47
O0000570,O0000570-1,SKU00004,3,22.35,67.05,,0.0,67.05
O0000570,O0000570-2,SKU00097,1,30.01,30.01,,0.0,30.01
O0000571,O0000571-1,SKU00198,1,39.26,39.26,,0.0,39.26
O0000571,O0000571-2,SKU00287,1,61.4,61.4,,0.0,61.4
O0000571,O0000571-3,SKU00108,1,19.31,19.31,,0.0,19.31
O0000572,O0000572-1,SKU00199,1,60.64,60.64,,0.0,60.64
O0000573,O0000573-1,SKU00040,2,46.34,92.68,,0.0,92.68
O0000574,O0000574-1,SKU00243,1,34.82,34.82,,0.0,34.82
O0000574,O0000574-2,SKU00006,1,31.28,31.28,,0.0,31.28
O0000575,O0000575-1,SKU00173,1,61.04,61.04,,0.0,61.04
O0000575,O0000575-2,SKU00022,1,28.83,28.83,,0.0,28.83
O0000575,O0000575-3,SKU00339,1,36.52,36.52,,0.0,36.52
O0000576,O0000576-1,SKU00181,1,47.26,47.26,,0.0,47.26
O0000577,O0000577-1,SKU00161,1,12.51,12.51,,0.0,12.51
O0000577,O0000577-2,SKU00038,1,50.53,50.53,,0.0,50.53
O0000577,O0000577-3,SKU00258,1,50.85,50.85,,0.0,50.85
O0000578,O0000578-1,SKU00161,1,12.51,12.51,,0.0,12.51
O0000578,O0000578-2,SKU00269,1,28.75,28.75,,0.0,28.75
O0000579,O0000579-1,SKU00151,1,20.05,20.05,,0.0,20.05
O0000580,O0000580-1,SKU00013,1,31.04,31.04,,0.0,31.04
O0000580,O0000580-2,SKU00344,2,9.99,19.98,,0.0,19.98
O0000581,O0000581-1,SKU00136,1,52.74,52.74,,0.0,52.74
O0000581,O0000581-2,SKU00208,2,15.73,31.46,,0.0,31.46
O0000582,O0000582-1,SKU00215,3,33.08,99.24,,0.0,99.24
O0000583,O0000583-1,SKU00267,1,82.59,82.59,,0.0,82.59
O0000583,O0000583-2,SKU00076,2,31.8,63.6,,0.0,63.6
O0000584,O0000584-1,SKU00085,1,51.96,51.96,,0.0,51.96
O0000585,O0000585-1,SKU00303,1,66.84,66.84,,0.0,66.84
O0000586,O0000586-1,SKU00180,2,37.89,75.78,,0.0,75.78
O0000587,O0000587-1,SKU00395,1,26.26,26.26,,0.0,26.26
O0000587,O0000587-2,SKU00343,1,45.56,45.56,,0.0,45.56
O0000587,O0000587-3,SKU00188,1,58.74,58.74,,0.0,58.74
O0000588,O0000588-1,SKU00155,1,44.19,44.19,,0.0,44.19
O0000588,O0000588-2,SKU00132,1,44.43,44.43,,0.0,44.43
O0000588,O0000588-3,SKU00049,1,49.27,49.27,,0.0,49.27
O0000589,O0000589-1,SKU00302,1,26.48,26.48,,0.0,26.48
O0000590,O0000590-1,SKU00225,1,25.36,25.36,,0.0,25.36
O0000590,O0000590-2,SKU00114,1,29.46,29.46,,0.0,29.46
O0000590,O0000590-3,SKU00189,1,53.14,53.14,,0.0,53.14
O0000590,O0000590-4,SKU00025,1,42.44,42.44,,0.0,42.44
O0000591,O0000591-1,SKU00294,1,47.23,47.23,,0.0,47.23
O0000591,O0000591-2,SKU00166,2,65.47,130.94,,0.0,130.94
O0000592,O0000592-1,SKU00053,1,49.62,49.62,,0.0,49.62
O0000592,O0000592-2,SKU00300,1,29.05,29.05,,0.0,29.05
O0000593,O0000593-1,SKU00245,1,49.62,49.62,,0.0,49.62
O0000593,O0000593-2,SKU00311,1,60.22,60.22,,0.0,60.22
O0000594,O0000594-1,SKU00396,1,15.54,15.54,,0.0,15.54
O0000594,O0000594-2,SKU00358,1,36.52,36.52,,0.0,36.52
O0000595,O0000595-1,SKU00131,1,34.39,34.39,,0.0,34.39
O0000595,O0000595-2,SKU00258,1,50.85,50.85,,0.0,50.85
O0000595,O0000595-3,SKU00381,1,81.55,81.55,,0.0,81.55
O0000596,O0000596-1,SKU00060,2,76.86,153.72,,0.0,153.72
O0000597,O0000597-1,SKU00173,1,61.04,61.04,,0.0,61.04
O0000597,O0000597-2,SKU00266,1,28.62,28.62,,0.0,28.62
O0000598,O0000598-1,SKU00229,1,74.74,74.74,,0.0,74.74
O0000598,O0000598-2,SKU00193,1,64.21,64.21,,0.0,64.21
O0000598,O0000598-3,SKU00322,1,22.71,22.71,,0.0,22.71
O0000598,O0000598-4,SKU00105,1,52.33,52.33,,0.0,52.33
O0000599,O0000599-1,SKU00313,1,49.13,49.13,,0.0,49.13
O0000600,O0000600-1,SKU00265,1,26.72,26.72,,0.0,26.72
O0000600,O0000600-2,SKU00079,2,43.31,86.62,,0.0,86.62
O0000601,O0000601-1,SKU00287,1,61.4,61.4,,0.0,61.4
O0000602,O0000602-1,SKU00061,1,23.77,23.77,,0.0,23.77
O0000602,O0000602-2,SKU00302,1,26.48,26.48,,0.0,26.48
O0000603,O0000603-1,SKU00275,1,50.32,50.32,,0.0,50.32
O0000603,O0000603-2,SKU00178,1,55.23,55.23,P0013,15.0,40.23
O0000604,O0000604-1,SKU00372,1,19.15,19.15,,0.0,19.15
O0000604,O0000604-2,SKU00013,2,31.04,62.08,,0.0,62.08
O0000604,O0000604-3,SKU00339,1,36.52,36.52,,0.0,36.52
O0000605,O0000605-1,SKU00076,1,31.8,31.8,,0.0,31.8
O0000606,O0000606-1,SKU00208,2,15.73,31.46,,0.0,31.46
O0000606,O0000606-2,SKU00376,1,37.84,37.84,,0.0,37.84
O0000606,O0000606-3,SKU00180,1,37.89,37.89,,0.0,37.89
O0000607,O0000607-1,SKU00046,1,23.8,23.8,,0.0,23.8
O0000608,O0000608-1,SKU00220,1,42.7,42.7,,0.0,42.7
O0000609,O0000609-1,SKU00267,1,82.59,82.59,,0.0,82.59
O0000609,O0000609-2,SKU00223,1,22.77,22.77,,0.0,22.77
O0000609,O0000609-3,SKU00219,1,65.58,65.58,,0.0,65.58
O0000609,O0000609-4,SKU00308,2,57.22,114.44,,0.0,114.44
O0000610,O0000610-1,SKU00109,1,88.61,88.61,,0.0,88.61
O0000610,O0000610-2,SKU00250,1,32.56,32.56,,0.0,32.56
O0000610,O0000610-3,SKU00113,1,49.01,49.01,,0.0,49.01
O0000611,O0000611-1,SKU00129,1,38.65,38.65,,0.0,38.65
O0000611,O0000611-2,SKU00287,1,61.4,61.4,,0.0,61.4
O0000612,O0000612-1,SKU00232,1,34.95,34.95,,0.0,34.95
O0000613,O0000613-1,SKU00291,1,33.52,33.52,,0.0,33.52
O0000613,O0000613-2,SKU00040,1,46.34,46.34,,0.0,46.34
O0000613,O0000613-3,SKU00239,1,15.42,15.42,,0.0,15.42
O0000613,O0000613-4,SKU00248,1,48.06,48.06,,0.0,48.06
O0000614,O0000614-1,SKU00041,1,31.32,31.32,,0.0,31.32
O0000615,O0000615-1,SKU00100,1,17.02,17.02,,0.0,17.02
O0000615,O0000615-2,SKU00024,1,39.92,39.92,,0.0,39.92
O0000615,O0000615-3,SKU00347,3,61.23,183.69,,0.0,183.69
O0000615,O0000615-4,SKU00287,1,61.4,61.4,,0.0,61.4
O0000616,O0000616-1,SKU00179,1,14.26,14.26,,0.0,14.26
O0000616,O0000616-2,SKU00262,1,10.7,10.7,,0.0,10.7
O0000617,O0000617-1,SKU00203,1,71.32,71.32,,0.0,71.32
O0000618,O0000618-1,SKU00361,1,44.18,44.18,,0.0,44.18
O0000618,O0000618-2,SKU00127,1,44.81,44.81,,0.0,44.81
O0000619,O0000619-1,SKU00127,1,44.81,44.81,,0.0,44.81
O0000619,O0000619-2,SKU00158,1,19.54,19.54,,0.0,19.54
O0000619,O0000619-3,SKU00045,2,35.31,70.62,,0.0,70.62
O0000620,O0000620-1,SKU00130,1,66.52,66.52,,0.0,66.52
O0000621,O0000621-1,SKU00145,1,34.93,34.93,,0.0,34.93
O0000622,O0000622-1,SKU00038,1,50.53,50.53,,0.0,50.53
O0000623,O0000623-1,SKU00035,2,57.12,114.24,,0.0,114.24
O0000623,O0000623-2,SKU00259,1,40.89,40.89,,0.0,40.89
O0000624,O0000624-1,SKU00343,1,45.56,45.56,,0.0,45.56
O0000624,O0000624-2,SKU00088,2,49.61,99.22,,0.0,99.22
O0000624,O0000624-3,SKU00238,1,69.04,69.04,,0.0,69.04
O0000625,O0000625-1,SKU00057,1,34.63,34.63,,0.0,34.63
O0000625,O0000625-2,SKU00161,2,12.51,25.02,,0.0,25.02
O0000626,O0000626-1,SKU00377,1,39.6,39.6,P0024,11.88,27.72
O0000627,O0000627-1,SKU00163,1,29.45,29.45,,0.0,29.45
O0000628,O0000628-1,SKU00103,1,32.28,32.28,,0.0,32.28
O0000629,O0000629-1,SKU00013,1,31.04,31.04,,0.0,31.04
O0000630,O0000630-1,SKU00237,1,54.4,54.4,,0.0,54.4
O0000631,O0000631-1,SKU00123,2,28.95,57.9,,0.0,57.9
O0000631,O0000631-2,SKU00339,2,36.52,73.04,P0013,15.0,58.04
O0000631,O0000631-3,SKU00372,1,19.15,19.15,,0.0,19.15
O0000632,O0000632-1,SKU00117,1,30.62,30.62,,0.0,30.62
O0000632,O0000632-2,SKU00249,1,31.28,31.28,,0.0,31.28
O0000632,O0000632-3,SKU00193,1,64.21,64.21,,0.0,64.21
O0000633,O0000633-1,SKU00161,1,12.51,12.51,,0.0,12.51
O0000633,O0000633-2,SKU00260,1,38.96,38.96,,0.0,38.96
O0000633,O0000633-3,SKU00177,1,41.83,41.83,,0.0,41.83
O0000634,O0000634-1,SKU00293,1,70.96,70.96,,0.0,70.96
O0000634,O0000634-2,SKU00144,1,27.92,27.92,,0.0,27.92
O0000635,O0000635-1,SKU00250,1,32.56,32.56,,0.0,32.56
O0000635,O0000635-2,SKU00313,1,49.13,49.13,,0.0,49.13
O0000636,O0000636-1,SKU00287,1,61.4,61.4,,0.0,61.4
O0000637,O0000637-1,SKU00011,2,31.25,62.5,,0.0,62.5
O0000638,O0000638-1,SKU00233,1,21.18,21.18,,0.0,21.18
O0000639,O0000639-1,SKU00135,1,42.96,42.96,,0.0,42.96
O0000639,O0000639-2,SKU00194,1,40.96,40.96,,0.0,40.96
O0000640,O0000640-1,SKU00028,1,35.88,35.88,,0.0,35.88
O0000640,O0000640-2,SKU00024,1,39.92,39.92,,0.0,39.92
O0000641,O0000641-1,SKU00008,1,26.23,26.23,,0.0,26.23
O0000641,O0000641-2,SKU00355,1,41.61,41.61,,0.0,41.61
O0000641,O0000641-3,SKU00080,1,45.12,45.12,,0.0,45.12
O0000641,O0000641-4,SKU00006,1,31.28,31.28,,0.0,31.28
O0000642,O0000642-1,SKU00049,1,49.27,49.27,,0.0,49.27
O0000643,O0000643-1,SKU00046,1,23.8,23.8,,0.0,23.8
O0000644,O0000644-1,SKU00347,2,61.23,122.46,,0.0,122.46
O0000644,O0000644-2,SKU00003,1,28.95,28.95,,0.0,28.95
O0000645,O0000645-1,SKU00031,3,49.75,149.25,,0.0,149.25
O0000646,O0000646-1,SKU00144,1,27.92,27.92,P0024,8.38,19.54
O0000646,O0000646-2,SKU00038,1,50.53,50.53,,0.0,50.53
O0000646,O0000646-3,SKU00119,2,37.15,74.3,,0.0,74.3
O0000647,O0000647-1,SKU00113,1,49.01,49.01,,0.0,49.01
O0000647,O0000647-2,SKU00031,1,49.75,49.75,P0013,15.0,34.75
O0000648,O0000648-1,SKU00245,1,49.62,49.62,,0.0,49.62
O0000648,O0000648-2,SKU00239,3,15.42,46.26,,0.0,46.26
O0000649,O0000649-1,SKU00131,1,34.39,34.39,,0.0,34.39
O0000650,O0000650-1,SKU00289,2,47.79,95.58,,0.0,95.58
O0000650,O0000650-2,SKU00024,1,39.92,39.92,,0.0,39.92
O0000650,O0000650-3,SKU00083,3,54.82,164.46,,0.0,164.46
O0000650,O0000650-4,SKU00249,1,31.28,31.28,,0.0,31.28
O0000651,O0000651-1,SKU00292,1,51.63,51.63,,0.0,51.63
O0000651,O0000651-2,SKU00009,1,52.68,52.68,,0.0,52.68
O0000652,O0000652-1,SKU00303,1,66.84,66.84,,0.0,66.84
O0000652,O0000652-2,SKU00124,1,29.76,29.76,,0.0,29.76
O0000653,O0000653-1,SKU00295,1,42.42,42.42,,0.0,42.42
O0000653,O0000653-2,SKU00015,1,66.48,66.48,,0.0,66.48
O0000653,O0000653-3,SKU00006,1,31.28,31.28,,0.0,31.28
O0000654,O0000654-1,SKU00248,2,48.06,96.12,,0.0,96.12
O0000655,O0000655-1,SKU00024,1,39.92,39.92,,0.0,39.92
O0000656,O0000656-1,SKU00204,1,59.25,59.25,,0.0,59.25
O0000656,O0000656-2,SKU00188,1,58.74,58.74,,0.0,58.74
O0000656,O0000656-3,SKU00149,1,26.89,26.89,,0.0,26.89
O0000657,O0000657-1,SKU00278,1,54.54,54.54,,0.0,54.54
O0000657,O0000657-2,SKU00330,1,61.47,61.47,,0.0,61.47
O0000658,O0000658-1,SKU00033,3,24.44,73.32,P0024,22.0,51.32
O0000658,O0000658-2,SKU00141,1,78.13,78.13,,0.0,78.13
O0000658,O0000658-3,SKU00069,1,19.77,19.77,,0.0,19.77
O0000659,O0000659-1,SKU00229,1,74.74,74.74,,0.0,74.74
O0000659,O0000659-2,SKU00026,1,45.44,45.44,,0.0,45.44
O0000660,O0000660-1,SKU00087,1,22.83,22.83,,0.0,22.83
O0000660,O0000660-2,SKU00174,1,57.96,57.96,,0.0,57.96
O0000660,O0000660-3,SKU00142,1,61.52,61.52,,0.0,61.52
O0000661,O0000661-1,SKU00157,1,70.71,70.71,,0.0,70.71
O0000661,O0000661-2,SKU00265,1,26.72,26.72,,0.0,26.72
O0000661,O0000661-3,SKU00316,1,21.03,21.03,,0.0,21.03
O0000662,O0000662-1,SKU00009,1,52.68,52.68,,0.0,52.68
O0000662,O0000662-2,SKU00113,3,49.01,147.03,,0.0,147.03
O0000662,O0000662-3,SKU00304,1,28.55,28.55,,0.0,28.55
O0000663,O0000663-1,SKU00379,2,36.36,72.72,,0.0,72.72
O0000664,O0000664-1,SKU00119,1,37.15,37.15,,0.0,37.15
O0000664,O0000664-2,SKU00026,1,45.44,45.44,,0.0,45.44
O0000664,O0000664-3,SKU00159,3,47.62,142.86,,0.0,142.86
O0000665,O0000665-1,SKU00213,1,45.05,45.05,,0.0,45.05
O0000666,O0000666-1,SKU00170,1,29.26,29.26,,0.0,29.26
O0000666,O0000666-2,SKU00259,1,40.89,40.89,,0.0,40.89
O0000666,O0000666-3,SKU00265,1,26.72,26.72,,0.0,26.72
O0000666,O0000666-4,SKU00371,3,48.42,145.26,,0.0,145.26
O0000667,O0000667-1,SKU00098,1,54.0,54.0,,0.0,54.0
O0000667,O0000667-2,SKU00295,1,42.42,42.42,,0.0,42.42
O0000668,O0000668-1,SKU00209,1,102.17,102.17,,0.0,102.17
O0000668,O0000668-2,SKU00194,1,40.96,40.96,,0.0,40.96
O0000668,O0000668-3,SKU00130,1,66.52,66.52,,0.0,66.52
O0000668,O0000668-4,SKU00161,1,12.51,12.51,,0.0,12.51
O0000669,O0000669-1,SKU00389,1,51.94,51.94,,0.0,51.94
O0000669,O0000669-2,SKU00279,2,31.74,63.48,,0.0,63.48
O0000670,O0000670-1,SKU00316,1,21.03,21.03,,0.0,21.03
O0000670,O0000670-2,SKU00367,2,50.59,101.18,,0.0,101.18
O0000670,O0000670-3,SKU00259,1,40.89,40.89,,0.0,40.89
O0000671,O0000671-1,SKU00137,1,60.17,60.17,,0.0,60.17
O0000672,O0000672-1,SKU00148,1,39.39,39.39,,0.0,39.39
O0000672,O0000672-2,SKU00381,2,81.55,163.1,,0.0,163.1
O0000672,O0000672-3,SKU00323,3,39.02,117.06,,0.0,117.06
O0000673,O0000673-1,SKU00200,1,61.25,61.25,,0.0,61.25
O0000673,O0000673-2,SKU00311,1,60.22,60.22,,0.0,60.22
O0000674,O0000674-1,SKU00389,1,51.94,51.94,,0.0,51.94
O0000674,O0000674-2,SKU00001,1,32.38,32.38,,0.0,32.38
O0000674,O0000674-3,SKU00241,1,46.38,46.38,,0.0,46.38
O0000675,O0000675-1,SKU00297,2,39.78,79.56,,0.0,79.56
O0000675,O0000675-2,SKU00168,1,26.49,26.49,,0.0,26.49
O0000676,O0000676-1,SKU00180,1,37.89,37.89,,0.0,37.89
O0000676,O0000676-2,SKU00260,1,38.96,38.96,,0.0,38.96
O0000677,O0000677-1,SKU00388,1,37.93,37.93,,0.0,37.93
O0000677,O0000677-2,SKU00162,1,65.18,65.18,,0.0,65.18
O0000677,O0000677-3,SKU00211,1,88.68,88.68,,0.0,88.68
O0000677,O0000677-4,SKU00364,2,45.23,90.46,,0.0,90.46
O0000678,O0000678-1,SKU00100,1,17.02,17.02,,0.0,17.02
O0000679,O0000679-1,SKU00174,1,57.96,57.96,,0.0,57.96
O0000680,O0000680-1,SKU00040,1,46.34,46.34,,0.0,46.34
O0000681,O0000681-1,SKU00333,1,45.51,45.51,,0.0,45.51
O0000682,O0000682-1,SKU00044,1,26.97,26.97,,0.0,26.97
O0000683,O0000683-1,SKU00136,2,52.74,105.48,,0.0,105.48
O0000683,O0000683-2,SKU00192,3,37.74,113.22,,0.0,113.22
O0000684,O0000684-1,SKU00275,1,50.32,50.32,,0.0,50.32
O0000684,O0000684-2,SKU00155,1,44.19,44.19,,0.0,44.19
O0000685,O0000685-1,SKU00089,1,49.77,49.77,,0.0,49.77
O0000685,O0000685-2,SKU00391,2,57.23,114.46,,0.0,114.46
O0000686,O0000686-1,SKU00194,1,40.96,40.96,,0.0,40.96
O0000686,O0000686-2,SKU00013,1,31.04,31.04,,0.0,31.04
O0000687,O0000687-1,SKU00103,3,32.28,96.84,,0.0,96.84
O0000687,O0000687-2,SKU00172,1,17.17,17.17,,0.0,17.17
O0000688,O0000688-1,SKU00255,1,82.33,82.33,,0.0,82.33
O0000688,O0000688-2,SKU00173,1,61.04,61.04,,0.0,61.04
O0000689,O0000689-1,SKU00237,1,54.4,54.4,,0.0,54.4
O0000689,O0000689-2,SKU00342,1,38.94,38.94,,0.0,38.94
O0000689,O0000689-3,SKU00191,1,45.24,45.24,,0.0,45.24
O0000690,O0000690-1,SKU00358,2,36.52,73.04,,0.0,73.04
O0000691,O0000691-1,SKU00333,1,45.51,45.51,,0.0,45.51
O0000692,O0000692-1,SKU00075,1,53.82,53.82,,0.0,53.82
O0000692,O0000692-2,SKU00025,1,42.44,42.44,,0.0,42.44
O0000692,O0000692-3,SKU00211,1,88.68,88.68,,0.0,88.68
O0000693,O0000693-1,SKU00318,1,30.41,30.41,,0.0,30.41
O0000694,O0000694-1,SKU00329,3,37.64,112.92,,0.0,112.92
O0000694,O0000694-2,SKU00290,1,42.67,42.67,,0.0,42.67
O0000694,O0000694-3,SKU00215,1,33.08,33.08,,0.0,33.08
O0000695,O0000695-1,SKU00176,1,24.92,24.92,,0.0,24.92
O0000696,O0000696-1,SKU00324,1,70.29,70.29,,0.0,70.29
O0000697,O0000697-1,SKU00252,1,57.03,57.03,,0.0,57.03
O0000697,O0000697-2,SKU00315,1,65.19,65.19,,0.0,65.19
O0000698,O0000698-1,SKU00387,1,38.08,38.08,,0.0,38.08
O0000698,O0000698-2,SKU00041,1,31.32,31.32,,0.0,31.32
O0000699,O0000699-1,SKU00264,1,27.04,27.04,,0.0,27.04
O0000700,O0000700-1,SKU00106,1,24.61,24.61,,0.0,24.61
O0000700,O0000700-2,SKU00060,2,76.86,153.72,,0.0,153.72
O0000701,O0000701-1,SKU00019,1,23.04,23.04,,0.0,23.04
O0000702,O0000702-1,SKU00080,3,45.12,135.36,,0.0,135.36
O0000702,O0000702-2,SKU00200,3,61.25,183.75,,0.0,183.75
O0000702,O0000702-3,SKU00017,1,37.58,37.58,,0.0,37.58
O0000703,O0000703-1,SKU00057,1,34.63,34.63,,0.0,34.63
O0000703,O0000703-2,SKU00114,1,29.46,29.46,,0.0,29.46
O0000704,O0000704-1,SKU00279,1,31.74,31.74,,0.0,31.74
O0000704,O0000704-2,SKU00173,1,61.04,61.04,,0.0,61.04
O0000705,O0000705-1,SKU00090,1,36.81,36.81,,0.0,36.81
O0000705,O0000705-2,SKU00076,1,31.8,31.8,,0.0,31.8
O0000705,O0000705-3,SKU00329,1,37.64,37.64,P0022,7.53,30.11
O0000705,O0000705-4,SKU00213,1,45.05,45.05,P0024,13.51,31.54
O0000706,O0000706-1,SKU00134,1,31.13,31.13,,0.0,31.13
O0000707,O0000707-1,SKU00160,2,42.59,85.18,,0.0,85.18
O0000707,O0000707-2,SKU00170,1,29.26,29.26,,0.0,29.26
O0000707,O0000707-3,SKU00241,2,46.38,92.76,,0.0,92.76
O0000708,O0000708-1,SKU00050,1,25.95,25.95,,0.0,25.95
O0000708,O0000708-2,SKU00044,1,26.97,26.97,,0.0,26.97
O0000709,O0000709-1,SKU00002,1,57.3,57.3,,0.0,57.3
O0000710,O0000710-1,SKU00030,2,17.63,35.26,,0.0,35.26
O0000711,O0000711-1,SKU00131,2,34.39,68.78,,0.0,68.78
O0000711,O0000711-2,SKU00213,1,45.05,45.05,,0.0,45.05
O0000712,O0000712-1,SKU00189,1,53.14,53.14,,0.0,53.14
O0000712,O0000712-2,SKU00098,1,54.0,54.0,,0.0,54.0
O0000713,O0000713-1,SKU00217,1,31.07,31.07,,0.0,31.07
O0000714,O0000714-1,SKU00399,1,38.17,38.17,,0.0,38.17
O0000714,O0000714-2,SKU00151,1,20.05,20.05,,0.0,20.05
O0000715,O0000715-1,SKU00190,2,45.12,90.24,P0013,15.0,75.24
O0000716,O0000716-1,SKU00283,1,85.39,85.39,,0.0,85.39
O0000716,O0000716-2,SKU00043,1,50.54,50.54,,0.0,50.54
O0000716,O0000716-3,SKU00053,1,49.62,49.62,,0.0,49.62
O0000716,O0000716-4,SKU00387,2,38.08,76.16,,0.0,76.16
O0000717,O0000717-1,SKU00314,1,39.09,39.09,,0.0,39.09
O0000717,O0000717-2,SKU00073,1,61.83,61.83,,0.0,61.83
O0000717,O0000717-3,SKU00099,1,22.33,22.33,,0.0,22.33
O0000718,O0000718-1,SKU00019,1,23.04,23.04,,0.0,23.04
O0000718,O0000718-2,SKU00268,2,43.83,87.66,,0.0,87.66
O0000718,O0000718-3,SKU00069,1,19.77,19.77,,0.0,19.77
O0000718,O0000718-4,SKU00069,3,19.77,59.31,,0.0,59.31
O0000719,O0000719-1,SKU00167,1,22.6,22.6,,0.0,22.6
O0000720,O0000720-1,SKU00189,2,53.14,106.28,,0.0,106.28
O0000720,O0000720-2,SKU00326,1,34.94,34.94,,0.0,34.94
O0000720,O0000720-3,SKU00012,1,9.88,9.88,,0.0,9.88
O0000721,O0000721-1,SKU00253,1,51.01,51.01,,0.0,51.01
O0000721,O0000721-2,SKU00292,1,51.63,51.63,,0.0,51.63
O0000721,O0000721-3,SKU00344,1,9.99,9.99,,0.0,9.99
O0000722,O0000722-1,SKU00120,1,19.69,19.69,,0.0,19.69
O0000723,O0000723-1,SKU00154,1,62.36,62.36,,0.0,62.36
O0000723,O0000723-2,SKU00264,1,27.04,27.04,,0.0,27.04
O0000724,O0000724-1,SKU00172,1,17.17,17.17,,0.0,17.17
O0000725,O0000725-1,SKU00258,1,50.85,50.85,,0.0,50.85
O0000725,O0000725-2,SKU00317,1,32.85,32.85,,0.0,32.85
O0000726,O0000726-1,SKU00212,1,20.15,20.15,,0.0,20.15
O0000727,O0000727-1,SKU00056,1,38.71,38.71,,0.0,38.71
O0000727,O0000727-2,SKU00181,1,47.26,47.26,,0.0,47.26
O0000727,O0000727-3,SKU00267,1,82.59,82.59,,0.0,82.59
O0000727,O0000727-4,SKU00173,1,61.04,61.04,,0.0,61.04
O0000728,O0000728-1,SKU00132,1,44.43,44.43,,0.0,44.43
O0000728,O0000728-2,SKU00197,1,32.23,32.23,,0.0,32.23
O0000728,O0000728-3,SKU00384,1,16.39,16.39,,0.0,16.39
O0000728,O0000728-4,SKU00080,1,45.12,45.12,,0.0,45.12
O0000729,O0000729-1,SKU00074,1,76.62,76.62,P0022,15.32,61.3
O0000729,O0000729-2,SKU00114,1,29.46,29.46,,0.0,29.46
O0000730,O0000730-1,SKU00143,3,18.48,55.44,,0.0,55.44
O0000731,O0000731-1,SKU00217,1,31.07,31.07,,0.0,31.07
O0000732,O0000732-1,SKU00039,1,59.8,59.8,,0.0,59.8
O0000733,O0000733-1,SKU00152,1,57.95,57.95,,0.0,57.95
O0000733,O0000733-2,SKU00290,1,42.67,42.67,,0.0,42.67
O0000734,O0000734-1,SKU00078,2,17.22,34.44,,0.0,34.44
O0000734,O0000734-2,SKU00170,1,29.26,29.26,,0.0,29.26
O0000735,O0000735-1,SKU00153,1,61.1,61.1,,0.0,61.1
O0000736,O0000736-1,SKU00152,2,57.95,115.9,,0.0,115.9
O0000736,O0000736-2,SKU00152,2,57.95,115.9,,0.0,115.9
O0000736,O0000736-3,SKU00229,1,74.74,74.74,,0.0,74.74
O0000737,O0000737-1,SKU00076,1,31.8,31.8,,0.0,31.8
O0000737,O0000737-2,SKU00041,2,31.32,62.64,,0.0,62.64
O0000738,O0000738-1,SKU00326,1,34.94,34.94,,0.0,34.94
O0000739,O0000739-1,SKU00018,1,20.66,20.66,,0.0,20.66
O0000740,O0000740-1,SKU00299,2,33.57,67.14,,0.0,67.14
O0000740,O0000740-2,SKU00153,1,61.1,61.1,,0.0,61.1
O0000741,O0000741-1,SKU00071,1,50.63,50.63,,0.0,50.63
O0000741,O0000741-2,SKU00135,1,42.96,42.96,,0.0,42.96
O0000742,O0000742-1,SKU00103,1,32.28,32.28,,0.0,32.28
O0000742,O0000742-2,SKU00188,1,58.74,58.74,,0.0,58.74
O0000742,O0000742-3,SKU00077,1,17.01,17.01,,0.0,17.01
O0000743,O0000743-1,SKU00005,1,8.67,8.67,,0.0,8.67
O0000743,O0000743-2,SKU00275,1,50.32,50.32,,0.0,50.32
O0000743,O0000743-3,SKU00341,1,47.08,47.08,,0.0,47.08
O0000744,O0000744-1,SKU00083,1,54.82,54.82,,0.0,54.82
O0000744,O0000744-2,SKU00339,1,36.52,36.52,,0.0,36.52
O0000744,O0000744-3,SKU00289,1,47.79,47.79,,0.0,47.79
O0000745,O0000745-1,SKU00106,1,24.61,24.61,,0.0,24.61
O0000745,O0000745-2,SKU00286,1,54.7,54.7,,0.0,54.7
O0000745,O0000745-3,SKU00312,1,39.88,39.88,,0.0,39.88
O0000746,O0000746-1,SKU00134,3,31.13,93.39,,0.0,93.39
O0000747,O0000747-1,SKU00386,1,42.93,42.93,,0.0,42.93
O0000747,O0000747-2,SKU00137,1,60.17,60.17,,0.0,60.17
O0000748,O0000748-1,SKU00253,1,51.01,51.01,,0.0,51.01
O0000749,O0000749-1,SKU00012,1,9.88,9.88,,0.0,9.88
O0000749,O0000749-2,SKU00297,3,39.78,119.34,P0022,23.87,95.47
O0000749,O0000749-3,SKU00129,2,38.65,77.3,,0.0,77.3
O0000749,O0000749-4,SKU00029,1,36.29,36.29,,0.0,36.29
O0000750,O0000750-1,SKU00022,3,28.83,86.49,,0.0,86.49
O0000751,O0000751-1,SKU00152,2,57.95,115.9,,0.0,115.9
O0000752,O0000752-1,SKU00118,1,21.46,21.46,,0.0,21.46
O0000752,O0000752-2,SKU00361,1,44.18,44.18,,0.0,44.18
O0000753,O0000753-1,SKU00306,3,36.9,110.7,,0.0,110.7
O0000754,O0000754-1,SKU00202,1,80.2,80.2,,0.0,80.2
O0000755,O0000755-1,SKU00326,1,34.94,34.94,,0.0,34.94
O0000756,O0000756-1,SKU00199,1,60.64,60.64,,0.0,60.64
O0000756,O0000756-2,SKU00199,1,60.64,60.64,,0.0,60.64
O0000756,O0000756-3,SKU00176,1,24.92,24.92,,0.0,24.92
O0000757,O0000757-1,SKU00382,1,19.75,19.75,,0.0,19.75
O0000757,O0000757-2,SKU00268,2,43.83,87.66,,0.0,87.66
O0000757,O0000757-3,SKU00343,1,45.56,45.56,,0.0,45.56
O0000757,O0000757-4,SKU00376,1,37.84,37.84,,0.0,37.84
O0000758,O0000758-1,SKU00128,1,24.13,24.13,,0.0,24.13
O0000759,O0000759-1,SKU00381,1,81.55,81.55,,0.0,81.55
O0000760,O0000760-1,SKU00154,1,62.36,62.36,P0013,15.0,47.36
O0000760,O0000760-2,SKU00195,1,41.24,41.24,,0.0,41.24
O0000760,O0000760-3,SKU00128,2,24.13,48.26,P0013,15.0,33.26
O0000761,O0000761-1,SKU00115,3,25.28,75.84,,0.0,75.84
O0000762,O0000762-1,SKU00362,1,26.77,26.77,,0.0,26.77
O0000762,O0000762-2,SKU00097,1,30.01,30.01,,0.0,30.01
O0000763,O0000763-1,SKU00005,1,8.67,8.67,,0.0,8.67
O0000763,O0000763-2,SKU00292,1,51.63,51.63,,0.0,51.63
O0000764,O0000764-1,SKU00321,1,13.85,13.85,,0.0,13.85
O0000765,O0000765-1,SKU00149,1,26.89,26.89,,0.0,26.89
O0000765,O0000765-2,SKU00349,1,18.05,18.05,,0.0,18.05
O0000765,O0000765-3,SKU00101,2,33.02,66.04,,0.0,66.04
O0000765,O0000765-4,SKU00129,2,38.65,77.3,,0.0,77.3
O0000766,O0000766-1,SKU00260,1,38.96,38.96,,0.0,38.96
O0000766,O0000766-2,SKU00098,1,54.0,54.0,,0.0,54.0
O0000766,O0000766-3,SKU00248,1,48.06,48.06,,0.0,48.06
O0000767,O0000767-1,SKU00011,1,31.25,31.25,,0.0,31.25
O0000768,O0000768-1,SKU00242,1,41.5,41.5,,0.0,41.5
O0000768,O0000768-2,SKU00363,1,45.39,45.39,,0.0,45.39
O0000768,O0000768-3,SKU00075,1,53.82,53.82,,0.0,53.82
O0000769,O0000769-1,SKU00243,1,34.82,34.82,,0.0,34.82
O0000769,O0000769-2,SKU00164,3,38.71,116.13,,0.0,116.13
O0000769,O0000769-3,SKU00099,1,22.33,22.33,,0.0,22.33
O0000769,O0000769-4,SKU00259,1,40.89,40.89,,0.0,40.89
O0000770,O0000770-1,SKU00020,1,42.57,42.57,,0.0,42.57
O0000770,O0000770-2,SKU00171,1,60.15,60.15,,0.0,60.15
O0000771,O0000771-1,SKU00115,1,25.28,25.28,,0.0,25.28
O0000772,O0000772-1,SKU00177,2,41.83,83.66,,0.0,83.66
O0000773,O0000773-1,SKU00003,1,28.95,28.95,P0022,5.79,23.16
O0000773,O0000773-2,SKU00267,3,82.59,247.77,,0.0,247.77
O0000773,O0000773-3,SKU00095,1,53.11,53.11,,0.0,53.11
O0000773,O0000773-4,SKU00352,1,37.11,37.11,,0.0,37.11
O0000774,O0000774-1,SKU00251,1,23.58,23.58,,0.0,23.58
O0000774,O0000774-2,SKU00100,2,17.02,34.04,,0.0,34.04
O0000775,O0000775-1,SKU00376,1,37.84,37.84,,0.0,37.84
O0000776,O0000776-1,SKU00266,1,28.62,28.62,,0.0,28.62
O0000776,O0000776-2,SKU00218,2,16.49,32.98,,0.0,32.98
O0000777,O0000777-1,SKU00400,1,33.96,33.96,,0.0,33.96
O0000777,O0000777-2,SKU00104,1,73.97,73.97,,0.0,73.97
O0000777,O0000777-3,SKU00022,1,28.83,28.83,,0.0,28.83
O0000777,O0000777-4,SKU00329,1,37.64,37.64,P0022,7.53,30.11
O0000778,O0000778-1,SKU00101,1,33.02,33.02,,0.0,33.02
O0000778,O0000778-2,SKU00324,1,70.29,70.29,,0.0,70.29
O0000778,O0000778-3,SKU00235,1,46.43,46.43,,0.0,46.43
O0000778,O0000778-4,SKU00118,1,21.46,21.46,,0.0,21.46
O0000779,O0000779-1,SKU00049,1,49.27,49.27,,0.0,49.27
O0000779,O0000779-2,SKU00087,1,22.83,22.83,,0.0,22.83
O0000779,O0000779-3,SKU00229,1,74.74,74.74,,0.0,74.74
O0000780,O0000780-1,SKU00103,2,32.28,64.56,,0.0,64.56
O0000781,O0000781-1,SKU00325,1,27.6,27.6,,0.0,27.6
O0000781,O0000781-2,SKU00193,1,64.21,64.21,,0.0,64.21
O0000781,O0000781-3,SKU00343,2,45.56,91.12,,0.0,91.12
O0000781,O0000781-4,SKU00233,1,21.18,21.18,,0.0,21.18
O0000782,O0000782-1,SKU00319,1,45.64,45.64,,0.0,45.64
O0000782,O0000782-2,SKU00107,1,64.03,64.03,,0.0,64.03
O0000782,O0000782-3,SKU00149,2,26.89,53.78,,0.0,53.78
O0000783,O0000783-1,SKU00076,1,31.8,31.8,,0.0,31.8
O0000783,O0000783-2,SKU00238,2,69.04,138.08,,0.0,138.08
O0000784,O0000784-1,SKU00165,1,18.9,18.9,,0.0,18.9
O0000784,O0000784-2,SKU00314,1,39.09,39.09,,0.0,39.09
O0000784,O0000784-3,SKU00186,1,34.13,34.13,,0.0,34.13
O0000784,O0000784-4,SKU00383,1,37.66,37.66,,0.0,37.66
O0000785,O0000785-1,SKU00140,1,56.17,56.17,,0.0,56.17
O0000785,O0000785-2,SKU00247,2,43.87,87.74,,0.0,87.74
O0000786,O0000786-1,SKU00074,1,76.62,76.62,,0.0,76.62
O0000786,O0000786-2,SKU00255,1,82.33,82.33,,0.0,82.33
O0000786,O0000786-3,SKU00063,1,26.13,26.13,,0.0,26.13
O0000787,O0000787-1,SKU00285,1,40.54,40.54,,0.0,40.54
O0000788,O0000788-1,SKU00094,1,56.4,56.4,,0.0,56.4
O0000788,O0000788-2,SKU00395,1,26.26,26.26,,0.0,26.26
O0000789,O0000789-1,SKU00292,1,51.63,51.63,,0.0,51.63
O0000790,O0000790-1,SKU00262,1,10.7,10.7,,0.0,10.7
O0000790,O0000790-2,SKU00258,1,50.85,50.85,,0.0,50.85
O0000791,O0000791-1,SKU00169,1,38.7,38.7,,0.0,38.7
O0000791,O0000791-2,SKU00150,3,41.46,124.38,,0.0,124.38
O0000792,O0000792-1,SKU00367,2,50.59,101.18,,0.0,101.18
O0000793,O0000793-1,SKU00372,2,19.15,38.3,,0.0,38.3
O0000793,O0000793-2,SKU00343,1,45.56,45.56,,0.0,45.56
O0000793,O0000793-3,SKU00095,1,53.11,53.11,,0.0,53.11
O0000794,O0000794-1,SKU00102,1,12.21,12.21,,0.0,12.21
O0000794,O0000794-2,SKU00071,1,50.63,50.63,,0.0,50.63
O0000795,O0000795-1,SKU00254,1,18.56,18.56,,0.0,18.56
O0000796,O0000796-1,SKU00309,1,39.31,39.31,,0.0,39.31
O0000797,O0000797-1,SKU00325,1,27.6,27.6,,0.0,27.6
O0000797,O0000797-2,SKU00109,1,88.61,88.61,,0.0,88.61
O0000797,O0000797-3,SKU00254,2,18.56,37.12,,0.0,37.12
O0000798,O0000798-1,SKU00137,2,60.17,120.34,,0.0,120.34
O0000798,O0000798-2,SKU00126,1,40.15,40.15,,0.0,40.15
O0000799,O0000799-1,SKU00383,2,37.66,75.32,,0.0,75.32
O0000799,O0000799-2,SKU00282,1,46.15,46.15,,0.0,46.15
O0000799,O0000799-3,SKU00062,1,38.63,38.63,,0.0,38.63
O0000800,O0000800-1,SKU00384,2,16.39,32.78,,0.0,32.78
O0000801,O0000801-1,SKU00251,2,23.58,47.16,,0.0,47.16
O0000801,O0000801-2,SKU00222,1,30.96,30.96,,0.0,30.96
O0000802,O0000802-1,SKU00222,1,30.96,30.96,,0.0,30.96
O0000802,O0000802-2,SKU00157,1,70.71,70.71,,0.0,70.71
O0000803,O0000803-1,SKU00310,2,44.67,89.34,,0.0,89.34
O0000803,O0000803-2,SKU00124,1,29.76,29.76,,0.0,29.76
O0000803,O0000803-3,SKU00191,1,45.24,45.24,,0.0,45.24
O0000804,O0000804-1,SKU00186,1,34.13,34.13,,0.0,34.13
O0000804,O0000804-2,SKU00359,1,26.27,26.27,,0.0,26.27
O0000805,O0000805-1,SKU00238,1,69.04,69.04,,0.0,69.04
O0000806,O0000806-1,SKU00011,1,31.25,31.25,,0.0,31.25
O0000806,O0000806-2,SKU00046,1,23.8,23.8,,0.0,23.8
O0000807,O0000807-1,SKU00115,1,25.28,25.28,,0.0,25.28
O0000807,O0000807-2,SKU00157,1,70.71,70.71,,0.0,70.71
O0000808,O0000808-1,SKU00052,1,57.74,57.74,,0.0,57.74
O0000809,O0000809-1,SKU00028,1,35.88,35.88,,0.0,35.88
O0000809,O0000809-2,SKU00299,1,33.57,33.57,,0.0,33.57
O0000810,O0000810-1,SKU00089,1,49.77,49.77,,0.0,49.77
O0000811,O0000811-1,SKU00146,1,60.33,60.33,,0.0,60.33
O0000812,O0000812-1,SKU00223,2,22.77,45.54,,0.0,45.54
O0000812,O0000812-2,SKU00186,2,34.13,68.26,,0.0,68.26
O0000812,O0000812-3,SKU00340,3,30.34,91.02,,0.0,91.02
O0000813,O0000813-1,SKU00136,1,52.74,52.74,,0.0,52.74
O0000814,O0000814-1,SKU00007,1,32.91,32.91,,0.0,32.91
O0000815,O0000815-1,SKU00030,1,17.63,17.63,,0.0,17.63
O0000815,O0000815-2,SKU00240,2,78.86,157.72,,0.0,157.72
O0000816,O0000816-1,SKU00311,1,60.22,60.22,P0022,12.04,48.18
O0000817,O0000817-1,SKU00105,3,52.33,156.99,,0.0,156.99
O0000818,O0000818-1,SKU00192,1,37.74,37.74,,0.0,37.74
O0000818,O0000818-2,SKU00004,1,22.35,22.35,,0.0,22.35
O0000819,O0000819-1,SKU00017,1,37.58,37.58,,0.0,37.58
O0000819,O0000819-2,SKU00180,1,37.89,37.89,,0.0,37.89
O0000819,O0000819-3,SKU00224,1,53.56,53.56,,0.0,53.56
O0000820,O0000820-1,SKU00080,2,45.12,90.24,,0.0,90.24
O0000820,O0000820-2,SKU00175,2,44.19,88.38,,0.0,88.38
O0000821,O0000821-1,SKU00015,2,66.48,132.96,,0.0,132.96
O0000822,O0000822-1,SKU00123,1,28.95,28.95,,0.0,28.95
O0000822,O0000822-2,SKU00245,2,49.62,99.24,,0.0,99.24
O0000823,O0000823-1,SKU00357,2,23.0,46.0,,0.0,46.0
O0000824,O0000824-1,SKU00130,1,66.52,66.52,,0.0,66.52
O0000824,O0000824-2,SKU00360,3,93.89,281.67,,0.0,281.67
O0000824,O0000824-3,SKU00114,1,29.46,29.46,,0.0,29.46
O0000825,O0000825-1,SKU00041,1,31.32,31.32,,0.0,31.32
O0000826,O0000826-1,SKU00174,1,57.96,57.96,,0.0,57.96
O0000826,O0000826-2,SKU00242,1,41.5,41.5,,0.0,41.5
O0000826,O0000826-3,SKU00163,1,29.45,29.45,,0.0,29.45
O0000826,O0000826-4,SKU00028,1,35.88,35.88,,0.0,35.88
O0000827,O0000827-1,SKU00075,3,53.82,161.46,,0.0,161.46
O0000827,O0000827-2,SKU00100,3,17.02,51.06,,0.0,51.06
O0000827,O0000827-3,SKU00169,2,38.7,77.4,,0.0,77.4
O0000828,O0000828-1,SKU00315,1,65.19,65.19,,0.0,65.19
O0000828,O0000828-2,SKU00101,1,33.02,33.02,,0.0,33.02
O0000828,O0000828-3,SKU00251,1,23.58,23.58,,0.0,23.58
O0000829,O0000829-1,SKU00196,1,36.14,36.14,,0.0,36.14
O0000830,O0000830-1,SKU00108,1,19.31,19.31,,0.0,19.31
O0000831,O0000831-1,SKU00018,1,20.66,20.66,,0.0,20.66
O0000831,O0000831-2,SKU00019,1,23.04,23.04,,0.0,23.04
O0000831,O0000831-3,SKU00322,2,22.71,45.42,,0.0,45.42
O0000832,O0000832-1,SKU00367,1,50.59,50.59,,0.0,50.59
O0000833,O0000833-1,SKU00292,1,51.63,51.63,,0.0,51.63
O0000833,O0000833-2,SKU00113,2,49.01,98.02,P0022,19.6,78.42
O0000833,O0000833-3,SKU00127,1,44.81,44.81,,0.0,44.81
O0000834,O0000834-1,SKU00154,1,62.36,62.36,,0.0,62.36
O0000835,O0000835-1,SKU00009,3,52.68,158.04,,0.0,158.04
O0000835,O0000835-2,SKU00170,1,29.26,29.26,,0.0,29.26
O0000835,O0000835-3,SKU00191,3,45.24,135.72,,0.0,135.72
O0000836,O0000836-1,SKU00061,1,23.77,23.77,,0.0,23.77
O0000836,O0000836-2,SKU00345,1,60.26,60.26,,0.0,60.26
O0000836,O0000836-3,SKU00263,1,21.58,21.58,,0.0,21.58
O0000836,O0000836-4,SKU00215,1,33.08,33.08,,0.0,33.08
O0000837,O0000837-1,SKU00264,1,27.04,27.04,P0022,5.41,21.63
O0000838,O0000838-1,SKU00152,1,57.95,57.95,,0.0,57.95
O0000838,O0000838-2,SKU00328,1,35.12,35.12,,0.0,35.12
O0000838,O0000838-3,SKU00067,1,20.67,20.67,,0.0,20.67
O0000838,O0000838-4,SKU00252,1,57.03,57.03,,0.0,57.03
O0000839,O0000839-1,SKU00336,1,54.95,54.95,,0.0,54.95
O0000840,O0000840-1,SKU00346,1,102.61,102.61,,0.0,102.61
O0000840,O0000840-2,SKU00094,1,56.4,56.4,,0.0,56.4
O0000841,O0000841-1,SKU00050,1,25.95,25.95,,0.0,25.95
O0000841,O0000841-2,SKU00239,1,15.42,15.42,,0.0,15.42
O0000841,O0000841-3,SKU00326,1,34.94,34.94,,0.0,34.94
O0000842,O0000842-1,SKU00016,1,33.83,33.83,,0.0,33.83
O0000843,O0000843-1,SKU00235,1,46.43,46.43,,0.0,46.43
O0000844,O0000844-1,SKU00309,1,39.31,39.31,,0.0,39.31
O0000845,O0000845-1,SKU00047,1,79.17,79.17,,0.0,79.17
O0000845,O0000845-2,SKU00107,1,64.03,64.03,,0.0,64.03
O0000845,O0000845-3,SKU00024,1,39.92,39.92,,0.0,39.92
O0000845,O0000845-4,SKU00379,1,36.36,36.36,,0.0,36.36
O0000846,O0000846-1,SKU00120,1,19.69,19.69,,0.0,19.69
O0000846,O0000846-2,SKU00378,1,38.51,38.51,,0.0,38.51
O0000846,O0000846-3,SKU00399,3,38.17,114.51,,0.0,114.51
O0000846,O0000846-4,SKU00226,2,84.67,169.34,,0.0,169.34
O0000847,O0000847-1,SKU00033,1,24.44,24.44,,0.0,24.44
O0000847,O0000847-2,SKU00355,1,41.61,41.61,,0.0,41.61
O0000848,O0000848-1,SKU00037,1,30.33,30.33,,0.0,30.33
O0000848,O0000848-2,SKU00252,3,57.03,171.09,,0.0,171.09
O0000848,O0000848-3,SKU00074,1,76.62,76.62,,0.0,76.62
O0000848,O0000848-4,SKU00098,1,54.0,54.0,,0.0,54.0
O0000849,O0000849-1,SKU00255,1,82.33,82.33,,0.0,82.33
O0000849,O0000849-2,SKU00153,1,61.1,61.1,,0.0,61.1
O0000849,O0000849-3,SKU00170,1,29.26,29.26,,0.0,29.26
O0000850,O0000850-1,SKU00319,2,45.64,91.28,,0.0,91.28
O0000851,O0000851-1,SKU00069,1,19.77,19.77,,0.0,19.77
O0000852,O0000852-1,SKU00175,1,44.19,44.19,,0.0,44.19
O0000852,O0000852-2,SKU00400,1,33.96,33.96,,0.0,33.96
O0000853,O0000853-1,SKU00129,1,38.65,38.65,,0.0,38.65
O0000853,O0000853-2,SKU00111,1,50.04,50.04,,0.0,50.04
O0000854,O0000854-1,SKU00097,1,30.01,30.01,,0.0,30.01
O0000854,O0000854-2,SKU00246,1,38.15,38.15,,0.0,38.15
O0000854,O0000854-3,SKU00056,1,38.71,38.71,,0.0,38.71
O0000855,O0000855-1,SKU00195,1,41.24,41.24,,0.0,41.24
O0000856,O0000856-1,SKU00246,1,38.15,38.15,P0022,7.63,30.52
O0000857,O0000857-1,SKU00034,1,45.57,45.57,,0.0,45.57
O0000857,O0000857-2,SKU00042,1,72.45,72.45,,0.0,72.45
O0000858,O0000858-1,SKU00114,1,29.46,29.46,,0.0,29.46
O0000859,O0000859-1,SKU00084,1,33.92,33.92,,0.0,33.92
O0000860,O0000860-1,SKU00329,1,37.64,37.64,P0022,7.53,30.11
O0000861,O0000861-1,SKU00158,1,19.54,19.54,,0.0,19.54
O0000861,O0000861-2,SKU00246,1,38.15,38.15,,0.0,38.15
O0000862,O0000862-1,SKU00121,1,58.38,58.38,,0.0,58.38
O0000862,O0000862-2,SKU00323,1,39.02,39.02,,0.0,39.02
O0000862,O0000862-3,SKU00333,1,45.51,45.51,,0.0,45.51
O0000863,O0000863-1,SKU00026,1,45.44,45.44,,0.0,45.44
O0000863,O0000863-2,SKU00229,1,74.74,74.74,,0.0,74.74
O0000863,O0000863-3,SKU00173,1,61.04,61.04,,0.0,61.04
O0000864,O0000864-1,SKU00222,1,30.96,30.96,,0.0,30.96
O0000864,O0000864-2,SKU00285,1,40.54,40.54,P0013,15.0,25.54
O0000865,O0000865-1,SKU00248,1,48.06,48.06,,0.0,48.06
O0000866,O0000866-1,SKU00260,1,38.96,38.96,,0.0,38.96
O0000866,O0000866-2,SKU00062,1,38.63,38.63,,0.0,38.63
O0000867,O0000867-1,SKU00173,1,61.04,61.04,,0.0,61.04
O0000867,O0000867-2,SKU00142,1,61.52,61.52,,0.0,61.52
O0000868,O0000868-1,SKU00269,1,28.75,28.75,,0.0,28.75
O0000868,O0000868-2,SKU00128,1,24.13,24.13,,0.0,24.13
O0000869,O0000869-1,SKU00044,1,26.97,26.97,,0.0,26.97
O0000870,O0000870-1,SKU00397,2,66.5,133.0,,0.0,133.0
O0000871,O0000871-1,SKU00366,1,33.09,33.09,,0.0,33.09
O0000872,O0000872-1,SKU00247,1,43.87,43.87,,0.0,43.87
O0000872,O0000872-2,SKU00192,1,37.74,37.74,,0.0,37.74
O0000873,O0000873-1,SKU00200,1,61.25,61.25,,0.0,61.25
O0000873,O0000873-2,SKU00389,1,51.94,51.94,,0.0,51.94
O0000874,O0000874-1,SKU00127,1,44.81,44.81,,0.0,44.81
O0000874,O0000874-2,SKU00300,1,29.05,29.05,,0.0,29.05
O0000874,O0000874-3,SKU00184,1,34.06,34.06,,0.0,34.06
O0000875,O0000875-1,SKU00079,1,43.31,43.31,,0.0,43.31
O0000875,O0000875-2,SKU00061,1,23.77,23.77,,0.0,23.77
O0000875,O0000875-3,SKU00200,1,61.25,61.25,,0.0,61.25
O0000876,O0000876-1,SKU00079,1,43.31,43.31,,0.0,43.31
O0000876,O0000876-2,SKU00026,1,45.44,45.44,,0.0,45.44
O0000876,O0000876-3,SKU00254,1,18.56,18.56,,0.0,18.56
O0000877,O0000877-1,SKU00123,1,28.95,28.95,,0.0,28.95
O0000878,O0000878-1,SKU00383,1,37.66,37.66,,0.0,37.66
O0000878,O0000878-2,SKU00175,1,44.19,44.19,,0.0,44.19
O0000878,O0000878-3,SKU00307,1,36.83,36.83,,0.0,36.83
O0000878,O0000878-4,SKU00365,1,26.67,26.67,,0.0,26.67
O0000879,O0000879-1,SKU00398,1,85.14,85.14,,0.0,85.14
O0000879,O0000879-2,SKU00039,1,59.8,59.8,,0.0,59.8
O0000880,O0000880-1,SKU00003,1,28.95,28.95,,0.0,28.95
O0000880,O0000880-2,SKU00130,1,66.52,66.52,,0.0,66.52
O0000881,O0000881-1,SKU00213,1,45.05,45.05,,0.0,45.05
O0000881,O0000881-2,SKU00236,1,32.17,32.17,,0.0,32.17
O0000882,O0000882-1,SKU00106,1,24.61,24.61,,0.0,24.61
O0000883,O0000883-1,SKU00140,3,56.17,168.51,,0.0,168.51
O0000883,O0000883-2,SKU00023,1,57.22,57.22,,0.0,57.22
O0000883,O0000883-3,SKU00123,1,28.95,28.95,,0.0,28.95
O0000884,O0000884-1,SKU00236,2,32.17,64.34,,0.0,64.34
O0000884,O0000884-2,SKU00015,1,66.48,66.48,,0.0,66.48
O0000885,O0000885-1,SKU00050,3,25.95,77.85,,0.0,77.85
O0000886,O0000886-1,SKU00301,1,30.77,30.77,P0013,15.0,15.77
O0000886,O0000886-2,SKU00347,2,61.23,122.46,,0.0,122.46
O0000886,O0000886-3,SKU00335,1,18.97,18.97,,0.0,18.97
O0000887,O0000887-1,SKU00167,2,22.6,45.2,,0.0,45.2
O0000887,O0000887-2,SKU00395,2,26.26,52.52,,0.0,52.52
O0000887,O0000887-3,SKU00104,1,73.97,73.97,,0.0,73.97
O0000888,O0000888-1,SKU00104,1,73.97,73.97,,0.0,73.97
O0000888,O0000888-2,SKU00018,1,20.66,20.66,,0.0,20.66
O0000888,O0000888-3,SKU00321,1,13.85,13.85,,0.0,13.85
O0000889,O0000889-1,SKU00172,1,17.17,17.17,P0013,15.0,2.17
O0000889,O0000889-2,SKU00282,3,46.15,138.45,,0.0,138.45
O0000890,O0000890-1,SKU00330,2,61.47,122.94,,0.0,122.94
O0000890,O0000890-2,SKU00340,3,30.34,91.02,,0.0,91.02
O0000890,O0000890-3,SKU00296,1,48.03,48.03,,0.0,48.03
O0000891,O0000891-1,SKU00264,2,27.04,54.08,,0.0,54.08
O0000891,O0000891-2,SKU00239,1,15.42,15.42,,0.0,15.42
O0000891,O0000891-3,SKU00138,1,17.97,17.97,,0.0,17.97
O0000892,O0000892-1,SKU00313,2,49.13,98.26,,0.0,98.26
O0000892,O0000892-2,SKU00342,1,38.94,38.94,,0.0,38.94
O0000892,O0000892-3,SKU00172,1,17.17,17.17,P0013,15.0,2.17
O0000893,O0000893-1,SKU00165,1,18.9,18.9,,0.0,18.9
O0000893,O0000893-2,SKU00002,1,57.3,57.3,,0.0,57.3
O0000894,O0000894-1,SKU00279,1,31.74,31.74,,0.0,31.74
O0000895,O0000895-1,SKU00258,2,50.85,101.7,,0.0,101.7
O0000895,O0000895-2,SKU00187,1,39.15,39.15,,0.0,39.15
O0000896,O0000896-1,SKU00224,2,53.56,107.12,,0.0,107.12
O0000897,O0000897-1,SKU00143,1,18.48,18.48,,0.0,18.48
O0000898,O0000898-1,SKU00066,1,52.48,52.48,,0.0,52.48
O0000899,O0000899-1,SKU00349,1,18.05,18.05,,0.0,18.05
O0000900,O0000900-1,SKU00050,1,25.95,25.95,,0.0,25.95
O0000900,O0000900-2,SKU00021,1,49.41,49.41,,0.0,49.41
O0000901,O0000901-1,SKU00079,3,43.31,129.93,,0.0,129.93
O0000902,O0000902-1,SKU00151,1,20.05,20.05,,0.0,20.05
O0000902,O0000902-2,SKU00086,1,72.82,72.82,,0.0,72.82
O0000903,O0000903-1,SKU00368,1,19.96,19.96,,0.0,19.96
O0000903,O0000903-2,SKU00066,1,52.48,52.48,P0022,10.5,41.98
O0000903,O0000903-3,SKU00250,1,32.56,32.56,,0.0,32.56
O0000904,O0000904-1,SKU00176,2,24.92,49.84,,0.0,49.84
O0000904,O0000904-2,SKU00359,1,26.27,26.27,,0.0,26.27
O0000905,O0000905-1,SKU00043,2,50.54,101.08,,0.0,101.08
O0000905,O0000905-2,SKU00292,1,51.63,51.63,,0.0,51.63
O0000906,O0000906-1,SKU00231,2,34.06,68.12,,0.0,68.12
O0000907,O0000907-1,SKU00137,1,60.17,60.17,,0.0,60.17
O0000908,O0000908-1,SKU00131,1,34.39,34.39,,0.0,34.39
O0000909,O0000909-1,SKU00279,1,31.74,31.74,,0.0,31.74
O0000909,O0000909-2,SKU00339,1,36.52,36.52,,0.0,36.52
O0000909,O0000909-3,SKU00062,1,38.63,38.63,,0.0,38.63
O0000910,O0000910-1,SKU00163,2,29.45,58.9,,0.0,58.9
O0000910,O0000910-2,SKU00360,1,93.89,93.89,,0.0,93.89
O0000911,O0000911-1,SKU00243,1,34.82,34.82,,0.0,34.82
O0000912,O0000912-1,SKU00037,2,30.33,60.66,,0.0,60.66
O0000912,O0000912-2,SKU00049,1,49.27,49.27,,0.0,49.27
O0000912,O0000912-3,SKU00178,1,55.23,55.23,,0.0,55.23
O0000912,O0000912-4,SKU00100,1,17.02,17.02,,0.0,17.02
O0000913,O0000913-1,SKU00163,1,29.45,29.45,,0.0,29.45
O0000914,O0000914-1,SKU00269,1,28.75,28.75,,0.0,28.75
O0000914,O0000914-2,SKU00233,1,21.18,21.18,,0.0,21.18
O0000915,O0000915-1,SKU00140,2,56.17,112.34,,0.0,112.34
O0000915,O0000915-2,SKU00029,1,36.29,36.29,,0.0,36.29
O0000915,O0000915-3,SKU00141,1,78.13,78.13,P0013,15.0,63.13
O0000915,O0000915-4,SKU00057,1,34.63,34.63,,0.0,34.63
O0000916,O0000916-1,SKU00124,1,29.76,29.76,,0.0,29.76
O0000917,O0000917-1,SKU00267,1,82.59,82.59,,0.0,82.59
O0000918,O0000918-1,SKU00025,1,42.44,42.44,,0.0,42.44
O0000918,O0000918-2,SKU00183,2,17.38,34.76,,0.0,34.76
O0000919,O0000919-1,SKU00325,1,27.6,27.6,,0.0,27.6
O0000919,O0000919-2,SKU00187,1,39.15,39.15,,0.0,39.15
O0000919,O0000919-3,SKU00094,1,56.4,56.4,,0.0,56.4
O0000919,O0000919-4,SKU00192,1,37.74,37.74,,0.0,37.74
O0000920,O0000920-1,SKU00226,2,84.67,169.34,,0.0,169.34
O0000920,O0000920-2,SKU00336,1,54.95,54.95,,0.0,54.95
O0000921,O0000921-1,SKU00169,1,38.7,38.7,,0.0,38.7
O0000922,O0000922-1,SKU00098,2,54.0,108.0,,0.0,108.0
O0000922,O0000922-2,SKU00235,1,46.43,46.43,,0.0,46.43
O0000923,O0000923-1,SKU00334,1,17.99,17.99,,0.0,17.99
O0000923,O0000923-2,SKU00314,1,39.09,39.09,,0.0,39.09
O0000924,O0000924-1,SKU00132,2,44.43,88.86,,0.0,88.86
O0000924,O0000924-2,SKU00149,2,26.89,53.78,,0.0,53.78
O0000925,O0000925-1,SKU00009,1,52.68,52.68,,0.0,52.68
O0000926,O0000926-1,SKU00365,1,26.67,26.67,,0.0,26.67
O0000926,O0000926-2,SKU00369,1,42.23,42.23,,0.0,42.23
O0000926,O0000926-3,SKU00083,1,54.82,54.82,,0.0,54.82
O0000926,O0000926-4,SKU00282,3,46.15,138.45,,0.0,138.45
O0000927,O0000927-1,SKU00206,1,31.05,31.05,,0.0,31.05
O0000928,O0000928-1,SKU00285,1,40.54,40.54,,0.0,40.54
O0000928,O0000928-2,SKU00061,1,23.77,23.77,,0.0,23.77
O0000929,O0000929-1,SKU00087,2,22.83,45.66,,0.0,45.66
O0000929,O0000929-2,SKU00006,1,31.28,31.28,,0.0,31.28
O0000930,O0000930-1,SKU00132,1,44.43,44.43,,0.0,44.43
O0000930,O0000930-2,SKU00276,1,22.08,22.08,,0.0,22.08
O0000931,O0000931-1,SKU00118,1,21.46,21.46,,0.0,21.46
O0000931,O0000931-2,SKU00323,2,39.02,78.04,,0.0,78.04
O0000931,O0000931-3,SKU00306,1,36.9,36.9,,0.0,36.9
O0000931,O0000931-4,SKU00363,1,45.39,45.39,,0.0,45.39
O0000932,O0000932-1,SKU00168,1,26.49,26.49,,0.0,26.49
O0000932,O0000932-2,SKU00237,2,54.4,108.8,,0.0,108.8
O0000933,O0000933-1,SKU00249,1,31.28,31.28,,0.0,31.28
O0000933,O0000933-2,SKU00360,1,93.89,93.89,,0.0,93.89
O0000933,O0000933-3,SKU00160,1,42.59,42.59,,0.0,42.59
O0000934,O0000934-1,SKU00011,1,31.25,31.25,,0.0,31.25
O0000934,O0000934-2,SKU00066,2,52.48,104.96,,0.0,104.96
O0000934,O0000934-3,SKU00153,1,61.1,61.1,,0.0,61.1
O0000934,O0000934-4,SKU00311,2,60.22,120.44,,0.0,120.44
O0000935,O0000935-1,SKU00067,1,20.67,20.67,,0.0,20.67
O0000935,O0000935-2,SKU00128,1,24.13,24.13,,0.0,24.13
O0000936,O0000936-1,SKU00078,1,17.22,17.22,,0.0,17.22
O0000936,O0000936-2,SKU00388,1,37.93,37.93,,0.0,37.93
O0000937,O0000937-1,SKU00124,1,29.76,29.76,,0.0,29.76
O0000937,O0000937-2,SKU00202,1,80.2,80.2,,0.0,80.2
O0000938,O0000938-1,SKU00265,2,26.72,53.44,,0.0,53.44
O0000938,O0000938-2,SKU00134,1,31.13,31.13,,0.0,31.13
O0000938,O0000938-3,SKU00022,1,28.83,28.83,,0.0,28.83
O0000938,O0000938-4,SKU00040,1,46.34,46.34,,0.0,46.34
O0000939,O0000939-1,SKU00083,1,54.82,54.82,,0.0,54.82
O0000939,O0000939-2,SKU00140,1,56.17,56.17,P0024,16.85,39.32
O0000940,O0000940-1,SKU00139,2,52.17,104.34,,0.0,104.34
O0000940,O0000940-2,SKU00206,1,31.05,31.05,,0.0,31.05
O0000941,O0000941-1,SKU00340,1,30.34,30.34,,0.0,30.34
O0000941,O0000941-2,SKU00027,1,11.75,11.75,,0.0,11.75
O0000942,O0000942-1,SKU00061,1,23.77,23.77,,0.0,23.77
O0000942,O0000942-2,SKU00293,1,70.96,70.96,,0.0,70.96
O0000943,O0000943-1,SKU00136,2,52.74,105.48,,0.0,105.48
O0000943,O0000943-2,SKU00204,1,59.25,59.25,,0.0,59.25
O0000943,O0000943-3,SKU00196,1,36.14,36.14,,0.0,36.14
O0000944,O0000944-1,SKU00101,2,33.02,66.04,,0.0,66.04
O0000945,O0000945-1,SKU00011,1,31.25,31.25,,0.0,31.25
O0000945,O0000945-2,SKU00365,1,26.67,26.67,,0.0,26.67
O0000946,O0000946-1,SKU00073,1,61.83,61.83,,0.0,61.83
O0000947,O0000947-1,SKU00121,2,58.38,116.76,,0.0,116.76
O0000947,O0000947-2,SKU00339,1,36.52,36.52,P0022,7.3,29.22
O0000948,O0000948-1,SKU00230,1,49.13,49.13,,0.0,49.13
O0000948,O0000948-2,SKU00367,2,50.59,101.18,,0.0,101.18
O0000949,O0000949-1,SKU00074,1,76.62,76.62,P0022,15.32,61.3
O0000950,O0000950-1,SKU00081,3,30.86,92.58,,0.0,92.58
O0000950,O0000950-2,SKU00330,1,61.47,61.47,,0.0,61.47
O0000950,O0000950-3,SKU00161,1,12.51,12.51,,0.0,12.51
O0000950,O0000950-4,SKU00131,1,34.39,34.39,,0.0,34.39
O0000951,O0000951-1,SKU00101,1,33.02,33.02,,0.0,33.02
O0000951,O0000951-2,SKU00069,1,19.77,19.77,,0.0,19.77
O0000951,O0000951-3,SKU00026,1,45.44,45.44,,0.0,45.44
O0000952,O0000952-1,SKU00067,1,20.67,20.67,,0.0,20.67
O0000952,O0000952-2,SKU00276,1,22.08,22.08,,0.0,22.08
O0000952,O0000952-3,SKU00145,1,34.93,34.93,,0.0,34.93
O0000953,O0000953-1,SKU00342,2,38.94,77.88,,0.0,77.88
O0000954,O0000954-1,SKU00254,3,18.56,55.68,,0.0,55.68
O0000954,O0000954-2,SKU00184,1,34.06,34.06,,0.0,34.06
O0000955,O0000955-1,SKU00310,2,44.67,89.34,P0013,15.0,74.34
O0000956,O0000956-1,SKU00007,1,32.91,32.91,,0.0,32.91
O0000956,O0000956-2,SKU00223,1,22.77,22.77,,0.0,22.77
O0000956,O0000956-3,SKU00034,1,45.57,45.57,,0.0,45.57
O0000957,O0000957-1,SKU00140,1,56.17,56.17,,0.0,56.17
O0000957,O0000957-2,SKU00368,1,19.96,19.96,,0.0,19.96
O0000957,O0000957-3,SKU00235,1,46.43,46.43,,0.0,46.43
O0000957,O0000957-4,SKU00205,1,35.8,35.8,P0024,10.74,25.06
O0000958,O0000958-1,SKU00073,1,61.83,61.83,,0.0,61.83
O0000959,O0000959-1,SKU00076,1,31.8,31.8,,0.0,31.8
O0000960,O0000960-1,SKU00061,1,23.77,23.77,,0.0,23.77
O0000960,O0000960-2,SKU00312,1,39.88,39.88,,0.0,39.88
O0000960,O0000960-3,SKU00233,2,21.18,42.36,,0.0,42.36
O0000961,O0000961-1,SKU00253,1,51.01,51.01,,0.0,51.01
O0000961,O0000961-2,SKU00326,1,34.94,34.94,,0.0,34.94
O0000961,O0000961-3,SKU00034,1,45.57,45.57,,0.0,45.57
O0000962,O0000962-1,SKU00017,1,37.58,37.58,,0.0,37.58
O0000962,O0000962-2,SKU00060,1,76.86,76.86,,0.0,76.86
O0000962,O0000962-3,SKU00347,1,61.23,61.23,,0.0,61.23
O0000963,O0000963-1,SKU00310,1,44.67,44.67,,0.0,44.67
O0000964,O0000964-1,SKU00343,2,45.56,91.12,,0.0,91.12
O0000964,O0000964-2,SKU00263,1,21.58,21.58,,0.0,21.58
O0000965,O0000965-1,SKU00232,1,34.95,34.95,,0.0,34.95
O0000965,O0000965-2,SKU00276,1,22.08,22.08,,0.0,22.08
O0000965,O0000965-3,SKU00237,1,54.4,54.4,,0.0,54.4
O0000965,O0000965-4,SKU00347,1,61.23,61.23,,0.0,61.23
O0000966,O0000966-1,SKU00040,1,46.34,46.34,,0.0,46.34
O0000966,O0000966-2,SKU00194,1,40.96,40.96,P0013,15.0,25.96
O0000967,O0000967-1,SKU00166,1,65.47,65.47,,0.0,65.47
O0000967,O0000967-2,SKU00371,1,48.42,48.42,,0.0,48.42
O0000967,O0000967-3,SKU00023,2,57.22,114.44,,0.0,114.44
O0000968,O0000968-1,SKU00339,1,36.52,36.52,,0.0,36.52
O0000968,O0000968-2,SKU00365,1,26.67,26.67,,0.0,26.67
O0000969,O0000969-1,SKU00137,1,60.17,60.17,,0.0,60.17
O0000969,O0000969-2,SKU00113,1,49.01,49.01,,0.0,49.01
O0000969,O0000969-3,SKU00261,1,86.51,86.51,,0.0,86.51
O0000970,O0000970-1,SKU00354,1,27.28,27.28,,0.0,27.28
O0000971,O0000971-1,SKU00255,1,82.33,82.33,P0040,24.7,57.63
O0000972,O0000972-1,SKU00242,1,41.5,41.5,,0.0,41.5
O0000973,O0000973-1,SKU00204,2,59.25,118.5,,0.0,118.5
O0000973,O0000973-2,SKU00089,1,49.77,49.77,,0.0,49.77
O0000974,O0000974-1,SKU00058,1,55.01,55.01,,0.0,55.01
O0000975,O0000975-1,SKU00020,1,42.57,42.57,,0.0,42.57
O0000976,O0000976-1,SKU00026,2,45.44,90.88,,0.0,90.88
O0000977,O0000977-1,SKU00169,1,38.7,38.7,,0.0,38.7
O0000978,O0000978-1,SKU00278,1,54.54,54.54,,0.0,54.54
O0000978,O0000978-2,SKU00164,1,38.71,38.71,,0.0,38.71
O0000979,O0000979-1,SKU00114,1,29.46,29.46,,0.0,29.46
O0000980,O0000980-1,SKU00087,1,22.83,22.83,,0.0,22.83
O0000980,O0000980-2,SKU00081,1,30.86,30.86,,0.0,30.86
O0000981,O0000981-1,SKU00262,2,10.7,21.4,,0.0,21.4
O0000981,O0000981-2,SKU00234,1,20.16,20.16,,0.0,20.16
O0000981,O0000981-3,SKU00209,1,102.17,102.17,,0.0,102.17
O0000981,O0000981-4,SKU00379,1,36.36,36.36,,0.0,36.36
O0000982,O0000982-1,SKU00186,1,34.13,34.13,,0.0,34.13
O0000983,O0000983-1,SKU00292,2,51.63,103.26,,0.0,103.26
O0000983,O0000983-2,SKU00030,1,17.63,17.63,,0.0,17.63
O0000984,O0000984-1,SKU00134,1,31.13,31.13,,0.0,31.13
O0000985,O0000985-1,SKU00399,1,38.17,38.17,,0.0,38.17
O0000985,O0000985-2,SKU00175,1,44.19,44.19,,0.0,44.19
O0000985,O0000985-3,SKU00161,1,12.51,12.51,,0.0,12.51
O0000986,O0000986-1,SKU00039,2,59.8,119.6,,0.0,119.6
O0000986,O0000986-2,SKU00268,1,43.83,43.83,,0.0,43.83
O0000986,O0000986-3,SKU00384,1,16.39,16.39,,0.0,16.39
O0000986,O0000986-4,SKU00265,1,26.72,26.72,,0.0,26.72
O0000987,O0000987-1,SKU00016,2,33.83,67.66,,0.0,67.66
O0000987,O0000987-2,SKU00174,1,57.96,57.96,,0.0,57.96
O0000988,O0000988-1,SKU00205,1,35.8,35.8,,0.0,35.8
O0000989,O0000989-1,SKU00307,1,36.83,36.83,,0.0,36.83
O0000990,O0000990-1,SKU00094,3,56.4,169.2,,0.0,169.2
O0000990,O0000990-2,SKU00368,1,19.96,19.96,P0040,5.99,13.97
O0000990,O0000990-3,SKU00387,1,38.08,38.08,,0.0,38.08
O0000991,O0000991-1,SKU00319,1,45.64,45.64,,0.0,45.64
O0000992,O0000992-1,SKU00235,1,46.43,46.43,,0.0,46.43
O0000992,O0000992-2,SKU00265,1,26.72,26.72,,0.0,26.72
O0000992,O0000992-3,SKU00200,1,61.25,61.25,,0.0,61.25
O0000993,O0000993-1,SKU00127,1,44.81,44.81,,0.0,44.81
O0000994,O0000994-1,SKU00334,1,17.99,17.99,,0.0,17.99
O0000995,O0000995-1,SKU00168,2,26.49,52.98,,0.0,52.98
O0000995,O0000995-2,SKU00147,1,41.64,41.64,,0.0,41.64
O0000995,O0000995-3,SKU00163,1,29.45,29.45,,0.0,29.45
O0000996,O0000996-1,SKU00245,1,49.62,49.62,,0.0,49.62
O0000997,O0000997-1,SKU00224,2,53.56,107.12,,0.0,107.12
O0000997,O0000997-2,SKU00397,1,66.5,66.5,,0.0,66.5
O0000998,O0000998-1,SKU00101,1,33.02,33.02,,0.0,33.02
O0000998,O0000998-2,SKU00231,1,34.06,34.06,,0.0,34.06
O0000999,O0000999-1,SKU00358,1,36.52,36.52,,0.0,36.52
O0000999,O0000999-2,SKU00345,1,60.26,60.26,,0.0,60.26
O0000999,O0000999-3,SKU00325,2,27.6,55.2,,0.0,55.2
O0001000,O0001000-1,SKU00333,1,45.51,45.51,,0.0,45.51
O0001000,O0001000-2,SKU00238,1,69.04,69.04,,0.0,69.04
O0001001,O0001001-1,SKU00031,1,49.75,49.75,,0.0,49.75
O0001001,O0001001-2,SKU00389,2,51.94,103.88,,0.0,103.88
O0001001,O0001001-3,SKU00035,2,57.12,114.24,,0.0,114.24
O0001001,O0001001-4,SKU00295,1,42.42,42.42,,0.0,42.42
O0001002,O0001002-1,SKU00097,3,30.01,90.03,,0.0,90.03
O0001003,O0001003-1,SKU00221,1,31.0,31.0,,0.0,31.0
O0001003,O0001003-2,SKU00216,1,68.72,68.72,,0.0,68.72
O0001004,O0001004-1,SKU00085,1,51.96,51.96,,0.0,51.96
O0001004,O0001004-2,SKU00081,1,30.86,30.86,,0.0,30.86
O0001005,O0001005-1,SKU00213,3,45.05,135.15,,0.0,135.15
O0001005,O0001005-2,SKU00038,1,50.53,50.53,P0040,15.16,35.37
O0001006,O0001006-1,SKU00205,1,35.8,35.8,,0.0,35.8
O0001007,O0001007-1,SKU00339,1,36.52,36.52,,0.0,36.52
O0001007,O0001007-2,SKU00130,1,66.52,66.52,,0.0,66.52
O0001008,O0001008-1,SKU00332,1,104.52,104.52,,0.0,104.52
O0001009,O0001009-1,SKU00103,1,32.28,32.28,,0.0,32.28
O0001009,O0001009-2,SKU00357,1,23.0,23.0,,0.0,23.0
O0001009,O0001009-3,SKU00033,1,24.44,24.44,,0.0,24.44
O0001010,O0001010-1,SKU00016,1,33.83,33.83,,0.0,33.83
O0001011,O0001011-1,SKU00294,1,47.23,47.23,,0.0,47.23
O0001012,O0001012-1,SKU00362,1,26.77,26.77,,0.0,26.77
O0001012,O0001012-2,SKU00063,1,26.13,26.13,,0.0,26.13
O0001013,O0001013-1,SKU00386,1,42.93,42.93,,0.0,42.93
O0001013,O0001013-2,SKU00125,1,30.05,30.05,,0.0,30.05
O0001014,O0001014-1,SKU00060,2,76.86,153.72,,0.0,153.72
O0001015,O0001015-1,SKU00118,3,21.46,64.38,,0.0,64.38
O0001016,O0001016-1,SKU00323,2,39.02,78.04,,0.0,78.04
O0001016,O0001016-2,SKU00102,1,12.21,12.21,,0.0,12.21
O0001017,O0001017-1,SKU00069,1,19.77,19.77,,0.0,19.77
O0001018,O0001018-1,SKU00119,1,37.15,37.15,,0.0,37.15
O0001019,O0001019-1,SKU00239,1,15.42,15.42,,0.0,15.42
O0001020,O0001020-1,SKU00220,1,42.7,42.7,,0.0,42.7
O0001020,O0001020-2,SKU00082,2,35.63,71.26,,0.0,71.26
O0001021,O0001021-1,SKU00134,1,31.13,31.13,,0.0,31.13
O0001022,O0001022-1,SKU00331,2,21.15,42.3,,0.0,42.3
O0001023,O0001023-1,SKU00241,1,46.38,46.38,,0.0,46.38
O0001024,O0001024-1,SKU00336,1,54.95,54.95,,0.0,54.95
O0001024,O0001024-2,SKU00328,2,35.12,70.24,,0.0,70.24
O0001024,O0001024-3,SKU00212,2,20.15,40.3,,0.0,40.3
O0001025,O0001025-1,SKU00236,1,32.17,32.17,,0.0,32.17
O0001026,O0001026-1,SKU00312,2,39.88,79.76,,0.0,79.76
O0001026,O0001026-2,SKU00042,1,72.45,72.45,,0.0,72.45
O0001027,O0001027-1,SKU00364,1,45.23,45.23,,0.0,45.23
O0001028,O0001028-1,SKU00332,1,104.52,104.52,,0.0,104.52
O0001028,O0001028-2,SKU00253,1,51.01,51.01,,0.0,51.01
O0001028,O0001028-3,SKU00176,1,24.92,24.92,P0022,4.98,19.94
O0001029,O0001029-1,SKU00325,1,27.6,27.6,,0.0,27.6
O0001029,O0001029-2,SKU00149,1,26.89,26.89,,0.0,26.89
O0001029,O0001029-3,SKU00269,1,28.75,28.75,,0.0,28.75
O0001030,O0001030-1,SKU00399,1,38.17,38.17,,0.0,38.17
O0001031,O0001031-1,SKU00262,1,10.7,10.7,,0.0,10.7
O0001032,O0001032-1,SKU00067,1,20.67,20.67,,0.0,20.67
O0001032,O0001032-2,SKU00018,1,20.66,20.66,,0.0,20.66
O0001033,O0001033-1,SKU00190,2,45.12,90.24,,0.0,90.24
O0001033,O0001033-2,SKU00117,1,30.62,30.62,,0.0,30.62
O0001033,O0001033-3,SKU00339,2,36.52,73.04,,0.0,73.04
O0001034,O0001034-1,SKU00285,1,40.54,40.54,P0022,8.11,32.43
O0001034,O0001034-2,SKU00191,2,45.24,90.48,P0040,27.14,63.34
O0001034,O0001034-3,SKU00243,1,34.82,34.82,,0.0,34.82
O0001035,O0001035-1,SKU00130,1,66.52,66.52,,0.0,66.52
O0001036,O0001036-1,SKU00162,1,65.18,65.18,,0.0,65.18
O0001036,O0001036-2,SKU00129,2,38.65,77.3,,0.0,77.3
O0001036,O0001036-3,SKU00340,2,30.34,60.68,,0.0,60.68
O0001036,O0001036-4,SKU00115,1,25.28,25.28,,0.0,25.28
O0001037,O0001037-1,SKU00203,1,71.32,71.32,,0.0,71.32
O0001037,O0001037-2,SKU00324,1,70.29,70.29,,0.0,70.29
O0001038,O0001038-1,SKU00156,1,25.39,25.39,,0.0,25.39
O0001039,O0001039-1,SKU00155,1,44.19,44.19,,0.0,44.19
O0001039,O0001039-2,SKU00322,1,22.71,22.71,,0.0,22.71
O0001039,O0001039-3,SKU00170,3,29.26,87.78,,0.0,87.78
O0001040,O0001040-1,SKU00321,2,13.85,27.7,P0024,8.31,19.39
O0001041,O0001041-1,SKU00387,3,38.08,114.24,,0.0,114.24
O0001041,O0001041-2,SKU00389,1,51.94,51.94,,0.0,51.94
O0001042,O0001042-1,SKU00191,1,45.24,45.24,,0.0,45.24
O0001042,O0001042-2,SKU00300,1,29.05,29.05,,0.0,29.05
O0001043,O0001043-1,SKU00142,1,61.52,61.52,P0013,15.0,46.52
O0001044,O0001044-1,SKU00109,1,88.61,88.61,,0.0,88.61
O0001045,O0001045-1,SKU00388,1,37.93,37.93,,0.0,37.93
O0001045,O0001045-2,SKU00011,3,31.25,93.75,,0.0,93.75
O0001045,O0001045-3,SKU00222,1,30.96,30.96,,0.0,30.96
O0001046,O0001046-1,SKU00211,1,88.68,88.68,,0.0,88.68
O0001047,O0001047-1,SKU00368,1,19.96,19.96,,0.0,19.96
O0001047,O0001047-2,SKU00063,1,26.13,26.13,,0.0,26.13
O0001047,O0001047-3,SKU00395,1,26.26,26.26,,0.0,26.26
O0001048,O0001048-1,SKU00285,1,40.54,40.54,,0.0,40.54
O0001048,O0001048-2,SKU00395,1,26.26,26.26,,0.0,26.26
O0001048,O0001048-3,SKU00021,1,49.41,49.41,,0.0,49.41
O0001049,O0001049-1,SKU00234,1,20.16,20.16,,0.0,20.16
O0001049,O0001049-2,SKU00311,1,60.22,60.22,,0.0,60.22
O0001049,O0001049-3,SKU00009,1,52.68,52.68,,0.0,52.68
O0001050,O0001050-1,SKU00238,1,69.04,69.04,,0.0,69.04
O0001050,O0001050-2,SKU00050,1,25.95,25.95,,0.0,25.95
O0001051,O0001051-1,SKU00082,1,35.63,35.63,,0.0,35.63
O0001051,O0001051-2,SKU00332,3,104.52,313.56,,0.0,313.56
O0001052,O0001052-1,SKU00213,1,45.05,45.05,,0.0,45.05
O0001053,O0001053-1,SKU00247,1,43.87,43.87,,0.0,43.87
O0001053,O0001053-2,SKU00333,1,45.51,45.51,,0.0,45.51
O0001053,O0001053-3,SKU00184,2,34.06,68.12,,0.0,68.12
O0001053,O0001053-4,SKU00165,1,18.9,18.9,,0.0,18.9
O0001054,O0001054-1,SKU00228,2,106.95,213.9,,0.0,213.9
O0001054,O0001054-2,SKU00025,1,42.44,42.44,,0.0,42.44
O0001054,O0001054-3,SKU00281,1,52.93,52.93,,0.0,52.93
O0001055,O0001055-1,SKU00066,1,52.48,52.48,,0.0,52.48
O0001056,O0001056-1,SKU00056,3,38.71,116.13,,0.0,116.13
O0001056,O0001056-2,SKU00078,2,17.22,34.44,,0.0,34.44
O0001056,O0001056-3,SKU00101,1,33.02,33.02,,0.0,33.02
O0001057,O0001057-1,SKU00319,1,45.64,45.64,,0.0,45.64
O0001058,O0001058-1,SKU00228,1,106.95,106.95,,0.0,106.95
O0001058,O0001058-2,SKU00348,2,64.96,129.92,,0.0,129.92
O0001059,O0001059-1,SKU00331,1,21.15,21.15,,0.0,21.15
O0001060,O0001060-1,SKU00326,2,34.94,69.88,,0.0,69.88
O0001060,O0001060-2,SKU00265,1,26.72,26.72,,0.0,26.72
O0001060,O0001060-3,SKU00157,2,70.71,141.42,,0.0,141.42
O0001061,O0001061-1,SKU00180,2,37.89,75.78,,0.0,75.78
O0001062,O0001062-1,SKU00194,2,40.96,81.92,,0.0,81.92
O0001062,O0001062-2,SKU00239,1,15.42,15.42,,0.0,15.42
O0001063,O0001063-1,SKU00017,3,37.58,112.74,,0.0,112.74
O0001063,O0001063-2,SKU00132,1,44.43,44.43,,0.0,44.43
O0001063,O0001063-3,SKU00070,1,44.51,44.51,,0.0,44.51
O0001064,O0001064-1,SKU00006,1,31.28,31.28,,0.0,31.28
O0001064,O0001064-2,SKU00044,1,26.97,26.97,,0.0,26.97
O0001065,O0001065-1,SKU00376,1,37.84,37.84,,0.0,37.84
O0001065,O0001065-2,SKU00292,1,51.63,51.63,,0.0,51.63
O0001066,O0001066-1,SKU00299,2,33.57,67.14,,0.0,67.14
O0001066,O0001066-2,SKU00047,1,79.17,79.17,,0.0,79.17
O0001066,O0001066-3,SKU00330,1,61.47,61.47,,0.0,61.47
O0001067,O0001067-1,SKU00004,1,22.35,22.35,,0.0,22.35
O0001067,O0001067-2,SKU00275,2,50.32,100.64,,0.0,100.64
O0001068,O0001068-1,SKU00023,2,57.22,114.44,,0.0,114.44
O0001068,O0001068-2,SKU00127,1,44.81,44.81,,0.0,44.81
O0001069,O0001069-1,SKU00155,1,44.19,44.19,,0.0,44.19
O0001070,O0001070-1,SKU00138,2,17.97,35.94,,0.0,35.94
O0001070,O0001070-2,SKU00153,1,61.1,61.1,,0.0,61.1
O0001070,O0001070-3,SKU00030,1,17.63,17.63,,0.0,17.63
O0001071,O0001071-1,SKU00193,1,64.21,64.21,,0.0,64.21
O0001071,O0001071-2,SKU00206,1,31.05,31.05,,0.0,31.05
O0001072,O0001072-1,SKU00352,2,37.11,74.22,,0.0,74.22
O0001072,O0001072-2,SKU00364,1,45.23,45.23,,0.0,45.23
O0001073,O0001073-1,SKU00325,3,27.6,82.8,,0.0,82.8
O0001074,O0001074-1,SKU00276,1,22.08,22.08,,0.0,22.08
O0001074,O0001074-2,SKU00121,1,58.38,58.38,,0.0,58.38
O0001075,O0001075-1,SKU00294,1,47.23,47.23,,0.0,47.23
O0001076,O0001076-1,SKU00213,1,45.05,45.05,,0.0,45.05
O0001076,O0001076-2,SKU00049,1,49.27,49.27,,0.0,49.27
O0001077,O0001077-1,SKU00377,1,39.6,39.6,,0.0,39.6
O0001077,O0001077-2,SKU00223,1,22.77,22.77,,0.0,22.77
O0001077,O0001077-3,SKU00046,1,23.8,23.8,,0.0,23.8
O0001077,O0001077-4,SKU00362,2,26.77,53.54,,0.0,53.54
O0001078,O0001078-1,SKU00082,1,35.63,35.63,,0.0,35.63
O0001078,O0001078-2,SKU00260,1,38.96,38.96,,0.0,38.96
O0001078,O0001078-3,SKU00204,3,59.25,177.75,,0.0,177.75
O0001078,O0001078-4,SKU00346,1,102.61,102.61,,0.0,102.61
O0001079,O0001079-1,SKU00157,1,70.71,70.71,,0.0,70.71
O0001079,O0001079-2,SKU00053,2,49.62,99.24,,0.0,99.24
O0001079,O0001079-3,SKU00350,1,53.2,53.2,,0.0,53.2
O0001080,O0001080-1,SKU00224,2,53.56,107.12,,0.0,107.12
O0001080,O0001080-2,SKU00195,2,41.24,82.48,,0.0,82.48
O0001081,O0001081-1,SKU00310,1,44.67,44.67,,0.0,44.67
O0001081,O0001081-2,SKU00015,1,66.48,66.48,,0.0,66.48
O0001082,O0001082-1,SKU00310,1,44.67,44.67,,0.0,44.67
O0001082,O0001082-2,SKU00197,1,32.23,32.23,,0.0,32.23
O0001082,O0001082-3,SKU00339,1,36.52,36.52,,0.0,36.52
O0001082,O0001082-4,SKU00222,3,30.96,92.88,,0.0,92.88
O0001083,O0001083-1,SKU00193,1,64.21,64.21,,0.0,64.21
O0001083,O0001083-2,SKU00105,1,52.33,52.33,,0.0,52.33
O0001083,O0001083-3,SKU00198,2,39.26,78.52,,0.0,78.52
O0001084,O0001084-1,SKU00356,1,12.98,12.98,,0.0,12.98
O0001085,O0001085-1,SKU00396,1,15.54,15.54,,0.0,15.54
O0001085,O0001085-2,SKU00357,1,23.0,23.0,,0.0,23.0
O0001085,O0001085-3,SKU00011,1,31.25,31.25,,0.0,31.25
O0001085,O0001085-4,SKU00213,1,45.05,45.05,,0.0,45.05
O0001086,O0001086-1,SKU00057,1,34.63,34.63,,0.0,34.63
O0001086,O0001086-2,SKU00106,2,24.61,49.22,P0040,14.77,34.45
O0001087,O0001087-1,SKU00136,3,52.74,158.22,,0.0,158.22
O0001087,O0001087-2,SKU00359,1,26.27,26.27,,0.0,26.27
O0001087,O0001087-3,SKU00067,1,20.67,20.67,,0.0,20.67
O0001088,O0001088-1,SKU00082,2,35.63,71.26,,0.0,71.26
O0001088,O0001088-2,SKU00099,1,22.33,22.33,,0.0,22.33
O0001089,O0001089-1,SKU00018,2,20.66,41.32,,0.0,41.32
O0001089,O0001089-2,SKU00295,1,42.42,42.42,,0.0,42.42
O0001089,O0001089-3,SKU00349,1,18.05,18.05,,0.0,18.05
O0001090,O0001090-1,SKU00383,2,37.66,75.32,,0.0,75.32
O0001091,O0001091-1,SKU00199,1,60.64,60.64,,0.0,60.64
O0001092,O0001092-1,SKU00226,3,84.67,254.01,,0.0,254.01
O0001092,O0001092-2,SKU00046,2,23.8,47.6,,0.0,47.6
O0001092,O0001092-3,SKU00229,1,74.74,74.74,,0.0,74.74
O0001092,O0001092-4,SKU00385,1,57.12,57.12,,0.0,57.12
O0001093,O0001093-1,SKU00015,2,66.48,132.96,,0.0,132.96
O0001093,O0001093-2,SKU00237,2,54.4,108.8,,0.0,108.8
O0001094,O0001094-1,SKU00101,3,33.02,99.06,,0.0,99.06
O0001095,O0001095-1,SKU00045,2,35.31,70.62,,0.0,70.62
O0001096,O0001096-1,SKU00361,1,44.18,44.18,,0.0,44.18
O0001096,O0001096-2,SKU00041,1,31.32,31.32,,0.0,31.32
O0001096,O0001096-3,SKU00134,2,31.13,62.26,,0.0,62.26
O0001097,O0001097-1,SKU00029,1,36.29,36.29,,0.0,36.29
O0001098,O0001098-1,SKU00224,1,53.56,53.56,,0.0,53.56
O0001098,O0001098-2,SKU00237,1,54.4,54.4,,0.0,54.4
O0001098,O0001098-3,SKU00247,1,43.87,43.87,,0.0,43.87
O0001099,O0001099-1,SKU00162,1,65.18,65.18,,0.0,65.18
O0001100,O0001100-1,SKU00150,1,41.46,41.46,,0.0,41.46
O0001101,O0001101-1,SKU00398,1,85.14,85.14,,0.0,85.14
O0001101,O0001101-2,SKU00002,2,57.3,114.6,,0.0,114.6
O0001102,O0001102-1,SKU00232,1,34.95,34.95,,0.0,34.95
O0001103,O0001103-1,SKU00004,2,22.35,44.7,,0.0,44.7
O0001103,O0001103-2,SKU00122,1,22.77,22.77,,0.0,22.77
O0001103,O0001103-3,SKU00168,1,26.49,26.49,,0.0,26.49
O0001103,O0001103-4,SKU00255,1,82.33,82.33,,0.0,82.33
O0001104,O0001104-1,SKU00343,2,45.56,91.12,,0.0,91.12
O0001104,O0001104-2,SKU00017,1,37.58,37.58,,0.0,37.58
O0001104,O0001104-3,SKU00296,1,48.03,48.03,,0.0,48.03
O0001105,O0001105-1,SKU00015,3,66.48,199.44,,0.0,199.44
O0001106,O0001106-1,SKU00057,1,34.63,34.63,,0.0,34.63
O0001106,O0001106-2,SKU00071,1,50.63,50.63,,0.0,50.63
O0001107,O0001107-1,SKU00145,2,34.93,69.86,,0.0,69.86
O0001108,O0001108-1,SKU00223,3,22.77,68.31,,0.0,68.31
O0001109,O0001109-1,SKU00270,2,46.55,93.1,,0.0,93.1
O0001109,O0001109-2,SKU00146,1,60.33,60.33,,0.0,60.33
O0001110,O0001110-1,SKU00083,2,54.82,109.64,,0.0,109.64
O0001111,O0001111-1,SKU00203,1,71.32,71.32,,0.0,71.32
O0001111,O0001111-2,SKU00094,3,56.4,169.2,,0.0,169.2
O0001111,O0001111-3,SKU00127,1,44.81,44.81,,0.0,44.81
O0001112,O0001112-1,SKU00019,3,23.04,69.12,,0.0,69.12
O0001112,O0001112-2,SKU00237,1,54.4,54.4,,0.0,54.4
O0001113,O0001113-1,SKU00283,1,85.39,85.39,,0.0,85.39
O0001113,O0001113-2,SKU00243,1,34.82,34.82,,0.0,34.82
O0001113,O0001113-3,SKU00255,1,82.33,82.33,,0.0,82.33
O0001113,O0001113-4,SKU00035,1,57.12,57.12,,0.0,57.12
O0001114,O0001114-1,SKU00334,2,17.99,35.98,,0.0,35.98
O0001115,O0001115-1,SKU00320,1,20.06,20.06,P0040,6.02,14.04
O0001116,O0001116-1,SKU00137,1,60.17,60.17,,0.0,60.17
O0001116,O0001116-2,SKU00191,1,45.24,45.24,,0.0,45.24
O0001116,O0001116-3,SKU00204,1,59.25,59.25,,0.0,59.25
O0001116,O0001116-4,SKU00037,1,30.33,30.33,,0.0,30.33
O0001117,O0001117-1,SKU00101,1,33.02,33.02,,0.0,33.02
O0001117,O0001117-2,SKU00177,1,41.83,41.83,,0.0,41.83
O0001118,O0001118-1,SKU00218,1,16.49,16.49,,0.0,16.49
O0001118,O0001118-2,SKU00263,1,21.58,21.58,,0.0,21.58
O0001118,O0001118-3,SKU00234,1,20.16,20.16,,0.0,20.16
O0001119,O0001119-1,SKU00102,1,12.21,12.21,,0.0,12.21
O0001120,O0001120-1,SKU00319,1,45.64,45.64,,0.0,45.64
O0001120,O0001120-2,SKU00140,1,56.17,56.17,,0.0,56.17
O0001121,O0001121-1,SKU00357,1,23.0,23.0,,0.0,23.0
O0001121,O0001121-2,SKU00298,2,21.47,42.94,,0.0,42.94
O0001121,O0001121-3,SKU00335,1,18.97,18.97,,0.0,18.97
O0001122,O0001122-1,SKU00218,1,16.49,16.49,,0.0,16.49
O0001123,O0001123-1,SKU00155,2,44.19,88.38,,0.0,88.38
O0001123,O0001123-2,SKU00250,1,32.56,32.56,,0.0,32.56
O0001124,O0001124-1,SKU00388,1,37.93,37.93,,0.0,37.93
O0001125,O0001125-1,SKU00003,2,28.95,57.9,,0.0,57.9
O0001126,O0001126-1,SKU00071,2,50.63,101.26,,0.0,101.26
O0001126,O0001126-2,SKU00379,1,36.36,36.36,,0.0,36.36
O0001126,O0001126-3,SKU00005,1,8.67,8.67,,0.0,8.67
O0001126,O0001126-4,SKU00093,1,55.17,55.17,,0.0,55.17
O0001127,O0001127-1,SKU00281,3,52.93,158.79,,0.0,158.79
O0001127,O0001127-2,SKU00188,1,58.74,58.74,,0.0,58.74
O0001128,O0001128-1,SKU00154,1,62.36,62.36,,0.0,62.36
O0001129,O0001129-1,SKU00359,1,26.27,26.27,,0.0,26.27
O0001130,O0001130-1,SKU00331,1,21.15,21.15,P0040,6.34,14.81
O0001130,O0001130-2,SKU00106,1,24.61,24.61,,0.0,24.61
O0001130,O0001130-3,SKU00123,3,28.95,86.85,,0.0,86.85
O0001130,O0001130-4,SKU00382,2,19.75,39.5,P0040,11.85,27.65
O0001131,O0001131-1,SKU00323,2,39.02,78.04,,0.0,78.04
O0001131,O0001131-2,SKU00165,1,18.9,18.9,,0.0,18.9
O0001132,O0001132-1,SKU00229,3,74.74,224.22,,0.0,224.22
O0001133,O0001133-1,SKU00250,2,32.56,65.12,,0.0,65.12
O0001133,O0001133-2,SKU00111,1,50.04,50.04,,0.0,50.04
O0001134,O0001134-1,SKU00041,2,31.32,62.64,,0.0,62.64
O0001135,O0001135-1,SKU00291,1,33.52,33.52,,0.0,33.52
O0001135,O0001135-2,SKU00074,1,76.62,76.62,,0.0,76.62
O0001136,O0001136-1,SKU00390,1,38.26,38.26,,0.0,38.26
O0001136,O0001136-2,SKU00331,1,21.15,21.15,,0.0,21.15
O0001136,O0001136-3,SKU00090,1,36.81,36.81,,0.0,36.81
O0001137,O0001137-1,SKU00115,1,25.28,25.28,,0.0,25.28
O0001137,O0001137-2,SKU00236,1,32.17,32.17,,0.0,32.17
O0001138,O0001138-1,SKU00198,1,39.26,39.26,,0.0,39.26
O0001138,O0001138-2,SKU00282,2,46.15,92.3,,0.0,92.3
O0001138,O0001138-3,SKU00315,1,65.19,65.19,,0.0,65.19
O0001139,O0001139-1,SKU00324,1,70.29,70.29,,0.0,70.29
O0001139,O0001139-2,SKU00187,1,39.15,39.15,,0.0,39.15
O0001139,O0001139-3,SKU00073,1,61.83,61.83,,0.0,61.83
O0001140,O0001140-1,SKU00306,1,36.9,36.9,,0.0,36.9
O0001140,O0001140-2,SKU00165,1,18.9,18.9,,0.0,18.9
O0001140,O0001140-3,SKU00285,1,40.54,40.54,,0.0,40.54
O0001141,O0001141-1,SKU00216,1,68.72,68.72,,0.0,68.72
O0001141,O0001141-2,SKU00183,1,17.38,17.38,,0.0,17.38
O0001142,O0001142-1,SKU00250,2,32.56,65.12,,0.0,65.12
O0001142,O0001142-2,SKU00147,1,41.64,41.64,,0.0,41.64
O0001142,O0001142-3,SKU00198,1,39.26,39.26,,0.0,39.26
O0001142,O0001142-4,SKU00173,1,61.04,61.04,,0.0,61.04
O0001143,O0001143-1,SKU00122,2,22.77,45.54,,0.0,45.54
O0001143,O0001143-2,SKU00142,1,61.52,61.52,P0013,15.0,46.52
O0001144,O0001144-1,SKU00360,1,93.89,93.89,,0.0,93.89
O0001144,O0001144-2,SKU00220,2,42.7,85.4,,0.0,85.4
O0001145,O0001145-1,SKU00030,1,17.63,17.63,,0.0,17.63
O0001145,O0001145-2,SKU00202,2,80.2,160.4,,0.0,160.4
O0001145,O0001145-3,SKU00298,1,21.47,21.47,,0.0,21.47
O0001146,O0001146-1,SKU00135,1,42.96,42.96,,0.0,42.96
O0001146,O0001146-2,SKU00378,1,38.51,38.51,,0.0,38.51
O0001147,O0001147-1,SKU00283,2,85.39,170.78,,0.0,170.78
O0001147,O0001147-2,SKU00385,2,57.12,114.24,,0.0,114.24
O0001147,O0001147-3,SKU00217,1,31.07,31.07,,0.0,31.07
O0001148,O0001148-1,SKU00024,1,39.92,39.92,,0.0,39.92
O0001148,O0001148-2,SKU00366,1,33.09,33.09,,0.0,33.09
O0001149,O0001149-1,SKU00028,1,35.88,35.88,,0.0,35.88
O0001149,O0001149-2,SKU00075,1,53.82,53.82,,0.0,53.82
O0001149,O0001149-3,SKU00051,1,57.83,57.83,,0.0,57.83
O0001150,O0001150-1,SKU00095,3,53.11,159.33,,0.0,159.33
O0001151,O0001151-1,SKU00347,1,61.23,61.23,,0.0,61.23
O0001151,O0001151-2,SKU00128,1,24.13,24.13,,0.0,24.13
O0001152,O0001152-1,SKU00152,1,57.95,57.95,,0.0,57.95
O0001152,O0001152-2,SKU00281,1,52.93,52.93,,0.0,52.93
O0001153,O0001153-1,SKU00282,1,46.15,46.15,,0.0,46.15
O0001154,O0001154-1,SKU00352,1,37.11,37.11,,0.0,37.11
O0001154,O0001154-2,SKU00296,1,48.03,48.03,,0.0,48.03
O0001155,O0001155-1,SKU00126,1,40.15,40.15,,0.0,40.15
O0001156,O0001156-1,SKU00020,1,42.57,42.57,P0013,15.0,27.57
O0001157,O0001157-1,SKU00241,1,46.38,46.38,,0.0,46.38
O0001158,O0001158-1,SKU00320,1,20.06,20.06,,0.0,20.06
O0001158,O0001158-2,SKU00303,1,66.84,66.84,,0.0,66.84
O0001159,O0001159-1,SKU00011,1,31.25,31.25,,0.0,31.25
O0001159,O0001159-2,SKU00378,3,38.51,115.53,,0.0,115.53
O0001160,O0001160-1,SKU00117,1,30.62,30.62,,0.0,30.62
O0001161,O0001161-1,SKU00087,1,22.83,22.83,,0.0,22.83
O0001162,O0001162-1,SKU00108,1,19.31,19.31,,0.0,19.31
O0001162,O0001162-2,SKU00324,2,70.29,140.58,,0.0,140.58
O0001163,O0001163-1,SKU00196,1,36.14,36.14,,0.0,36.14
O0001163,O0001163-2,SKU00344,1,9.99,9.99,,0.0,9.99
O0001163,O0001163-3,SKU00124,1,29.76,29.76,,0.0,29.76
O0001163,O0001163-4,SKU00179,1,14.26,14.26,,0.0,14.26
O0001164,O0001164-1,SKU00066,2,52.48,104.96,,0.0,104.96
O0001164,O0001164-2,SKU00360,1,93.89,93.89,,0.0,93.89
O0001165,O0001165-1,SKU00330,1,61.47,61.47,,0.0,61.47
O0001166,O0001166-1,SKU00020,1,42.57,42.57,,0.0,42.57
O0001167,O0001167-1,SKU00051,1,57.83,57.83,,0.0,57.83
O0001167,O0001167-2,SKU00312,1,39.88,39.88,,0.0,39.88
O0001168,O0001168-1,SKU00041,1,31.32,31.32,,0.0,31.32
O0001168,O0001168-2,SKU00006,1,31.28,31.28,P0040,9.38,21.9
O0001168,O0001168-3,SKU00137,2,60.17,120.34,,0.0,120.34
O0001169,O0001169-1,SKU00240,1,78.86,78.86,,0.0,78.86
O0001170,O0001170-1,SKU00355,1,41.61,41.61,,0.0,41.61
O0001171,O0001171-1,SKU00031,2,49.75,99.5,,0.0,99.5
O0001171,O0001171-2,SKU00018,1,20.66,20.66,,0.0,20.66
O0001171,O0001171-3,SKU00347,1,61.23,61.23,,0.0,61.23
O0001172,O0001172-1,SKU00070,1,44.51,44.51,,0.0,44.51
O0001172,O0001172-2,SKU00164,1,38.71,38.71,,0.0,38.71
O0001172,O0001172-3,SKU00039,1,59.8,59.8,,0.0,59.8
O0001172,O0001172-4,SKU00136,1,52.74,52.74,,0.0,52.74
O0001173,O0001173-1,SKU00104,1,73.97,73.97,,0.0,73.97
O0001173,O0001173-2,SKU00199,1,60.64,60.64,,0.0,60.64
O0001174,O0001174-1,SKU00387,1,38.08,38.08,,0.0,38.08
O0001175,O0001175-1,SKU00029,1,36.29,36.29,,0.0,36.29
O0001176,O0001176-1,SKU00297,1,39.78,39.78,,0.0,39.78
O0001176,O0001176-2,SKU00138,1,17.97,17.97,,0.0,17.97
O0001176,O0001176-3,SKU00333,1,45.51,45.51,,0.0,45.51
O0001177,O0001177-1,SKU00128,1,24.13,24.13,,0.0,24.13
O0001177,O0001177-2,SKU00057,1,34.63,34.63,,0.0,34.63
O0001177,O0001177-3,SKU00326,2,34.94,69.88,,0.0,69.88
O0001177,O0001177-4,SKU00269,1,28.75,28.75,P0040,8.62,20.13
O0001178,O0001178-1,SKU00125,1,30.05,30.05,,0.0,30.05
O0001178,O0001178-2,SKU00286,1,54.7,54.7,,0.0,54.7
O0001178,O0001178-3,SKU00206,1,31.05,31.05,P0013,15.0,16.05
O0001179,O0001179-1,SKU00190,1,45.12,45.12,,0.0,45.12
O0001179,O0001179-2,SKU00167,1,22.6,22.6,,0.0,22.6
O0001179,O0001179-3,SKU00174,1,57.96,57.96,,0.0,57.96
O0001179,O0001179-4,SKU00235,1,46.43,46.43,,0.0,46.43
O0001180,O0001180-1,SKU00388,1,37.93,37.93,,0.0,37.93
O0001180,O0001180-2,SKU00356,1,12.98,12.98,,0.0,12.98
O0001181,O0001181-1,SKU00230,1,49.13,49.13,,0.0,49.13
O0001181,O0001181-2,SKU00224,1,53.56,53.56,,0.0,53.56
O0001181,O0001181-3,SKU00011,1,31.25,31.25,,0.0,31.25
O0001181,O0001181-4,SKU00363,1,45.39,45.39,,0.0,45.39
O0001182,O0001182-1,SKU00218,1,16.49,16.49,,0.0,16.49
O0001183,O0001183-1,SKU00194,2,40.96,81.92,,0.0,81.92
O0001183,O0001183-2,SKU00293,1,70.96,70.96,,0.0,70.96
O0001183,O0001183-3,SKU00021,1,49.41,49.41,,0.0,49.41
O0001184,O0001184-1,SKU00317,2,32.85,65.7,,0.0,65.7
O0001184,O0001184-2,SKU00279,1,31.74,31.74,,0.0,31.74
O0001184,O0001184-3,SKU00168,1,26.49,26.49,,0.0,26.49
O0001184,O0001184-4,SKU00195,1,41.24,41.24,,0.0,41.24
O0001185,O0001185-1,SKU00062,1,38.63,38.63,,0.0,38.63
O0001185,O0001185-2,SKU00200,1,61.25,61.25,,0.0,61.25
O0001186,O0001186-1,SKU00169,1,38.7,38.7,,0.0,38.7
O0001186,O0001186-2,SKU00242,1,41.5,41.5,,0.0,41.5
O0001187,O0001187-1,SKU00060,1,76.86,76.86,,0.0,76.86
O0001188,O0001188-1,SKU00285,1,40.54,40.54,,0.0,40.54
O0001188,O0001188-2,SKU00002,1,57.3,57.3,,0.0,57.3
O0001189,O0001189-1,SKU00302,1,26.48,26.48,,0.0,26.48
O0001189,O0001189-2,SKU00372,1,19.15,19.15,,0.0,19.15
O0001189,O0001189-3,SKU00316,1,21.03,21.03,,0.0,21.03
O0001189,O0001189-4,SKU00310,1,44.67,44.67,P0013,15.0,29.67
O0001190,O0001190-1,SKU00180,1,37.89,37.89,,0.0,37.89
O0001190,O0001190-2,SKU00113,3,49.01,147.03,P0034,7.35,139.68
O0001191,O0001191-1,SKU00024,1,39.92,39.92,,0.0,39.92
O0001191,O0001191-2,SKU00363,2,45.39,90.78,,0.0,90.78
O0001191,O0001191-3,SKU00232,1,34.95,34.95,,0.0,34.95
O0001191,O0001191-4,SKU00178,1,55.23,55.23,,0.0,55.23
O0001192,O0001192-1,SKU00156,3,25.39,76.17,,0.0,76.17
O0001193,O0001193-1,SKU00386,1,42.93,42.93,,0.0,42.93
O0001193,O0001193-2,SKU00396,1,15.54,15.54,P0013,15.0,0.54
O0001194,O0001194-1,SKU00073,1,61.83,61.83,,0.0,61.83
O0001194,O0001194-2,SKU00021,1,49.41,49.41,,0.0,49.41
O0001195,O0001195-1,SKU00113,1,49.01,49.01,,0.0,49.01
O0001196,O0001196-1,SKU00275,1,50.32,50.32,,0.0,50.32
O0001196,O0001196-2,SKU00070,1,44.51,44.51,P0040,13.35,31.16
O0001196,O0001196-3,SKU00107,1,64.03,64.03,,0.0,64.03
O0001197,O0001197-1,SKU00298,1,21.47,21.47,,0.0,21.47
O0001198,O0001198-1,SKU00097,1,30.01,30.01,,0.0,30.01
O0001198,O0001198-2,SKU00369,1,42.23,42.23,,0.0,42.23
O0001199,O0001199-1,SKU00164,1,38.71,38.71,,0.0,38.71
O0001200,O0001200-1,SKU00390,3,38.26,114.78,,0.0,114.78
O0001201,O0001201-1,SKU00350,1,53.2,53.2,,0.0,53.2
O0001201,O0001201-2,SKU00220,1,42.7,42.7,,0.0,42.7
O0001202,O0001202-1,SKU00145,2,34.93,69.86,,0.0,69.86
O0001202,O0001202-2,SKU00391,1,57.23,57.23,,0.0,57.23
O0001203,O0001203-1,SKU00325,1,27.6,27.6,,0.0,27.6
O0001203,O0001203-2,SKU00222,1,30.96,30.96,,0.0,30.96
O0001204,O0001204-1,SKU00359,1,26.27,26.27,,0.0,26.27
O0001204,O0001204-2,SKU00377,2,39.6,79.2,P0040,23.76,55.44
O0001204,O0001204-3,SKU00229,1,74.74,74.74,,0.0,74.74
O0001205,O0001205-1,SKU00212,2,20.15,40.3,,0.0,40.3
O0001205,O0001205-2,SKU00342,1,38.94,38.94,P0040,11.68,27.26
O0001206,O0001206-1,SKU00119,1,37.15,37.15,,0.0,37.15
O0001206,O0001206-2,SKU00028,1,35.88,35.88,,0.0,35.88
O0001207,O0001207-1,SKU00240,1,78.86,78.86,,0.0,78.86
O0001207,O0001207-2,SKU00352,1,37.11,37.11,,0.0,37.11
O0001208,O0001208-1,SKU00195,1,41.24,41.24,,0.0,41.24
O0001208,O0001208-2,SKU00382,1,19.75,19.75,,0.0,19.75
O0001209,O0001209-1,SKU00321,1,13.85,13.85,,0.0,13.85
O0001210,O0001210-1,SKU00224,1,53.56,53.56,,0.0,53.56
O0001210,O0001210-2,SKU00294,1,47.23,47.23,,0.0,47.23
O0001211,O0001211-1,SKU00328,2,35.12,70.24,,0.0,70.24
O0001211,O0001211-2,SKU00268,1,43.83,43.83,,0.0,43.83
O0001212,O0001212-1,SKU00050,2,25.95,51.9,,0.0,51.9
O0001212,O0001212-2,SKU00114,1,29.46,29.46,,0.0,29.46
O0001212,O0001212-3,SKU00289,1,47.79,47.79,,0.0,47.79
O0001212,O0001212-4,SKU00033,1,24.44,24.44,,0.0,24.44
O0001213,O0001213-1,SKU00261,1,86.51,86.51,,0.0,86.51
O0001214,O0001214-1,SKU00171,1,60.15,60.15,,0.0,60.15
O0001215,O0001215-1,SKU00366,2,33.09,66.18,,0.0,66.18
O0001215,O0001215-2,SKU00225,1,25.36,25.36,,0.0,25.36
O0001215,O0001215-3,SKU00018,1,20.66,20.66,P0034,1.03,19.63
O0001216,O0001216-1,SKU00350,1,53.2,53.2,,0.0,53.2
O0001216,O0001216-2,SKU00170,1,29.26,29.26,,0.0,29.26
O0001216,O0001216-3,SKU00010,1,32.93,32.93,,0.0,32.93
O0001217,O0001217-1,SKU00286,1,54.7,54.7,,0.0,54.7
O0001217,O0001217-2,SKU00304,2,28.55,57.1,,0.0,57.1
O0001217,O0001217-3,SKU00099,1,22.33,22.33,,0.0,22.33
O0001218,O0001218-1,SKU00297,2,39.78,79.56,,0.0,79.56
O0001218,O0001218-2,SKU00165,1,18.9,18.9,,0.0,18.9
O0001218,O0001218-3,SKU00319,1,45.64,45.64,P0040,13.69,31.95
O0001219,O0001219-1,SKU00063,1,26.13,26.13,,0.0,26.13
O0001220,O0001220-1,SKU00115,1,25.28,25.28,,0.0,25.28
O0001221,O0001221-1,SKU00021,1,49.41,49.41,,0.0,49.41
O0001222,O0001222-1,SKU00269,1,28.75,28.75,,0.0,28.75
O0001223,O0001223-1,SKU00333,1,45.51,45.51,,0.0,45.51
O0001224,O0001224-1,SKU00343,1,45.56,45.56,,0.0,45.56
O0001224,O0001224-2,SKU00001,1,32.38,32.38,,0.0,32.38
O0001225,O0001225-1,SKU00150,1,41.46,41.46,,0.0,41.46
O0001225,O0001225-2,SKU00363,1,45.39,45.39,,0.0,45.39
O0001226,O0001226-1,SKU00177,1,41.83,41.83,,0.0,41.83
O0001226,O0001226-2,SKU00038,2,50.53,101.06,,0.0,101.06
O0001227,O0001227-1,SKU00001,1,32.38,32.38,,0.0,32.38
O0001227,O0001227-2,SKU00339,2,36.52,73.04,,0.0,73.04
O0001227,O0001227-3,SKU00307,1,36.83,36.83,,0.0,36.83
O0001228,O0001228-1,SKU00040,1,46.34,46.34,,0.0,46.34
O0001229,O0001229-1,SKU00137,1,60.17,60.17,,0.0,60.17
O0001229,O0001229-2,SKU00084,1,33.92,33.92,,0.0,33.92
O0001229,O0001229-3,SKU00287,1,61.4,61.4,,0.0,61.4
O0001230,O0001230-1,SKU00303,1,66.84,66.84,,0.0,66.84
O0001230,O0001230-2,SKU00236,1,32.17,32.17,,0.0,32.17
O0001231,O0001231-1,SKU00229,1,74.74,74.74,,0.0,74.74
O0001231,O0001231-2,SKU00245,1,49.62,49.62,,0.0,49.62
O0001231,O0001231-3,SKU00145,1,34.93,34.93,,0.0,34.93
O0001232,O0001232-1,SKU00357,1,23.0,23.0,,0.0,23.0
O0001232,O0001232-2,SKU00187,1,39.15,39.15,,0.0,39.15
O0001233,O0001233-1,SKU00147,1,41.64,41.64,,0.0,41.64
O0001234,O0001234-1,SKU00104,1,73.97,73.97,,0.0,73.97
O0001234,O0001234-2,SKU00143,1,18.48,18.48,,0.0,18.48
O0001234,O0001234-3,SKU00273,2,56.47,112.94,,0.0,112.94
O0001234,O0001234-4,SKU00122,1,22.77,22.77,,0.0,22.77
O0001235,O0001235-1,SKU00021,1,49.41,49.41,,0.0,49.41
O0001235,O0001235-2,SKU00221,1,31.0,31.0,,0.0,31.0
O0001235,O0001235-3,SKU00226,1,84.67,84.67,,0.0,84.67
O0001235,O0001235-4,SKU00150,2,41.46,82.92,,0.0,82.92
O0001236,O0001236-1,SKU00388,1,37.93,37.93,,0.0,37.93
O0001236,O0001236-2,SKU00243,1,34.82,34.82,,0.0,34.82
O0001236,O0001236-3,SKU00033,1,24.44,24.44,,0.0,24.44
O0001236,O0001236-4,SKU00358,1,36.52,36.52,,0.0,36.52
O0001237,O0001237-1,SKU00043,1,50.54,50.54,,0.0,50.54
O0001238,O0001238-1,SKU00346,1,102.61,102.61,,0.0,102.61
O0001239,O0001239-1,SKU00143,1,18.48,18.48,,0.0,18.48
O0001239,O0001239-2,SKU00197,1,32.23,32.23,,0.0,32.23
O0001240,O0001240-1,SKU00021,1,49.41,49.41,,0.0,49.41
O0001240,O0001240-2,SKU00304,1,28.55,28.55,,0.0,28.55
O0001240,O0001240-3,SKU00066,1,52.48,52.48,,0.0,52.48
O0001240,O0001240-4,SKU00015,1,66.48,66.48,,0.0,66.48
O0001241,O0001241-1,SKU00342,1,38.94,38.94,,0.0,38.94
O0001241,O0001241-2,SKU00258,1,50.85,50.85,,0.0,50.85
O0001242,O0001242-1,SKU00121,1,58.38,58.38,,0.0,58.38
O0001242,O0001242-2,SKU00142,1,61.52,61.52,P0013,15.0,46.52
O0001242,O0001242-3,SKU00368,1,19.96,19.96,,0.0,19.96
O0001243,O0001243-1,SKU00001,1,32.38,32.38,,0.0,32.38
O0001244,O0001244-1,SKU00181,1,47.26,47.26,,0.0,47.26
O0001244,O0001244-2,SKU00152,1,57.95,57.95,,0.0,57.95
O0001244,O0001244-3,SKU00043,3,50.54,151.62,,0.0,151.62
O0001244,O0001244-4,SKU00350,1,53.2,53.2,,0.0,53.2
O0001245,O0001245-1,SKU00043,1,50.54,50.54,,0.0,50.54
O0001245,O0001245-2,SKU00331,1,21.15,21.15,,0.0,21.15
O0001246,O0001246-1,SKU00361,1,44.18,44.18,,0.0,44.18
O0001247,O0001247-1,SKU00203,1,71.32,71.32,,0.0,71.32
O0001247,O0001247-2,SKU00349,2,18.05,36.1,,0.0,36.1
O0001247,O0001247-3,SKU00162,2,65.18,130.36,,0.0,130.36
O0001247,O0001247-4,SKU00235,1,46.43,46.43,,0.0,46.43
O0001248,O0001248-1,SKU00172,2,17.17,34.34,,0.0,34.34
O0001248,O0001248-2,SKU00311,1,60.22,60.22,,0.0,60.22
O0001249,O0001249-1,SKU00230,1,49.13,49.13,,0.0,49.13
O0001249,O0001249-2,SKU00381,2,81.55,163.1,,0.0,163.1
O0001249,O0001249-3,SKU00117,1,30.62,30.62,,0.0,30.62
O0001250,O0001250-1,SKU00245,1,49.62,49.62,,0.0,49.62
O0001250,O0001250-2,SKU00102,1,12.21,12.21,,0.0,12.21
O0001251,O0001251-1,SKU00259,1,40.89,40.89,,0.0,40.89
O0001251,O0001251-2,SKU00146,1,60.33,60.33,,0.0,60.33
O0001252,O0001252-1,SKU00281,1,52.93,52.93,,0.0,52.93
O0001252,O0001252-2,SKU00118,1,21.46,21.46,,0.0,21.46
O0001252,O0001252-3,SKU00148,1,39.39,39.39,,0.0,39.39
O0001253,O0001253-1,SKU00039,1,59.8,59.8,,0.0,59.8
O0001253,O0001253-2,SKU00051,2,57.83,115.66,,0.0,115.66
O0001253,O0001253-3,SKU00306,1,36.9,36.9,,0.0,36.9
O0001254,O0001254-1,SKU00390,2,38.26,76.52,,0.0,76.52
O0001255,O0001255-1,SKU00325,1,27.6,27.6,,0.0,27.6
O0001255,O0001255-2,SKU00124,1,29.76,29.76,,0.0,29.76
O0001256,O0001256-1,SKU00194,1,40.96,40.96,,0.0,40.96
O0001256,O0001256-2,SKU00303,1,66.84,66.84,,0.0,66.84
O0001256,O0001256-3,SKU00111,1,50.04,50.04,,0.0,50.04
O0001257,O0001257-1,SKU00047,2,79.17,158.34,,0.0,158.34
O0001258,O0001258-1,SKU00251,1,23.58,23.58,,0.0,23.58
O0001258,O0001258-2,SKU00020,1,42.57,42.57,,0.0,42.57
O0001259,O0001259-1,SKU00286,1,54.7,54.7,,0.0,54.7
O0001260,O0001260-1,SKU00153,1,61.1,61.1,,0.0,61.1
O0001260,O0001260-2,SKU00028,1,35.88,35.88,,0.0,35.88
O0001260,O0001260-3,SKU00153,1,61.1,61.1,,0.0,61.1
O0001261,O0001261-1,SKU00193,1,64.21,64.21,,0.0,64.21
O0001261,O0001261-2,SKU00381,1,81.55,81.55,,0.0,81.55
O0001262,O0001262-1,SKU00115,1,25.28,25.28,,0.0,25.28
O0001262,O0001262-2,SKU00356,2,12.98,25.96,,0.0,25.96
O0001262,O0001262-3,SKU00194,1,40.96,40.96,,0.0,40.96
O0001262,O0001262-4,SKU00128,1,24.13,24.13,,0.0,24.13
O0001263,O0001263-1,SKU00331,1,21.15,21.15,,0.0,21.15
O0001264,O0001264-1,SKU00076,1,31.8,31.8,,0.0,31.8
O0001264,O0001264-2,SKU00346,1,102.61,102.61,,0.0,102.61
O0001265,O0001265-1,SKU00321,2,13.85,27.7,,0.0,27.7
O0001265,O0001265-2,SKU00248,1,48.06,48.06,,0.0,48.06
O0001265,O0001265-3,SKU00175,1,44.19,44.19,,0.0,44.19
O0001266,O0001266-1,SKU00358,1,36.52,36.52,P0059,5.48,31.04
O0001266,O0001266-2,SKU00345,1,60.26,60.26,,0.0,60.26
O0001266,O0001266-3,SKU00391,1,57.23,57.23,,0.0,57.23
O0001267,O0001267-1,SKU00347,3,61.23,183.69,,0.0,183.69
O0001267,O0001267-2,SKU00398,1,85.14,85.14,,0.0,85.14
O0001267,O0001267-3,SKU00283,1,85.39,85.39,,0.0,85.39
O0001267,O0001267-4,SKU00250,2,32.56,65.12,,0.0,65.12
O0001268,O0001268-1,SKU00080,1,45.12,45.12,,0.0,45.12
O0001269,O0001269-1,SKU00084,1,33.92,33.92,,0.0,33.92
O0001270,O0001270-1,SKU00107,2,64.03,128.06,,0.0,128.06
O0001270,O0001270-2,SKU00142,3,61.52,184.56,,0.0,184.56
O0001270,O0001270-3,SKU00261,1,86.51,86.51,,0.0,86.51
O0001271,O0001271-1,SKU00021,2,49.41,98.82,,0.0,98.82
O0001272,O0001272-1,SKU00358,1,36.52,36.52,,0.0,36.52
O0001273,O0001273-1,SKU00230,2,49.13,98.26,,0.0,98.26
O0001273,O0001273-2,SKU00358,1,36.52,36.52,,0.0,36.52
O0001274,O0001274-1,SKU00363,1,45.39,45.39,,0.0,45.39
O0001274,O0001274-2,SKU00157,1,70.71,70.71,,0.0,70.71
O0001274,O0001274-3,SKU00314,2,39.09,78.18,,0.0,78.18
O0001275,O0001275-1,SKU00345,1,60.26,60.26,,0.0,60.26
O0001275,O0001275-2,SKU00248,1,48.06,48.06,P0040,14.42,33.64
O0001276,O0001276-1,SKU00236,1,32.17,32.17,,0.0,32.17
O0001276,O0001276-2,SKU00051,1,57.83,57.83,,0.0,57.83
O0001277,O0001277-1,SKU00217,1,31.07,31.07,,0.0,31.07
O0001277,O0001277-2,SKU00391,1,57.23,57.23,,0.0,57.23
O0001278,O0001278-1,SKU00377,1,39.6,39.6,,0.0,39.6
O0001279,O0001279-1,SKU00388,1,37.93,37.93,,0.0,37.93
O0001279,O0001279-2,SKU00366,1,33.09,33.09,P0040,9.93,23.16
O0001279,O0001279-3,SKU00307,1,36.83,36.83,,0.0,36.83
O0001280,O0001280-1,SKU00141,1,78.13,78.13,,0.0,78.13
O0001281,O0001281-1,SKU00222,1,30.96,30.96,,0.0,30.96
O0001281,O0001281-2,SKU00206,1,31.05,31.05,,0.0,31.05
O0001281,O0001281-3,SKU00153,2,61.1,122.2,,0.0,122.2
O0001282,O0001282-1,SKU00347,1,61.23,61.23,P0059,9.18,52.05
O0001282,O0001282-2,SKU00152,2,57.95,115.9,,0.0,115.9
O0001282,O0001282-3,SKU00318,1,30.41,30.41,,0.0,30.41
O0001283,O0001283-1,SKU00049,1,49.27,49.27,,0.0,49.27
O0001283,O0001283-2,SKU00381,2,81.55,163.1,,0.0,163.1
O0001284,O0001284-1,SKU00132,1,44.43,44.43,,0.0,44.43
O0001285,O0001285-1,SKU00022,2,28.83,57.66,,0.0,57.66
O0001285,O0001285-2,SKU00205,1,35.8,35.8,,0.0,35.8
O0001286,O0001286-1,SKU00318,1,30.41,30.41,,0.0,30.41
O0001287,O0001287-1,SKU00086,2,72.82,145.64,,0.0,145.64
O0001287,O0001287-2,SKU00389,1,51.94,51.94,,0.0,51.94
O0001287,O0001287-3,SKU00157,1,70.71,70.71,,0.0,70.71
O0001287,O0001287-4,SKU00393,1,14.38,14.38,,0.0,14.38
O0001288,O0001288-1,SKU00399,1,38.17,38.17,,0.0,38.17
O0001288,O0001288-2,SKU00358,1,36.52,36.52,,0.0,36.52
O0001289,O0001289-1,SKU00063,1,26.13,26.13,,0.0,26.13
O0001289,O0001289-2,SKU00109,1,88.61,88.61,,0.0,88.61
O0001289,O0001289-3,SKU00189,2,53.14,106.28,,0.0,106.28
O0001290,O0001290-1,SKU00002,1,57.3,57.3,,0.0,57.3
O0001291,O0001291-1,SKU00132,1,44.43,44.43,P0013,15.0,29.43
O0001292,O0001292-1,SKU00395,1,26.26,26.26,,0.0,26.26
O0001292,O0001292-2,SKU00167,1,22.6,22.6,,0.0,22.6
O0001293,O0001293-1,SKU00010,1,32.93,32.93,,0.0,32.93
O0001293,O0001293-2,SKU00286,2,54.7,109.4,,0.0,109.4
O0001294,O0001294-1,SKU00067,1,20.67,20.67,,0.0,20.67
O0001294,O0001294-2,SKU00334,1,17.99,17.99,,0.0,17.99
O0001295,O0001295-1,SKU00171,2,60.15,120.3,,0.0,120.3
O0001295,O0001295-2,SKU00069,1,19.77,19.77,,0.0,19.77
O0001296,O0001296-1,SKU00130,1,66.52,66.52,,0.0,66.52
O0001296,O0001296-2,SKU00378,2,38.51,77.02,,0.0,77.02
O0001297,O0001297-1,SKU00205,2,35.8,71.6,,0.0,71.6
O0001297,O0001297-2,SKU00229,1,74.74,74.74,P0040,22.42,52.32
O0001298,O0001298-1,SKU00379,1,36.36,36.36,,0.0,36.36
O0001298,O0001298-2,SKU00307,2,36.83,73.66,,0.0,73.66
O0001299,O0001299-1,SKU00118,1,21.46,21.46,,0.0,21.46
O0001299,O0001299-2,SKU00043,1,50.54,50.54,,0.0,50.54
O0001299,O0001299-3,SKU00255,1,82.33,82.33,,0.0,82.33
O0001300,O0001300-1,SKU00145,3,34.93,104.79,,0.0,104.79
O0001300,O0001300-2,SKU00093,1,55.17,55.17,,0.0,55.17
O0001301,O0001301-1,SKU00331,1,21.15,21.15,,0.0,21.15
O0001301,O0001301-2,SKU00033,1,24.44,24.44,,0.0,24.44
O0001301,O0001301-3,SKU00296,1,48.03,48.03,,0.0,48.03
O0001301,O0001301-4,SKU00179,2,14.26,28.52,,0.0,28.52
O0001302,O0001302-1,SKU00033,1,24.44,24.44,,0.0,24.44
O0001302,O0001302-2,SKU00367,1,50.59,50.59,,0.0,50.59
O0001302,O0001302-3,SKU00189,1,53.14,53.14,,0.0,53.14
O0001303,O0001303-1,SKU00318,1,30.41,30.41,,0.0,30.41
O0001303,O0001303-2,SKU00134,1,31.13,31.13,P0059,4.67,26.46
O0001303,O0001303-3,SKU00183,2,17.38,34.76,,0.0,34.76
O0001304,O0001304-1,SKU00063,1,26.13,26.13,,0.0,26.13
O0001304,O0001304-2,SKU00029,1,36.29,36.29,,0.0,36.29
O0001305,O0001305-1,SKU00223,1,22.77,22.77,,0.0,22.77
O0001305,O0001305-2,SKU00130,1,66.52,66.52,,0.0,66.52
O0001306,O0001306-1,SKU00170,2,29.26,58.52,,0.0,58.52
O0001307,O0001307-1,SKU00392,1,45.36,45.36,,0.0,45.36
O0001307,O0001307-2,SKU00334,2,17.99,35.98,,0.0,35.98
O0001308,O0001308-1,SKU00099,1,22.33,22.33,,0.0,22.33
O0001308,O0001308-2,SKU00017,1,37.58,37.58,P0034,1.88,35.7
O0001308,O0001308-3,SKU00320,1,20.06,20.06,,0.0,20.06
O0001309,O0001309-1,SKU00344,1,9.99,9.99,,0.0,9.99
O0001309,O0001309-2,SKU00171,1,60.15,60.15,P0059,9.02,51.13
O0001310,O0001310-1,SKU00107,1,64.03,64.03,P0059,9.6,54.43
O0001310,O0001310-2,SKU00232,1,34.95,34.95,,0.0,34.95
O0001311,O0001311-1,SKU00391,1,57.23,57.23,,0.0,57.23
O0001312,O0001312-1,SKU00311,1,60.22,60.22,,0.0,60.22
O0001312,O0001312-2,SKU00183,1,17.38,17.38,,0.0,17.38
O0001312,O0001312-3,SKU00368,1,19.96,19.96,,0.0,19.96
O0001313,O0001313-1,SKU00388,1,37.93,37.93,,0.0,37.93
O0001313,O0001313-2,SKU00310,1,44.67,44.67,,0.0,44.67
O0001313,O0001313-3,SKU00184,1,34.06,34.06,,0.0,34.06
O0001314,O0001314-1,SKU00018,1,20.66,20.66,,0.0,20.66
O0001314,O0001314-2,SKU00188,1,58.74,58.74,,0.0,58.74
O0001315,O0001315-1,SKU00053,1,49.62,49.62,,0.0,49.62
O0001315,O0001315-2,SKU00212,1,20.15,20.15,,0.0,20.15
O0001315,O0001315-3,SKU00090,1,36.81,36.81,,0.0,36.81
O0001315,O0001315-4,SKU00183,1,17.38,17.38,,0.0,17.38
O0001316,O0001316-1,SKU00297,1,39.78,39.78,,0.0,39.78
O0001317,O0001317-1,SKU00066,1,52.48,52.48,,0.0,52.48
O0001317,O0001317-2,SKU00114,1,29.46,29.46,,0.0,29.46
O0001318,O0001318-1,SKU00135,1,42.96,42.96,,0.0,42.96
O0001319,O0001319-1,SKU00069,1,19.77,19.77,,0.0,19.77
O0001319,O0001319-2,SKU00310,1,44.67,44.67,,0.0,44.67
O0001320,O0001320-1,SKU00323,1,39.02,39.02,,0.0,39.02
O0001320,O0001320-2,SKU00385,1,57.12,57.12,,0.0,57.12
O0001321,O0001321-1,SKU00228,1,106.95,106.95,,0.0,106.95
O0001321,O0001321-2,SKU00343,3,45.56,136.68,,0.0,136.68
O0001322,O0001322-1,SKU00329,1,37.64,37.64,,0.0,37.64
O0001323,O0001323-1,SKU00220,1,42.7,42.7,,0.0,42.7
O0001323,O0001323-2,SKU00350,1,53.2,53.2,P0059,7.98,45.22
O0001323,O0001323-3,SKU00216,1,68.72,68.72,,0.0,68.72
O0001323,O0001323-4,SKU00169,1,38.7,38.7,,0.0,38.7
O0001324,O0001324-1,SKU00050,1,25.95,25.95,,0.0,25.95
O0001324,O0001324-2,SKU00258,1,50.85,50.85,,0.0,50.85
O0001325,O0001325-1,SKU00261,1,86.51,86.51,,0.0,86.51
O0001326,O0001326-1,SKU00166,1,65.47,65.47,,0.0,65.47
O0001326,O0001326-2,SKU00333,2,45.51,91.02,,0.0,91.02
O0001327,O0001327-1,SKU00293,1,70.96,70.96,P0040,21.29,49.67
O0001327,O0001327-2,SKU00081,1,30.86,30.86,,0.0,30.86
O0001327,O0001327-3,SKU00311,1,60.22,60.22,,0.0,60.22
O0001328,O0001328-1,SKU00020,1,42.57,42.57,,0.0,42.57
O0001328,O0001328-2,SKU00108,1,19.31,19.31,,0.0,19.31
O0001329,O0001329-1,SKU00049,1,49.27,49.27,,0.0,49.27
O0001330,O0001330-1,SKU00086,1,72.82,72.82,,0.0,72.82
O0001331,O0001331-1,SKU00325,2,27.6,55.2,,0.0,55.2
O0001332,O0001332-1,SKU00318,2,30.41,60.82,P0013,15.0,45.82
O0001332,O0001332-2,SKU00095,1,53.11,53.11,,0.0,53.11
O0001333,O0001333-1,SKU00118,1,21.46,21.46,,0.0,21.46
O0001333,O0001333-2,SKU00194,1,40.96,40.96,P0013,15.0,25.96
O0001334,O0001334-1,SKU00173,1,61.04,61.04,,0.0,61.04
O0001334,O0001334-2,SKU00053,1,49.62,49.62,,0.0,49.62
O0001334,O0001334-3,SKU00253,1,51.01,51.01,,0.0,51.01
O0001334,O0001334-4,SKU00030,3,17.63,52.89,,0.0,52.89
O0001335,O0001335-1,SKU00346,1,102.61,102.61,,0.0,102.61
O0001336,O0001336-1,SKU00001,1,32.38,32.38,P0059,4.86,27.52
O0001337,O0001337-1,SKU00102,1,12.21,12.21,,0.0,12.21
O0001338,O0001338-1,SKU00035,1,57.12,57.12,,0.0,57.12
O0001339,O0001339-1,SKU00168,1,26.49,26.49,,0.0,26.49
O0001339,O0001339-2,SKU00132,2,44.43,88.86,,0.0,88.86
O0001339,O0001339-3,SKU00359,1,26.27,26.27,,0.0,26.27
O0001340,O0001340-1,SKU00383,1,37.66,37.66,P0059,5.65,32.01
O0001340,O0001340-2,SKU00397,1,66.5,66.5,,0.0,66.5
O0001340,O0001340-3,SKU00084,1,33.92,33.92,P0040,10.18,23.74
O0001341,O0001341-1,SKU00361,1,44.18,44.18,,0.0,44.18
O0001341,O0001341-2,SKU00318,2,30.41,60.82,,0.0,60.82
O0001341,O0001341-3,SKU00138,1,17.97,17.97,,0.0,17.97
O0001342,O0001342-1,SKU00053,1,49.62,49.62,,0.0,49.62
O0001343,O0001343-1,SKU00191,1,45.24,45.24,,0.0,45.24
O0001344,O0001344-1,SKU00223,1,22.77,22.77,,0.0,22.77
O0001345,O0001345-1,SKU00229,1,74.74,74.74,,0.0,74.74
O0001345,O0001345-2,SKU00194,2,40.96,81.92,,0.0,81.92
O0001346,O0001346-1,SKU00087,1,22.83,22.83,,0.0,22.83
O0001347,O0001347-1,SKU00016,1,33.83,33.83,,0.0,33.83
O0001348,O0001348-1,SKU00020,2,42.57,85.14,,0.0,85.14
O0001348,O0001348-2,SKU00219,1,65.58,65.58,,0.0,65.58
O0001349,O0001349-1,SKU00379,1,36.36,36.36,P0059,5.45,30.91
O0001349,O0001349-2,SKU00175,1,44.19,44.19,,0.0,44.19
O0001350,O0001350-1,SKU00203,1,71.32,71.32,,0.0,71.32
O0001350,O0001350-2,SKU00216,1,68.72,68.72,,0.0,68.72
O0001350,O0001350-3,SKU00165,1,18.9,18.9,,0.0,18.9
O0001350,O0001350-4,SKU00138,1,17.97,17.97,,0.0,17.97
O0001351,O0001351-1,SKU00086,1,72.82,72.82,,0.0,72.82
O0001351,O0001351-2,SKU00332,1,104.52,104.52,P0059,15.68,88.84
O0001352,O0001352-1,SKU00203,2,71.32,142.64,,0.0,142.64
O0001352,O0001352-2,SKU00384,2,16.39,32.78,,0.0,32.78
O0001353,O0001353-1,SKU00034,2,45.57,91.14,,0.0,91.14
O0001353,O0001353-2,SKU00203,1,71.32,71.32,,0.0,71.32
O0001353,O0001353-3,SKU00006,1,31.28,31.28,,0.0,31.28
O0001354,O0001354-1,SKU00123,1,28.95,28.95,,0.0,28.95
O0001354,O0001354-2,SKU00173,1,61.04,61.04,,0.0,61.04
O0001354,O0001354-3,SKU00339,1,36.52,36.52,,0.0,36.52
O0001355,O0001355-1,SKU00393,1,14.38,14.38,,0.0,14.38
O0001355,O0001355-2,SKU00127,1,44.81,44.81,,0.0,44.81
O0001356,O0001356-1,SKU00158,1,19.54,19.54,,0.0,19.54
O0001357,O0001357-1,SKU00080,1,45.12,45.12,,0.0,45.12
O0001358,O0001358-1,SKU00179,2,14.26,28.52,,0.0,28.52
O0001358,O0001358-2,SKU00371,1,48.42,48.42,,0.0,48.42
O0001358,O0001358-3,SKU00117,2,30.62,61.24,,0.0,61.24
O0001359,O0001359-1,SKU00146,1,60.33,60.33,,0.0,60.33
O0001359,O0001359-2,SKU00125,1,30.05,30.05,,0.0,30.05
O0001359,O0001359-3,SKU00141,1,78.13,78.13,,0.0,78.13
O0001360,O0001360-1,SKU00111,1,50.04,50.04,,0.0,50.04
O0001361,O0001361-1,SKU00202,1,80.2,80.2,,0.0,80.2
O0001362,O0001362-1,SKU00085,1,51.96,51.96,,0.0,51.96
O0001362,O0001362-2,SKU00173,2,61.04,122.08,,0.0,122.08
O0001363,O0001363-1,SKU00220,1,42.7,42.7,,0.0,42.7
O0001363,O0001363-2,SKU00307,2,36.83,73.66,,0.0,73.66
O0001364,O0001364-1,SKU00189,1,53.14,53.14,,0.0,53.14
O0001364,O0001364-2,SKU00216,1,68.72,68.72,,0.0,68.72
O0001364,O0001364-3,SKU00190,1,45.12,45.12,P0059,6.77,38.35
O0001365,O0001365-1,SKU00107,1,64.03,64.03,,0.0,64.03
O0001366,O0001366-1,SKU00379,1,36.36,36.36,,0.0,36.36
O0001366,O0001366-2,SKU00376,1,37.84,37.84,,0.0,37.84
O0001367,O0001367-1,SKU00258,2,50.85,101.7,,0.0,101.7
O0001368,O0001368-1,SKU00009,1,52.68,52.68,,0.0,52.68
O0001369,O0001369-1,SKU00074,1,76.62,76.62,,0.0,76.62
O0001369,O0001369-2,SKU00169,1,38.7,38.7,,0.0,38.7
O0001369,O0001369-3,SKU00060,1,76.86,76.86,,0.0,76.86
O0001370,O0001370-1,SKU00311,1,60.22,60.22,,0.0,60.22
O0001370,O0001370-2,SKU00169,2,38.7,77.4,,0.0,77.4
O0001371,O0001371-1,SKU00226,1,84.67,84.67,,0.0,84.67
O0001371,O0001371-2,SKU00249,1,31.28,31.28,,0.0,31.28
O0001372,O0001372-1,SKU00283,1,85.39,85.39,,0.0,85.39
O0001373,O0001373-1,SKU00148,1,39.39,39.39,,0.0,39.39
O0001373,O0001373-2,SKU00003,1,28.95,28.95,,0.0,28.95
O0001374,O0001374-1,SKU00197,1,32.23,32.23,P0059,4.83,27.4
O0001375,O0001375-1,SKU00306,1,36.9,36.9,,0.0,36.9
O0001375,O0001375-2,SKU00035,1,57.12,57.12,,0.0,57.12
O0001376,O0001376-1,SKU00371,1,48.42,48.42,P0059,7.26,41.16
O0001377,O0001377-1,SKU00384,2,16.39,32.78,,0.0,32.78
O0001378,O0001378-1,SKU00184,1,34.06,34.06,,0.0,34.06
O0001378,O0001378-2,SKU00231,1,34.06,34.06,,0.0,34.06
O0001378,O0001378-3,SKU00230,1,49.13,49.13,,0.0,49.13
O0001379,O0001379-1,SKU00026,1,45.44,45.44,P0059,6.82,38.62
O0001379,O0001379-2,SKU00160,1,42.59,42.59,,0.0,42.59
O0001379,O0001379-3,SKU00094,1,56.4,56.4,,0.0,56.4
O0001379,O0001379-4,SKU00164,1,38.71,38.71,,0.0,38.71
O0001380,O0001380-1,SKU00219,2,65.58,131.16,,0.0,131.16
O0001380,O0001380-2,SKU00374,1,34.49,34.49,,0.0,34.49
O0001380,O0001380-3,SKU00334,1,17.99,17.99,,0.0,17.99
O0001380,O0001380-4,SKU00293,3,70.96,212.88,,0.0,212.88
O0001381,O0001381-1,SKU00298,1,21.47,21.47,,0.0,21.47
O0001381,O0001381-2,SKU00229,1,74.74,74.74,,0.0,74.74
O0001381,O0001381-3,SKU00339,1,36.52,36.52,,0.0,36.52
O0001382,O0001382-1,SKU00222,1,30.96,30.96,P0059,4.64,26.32
O0001382,O0001382-2,SKU00151,1,20.05,20.05,,0.0,20.05
O0001382,O0001382-3,SKU00374,1,34.49,34.49,,0.0,34.49
O0001383,O0001383-1,SKU00294,2,47.23,94.46,,0.0,94.46
O0001383,O0001383-2,SKU00045,1,35.31,35.31,,0.0,35.31
O0001384,O0001384-1,SKU00026,1,45.44,45.44,P0059,6.82,38.62
O0001384,O0001384-2,SKU00178,1,55.23,55.23,,0.0,55.23
O0001384,O0001384-3,SKU00077,1,17.01,17.01,,0.0,17.01
O0001385,O0001385-1,SKU00278,1,54.54,54.54,,0.0,54.54
O0001385,O0001385-2,SKU00366,1,33.09,33.09,,0.0,33.09
O0001385,O0001385-3,SKU00299,1,33.57,33.57,,0.0,33.57
O0001385,O0001385-4,SKU00114,1,29.46,29.46,,0.0,29.46
O0001386,O0001386-1,SKU00135,1,42.96,42.96,P0034,2.15,40.81
O0001386,O0001386-2,SKU00129,1,38.65,38.65,,0.0,38.65
O0001386,O0001386-3,SKU00255,2,82.33,164.66,,0.0,164.66
O0001386,O0001386-4,SKU00239,1,15.42,15.42,,0.0,15.42
O0001387,O0001387-1,SKU00136,1,52.74,52.74,,0.0,52.74
O0001388,O0001388-1,SKU00130,1,66.52,66.52,,0.0,66.52
O0001389,O0001389-1,SKU00172,1,17.17,17.17,,0.0,17.17
O0001389,O0001389-2,SKU00020,1,42.57,42.57,,0.0,42.57
O0001390,O0001390-1,SKU00076,1,31.8,31.8,,0.0,31.8
O0001391,O0001391-1,SKU00121,1,58.38,58.38,P0059,8.76,49.62
O0001392,O0001392-1,SKU00252,1,57.03,57.03,,0.0,57.03
O0001392,O0001392-2,SKU00146,1,60.33,60.33,,0.0,60.33
O0001393,O0001393-1,SKU00212,1,20.15,20.15,,0.0,20.15
O0001393,O0001393-2,SKU00304,1,28.55,28.55,,0.0,28.55
O0001394,O0001394-1,SKU00202,1,80.2,80.2,,0.0,80.2
O0001394,O0001394-2,SKU00066,1,52.48,52.48,,0.0,52.48
O0001395,O0001395-1,SKU00141,1,78.13,78.13,,0.0,78.13
O0001396,O0001396-1,SKU00122,1,22.77,22.77,,0.0,22.77
O0001397,O0001397-1,SKU00339,1,36.52,36.52,,0.0,36.52
O0001397,O0001397-2,SKU00147,1,41.64,41.64,,0.0,41.64
O0001398,O0001398-1,SKU00329,1,37.64,37.64,,0.0,37.64
O0001399,O0001399-1,SKU00099,1,22.33,22.33,,0.0,22.33
O0001399,O0001399-2,SKU00189,1,53.14,53.14,,0.0,53.14
O0001400,O0001400-1,SKU00303,1,66.84,66.84,,0.0,66.84
O0001401,O0001401-1,SKU00024,1,39.92,39.92,,0.0,39.92
O0001402,O0001402-1,SKU00061,1,23.77,23.77,,0.0,23.77
O0001403,O0001403-1,SKU00260,2,38.96,77.92,,0.0,77.92
O0001403,O0001403-2,SKU00329,1,37.64,37.64,P0034,1.88,35.76
O0001403,O0001403-3,SKU00211,1,88.68,88.68,P0034,4.43,84.25
O0001404,O0001404-1,SKU00181,1,47.26,47.26,,0.0,47.26
O0001404,O0001404-2,SKU00281,3,52.93,158.79,,0.0,158.79
O0001405,O0001405-1,SKU00168,1,26.49,26.49,,0.0,26.49
O0001405,O0001405-2,SKU00278,1,54.54,54.54,,0.0,54.54
O0001405,O0001405-3,SKU00311,1,60.22,60.22,,0.0,60.22
O0001406,O0001406-1,SKU00270,2,46.55,93.1,,0.0,93.1
O0001407,O0001407-1,SKU00230,1,49.13,49.13,,0.0,49.13
O0001407,O0001407-2,SKU00143,1,18.48,18.48,,0.0,18.48
O0001407,O0001407-3,SKU00331,1,21.15,21.15,,0.0,21.15
O0001408,O0001408-1,SKU00192,1,37.74,37.74,,0.0,37.74
O0001408,O0001408-2,SKU00278,1,54.54,54.54,,0.0,54.54
O0001409,O0001409-1,SKU00093,2,55.17,110.34,,0.0,110.34
O0001410,O0001410-1,SKU00038,1,50.53,50.53,,0.0,50.53
O0001411,O0001411-1,SKU00219,1,65.58,65.58,,0.0,65.58
O0001411,O0001411-2,SKU00381,1,81.55,81.55,,0.0,81.55
O0001412,O0001412-1,SKU00343,1,45.56,45.56,,0.0,45.56
O0001412,O0001412-2,SKU00227,2,105.48,210.96,,0.0,210.96
O0001413,O0001413-1,SKU00081,1,30.86,30.86,,0.0,30.86
O0001413,O0001413-2,SKU00221,1,31.0,31.0,,0.0,31.0
O0001414,O0001414-1,SKU00061,1,23.77,23.77,,0.0,23.77
O0001414,O0001414-2,SKU00211,1,88.68,88.68,,0.0,88.68
O0001415,O0001415-1,SKU00393,1,14.38,14.38,,0.0,14.38
O0001415,O0001415-2,SKU00306,1,36.9,36.9,,0.0,36.9
O0001416,O0001416-1,SKU00332,1,104.52,104.52,,0.0,104.52
O0001417,O0001417-1,SKU00049,1,49.27,49.27,,0.0,49.27
O0001417,O0001417-2,SKU00198,1,39.26,39.26,P0059,5.89,33.37
O0001417,O0001417-3,SKU00396,2,15.54,31.08,P0013,15.0,16.08
O0001417,O0001417-4,SKU00233,2,21.18,42.36,,0.0,42.36
O0001418,O0001418-1,SKU00212,1,20.15,20.15,P0040,6.04,14.11
O0001419,O0001419-1,SKU00056,1,38.71,38.71,,0.0,38.71
O0001419,O0001419-2,SKU00189,2,53.14,106.28,,0.0,106.28
O0001419,O0001419-3,SKU00228,1,106.95,106.95,P0013,15.0,91.95
O0001419,O0001419-4,SKU00158,2,19.54,39.08,P0034,1.95,37.13
O0001420,O0001420-1,SKU00057,3,34.63,103.89,,0.0,103.89
O0001420,O0001420-2,SKU00039,1,59.8,59.8,,0.0,59.8
O0001420,O0001420-3,SKU00343,1,45.56,45.56,,0.0,45.56
O0001421,O0001421-1,SKU00226,2,84.67,169.34,,0.0,169.34
O0001421,O0001421-2,SKU00005,1,8.67,8.67,,0.0,8.67
O0001421,O0001421-3,SKU00216,1,68.72,68.72,,0.0,68.72
O0001422,O0001422-1,SKU00336,1,54.95,54.95,,0.0,54.95
O0001422,O0001422-2,SKU00083,1,54.82,54.82,,0.0,54.82
O0001423,O0001423-1,SKU00087,1,22.83,22.83,,0.0,22.83
O0001423,O0001423-2,SKU00179,1,14.26,14.26,,0.0,14.26
O0001423,O0001423-3,SKU00011,1,31.25,31.25,,0.0,31.25
O0001424,O0001424-1,SKU00183,1,17.38,17.38,,0.0,17.38
O0001424,O0001424-2,SKU00221,1,31.0,31.0,,0.0,31.0
O0001425,O0001425-1,SKU00259,1,40.89,40.89,,0.0,40.89
O0001425,O0001425-2,SKU00073,2,61.83,123.66,,0.0,123.66
O0001426,O0001426-1,SKU00318,1,30.41,30.41,,0.0,30.41
O0001426,O0001426-2,SKU00137,1,60.17,60.17,,0.0,60.17
O0001427,O0001427-1,SKU00273,1,56.47,56.47,,0.0,56.47
O0001427,O0001427-2,SKU00266,1,28.62,28.62,,0.0,28.62
O0001428,O0001428-1,SKU00209,1,102.17,102.17,,0.0,102.17
O0001429,O0001429-1,SKU00287,2,61.4,122.8,,0.0,122.8
O0001429,O0001429-2,SKU00137,1,60.17,60.17,,0.0,60.17
O0001429,O0001429-3,SKU00062,1,38.63,38.63,,0.0,38.63
O0001430,O0001430-1,SKU00056,1,38.71,38.71,,0.0,38.71
O0001430,O0001430-2,SKU00078,1,17.22,17.22,P0010,1.72,15.5
O0001431,O0001431-1,SKU00192,1,37.74,37.74,,0.0,37.74
O0001432,O0001432-1,SKU00053,2,49.62,99.24,,0.0,99.24
O0001432,O0001432-2,SKU00093,1,55.17,55.17,,0.0,55.17
O0001433,O0001433-1,SKU00046,1,23.8,23.8,,0.0,23.8
O0001433,O0001433-2,SKU00310,1,44.67,44.67,,0.0,44.67
O0001433,O0001433-3,SKU00399,1,38.17,38.17,,0.0,38.17
O0001434,O0001434-1,SKU00400,1,33.96,33.96,,0.0,33.96
O0001434,O0001434-2,SKU00376,3,37.84,113.52,,0.0,113.52
O0001435,O0001435-1,SKU00335,1,18.97,18.97,P0040,5.69,13.28
O0001435,O0001435-2,SKU00143,1,18.48,18.48,,0.0,18.48
O0001436,O0001436-1,SKU00313,1,49.13,49.13,,0.0,49.13
O0001436,O0001436-2,SKU00102,1,12.21,12.21,,0.0,12.21
O0001437,O0001437-1,SKU00399,1,38.17,38.17,,0.0,38.17
O0001437,O0001437-2,SKU00304,1,28.55,28.55,,0.0,28.55
O0001438,O0001438-1,SKU00381,3,81.55,244.65,,0.0,244.65
O0001439,O0001439-1,SKU00296,2,48.03,96.06,,0.0,96.06
O0001439,O0001439-2,SKU00113,2,49.01,98.02,,0.0,98.02
O0001439,O0001439-3,SKU00281,1,52.93,52.93,,0.0,52.93
O0001440,O0001440-1,SKU00100,1,17.02,17.02,,0.0,17.02
O0001440,O0001440-2,SKU00339,2,36.52,73.04,,0.0,73.04
O0001441,O0001441-1,SKU00118,1,21.46,21.46,,0.0,21.46
O0001441,O0001441-2,SKU00147,1,41.64,41.64,,0.0,41.64
O0001442,O0001442-1,SKU00398,1,85.14,85.14,,0.0,85.14
O0001442,O0001442-2,SKU00136,1,52.74,52.74,,0.0,52.74
O0001442,O0001442-3,SKU00012,1,9.88,9.88,P0010,0.99,8.89
O0001443,O0001443-1,SKU00148,3,39.39,118.17,,0.0,118.17
O0001443,O0001443-2,SKU00300,1,29.05,29.05,,0.0,29.05
O0001444,O0001444-1,SKU00348,1,64.96,64.96,,0.0,64.96
O0001444,O0001444-2,SKU00219,1,65.58,65.58,,0.0,65.58
O0001445,O0001445-1,SKU00235,2,46.43,92.86,,0.0,92.86
O0001445,O0001445-2,SKU00102,1,12.21,12.21,,0.0,12.21
O0001446,O0001446-1,SKU00222,2,30.96,61.92,P0059,9.29,52.63
O0001446,O0001446-2,SKU00229,2,74.74,149.48,,0.0,149.48
O0001446,O0001446-3,SKU00161,2,12.51,25.02,,0.0,25.02
O0001447,O0001447-1,SKU00018,1,20.66,20.66,,0.0,20.66
O0001447,O0001447-2,SKU00018,1,20.66,20.66,,0.0,20.66
O0001448,O0001448-1,SKU00044,1,26.97,26.97,,0.0,26.97
O0001449,O0001449-1,SKU00001,1,32.38,32.38,,0.0,32.38
O0001450,O0001450-1,SKU00334,1,17.99,17.99,,0.0,17.99
O0001450,O0001450-2,SKU00359,1,26.27,26.27,P0034,1.31,24.96
O0001450,O0001450-3,SKU00060,2,76.86,153.72,,0.0,153.72
O0001451,O0001451-1,SKU00221,1,31.0,31.0,,0.0,31.0
O0001451,O0001451-2,SKU00161,1,12.51,12.51,,0.0,12.51
O0001452,O0001452-1,SKU00379,1,36.36,36.36,,0.0,36.36
O0001453,O0001453-1,SKU00189,1,53.14,53.14,,0.0,53.14
O0001453,O0001453-2,SKU00024,3,39.92,119.76,,0.0,119.76
O0001454,O0001454-1,SKU00351,1,52.83,52.83,,0.0,52.83
O0001454,O0001454-2,SKU00138,1,17.97,17.97,,0.0,17.97
O0001455,O0001455-1,SKU00381,2,81.55,163.1,,0.0,163.1
O0001455,O0001455-2,SKU00130,1,66.52,66.52,,0.0,66.52
O0001456,O0001456-1,SKU00021,1,49.41,49.41,,0.0,49.41
O0001456,O0001456-2,SKU00146,1,60.33,60.33,P0059,9.05,51.28
O0001457,O0001457-1,SKU00077,1,17.01,17.01,,0.0,17.01
O0001457,O0001457-2,SKU00053,1,49.62,49.62,,0.0,49.62
O0001457,O0001457-3,SKU00190,1,45.12,45.12,,0.0,45.12
O0001457,O0001457-4,SKU00382,1,19.75,19.75,,0.0,19.75
O0001458,O0001458-1,SKU00301,1,30.77,30.77,,0.0,30.77
O0001459,O0001459-1,SKU00118,1,21.46,21.46,,0.0,21.46
O0001459,O0001459-2,SKU00052,1,57.74,57.74,,0.0,57.74
O0001460,O0001460-1,SKU00379,1,36.36,36.36,P0059,5.45,30.91
O0001460,O0001460-2,SKU00198,1,39.26,39.26,,0.0,39.26
O0001460,O0001460-3,SKU00138,1,17.97,17.97,,0.0,17.97
O0001461,O0001461-1,SKU00129,1,38.65,38.65,,0.0,38.65
O0001462,O0001462-1,SKU00161,1,12.51,12.51,,0.0,12.51
O0001462,O0001462-2,SKU00154,1,62.36,62.36,,0.0,62.36
O0001463,O0001463-1,SKU00377,1,39.6,39.6,,0.0,39.6
O0001463,O0001463-2,SKU00398,1,85.14,85.14,,0.0,85.14
O0001463,O0001463-3,SKU00352,3,37.11,111.33,,0.0,111.33
O0001464,O0001464-1,SKU00006,1,31.28,31.28,,0.0,31.28
O0001465,O0001465-1,SKU00298,1,21.47,21.47,,0.0,21.47
O0001465,O0001465-2,SKU00168,1,26.49,26.49,,0.0,26.49
O0001465,O0001465-3,SKU00390,1,38.26,38.26,,0.0,38.26
O0001466,O0001466-1,SKU00179,1,14.26,14.26,,0.0,14.26
O0001467,O0001467-1,SKU00346,2,102.61,205.22,P0059,30.78,174.44
O0001467,O0001467-2,SKU00233,1,21.18,21.18,,0.0,21.18
O0001467,O0001467-3,SKU00350,1,53.2,53.2,,0.0,53.2
O0001468,O0001468-1,SKU00327,2,44.41,88.82,,0.0,88.82
O0001469,O0001469-1,SKU00060,1,76.86,76.86,,0.0,76.86
O0001469,O0001469-2,SKU00081,1,30.86,30.86,,0.0,30.86
O0001469,O0001469-3,SKU00095,1,53.11,53.11,,0.0,53.11
O0001470,O0001470-1,SKU00333,1,45.51,45.51,,0.0,45.51
O0001470,O0001470-2,SKU00336,1,54.95,54.95,,0.0,54.95
O0001471,O0001471-1,SKU00195,1,41.24,41.24,,0.0,41.24
O0001472,O0001472-1,SKU00042,1,72.45,72.45,,0.0,72.45
O0001472,O0001472-2,SKU00316,1,21.03,21.03,P0010,2.1,18.93
O0001473,O0001473-1,SKU00056,1,38.71,38.71,,0.0,38.71
O0001473,O0001473-2,SKU00111,1,50.04,50.04,P0059,7.51,42.53
O0001474,O0001474-1,SKU00336,2,54.95,109.9,,0.0,109.9
O0001474,O0001474-2,SKU00004,2,22.35,44.7,,0.0,44.7
O0001474,O0001474-3,SKU00031,3,49.75,149.25,,0.0,149.25
O0001475,O0001475-1,SKU00275,3,50.32,150.96,P0059,22.64,128.32
O0001475,O0001475-2,SKU00348,1,64.96,64.96,,0.0,64.96
O0001476,O0001476-1,SKU00235,2,46.43,92.86,,0.0,92.86
O0001477,O0001477-1,SKU00024,1,39.92,39.92,,0.0,39.92
O0001477,O0001477-2,SKU00198,1,39.26,39.26,,0.0,39.26
O0001478,O0001478-1,SKU00194,1,40.96,40.96,,0.0,40.96
O0001479,O0001479-1,SKU00180,1,37.89,37.89,,0.0,37.89
O0001479,O0001479-2,SKU00067,1,20.67,20.67,,0.0,20.67
O0001480,O0001480-1,SKU00319,1,45.64,45.64,,0.0,45.64
O0001480,O0001480-2,SKU00035,1,57.12,57.12,,0.0,57.12
O0001480,O0001480-3,SKU00230,1,49.13,49.13,,0.0,49.13
O0001481,O0001481-1,SKU00104,1,73.97,73.97,,0.0,73.97
O0001482,O0001482-1,SKU00165,1,18.9,18.9,,0.0,18.9
O0001482,O0001482-2,SKU00224,1,53.56,53.56,,0.0,53.56
O0001482,O0001482-3,SKU00374,1,34.49,34.49,,0.0,34.49
O0001483,O0001483-1,SKU00081,1,30.86,30.86,,0.0,30.86
O0001483,O0001483-2,SKU00319,1,45.64,45.64,,0.0,45.64
O0001484,O0001484-1,SKU00237,1,54.4,54.4,,0.0,54.4
O0001484,O0001484-2,SKU00009,1,52.68,52.68,,0.0,52.68
O0001484,O0001484-3,SKU00381,2,81.55,163.1,,0.0,163.1
O0001485,O0001485-1,SKU00251,1,23.58,23.58,P0034,1.18,22.4
O0001485,O0001485-2,SKU00166,1,65.47,65.47,,0.0,65.47
O0001486,O0001486-1,SKU00082,1,35.63,35.63,,0.0,35.63
O0001486,O0001486-2,SKU00359,1,26.27,26.27,,0.0,26.27
O0001487,O0001487-1,SKU00078,2,17.22,34.44,,0.0,34.44
O0001487,O0001487-2,SKU00138,1,17.97,17.97,,0.0,17.97
O0001488,O0001488-1,SKU00056,1,38.71,38.71,,0.0,38.71
O0001488,O0001488-2,SKU00248,1,48.06,48.06,,0.0,48.06
O0001488,O0001488-3,SKU00294,1,47.23,47.23,,0.0,47.23
O0001488,O0001488-4,SKU00061,1,23.77,23.77,,0.0,23.77
O0001489,O0001489-1,SKU00325,1,27.6,27.6,,0.0,27.6
O0001489,O0001489-2,SKU00078,1,17.22,17.22,P0010,1.72,15.5
O0001489,O0001489-3,SKU00302,1,26.48,26.48,,0.0,26.48
O0001489,O0001489-4,SKU00359,1,26.27,26.27,,0.0,26.27
O0001490,O0001490-1,SKU00170,1,29.26,29.26,P0010,2.93,26.33
O0001490,O0001490-2,SKU00067,1,20.67,20.67,,0.0,20.67
O0001490,O0001490-3,SKU00022,1,28.83,28.83,,0.0,28.83
O0001491,O0001491-1,SKU00136,1,52.74,52.74,,0.0,52.74
O0001491,O0001491-2,SKU00088,3,49.61,148.83,,0.0,148.83
O0001492,O0001492-1,SKU00360,1,93.89,93.89,,0.0,93.89
O0001493,O0001493-1,SKU00124,1,29.76,29.76,,0.0,29.76
O0001493,O0001493-2,SKU00317,1,32.85,32.85,P0059,4.93,27.92
O0001494,O0001494-1,SKU00090,1,36.81,36.81,P0040,11.04,25.77
O0001495,O0001495-1,SKU00087,2,22.83,45.66,,0.0,45.66
O0001496,O0001496-1,SKU00388,1,37.93,37.93,,0.0,37.93
O0001496,O0001496-2,SKU00343,1,45.56,45.56,,0.0,45.56
O0001496,O0001496-3,SKU00226,2,84.67,169.34,,0.0,169.34
O0001497,O0001497-1,SKU00197,1,32.23,32.23,,0.0,32.23
O0001498,O0001498-1,SKU00371,1,48.42,48.42,,0.0,48.42
O0001498,O0001498-2,SKU00166,1,65.47,65.47,,0.0,65.47
O0001499,O0001499-1,SKU00226,1,84.67,84.67,,0.0,84.67
O0001500,O0001500-1,SKU00170,1,29.26,29.26,,0.0,29.26
O0001500,O0001500-2,SKU00006,1,31.28,31.28,,0.0,31.28
O0001501,O0001501-1,SKU00119,1,37.15,37.15,,0.0,37.15
O0001501,O0001501-2,SKU00119,1,37.15,37.15,,0.0,37.15
O0001502,O0001502-1,SKU00122,3,22.77,68.31,,0.0,68.31
O0001502,O0001502-2,SKU00235,2,46.43,92.86,,0.0,92.86
O0001503,O0001503-1,SKU00021,1,49.41,49.41,,0.0,49.41
O0001504,O0001504-1,SKU00252,1,57.03,57.03,,0.0,57.03
O0001505,O0001505-1,SKU00220,1,42.7,42.7,,0.0,42.7
O0001506,O0001506-1,SKU00216,1,68.72,68.72,,0.0,68.72
O0001507,O0001507-1,SKU00007,1,32.91,32.91,,0.0,32.91
O0001507,O0001507-2,SKU00292,1,51.63,51.63,,0.0,51.63
O0001507,O0001507-3,SKU00029,2,36.29,72.58,,0.0,72.58
O0001508,O0001508-1,SKU00264,1,27.04,27.04,P0034,1.35,25.69
O0001508,O0001508-2,SKU00028,1,35.88,35.88,,0.0,35.88
O0001509,O0001509-1,SKU00362,1,26.77,26.77,,0.0,26.77
O0001509,O0001509-2,SKU00016,2,33.83,67.66,,0.0,67.66
O0001510,O0001510-1,SKU00249,1,31.28,31.28,,0.0,31.28
O0001510,O0001510-2,SKU00053,1,49.62,49.62,,0.0,49.62
O0001510,O0001510-3,SKU00176,1,24.92,24.92,,0.0,24.92
O0001511,O0001511-1,SKU00044,2,26.97,53.94,,0.0,53.94
O0001511,O0001511-2,SKU00022,2,28.83,57.66,,0.0,57.66
O0001512,O0001512-1,SKU00025,1,42.44,42.44,P0010,4.24,38.2
O0001512,O0001512-2,SKU00270,1,46.55,46.55,P0059,6.98,39.57
O0001513,O0001513-1,SKU00097,1,30.01,30.01,,0.0,30.01
O0001513,O0001513-2,SKU00063,1,26.13,26.13,,0.0,26.13
O0001514,O0001514-1,SKU00086,1,72.82,72.82,,0.0,72.82
O0001515,O0001515-1,SKU00359,1,26.27,26.27,,0.0,26.27
O0001516,O0001516-1,SKU00069,1,19.77,19.77,,0.0,19.77
O0001517,O0001517-1,SKU00191,1,45.24,45.24,,0.0,45.24
O0001517,O0001517-2,SKU00206,1,31.05,31.05,,0.0,31.05
O0001518,O0001518-1,SKU00144,1,27.92,27.92,,0.0,27.92
O0001518,O0001518-2,SKU00393,1,14.38,14.38,P0010,1.44,12.94
O0001519,O0001519-1,SKU00209,1,102.17,102.17,,0.0,102.17
O0001519,O0001519-2,SKU00120,1,19.69,19.69,,0.0,19.69
O0001520,O0001520-1,SKU00228,1,106.95,106.95,,0.0,106.95
O0001520,O0001520-2,SKU00252,1,57.03,57.03,,0.0,57.03
O0001520,O0001520-3,SKU00392,3,45.36,136.08,,0.0,136.08
O0001520,O0001520-4,SKU00027,1,11.75,11.75,,0.0,11.75
O0001521,O0001521-1,SKU00043,1,50.54,50.54,,0.0,50.54
O0001521,O0001521-2,SKU00102,2,12.21,24.42,,0.0,24.42
O0001522,O0001522-1,SKU00004,1,22.35,22.35,,0.0,22.35
O0001522,O0001522-2,SKU00142,1,61.52,61.52,,0.0,61.52
O0001522,O0001522-3,SKU00175,1,44.19,44.19,,0.0,44.19
O0001522,O0001522-4,SKU00387,1,38.08,38.08,,0.0,38.08
O0001523,O0001523-1,SKU00130,2,66.52,133.04,,0.0,133.04
O0001524,O0001524-1,SKU00367,1,50.59,50.59,,0.0,50.59
O0001524,O0001524-2,SKU00121,1,58.38,58.38,P0059,8.76,49.62
O0001525,O0001525-1,SKU00105,1,52.33,52.33,,0.0,52.33
O0001525,O0001525-2,SKU00241,1,46.38,46.38,,0.0,46.38
O0001525,O0001525-3,SKU00003,1,28.95,28.95,,0.0,28.95
O0001526,O0001526-1,SKU00030,2,17.63,35.26,,0.0,35.26
O0001527,O0001527-1,SKU00260,1,38.96,38.96,,0.0,38.96
O0001527,O0001527-2,SKU00342,1,38.94,38.94,,0.0,38.94
O0001527,O0001527-3,SKU00033,1,24.44,24.44,,0.0,24.44
O0001527,O0001527-4,SKU00125,2,30.05,60.1,,0.0,60.1
O0001528,O0001528-1,SKU00206,1,31.05,31.05,,0.0,31.05
O0001528,O0001528-2,SKU00248,1,48.06,48.06,,0.0,48.06
O0001529,O0001529-1,SKU00081,1,30.86,30.86,,0.0,30.86
O0001529,O0001529-2,SKU00129,1,38.65,38.65,,0.0,38.65
O0001529,O0001529-3,SKU00077,2,17.01,34.02,,0.0,34.02
O0001530,O0001530-1,SKU00087,1,22.83,22.83,,0.0,22.83
O0001530,O0001530-2,SKU00053,1,49.62,49.62,,0.0,49.62
O0001530,O0001530-3,SKU00238,1,69.04,69.04,,0.0,69.04
O0001530,O0001530-4,SKU00306,2,36.9,73.8,,0.0,73.8
O0001531,O0001531-1,SKU00057,1,34.63,34.63,,0.0,34.63
O0001531,O0001531-2,SKU00387,3,38.08,114.24,,0.0,114.24
O0001532,O0001532-1,SKU00263,1,21.58,21.58,,0.0,21.58
O0001532,O0001532-2,SKU00297,1,39.78,39.78,,0.0,39.78
O0001533,O0001533-1,SKU00025,1,42.44,42.44,,0.0,42.44
O0001533,O0001533-2,SKU00050,1,25.95,25.95,,0.0,25.95
O0001534,O0001534-1,SKU00258,1,50.85,50.85,,0.0,50.85
O0001534,O0001534-2,SKU00052,1,57.74,57.74,,0.0,57.74
O0001534,O0001534-3,SKU00245,1,49.62,49.62,,0.0,49.62
O0001535,O0001535-1,SKU00286,1,54.7,54.7,,0.0,54.7
O0001535,O0001535-2,SKU00027,1,11.75,11.75,,0.0,11.75
O0001535,O0001535-3,SKU00292,1,51.63,51.63,,0.0,51.63
O0001536,O0001536-1,SKU00200,1,61.25,61.25,P0059,9.19,52.06
O0001537,O0001537-1,SKU00105,3,52.33,156.99,,0.0,156.99
O0001537,O0001537-2,SKU00382,3,19.75,59.25,P0010,5.93,53.32
O0001537,O0001537-3,SKU00161,1,12.51,12.51,,0.0,12.51
O0001538,O0001538-1,SKU00241,1,46.38,46.38,P0040,13.91,32.47
O0001538,O0001538-2,SKU00137,2,60.17,120.34,,0.0,120.34
O0001538,O0001538-3,SKU00245,1,49.62,49.62,,0.0,49.62
O0001539,O0001539-1,SKU00235,1,46.43,46.43,,0.0,46.43
O0001539,O0001539-2,SKU00246,1,38.15,38.15,P0059,5.72,32.43
O0001540,O0001540-1,SKU00145,2,34.93,69.86,,0.0,69.86
O0001540,O0001540-2,SKU00196,3,36.14,108.42,,0.0,108.42
O0001541,O0001541-1,SKU00028,1,35.88,35.88,,0.0,35.88
O0001542,O0001542-1,SKU00340,1,30.34,30.34,,0.0,30.34
O0001542,O0001542-2,SKU00247,1,43.87,43.87,,0.0,43.87
O0001542,O0001542-3,SKU00027,1,11.75,11.75,,0.0,11.75
O0001542,O0001542-4,SKU00347,1,61.23,61.23,,0.0,61.23
O0001543,O0001543-1,SKU00129,1,38.65,38.65,,0.0,38.65
O0001544,O0001544-1,SKU00166,1,65.47,65.47,,0.0,65.47
O0001544,O0001544-2,SKU00392,1,45.36,45.36,,0.0,45.36
O0001545,O0001545-1,SKU00155,2,44.19,88.38,P0034,4.42,83.96
O0001546,O0001546-1,SKU00060,1,76.86,76.86,,0.0,76.86
O0001546,O0001546-2,SKU00361,3,44.18,132.54,,0.0,132.54
O0001546,O0001546-3,SKU00143,2,18.48,36.96,,0.0,36.96
O0001547,O0001547-1,SKU00238,1,69.04,69.04,,0.0,69.04
O0001547,O0001547-2,SKU00312,1,39.88,39.88,,0.0,39.88
O0001547,O0001547-3,SKU00331,1,21.15,21.15,,0.0,21.15
O0001547,O0001547-4,SKU00156,2,25.39,50.78,,0.0,50.78
O0001548,O0001548-1,SKU00183,2,17.38,34.76,,0.0,34.76
O0001548,O0001548-2,SKU00071,1,50.63,50.63,,0.0,50.63
O0001549,O0001549-1,SKU00066,1,52.48,52.48,,0.0,52.48
O0001550,O0001550-1,SKU00231,1,34.06,34.06,,0.0,34.06
O0001550,O0001550-2,SKU00177,1,41.83,41.83,,0.0,41.83
O0001551,O0001551-1,SKU00308,2,57.22,114.44,P0059,17.17,97.27
O0001551,O0001551-2,SKU00145,1,34.93,34.93,,0.0,34.93
O0001551,O0001551-3,SKU00183,1,17.38,17.38,,0.0,17.38
O0001552,O0001552-1,SKU00025,1,42.44,42.44,,0.0,42.44
O0001552,O0001552-2,SKU00233,1,21.18,21.18,,0.0,21.18
O0001553,O0001553-1,SKU00224,1,53.56,53.56,,0.0,53.56
O0001553,O0001553-2,SKU00191,1,45.24,45.24,,0.0,45.24
O0001554,O0001554-1,SKU00351,1,52.83,52.83,P0059,7.92,44.91
O0001554,O0001554-2,SKU00392,1,45.36,45.36,,0.0,45.36
O0001555,O0001555-1,SKU00024,1,39.92,39.92,,0.0,39.92
O0001555,O0001555-2,SKU00325,1,27.6,27.6,,0.0,27.6
O0001555,O0001555-3,SKU00254,3,18.56,55.68,,0.0,55.68
O0001555,O0001555-4,SKU00100,1,17.02,17.02,,0.0,17.02
O0001556,O0001556-1,SKU00269,1,28.75,28.75,P0059,4.31,24.44
O0001556,O0001556-2,SKU00328,1,35.12,35.12,,0.0,35.12
O0001557,O0001557-1,SKU00302,1,26.48,26.48,,0.0,26.48
O0001557,O0001557-2,SKU00179,1,14.26,14.26,,0.0,14.26
O0001557,O0001557-3,SKU00345,1,60.26,60.26,,0.0,60.26
O0001557,O0001557-4,SKU00053,2,49.62,99.24,,0.0,99.24
O0001558,O0001558-1,SKU00204,1,59.25,59.25,,0.0,59.25
O0001558,O0001558-2,SKU00397,1,66.5,66.5,,0.0,66.5
O0001558,O0001558-3,SKU00181,1,47.26,47.26,,0.0,47.26
O0001559,O0001559-1,SKU00356,2,12.98,25.96,,0.0,25.96
O0001559,O0001559-2,SKU00184,2,34.06,68.12,,0.0,68.12
O0001560,O0001560-1,SKU00217,1,31.07,31.07,,0.0,31.07
O0001561,O0001561-1,SKU00387,2,38.08,76.16,,0.0,76.16
O0001561,O0001561-2,SKU00262,3,10.7,32.1,,0.0,32.1
O0001561,O0001561-3,SKU00285,1,40.54,40.54,,0.0,40.54
O0001562,O0001562-1,SKU00022,1,28.83,28.83,,0.0,28.83
O0001563,O0001563-1,SKU00320,1,20.06,20.06,,0.0,20.06
O0001564,O0001564-1,SKU00357,1,23.0,23.0,,0.0,23.0
O0001564,O0001564-2,SKU00136,1,52.74,52.74,,0.0,52.74
O0001564,O0001564-3,SKU00340,2,30.34,60.68,,0.0,60.68
O0001564,O0001564-4,SKU00141,1,78.13,78.13,,0.0,78.13
O0001565,O0001565-1,SKU00034,1,45.57,45.57,,0.0,45.57
O0001566,O0001566-1,SKU00287,1,61.4,61.4,P0059,9.21,52.19
O0001566,O0001566-2,SKU00343,1,45.56,45.56,,0.0,45.56
O0001566,O0001566-3,SKU00352,1,37.11,37.11,,0.0,37.11
O0001567,O0001567-1,SKU00209,2,102.17,204.34,,0.0,204.34
O0001567,O0001567-2,SKU00062,1,38.63,38.63,,0.0,38.63
O0001568,O0001568-1,SKU00308,1,57.22,57.22,P0059,8.58,48.64
O0001568,O0001568-2,SKU00342,3,38.94,116.82,,0.0,116.82
O0001568,O0001568-3,SKU00088,2,49.61,99.22,,0.0,99.22
O0001569,O0001569-1,SKU00129,1,38.65,38.65,,0.0,38.65
O0001569,O0001569-2,SKU00120,1,19.69,19.69,,0.0,19.69
O0001570,O0001570-1,SKU00090,2,36.81,73.62,,0.0,73.62
O0001570,O0001570-2,SKU00019,1,23.04,23.04,,0.0,23.04
O0001571,O0001571-1,SKU00047,1,79.17,79.17,,0.0,79.17
O0001571,O0001571-2,SKU00083,1,54.82,54.82,,0.0,54.82
O0001572,O0001572-1,SKU00263,1,21.58,21.58,,0.0,21.58
O0001573,O0001573-1,SKU00165,1,18.9,18.9,,0.0,18.9
O0001574,O0001574-1,SKU00104,1,73.97,73.97,,0.0,73.97
O0001574,O0001574-2,SKU00111,1,50.04,50.04,,0.0,50.04
O0001575,O0001575-1,SKU00103,3,32.28,96.84,,0.0,96.84
O0001576,O0001576-1,SKU00192,1,37.74,37.74,,0.0,37.74
O0001576,O0001576-2,SKU00171,1,60.15,60.15,,0.0,60.15
O0001577,O0001577-1,SKU00022,1,28.83,28.83,,0.0,28.83
O0001577,O0001577-2,SKU00178,1,55.23,55.23,,0.0,55.23
O0001578,O0001578-1,SKU00358,1,36.52,36.52,,0.0,36.52
O0001579,O0001579-1,SKU00041,1,31.32,31.32,,0.0,31.32
O0001579,O0001579-2,SKU00062,2,38.63,77.26,,0.0,77.26
O0001580,O0001580-1,SKU00027,2,11.75,23.5,,0.0,23.5
O0001580,O0001580-2,SKU00324,1,70.29,70.29,,0.0,70.29
O0001581,O0001581-1,SKU00250,2,32.56,65.12,,0.0,65.12
O0001581,O0001581-2,SKU00371,3,48.42,145.26,,0.0,145.26
O0001581,O0001581-3,SKU00006,1,31.28,31.28,P0040,9.38,21.9
O0001582,O0001582-1,SKU00029,1,36.29,36.29,,0.0,36.29
O0001583,O0001583-1,SKU00120,1,19.69,19.69,,0.0,19.69
O0001583,O0001583-2,SKU00078,1,17.22,17.22,P0010,1.72,15.5
O0001584,O0001584-1,SKU00252,1,57.03,57.03,,0.0,57.03
O0001585,O0001585-1,SKU00204,1,59.25,59.25,,0.0,59.25
O0001585,O0001585-2,SKU00355,2,41.61,83.22,,0.0,83.22
O0001586,O0001586-1,SKU00079,1,43.31,43.31,,0.0,43.31
O0001586,O0001586-2,SKU00024,1,39.92,39.92,,0.0,39.92
O0001586,O0001586-3,SKU00259,1,40.89,40.89,,0.0,40.89
O0001587,O0001587-1,SKU00171,1,60.15,60.15,,0.0,60.15
O0001587,O0001587-2,SKU00069,1,19.77,19.77,,0.0,19.77
O0001588,O0001588-1,SKU00135,1,42.96,42.96,,0.0,42.96
O0001589,O0001589-1,SKU00392,1,45.36,45.36,,0.0,45.36
O0001590,O0001590-1,SKU00084,1,33.92,33.92,P0040,10.18,23.74
O0001590,O0001590-2,SKU00010,1,32.93,32.93,,0.0,32.93
O0001590,O0001590-3,SKU00126,1,40.15,40.15,,0.0,40.15
O0001590,O0001590-4,SKU00324,1,70.29,70.29,,0.0,70.29
O0001591,O0001591-1,SKU00200,1,61.25,61.25,,0.0,61.25
O0001591,O0001591-2,SKU00001,1,32.38,32.38,,0.0,32.38
O0001592,O0001592-1,SKU00218,1,16.49,16.49,,0.0,16.49
O0001592,O0001592-2,SKU00378,2,38.51,77.02,,0.0,77.02
O0001593,O0001593-1,SKU00386,1,42.93,42.93,,0.0,42.93
O0001593,O0001593-2,SKU00167,1,22.6,22.6,,0.0,22.6
O0001594,O0001594-1,SKU00378,1,38.51,38.51,,0.0,38.51
O0001595,O0001595-1,SKU00253,1,51.01,51.01,,0.0,51.01
O0001595,O0001595-2,SKU00260,3,38.96,116.88,,0.0,116.88
O0001595,O0001595-3,SKU00321,1,13.85,13.85,,0.0,13.85
O0001596,O0001596-1,SKU00266,1,28.62,28.62,,0.0,28.62
O0001596,O0001596-2,SKU00175,1,44.19,44.19,,0.0,44.19
O0001597,O0001597-1,SKU00052,1,57.74,57.74,,0.0,57.74
O0001597,O0001597-2,SKU00194,1,40.96,40.96,,0.0,40.96
O0001597,O0001597-3,SKU00259,1,40.89,40.89,,0.0,40.89
O0001598,O0001598-1,SKU00199,2,60.64,121.28,,0.0,121.28
O0001598,O0001598-2,SKU00022,1,28.83,28.83,,0.0,28.83
O0001599,O0001599-1,SKU00115,1,25.28,25.28,,0.0,25.28
O0001600,O0001600-1,SKU00058,1,55.01,55.01,,0.0,55.01
O0001600,O0001600-2,SKU00230,1,49.13,49.13,,0.0,49.13
O0001600,O0001600-3,SKU00218,1,16.49,16.49,,0.0,16.49
O0001600,O0001600-4,SKU00291,1,33.52,33.52,,0.0,33.52
O0001601,O0001601-1,SKU00238,1,69.04,69.04,,0.0,69.04
O0001601,O0001601-2,SKU00141,1,78.13,78.13,,0.0,78.13
O0001602,O0001602-1,SKU00148,1,39.39,39.39,,0.0,39.39
O0001602,O0001602-2,SKU00334,1,17.99,17.99,,0.0,17.99
O0001603,O0001603-1,SKU00374,1,34.49,34.49,,0.0,34.49
O0001603,O0001603-2,SKU00137,1,60.17,60.17,,0.0,60.17
O0001603,O0001603-3,SKU00097,1,30.01,30.01,,0.0,30.01
O0001603,O0001603-4,SKU00036,1,42.54,42.54,P0010,4.25,38.29
O0001604,O0001604-1,SKU00117,3,30.62,91.86,,0.0,91.86
O0001605,O0001605-1,SKU00253,1,51.01,51.01,,0.0,51.01
O0001605,O0001605-2,SKU00301,1,30.77,30.77,,0.0,30.77
O0001605,O0001605-3,SKU00321,1,13.85,13.85,,0.0,13.85
O0001606,O0001606-1,SKU00397,1,66.5,66.5,,0.0,66.5
O0001606,O0001606-2,SKU00056,1,38.71,38.71,,0.0,38.71
O0001607,O0001607-1,SKU00222,1,30.96,30.96,,0.0,30.96
O0001607,O0001607-2,SKU00352,1,37.11,37.11,,0.0,37.11
O0001608,O0001608-1,SKU00194,1,40.96,40.96,,0.0,40.96
O0001608,O0001608-2,SKU00393,2,14.38,28.76,,0.0,28.76
O0001608,O0001608-3,SKU00148,1,39.39,39.39,,0.0,39.39
O0001609,O0001609-1,SKU00362,1,26.77,26.77,,0.0,26.77
O0001610,O0001610-1,SKU00110,1,38.93,38.93,,0.0,38.93
O0001611,O0001611-1,SKU00329,2,37.64,75.28,,0.0,75.28
O0001612,O0001612-1,SKU00050,1,25.95,25.95,,0.0,25.95
O0001612,O0001612-2,SKU00088,1,49.61,49.61,,0.0,49.61
O0001613,O0001613-1,SKU00010,1,32.93,32.93,,0.0,32.93
O0001613,O0001613-2,SKU00180,1,37.89,37.89,,0.0,37.89
O0001614,O0001614-1,SKU00247,1,43.87,43.87,,0.0,43.87
O0001614,O0001614-2,SKU00289,1,47.79,47.79,,0.0,47.79
O0001615,O0001615-1,SKU00361,1,44.18,44.18,,0.0,44.18
O0001616,O0001616-1,SKU00213,1,45.05,45.05,,0.0,45.05
O0001616,O0001616-2,SKU00209,1,102.17,102.17,,0.0,102.17
O0001616,O0001616-3,SKU00323,1,39.02,39.02,,0.0,39.02
O0001617,O0001617-1,SKU00251,1,23.58,23.58,,0.0,23.58
O0001618,O0001618-1,SKU00099,1,22.33,22.33,,0.0,22.33
O0001619,O0001619-1,SKU00301,1,30.77,30.77,,0.0,30.77
O0001620,O0001620-1,SKU00327,1,44.41,44.41,,0.0,44.41
O0001620,O0001620-2,SKU00236,2,32.17,64.34,,0.0,64.34
O0001620,O0001620-3,SKU00213,1,45.05,45.05,,0.0,45.05
O0001621,O0001621-1,SKU00004,1,22.35,22.35,,0.0,22.35
O0001621,O0001621-2,SKU00110,1,38.93,38.93,,0.0,38.93
O0001621,O0001621-3,SKU00297,1,39.78,39.78,,0.0,39.78
O0001622,O0001622-1,SKU00194,2,40.96,81.92,,0.0,81.92
O0001623,O0001623-1,SKU00218,1,16.49,16.49,,0.0,16.49
O0001624,O0001624-1,SKU00107,1,64.03,64.03,,0.0,64.03
O0001625,O0001625-1,SKU00232,1,34.95,34.95,,0.0,34.95
O0001625,O0001625-2,SKU00129,1,38.65,38.65,,0.0,38.65
O0001625,O0001625-3,SKU00055,1,66.78,66.78,,0.0,66.78
O0001626,O0001626-1,SKU00081,1,30.86,30.86,,0.0,30.86
O0001626,O0001626-2,SKU00009,1,52.68,52.68,,0.0,52.68
O0001627,O0001627-1,SKU00387,1,38.08,38.08,,0.0,38.08
O0001627,O0001627-2,SKU00239,1,15.42,15.42,,0.0,15.42
O0001628,O0001628-1,SKU00094,1,56.4,56.4,,0.0,56.4
O0001628,O0001628-2,SKU00385,3,57.12,171.36,,0.0,171.36
O0001629,O0001629-1,SKU00328,1,35.12,35.12,,0.0,35.12
O0001629,O0001629-2,SKU00120,1,19.69,19.69,,0.0,19.69
O0001629,O0001629-3,SKU00179,1,14.26,14.26,,0.0,14.26
O0001630,O0001630-1,SKU00114,1,29.46,29.46,,0.0,29.46
O0001630,O0001630-2,SKU00336,1,54.95,54.95,,0.0,54.95
O0001631,O0001631-1,SKU00093,2,55.17,110.34,,0.0,110.34
O0001631,O0001631-2,SKU00052,2,57.74,115.48,,0.0,115.48
O0001632,O0001632-1,SKU00127,1,44.81,44.81,,0.0,44.81
O0001632,O0001632-2,SKU00118,1,21.46,21.46,,0.0,21.46
O0001632,O0001632-3,SKU00300,3,29.05,87.15,,0.0,87.15
O0001633,O0001633-1,SKU00139,2,52.17,104.34,,0.0,104.34
O0001634,O0001634-1,SKU00150,2,41.46,82.92,,0.0,82.92
O0001634,O0001634-2,SKU00246,3,38.15,114.45,,0.0,114.45
O0001634,O0001634-3,SKU00331,1,21.15,21.15,,0.0,21.15
O0001635,O0001635-1,SKU00273,1,56.47,56.47,,0.0,56.47
O0001635,O0001635-2,SKU00249,1,31.28,31.28,,0.0,31.28
O0001635,O0001635-3,SKU00296,1,48.03,48.03,P0034,2.4,45.63
O0001636,O0001636-1,SKU00192,1,37.74,37.74,,0.0,37.74
O0001637,O0001637-1,SKU00178,1,55.23,55.23,,0.0,55.23
O0001638,O0001638-1,SKU00049,1,49.27,49.27,,0.0,49.27
O0001638,O0001638-2,SKU00107,1,64.03,64.03,,0.0,64.03
O0001638,O0001638-3,SKU00027,1,11.75,11.75,,0.0,11.75
O0001639,O0001639-1,SKU00371,1,48.42,48.42,,0.0,48.42
O0001639,O0001639-2,SKU00108,1,19.31,19.31,,0.0,19.31
O0001639,O0001639-3,SKU00343,2,45.56,91.12,,0.0,91.12
O0001639,O0001639-4,SKU00381,1,81.55,81.55,,0.0,81.55
O0001640,O0001640-1,SKU00011,1,31.25,31.25,,0.0,31.25
O0001640,O0001640-2,SKU00387,1,38.08,38.08,,0.0,38.08
O0001640,O0001640-3,SKU00080,2,45.12,90.24,,0.0,90.24
O0001641,O0001641-1,SKU00245,1,49.62,49.62,,0.0,49.62
O0001641,O0001641-2,SKU00223,2,22.77,45.54,,0.0,45.54
O0001641,O0001641-3,SKU00312,1,39.88,39.88,,0.0,39.88
O0001642,O0001642-1,SKU00142,1,61.52,61.52,,0.0,61.52
O0001642,O0001642-2,SKU00142,1,61.52,61.52,,0.0,61.52
O0001642,O0001642-3,SKU00109,1,88.61,88.61,,0.0,88.61
O0001642,O0001642-4,SKU00399,1,38.17,38.17,,0.0,38.17
O0001643,O0001643-1,SKU00137,1,60.17,60.17,,0.0,60.17
O0001643,O0001643-2,SKU00377,3,39.6,118.8,P0040,35.64,83.16
O0001643,O0001643-3,SKU00385,1,57.12,57.12,,0.0,57.12
O0001644,O0001644-1,SKU00239,1,15.42,15.42,,0.0,15.42
O0001645,O0001645-1,SKU00070,1,44.51,44.51,,0.0,44.51
O0001646,O0001646-1,SKU00009,1,52.68,52.68,,0.0,52.68
O0001646,O0001646-2,SKU00183,1,17.38,17.38,,0.0,17.38
O0001646,O0001646-3,SKU00385,1,57.12,57.12,,0.0,57.12
O0001646,O0001646-4,SKU00328,2,35.12,70.24,,0.0,70.24
O0001647,O0001647-1,SKU00080,3,45.12,135.36,,0.0,135.36
O0001647,O0001647-2,SKU00041,1,31.32,31.32,,0.0,31.32
O0001648,O0001648-1,SKU00361,1,44.18,44.18,,0.0,44.18
O0001648,O0001648-2,SKU00283,1,85.39,85.39,,0.0,85.39
O0001649,O0001649-1,SKU00140,1,56.17,56.17,,0.0,56.17
O0001649,O0001649-2,SKU00400,1,33.96,33.96,,0.0,33.96
O0001649,O0001649-3,SKU00345,2,60.26,120.52,,0.0,120.52
O0001650,O0001650-1,SKU00151,2,20.05,40.1,,0.0,40.1
O0001651,O0001651-1,SKU00323,1,39.02,39.02,,0.0,39.02
O0001651,O0001651-2,SKU00124,1,29.76,29.76,P0010,2.98,26.78
O0001652,O0001652-1,SKU00327,1,44.41,44.41,,0.0,44.41
O0001652,O0001652-2,SKU00253,2,51.01,102.02,,0.0,102.02
O0001652,O0001652-3,SKU00264,1,27.04,27.04,,0.0,27.04
O0001653,O0001653-1,SKU00358,1,36.52,36.52,,0.0,36.52
O0001653,O0001653-2,SKU00213,1,45.05,45.05,,0.0,45.05
O0001654,O0001654-1,SKU00106,2,24.61,49.22,,0.0,49.22
O0001655,O0001655-1,SKU00323,1,39.02,39.02,,0.0,39.02
O0001655,O0001655-2,SKU00367,1,50.59,50.59,,0.0,50.59
O0001656,O0001656-1,SKU00361,1,44.18,44.18,,0.0,44.18
O0001657,O0001657-1,SKU00226,1,84.67,84.67,,0.0,84.67
O0001658,O0001658-1,SKU00303,1,66.84,66.84,,0.0,66.84
O0001658,O0001658-2,SKU00234,1,20.16,20.16,,0.0,20.16
O0001658,O0001658-3,SKU00397,1,66.5,66.5,,0.0,66.5
O0001659,O0001659-1,SKU00358,2,36.52,73.04,,0.0,73.04
O0001660,O0001660-1,SKU00317,1,32.85,32.85,,0.0,32.85
O0001660,O0001660-2,SKU00189,1,53.14,53.14,,0.0,53.14
O0001661,O0001661-1,SKU00285,3,40.54,121.62,,0.0,121.62
O0001662,O0001662-1,SKU00273,1,56.47,56.47,,0.0,56.47
O0001663,O0001663-1,SKU00332,1,104.52,104.52,,0.0,104.52
O0001663,O0001663-2,SKU00095,1,53.11,53.11,,0.0,53.11
O0001663,O0001663-3,SKU00224,1,53.56,53.56,,0.0,53.56
O0001664,O0001664-1,SKU00102,1,12.21,12.21,,0.0,12.21
O0001664,O0001664-2,SKU00270,1,46.55,46.55,,0.0,46.55
O0001665,O0001665-1,SKU00328,1,35.12,35.12,,0.0,35.12
O0001666,O0001666-1,SKU00328,1,35.12,35.12,,0.0,35.12
O0001666,O0001666-2,SKU00123,1,28.95,28.95,,0.0,28.95
O0001666,O0001666-3,SKU00195,1,41.24,41.24,,0.0,41.24
O0001667,O0001667-1,SKU00298,1,21.47,21.47,,0.0,21.47
O0001667,O0001667-2,SKU00240,1,78.86,78.86,,0.0,78.86
O0001667,O0001667-3,SKU00156,3,25.39,76.17,,0.0,76.17
O0001667,O0001667-4,SKU00007,1,32.91,32.91,,0.0,32.91
O0001668,O0001668-1,SKU00343,1,45.56,45.56,,0.0,45.56
O0001669,O0001669-1,SKU00240,1,78.86,78.86,,0.0,78.86
O0001669,O0001669-2,SKU00143,2,18.48,36.96,,0.0,36.96
O0001669,O0001669-3,SKU00352,1,37.11,37.11,,0.0,37.11
O0001669,O0001669-4,SKU00261,1,86.51,86.51,,0.0,86.51
O0001670,O0001670-1,SKU00351,1,52.83,52.83,P0040,15.85,36.98
O0001670,O0001670-2,SKU00308,3,57.22,171.66,,0.0,171.66
O0001670,O0001670-3,SKU00301,1,30.77,30.77,,0.0,30.77
O0001670,O0001670-4,SKU00275,1,50.32,50.32,,0.0,50.32
O0001671,O0001671-1,SKU00230,1,49.13,49.13,,0.0,49.13
O0001671,O0001671-2,SKU00058,2,55.01,110.02,,0.0,110.02
O0001671,O0001671-3,SKU00081,1,30.86,30.86,,0.0,30.86
O0001672,O0001672-1,SKU00273,1,56.47,56.47,,0.0,56.47
O0001673,O0001673-1,SKU00317,1,32.85,32.85,,0.0,32.85
O0001673,O0001673-2,SKU00006,1,31.28,31.28,,0.0,31.28
O0001673,O0001673-3,SKU00193,2,64.21,128.42,,0.0,128.42
O0001674,O0001674-1,SKU00278,2,54.54,109.08,,0.0,109.08
O0001674,O0001674-2,SKU00243,1,34.82,34.82,,0.0,34.82
O0001675,O0001675-1,SKU00224,1,53.56,53.56,,0.0,53.56
O0001675,O0001675-2,SKU00055,1,66.78,66.78,,0.0,66.78
O0001676,O0001676-1,SKU00123,1,28.95,28.95,,0.0,28.95
O0001676,O0001676-2,SKU00097,1,30.01,30.01,,0.0,30.01
O0001677,O0001677-1,SKU00126,2,40.15,80.3,P0010,8.03,72.27
O0001677,O0001677-2,SKU00233,1,21.18,21.18,,0.0,21.18
O0001678,O0001678-1,SKU00021,1,49.41,49.41,,0.0,49.41
O0001678,O0001678-2,SKU00204,1,59.25,59.25,,0.0,59.25
O0001679,O0001679-1,SKU00211,1,88.68,88.68,,0.0,88.68
O0001679,O0001679-2,SKU00086,3,72.82,218.46,,0.0,218.46
O0001679,O0001679-3,SKU00351,2,52.83,105.66,P0040,31.7,73.96
O0001679,O0001679-4,SKU00346,1,102.61,102.61,,0.0,102.61
O0001680,O0001680-1,SKU00045,2,35.31,70.62,,0.0,70.62
O0001681,O0001681-1,SKU00322,1,22.71,22.71,,0.0,22.71
O0001681,O0001681-2,SKU00281,1,52.93,52.93,,0.0,52.93
O0001681,O0001681-3,SKU00111,1,50.04,50.04,,0.0,50.04
O0001682,O0001682-1,SKU00050,1,25.95,25.95,,0.0,25.95
O0001682,O0001682-2,SKU00238,1,69.04,69.04,,0.0,69.04
O0001682,O0001682-3,SKU00197,1,32.23,32.23,,0.0,32.23
O0001683,O0001683-1,SKU00205,1,35.8,35.8,,0.0,35.8
O0001684,O0001684-1,SKU00177,1,41.83,41.83,,0.0,41.83
O0001684,O0001684-2,SKU00114,1,29.46,29.46,,0.0,29.46
O0001685,O0001685-1,SKU00176,1,24.92,24.92,,0.0,24.92
O0001685,O0001685-2,SKU00275,2,50.32,100.64,,0.0,100.64
O0001686,O0001686-1,SKU00320,1,20.06,20.06,,0.0,20.06
O0001686,O0001686-2,SKU00346,2,102.61,205.22,,0.0,205.22
O0001686,O0001686-3,SKU00057,1,34.63,34.63,,0.0,34.63
O0001686,O0001686-4,SKU00103,1,32.28,32.28,,0.0,32.28
O0001687,O0001687-1,SKU00385,2,57.12,114.24,,0.0,114.24
O0001687,O0001687-2,SKU00041,1,31.32,31.32,,0.0,31.32
O0001687,O0001687-3,SKU00126,1,40.15,40.15,P0010,4.01,36.14
O0001688,O0001688-1,SKU00247,1,43.87,43.87,,0.0,43.87
O0001688,O0001688-2,SKU00129,1,38.65,38.65,,0.0,38.65
O0001689,O0001689-1,SKU00250,1,32.56,32.56,,0.0,32.56
O0001689,O0001689-2,SKU00311,1,60.22,60.22,,0.0,60.22
O0001689,O0001689-3,SKU00033,1,24.44,24.44,,0.0,24.44
O0001690,O0001690-1,SKU00176,2,24.92,49.84,,0.0,49.84
O0001690,O0001690-2,SKU00127,1,44.81,44.81,,0.0,44.81
O0001690,O0001690-3,SKU00296,2,48.03,96.06,,0.0,96.06
O0001691,O0001691-1,SKU00158,1,19.54,19.54,,0.0,19.54
O0001692,O0001692-1,SKU00038,1,50.53,50.53,,0.0,50.53
O0001692,O0001692-2,SKU00161,1,12.51,12.51,,0.0,12.51
O0001693,O0001693-1,SKU00372,1,19.15,19.15,,0.0,19.15
O0001693,O0001693-2,SKU00388,1,37.93,37.93,,0.0,37.93
O0001694,O0001694-1,SKU00161,1,12.51,12.51,,0.0,12.51
O0001694,O0001694-2,SKU00080,1,45.12,45.12,,0.0,45.12
O0001694,O0001694-3,SKU00239,1,15.42,15.42,,0.0,15.42
O0001694,O0001694-4,SKU00018,1,20.66,20.66,,0.0,20.66
O0001695,O0001695-1,SKU00166,1,65.47,65.47,,0.0,65.47
O0001696,O0001696-1,SKU00166,1,65.47,65.47,,0.0,65.47
O0001696,O0001696-2,SKU00184,1,34.06,34.06,,0.0,34.06
O0001696,O0001696-3,SKU00254,1,18.56,18.56,,0.0,18.56
O0001697,O0001697-1,SKU00273,1,56.47,56.47,,0.0,56.47
O0001697,O0001697-2,SKU00139,1,52.17,52.17,,0.0,52.17
O0001697,O0001697-3,SKU00111,1,50.04,50.04,,0.0,50.04
O0001698,O0001698-1,SKU00206,1,31.05,31.05,,0.0,31.05
O0001698,O0001698-2,SKU00015,3,66.48,199.44,,0.0,199.44
O0001699,O0001699-1,SKU00007,1,32.91,32.91,,0.0,32.91
O0001700,O0001700-1,SKU00135,1,42.96,42.96,,0.0,42.96
O0001700,O0001700-2,SKU00176,1,24.92,24.92,,0.0,24.92
O0001700,O0001700-3,SKU00168,1,26.49,26.49,,0.0,26.49
O0001701,O0001701-1,SKU00398,1,85.14,85.14,,0.0,85.14
O0001701,O0001701-2,SKU00310,1,44.67,44.67,,0.0,44.67
O0001702,O0001702-1,SKU00012,2,9.88,19.76,,0.0,19.76
O0001702,O0001702-2,SKU00135,1,42.96,42.96,,0.0,42.96
O0001702,O0001702-3,SKU00300,1,29.05,29.05,,0.0,29.05
O0001703,O0001703-1,SKU00063,2,26.13,52.26,,0.0,52.26
O0001703,O0001703-2,SKU00184,3,34.06,102.18,P0034,5.11,97.07
O0001703,O0001703-3,SKU00361,1,44.18,44.18,,0.0,44.18
O0001703,O0001703-4,SKU00102,1,12.21,12.21,,0.0,12.21
O0001704,O0001704-1,SKU00015,2,66.48,132.96,,0.0,132.96
O0001704,O0001704-2,SKU00098,1,54.0,54.0,,0.0,54.0
O0001704,O0001704-3,SKU00276,3,22.08,66.24,,0.0,66.24
O0001704,O0001704-4,SKU00331,1,21.15,21.15,P0010,2.11,19.04
O0001705,O0001705-1,SKU00093,1,55.17,55.17,,0.0,55.17
O0001706,O0001706-1,SKU00216,1,68.72,68.72,,0.0,68.72
O0001706,O0001706-2,SKU00342,1,38.94,38.94,,0.0,38.94
O0001706,O0001706-3,SKU00216,1,68.72,68.72,,0.0,68.72
O0001707,O0001707-1,SKU00141,1,78.13,78.13,,0.0,78.13
O0001707,O0001707-2,SKU00304,3,28.55,85.65,,0.0,85.65
O0001708,O0001708-1,SKU00383,1,37.66,37.66,,0.0,37.66
O0001709,O0001709-1,SKU00011,2,31.25,62.5,,0.0,62.5
O0001709,O0001709-2,SKU00161,1,12.51,12.51,,0.0,12.51
O0001710,O0001710-1,SKU00314,2,39.09,78.18,,0.0,78.18
O0001711,O0001711-1,SKU00172,2,17.17,34.34,,0.0,34.34
O0001711,O0001711-2,SKU00303,1,66.84,66.84,,0.0,66.84
O0001711,O0001711-3,SKU00318,2,30.41,60.82,,0.0,60.82
O0001711,O0001711-4,SKU00310,1,44.67,44.67,,0.0,44.67
O0001712,O0001712-1,SKU00129,1,38.65,38.65,,0.0,38.65
O0001712,O0001712-2,SKU00331,1,21.15,21.15,P0010,2.11,19.04
O0001713,O0001713-1,SKU00002,1,57.3,57.3,,0.0,57.3
O0001713,O0001713-2,SKU00061,1,23.77,23.77,P0010,2.38,21.39
O0001713,O0001713-3,SKU00148,1,39.39,39.39,,0.0,39.39
O0001714,O0001714-1,SKU00315,2,65.19,130.38,,0.0,130.38
O0001715,O0001715-1,SKU00342,1,38.94,38.94,,0.0,38.94
O0001715,O0001715-2,SKU00074,1,76.62,76.62,,0.0,76.62
O0001716,O0001716-1,SKU00215,1,33.08,33.08,,0.0,33.08
O0001717,O0001717-1,SKU00040,1,46.34,46.34,,0.0,46.34
O0001717,O0001717-2,SKU00084,1,33.92,33.92,P0040,10.18,23.74
O0001718,O0001718-1,SKU00060,1,76.86,76.86,,0.0,76.86
O0001718,O0001718-2,SKU00126,2,40.15,80.3,,0.0,80.3
O0001718,O0001718-3,SKU00262,1,10.7,10.7,,0.0,10.7
O0001718,O0001718-4,SKU00313,1,49.13,49.13,,0.0,49.13
O0001719,O0001719-1,SKU00266,1,28.62,28.62,,0.0,28.62
O0001719,O0001719-2,SKU00229,1,74.74,74.74,,0.0,74.74
O0001719,O0001719-3,SKU00299,1,33.57,33.57,,0.0,33.57
O0001719,O0001719-4,SKU00070,1,44.51,44.51,,0.0,44.51
O0001720,O0001720-1,SKU00134,2,31.13,62.26,,0.0,62.26
O0001720,O0001720-2,SKU00111,1,50.04,50.04,,0.0,50.04
O0001721,O0001721-1,SKU00070,1,44.51,44.51,,0.0,44.51
O0001721,O0001721-2,SKU00117,1,30.62,30.62,,0.0,30.62
O0001722,O0001722-1,SKU00234,1,20.16,20.16,,0.0,20.16
O0001722,O0001722-2,SKU00225,1,25.36,25.36,,0.0,25.36
O0001723,O0001723-1,SKU00259,2,40.89,81.78,,0.0,81.78
O0001724,O0001724-1,SKU00248,1,48.06,48.06,,0.0,48.06
O0001724,O0001724-2,SKU00213,1,45.05,45.05,,0.0,45.05
O0001724,O0001724-3,SKU00320,1,20.06,20.06,P0040,6.02,14.04
O0001724,O0001724-4,SKU00383,1,37.66,37.66,,0.0,37.66
O0001725,O0001725-1,SKU00228,1,106.95,106.95,,0.0,106.95
O0001726,O0001726-1,SKU00239,1,15.42,15.42,,0.0,15.42
O0001726,O0001726-2,SKU00290,1,42.67,42.67,,0.0,42.67
O0001727,O0001727-1,SKU00110,1,38.93,38.93,,0.0,38.93
O0001727,O0001727-2,SKU00203,1,71.32,71.32,,0.0,71.32
O0001728,O0001728-1,SKU00101,1,33.02,33.02,,0.0,33.02
O0001728,O0001728-2,SKU00357,1,23.0,23.0,,0.0,23.0
O0001728,O0001728-3,SKU00278,1,54.54,54.54,,0.0,54.54
O0001728,O0001728-4,SKU00279,1,31.74,31.74,,0.0,31.74
O0001729,O0001729-1,SKU00154,1,62.36,62.36,,0.0,62.36
O0001729,O0001729-2,SKU00229,1,74.74,74.74,,0.0,74.74
O0001730,O0001730-1,SKU00241,1,46.38,46.38,,0.0,46.38
O0001730,O0001730-2,SKU00137,1,60.17,60.17,,0.0,60.17
O0001731,O0001731-1,SKU00163,1,29.45,29.45,,0.0,29.45
O0001731,O0001731-2,SKU00307,1,36.83,36.83,,0.0,36.83
O0001732,O0001732-1,SKU00034,1,45.57,45.57,,0.0,45.57
O0001733,O0001733-1,SKU00360,2,93.89,187.78,,0.0,187.78
O0001733,O0001733-2,SKU00383,2,37.66,75.32,,0.0,75.32
O0001733,O0001733-3,SKU00015,1,66.48,66.48,,0.0,66.48
O0001734,O0001734-1,SKU00070,1,44.51,44.51,,0.0,44.51
O0001735,O0001735-1,SKU00205,2,35.8,71.6,,0.0,71.6
O0001736,O0001736-1,SKU00103,1,32.28,32.28,,0.0,32.28
O0001736,O0001736-2,SKU00248,1,48.06,48.06,P0040,14.42,33.64
O0001737,O0001737-1,SKU00357,1,23.0,23.0,,0.0,23.0
O0001737,O0001737-2,SKU00037,1,30.33,30.33,,0.0,30.33
O0001737,O0001737-3,SKU00223,1,22.77,22.77,,0.0,22.77
O0001738,O0001738-1,SKU00168,1,26.49,26.49,,0.0,26.49
O0001739,O0001739-1,SKU00045,2,35.31,70.62,,0.0,70.62
O0001740,O0001740-1,SKU00236,1,32.17,32.17,,0.0,32.17
O0001740,O0001740-2,SKU00192,1,37.74,37.74,,0.0,37.74
O0001740,O0001740-3,SKU00260,1,38.96,38.96,,0.0,38.96
O0001740,O0001740-4,SKU00089,1,49.77,49.77,,0.0,49.77
O0001741,O0001741-1,SKU00126,1,40.15,40.15,,0.0,40.15
O0001742,O0001742-1,SKU00326,3,34.94,104.82,,0.0,104.82
O0001743,O0001743-1,SKU00128,1,24.13,24.13,,0.0,24.13
O0001744,O0001744-1,SKU00132,1,44.43,44.43,,0.0,44.43
O0001745,O0001745-1,SKU00366,1,33.09,33.09,,0.0,33.09
O0001746,O0001746-1,SKU00311,1,60.22,60.22,,0.0,60.22
O0001746,O0001746-2,SKU00221,1,31.0,31.0,,0.0,31.0
O0001746,O0001746-3,SKU00260,2,38.96,77.92,,0.0,77.92
O0001747,O0001747-1,SKU00162,1,65.18,65.18,,0.0,65.18
O0001748,O0001748-1,SKU00069,1,19.77,19.77,,0.0,19.77
O0001749,O0001749-1,SKU00223,1,22.77,22.77,,0.0,22.77
O0001749,O0001749-2,SKU00224,1,53.56,53.56,,0.0,53.56
O0001749,O0001749-3,SKU00212,3,20.15,60.45,,0.0,60.45
O0001750,O0001750-1,SKU00327,1,44.41,44.41,,0.0,44.41
O0001750,O0001750-2,SKU00354,1,27.28,27.28,,0.0,27.28
O0001751,O0001751-1,SKU00364,1,45.23,45.23,,0.0,45.23
O0001751,O0001751-2,SKU00155,1,44.19,44.19,,0.0,44.19
O0001751,O0001751-3,SKU00124,2,29.76,59.52,,0.0,59.52
O0001752,O0001752-1,SKU00158,1,19.54,19.54,,0.0,19.54
O0001753,O0001753-1,SKU00313,1,49.13,49.13,,0.0,49.13
O0001754,O0001754-1,SKU00273,1,56.47,56.47,,0.0,56.47
O0001754,O0001754-2,SKU00309,1,39.31,39.31,,0.0,39.31
O0001754,O0001754-3,SKU00228,1,106.95,106.95,P0040,32.08,74.87
O0001755,O0001755-1,SKU00108,1,19.31,19.31,,0.0,19.31
O0001755,O0001755-2,SKU00005,2,8.67,17.34,,0.0,17.34
O0001755,O0001755-3,SKU00211,1,88.68,88.68,,0.0,88.68
O0001756,O0001756-1,SKU00124,1,29.76,29.76,,0.0,29.76
O0001756,O0001756-2,SKU00044,1,26.97,26.97,,0.0,26.97
O0001757,O0001757-1,SKU00292,1,51.63,51.63,,0.0,51.63
O0001757,O0001757-2,SKU00255,1,82.33,82.33,,0.0,82.33
O0001758,O0001758-1,SKU00315,1,65.19,65.19,P0040,19.56,45.63
O0001758,O0001758-2,SKU00215,1,33.08,33.08,,0.0,33.08
O0001759,O0001759-1,SKU00186,1,34.13,34.13,,0.0,34.13
O0001759,O0001759-2,SKU00098,1,54.0,54.0,,0.0,54.0
O0001759,O0001759-3,SKU00172,1,17.17,17.17,P0010,1.72,15.45
O0001760,O0001760-1,SKU00176,3,24.92,74.76,,0.0,74.76
O0001760,O0001760-2,SKU00123,1,28.95,28.95,,0.0,28.95
O0001761,O0001761-1,SKU00231,1,34.06,34.06,,0.0,34.06
O0001762,O0001762-1,SKU00234,1,20.16,20.16,,0.0,20.16
O0001762,O0001762-2,SKU00051,2,57.83,115.66,,0.0,115.66
O0001763,O0001763-1,SKU00362,1,26.77,26.77,,0.0,26.77
O0001764,O0001764-1,SKU00301,1,30.77,30.77,P0040,9.23,21.54
O0001764,O0001764-2,SKU00266,1,28.62,28.62,,0.0,28.62
O0001764,O0001764-3,SKU00368,1,19.96,19.96,,0.0,19.96
O0001765,O0001765-1,SKU00175,2,44.19,88.38,,0.0,88.38
O0001766,O0001766-1,SKU00391,2,57.23,114.46,,0.0,114.46
O0001767,O0001767-1,SKU00323,1,39.02,39.02,P0040,11.71,27.31
O0001767,O0001767-2,SKU00077,1,17.01,17.01,,0.0,17.01
O0001767,O0001767-3,SKU00033,1,24.44,24.44,P0010,2.44,22.0
O0001767,O0001767-4,SKU00209,1,102.17,102.17,,0.0,102.17
O0001768,O0001768-1,SKU00035,1,57.12,57.12,,0.0,57.12
O0001769,O0001769-1,SKU00144,2,27.92,55.84,,0.0,55.84
O0001770,O0001770-1,SKU00074,1,76.62,76.62,,0.0,76.62
O0001771,O0001771-1,SKU00379,1,36.36,36.36,,0.0,36.36
O0001772,O0001772-1,SKU00077,1,17.01,17.01,,0.0,17.01
O0001772,O0001772-2,SKU00146,1,60.33,60.33,,0.0,60.33
O0001773,O0001773-1,SKU00206,1,31.05,31.05,,0.0,31.05
O0001773,O0001773-2,SKU00377,1,39.6,39.6,P0040,11.88,27.72
O0001774,O0001774-1,SKU00325,3,27.6,82.8,P0010,8.28,74.52
O0001774,O0001774-2,SKU00215,1,33.08,33.08,,0.0,33.08
O0001775,O0001775-1,SKU00132,3,44.43,133.29,,0.0,133.29
O0001775,O0001775-2,SKU00070,1,44.51,44.51,,0.0,44.51
O0001775,O0001775-3,SKU00262,1,10.7,10.7,,0.0,10.7
O0001776,O0001776-1,SKU00311,1,60.22,60.22,,0.0,60.22
O0001776,O0001776-2,SKU00260,1,38.96,38.96,,0.0,38.96
O0001777,O0001777-1,SKU00340,1,30.34,30.34,,0.0,30.34
O0001777,O0001777-2,SKU00334,1,17.99,17.99,,0.0,17.99
O0001777,O0001777-3,SKU00275,1,50.32,50.32,,0.0,50.32
O0001778,O0001778-1,SKU00342,1,38.94,38.94,,0.0,38.94
O0001778,O0001778-2,SKU00074,2,76.62,153.24,,0.0,153.24
O0001779,O0001779-1,SKU00393,1,14.38,14.38,,0.0,14.38
O0001780,O0001780-1,SKU00341,1,47.08,47.08,,0.0,47.08
O0001780,O0001780-2,SKU00016,1,33.83,33.83,,0.0,33.83
O0001781,O0001781-1,SKU00027,1,11.75,11.75,,0.0,11.75
O0001781,O0001781-2,SKU00376,1,37.84,37.84,,0.0,37.84
O0001782,O0001782-1,SKU00152,1,57.95,57.95,,0.0,57.95
O0001783,O0001783-1,SKU00335,1,18.97,18.97,P0040,5.69,13.28
O0001784,O0001784-1,SKU00227,3,105.48,316.44,P0010,31.64,284.8
O0001784,O0001784-2,SKU00044,2,26.97,53.94,,0.0,53.94
O0001784,O0001784-3,SKU00211,1,88.68,88.68,,0.0,88.68
O0001785,O0001785-1,SKU00242,3,41.5,124.5,,0.0,124.5
O0001786,O0001786-1,SKU00339,1,36.52,36.52,P0010,3.65,32.87
O0001787,O0001787-1,SKU00386,1,42.93,42.93,,0.0,42.93
O0001787,O0001787-2,SKU00104,1,73.97,73.97,,0.0,73.97
O0001787,O0001787-3,SKU00385,3,57.12,171.36,,0.0,171.36
O0001788,O0001788-1,SKU00118,1,21.46,21.46,,0.0,21.46
O0001789,O0001789-1,SKU00158,1,19.54,19.54,,0.0,19.54
O0001790,O0001790-1,SKU00117,1,30.62,30.62,,0.0,30.62
O0001790,O0001790-2,SKU00102,1,12.21,12.21,,0.0,12.21
O0001790,O0001790-3,SKU00225,1,25.36,25.36,P0010,2.54,22.82
O0001791,O0001791-1,SKU00371,1,48.42,48.42,,0.0,48.42
O0001792,O0001792-1,SKU00286,1,54.7,54.7,,0.0,54.7
O0001792,O0001792-2,SKU00227,3,105.48,316.44,,0.0,316.44
O0001793,O0001793-1,SKU00345,1,60.26,60.26,,0.0,60.26
O0001793,O0001793-2,SKU00013,1,31.04,31.04,,0.0,31.04
O0001793,O0001793-3,SKU00202,1,80.2,80.2,,0.0,80.2
O0001793,O0001793-4,SKU00031,1,49.75,49.75,,0.0,49.75
O0001794,O0001794-1,SKU00263,1,21.58,21.58,,0.0,21.58
O0001795,O0001795-1,SKU00328,1,35.12,35.12,,0.0,35.12
O0001796,O0001796-1,SKU00156,2,25.39,50.78,,0.0,50.78
O0001797,O0001797-1,SKU00276,1,22.08,22.08,,0.0,22.08
O0001797,O0001797-2,SKU00226,2,84.67,169.34,,0.0,169.34
O0001797,O0001797-3,SKU00138,1,17.97,17.97,,0.0,17.97
O0001798,O0001798-1,SKU00125,3,30.05,90.15,,0.0,90.15
O0001799,O0001799-1,SKU00340,1,30.34,30.34,,0.0,30.34
O0001799,O0001799-2,SKU00269,1,28.75,28.75,,0.0,28.75
O0001799,O0001799-3,SKU00159,1,47.62,47.62,,0.0,47.62
O0001800,O0001800-1,SKU00352,1,37.11,37.11,,0.0,37.11
O0001800,O0001800-2,SKU00188,2,58.74,117.48,,0.0,117.48
O0001800,O0001800-3,SKU00084,1,33.92,33.92,,0.0,33.92
O0001801,O0001801-1,SKU00016,1,33.83,33.83,,0.0,33.83
O0001801,O0001801-2,SKU00327,1,44.41,44.41,,0.0,44.41
O0001802,O0001802-1,SKU00391,1,57.23,57.23,,0.0,57.23
O0001803,O0001803-1,SKU00344,1,9.99,9.99,,0.0,9.99
O0001804,O0001804-1,SKU00327,1,44.41,44.41,,0.0,44.41
O0001804,O0001804-2,SKU00110,1,38.93,38.93,,0.0,38.93
O0001804,O0001804-3,SKU00299,2,33.57,67.14,,0.0,67.14
O0001804,O0001804-4,SKU00013,2,31.04,62.08,,0.0,62.08
O0001805,O0001805-1,SKU00113,2,49.01,98.02,P0034,4.9,93.12
O0001805,O0001805-2,SKU00255,1,82.33,82.33,,0.0,82.33
O0001806,O0001806-1,SKU00361,1,44.18,44.18,,0.0,44.18
O0001807,O0001807-1,SKU00359,1,26.27,26.27,,0.0,26.27
O0001808,O0001808-1,SKU00051,1,57.83,57.83,,0.0,57.83
O0001808,O0001808-2,SKU00058,1,55.01,55.01,,0.0,55.01
O0001808,O0001808-3,SKU00160,3,42.59,127.77,,0.0,127.77
O0001809,O0001809-1,SKU00358,2,36.52,73.04,,0.0,73.04
O0001809,O0001809-2,SKU00364,1,45.23,45.23,,0.0,45.23
O0001810,O0001810-1,SKU00252,1,57.03,57.03,,0.0,57.03
O0001810,O0001810-2,SKU00339,1,36.52,36.52,,0.0,36.52
O0001811,O0001811-1,SKU00297,1,39.78,39.78,,0.0,39.78
O0001812,O0001812-1,SKU00003,2,28.95,57.9,,0.0,57.9
O0001812,O0001812-2,SKU00248,2,48.06,96.12,,0.0,96.12
O0001812,O0001812-3,SKU00258,1,50.85,50.85,,0.0,50.85
O0001813,O0001813-1,SKU00126,1,40.15,40.15,,0.0,40.15
O0001813,O0001813-2,SKU00231,1,34.06,34.06,,0.0,34.06
O0001813,O0001813-3,SKU00038,1,50.53,50.53,,0.0,50.53
O0001814,O0001814-1,SKU00057,1,34.63,34.63,,0.0,34.63
O0001814,O0001814-2,SKU00242,1,41.5,41.5,,0.0,41.5
O0001814,O0001814-3,SKU00192,1,37.74,37.74,,0.0,37.74
O0001814,O0001814-4,SKU00392,1,45.36,45.36,,0.0,45.36
O0001815,O0001815-1,SKU00063,1,26.13,26.13,,0.0,26.13
O0001816,O0001816-1,SKU00193,1,64.21,64.21,,0.0,64.21
O0001816,O0001816-2,SKU00229,1,74.74,74.74,,0.0,74.74
O0001817,O0001817-1,SKU00292,1,51.63,51.63,,0.0,51.63
O0001818,O0001818-1,SKU00240,1,78.86,78.86,,0.0,78.86
O0001818,O0001818-2,SKU00057,2,34.63,69.26,,0.0,69.26
O0001818,O0001818-3,SKU00144,1,27.92,27.92,,0.0,27.92
O0001819,O0001819-1,SKU00024,1,39.92,39.92,,0.0,39.92
O0001819,O0001819-2,SKU00027,2,11.75,23.5,,0.0,23.5
O0001819,O0001819-3,SKU00147,1,41.64,41.64,,0.0,41.64
O0001820,O0001820-1,SKU00049,1,49.27,49.27,,0.0,49.27
O0001820,O0001820-2,SKU00074,1,76.62,76.62,,0.0,76.62
O0001821,O0001821-1,SKU00267,1,82.59,82.59,,0.0,82.59
O0001821,O0001821-2,SKU00202,1,80.2,80.2,,0.0,80.2
O0001821,O0001821-3,SKU00097,1,30.01,30.01,,0.0,30.01
O0001822,O0001822-1,SKU00142,1,61.52,61.52,,0.0,61.52
O0001823,O0001823-1,SKU00345,1,60.26,60.26,,0.0,60.26
O0001823,O0001823-2,SKU00291,3,33.52,100.56,,0.0,100.56
O0001823,O0001823-3,SKU00067,1,20.67,20.67,,0.0,20.67
O0001824,O0001824-1,SKU00101,1,33.02,33.02,,0.0,33.02
O0001824,O0001824-2,SKU00221,1,31.0,31.0,P0010,3.1,27.9
O0001825,O0001825-1,SKU00041,2,31.32,62.64,,0.0,62.64
O0001826,O0001826-1,SKU00346,1,102.61,102.61,,0.0,102.61
O0001826,O0001826-2,SKU00138,2,17.97,35.94,,0.0,35.94
O0001827,O0001827-1,SKU00391,1,57.23,57.23,,0.0,57.23
O0001827,O0001827-2,SKU00012,1,9.88,9.88,,0.0,9.88
O0001828,O0001828-1,SKU00314,2,39.09,78.18,,0.0,78.18
O0001829,O0001829-1,SKU00035,1,57.12,57.12,,0.0,57.12
O0001829,O0001829-2,SKU00164,1,38.71,38.71,,0.0,38.71
O0001830,O0001830-1,SKU00121,1,58.38,58.38,,0.0,58.38
O0001830,O0001830-2,SKU00139,2,52.17,104.34,,0.0,104.34
O0001831,O0001831-1,SKU00046,2,23.8,47.6,,0.0,47.6
O0001832,O0001832-1,SKU00057,2,34.63,69.26,,0.0,69.26
O0001832,O0001832-2,SKU00376,3,37.84,113.52,,0.0,113.52
O0001832,O0001832-3,SKU00211,2,88.68,177.36,,0.0,177.36
O0001832,O0001832-4,SKU00132,2,44.43,88.86,,0.0,88.86
O0001833,O0001833-1,SKU00229,1,74.74,74.74,,0.0,74.74
O0001833,O0001833-2,SKU00320,1,20.06,20.06,,0.0,20.06
O0001834,O0001834-1,SKU00102,2,12.21,24.42,,0.0,24.42
O0001834,O0001834-2,SKU00062,2,38.63,77.26,,0.0,77.26
O0001834,O0001834-3,SKU00384,1,16.39,16.39,,0.0,16.39
O0001835,O0001835-1,SKU00322,2,22.71,45.42,,0.0,45.42
O0001835,O0001835-2,SKU00162,1,65.18,65.18,,0.0,65.18
O0001835,O0001835-3,SKU00333,1,45.51,45.51,,0.0,45.51
O0001836,O0001836-1,SKU00160,2,42.59,85.18,,0.0,85.18
O0001836,O0001836-2,SKU00297,1,39.78,39.78,,0.0,39.78
O0001836,O0001836-3,SKU00028,1,35.88,35.88,,0.0,35.88
O0001837,O0001837-1,SKU00359,2,26.27,52.54,,0.0,52.54
O0001837,O0001837-2,SKU00130,3,66.52,199.56,,0.0,199.56
O0001837,O0001837-3,SKU00001,1,32.38,32.38,,0.0,32.38
O0001837,O0001837-4,SKU00297,1,39.78,39.78,,0.0,39.78
O0001838,O0001838-1,SKU00057,1,34.63,34.63,,0.0,34.63
O0001838,O0001838-2,SKU00265,1,26.72,26.72,,0.0,26.72
O0001838,O0001838-3,SKU00123,2,28.95,57.9,,0.0,57.9
O0001838,O0001838-4,SKU00166,1,65.47,65.47,,0.0,65.47
O0001839,O0001839-1,SKU00141,1,78.13,78.13,,0.0,78.13
O0001840,O0001840-1,SKU00015,1,66.48,66.48,,0.0,66.48
O0001841,O0001841-1,SKU00297,1,39.78,39.78,P0034,1.99,37.79
O0001841,O0001841-2,SKU00063,1,26.13,26.13,,0.0,26.13
O0001842,O0001842-1,SKU00025,2,42.44,84.88,,0.0,84.88
O0001842,O0001842-2,SKU00135,1,42.96,42.96,,0.0,42.96
O0001842,O0001842-3,SKU00119,2,37.15,74.3,,0.0,74.3
O0001843,O0001843-1,SKU00349,1,18.05,18.05,,0.0,18.05
O0001843,O0001843-2,SKU00365,1,26.67,26.67,,0.0,26.67
O0001843,O0001843-3,SKU00121,1,58.38,58.38,,0.0,58.38
O0001844,O0001844-1,SKU00118,1,21.46,21.46,,0.0,21.46
O0001845,O0001845-1,SKU00073,1,61.83,61.83,,0.0,61.83
O0001845,O0001845-2,SKU00222,1,30.96,30.96,,0.0,30.96
O0001845,O0001845-3,SKU00024,1,39.92,39.92,,0.0,39.92
O0001846,O0001846-1,SKU00039,1,59.8,59.8,,0.0,59.8
O0001846,O0001846-2,SKU00180,1,37.89,37.89,,0.0,37.89
O0001846,O0001846-3,SKU00051,3,57.83,173.49,,0.0,173.49
O0001847,O0001847-1,SKU00383,2,37.66,75.32,,0.0,75.32
O0001847,O0001847-2,SKU00231,1,34.06,34.06,,0.0,34.06
O0001848,O0001848-1,SKU00279,1,31.74,31.74,,0.0,31.74
O0001848,O0001848-2,SKU00328,2,35.12,70.24,,0.0,70.24
O0001849,O0001849-1,SKU00038,1,50.53,50.53,P0040,15.16,35.37
O0001850,O0001850-1,SKU00292,1,51.63,51.63,,0.0,51.63
O0001850,O0001850-2,SKU00163,1,29.45,29.45,,0.0,29.45
O0001850,O0001850-3,SKU00276,1,22.08,22.08,,0.0,22.08
O0001851,O0001851-1,SKU00151,1,20.05,20.05,,0.0,20.05
O0001852,O0001852-1,SKU00275,1,50.32,50.32,,0.0,50.32
O0001853,O0001853-1,SKU00230,1,49.13,49.13,,0.0,49.13
O0001853,O0001853-2,SKU00045,1,35.31,35.31,,0.0,35.31
O0001853,O0001853-3,SKU00344,1,9.99,9.99,,0.0,9.99
O0001853,O0001853-4,SKU00171,3,60.15,180.45,,0.0,180.45
O0001854,O0001854-1,SKU00342,1,38.94,38.94,P0040,11.68,27.26
O0001854,O0001854-2,SKU00301,1,30.77,30.77,,0.0,30.77
O0001855,O0001855-1,SKU00035,1,57.12,57.12,P0040,17.14,39.98
O0001855,O0001855-2,SKU00146,1,60.33,60.33,,0.0,60.33
O0001856,O0001856-1,SKU00231,1,34.06,34.06,,0.0,34.06
O0001857,O0001857-1,SKU00187,1,39.15,39.15,,0.0,39.15
O0001858,O0001858-1,SKU00186,2,34.13,68.26,,0.0,68.26
O0001858,O0001858-2,SKU00285,3,40.54,121.62,,0.0,121.62
O0001858,O0001858-3,SKU00115,2,25.28,50.56,,0.0,50.56
O0001859,O0001859-1,SKU00327,2,44.41,88.82,,0.0,88.82
O0001859,O0001859-2,SKU00024,1,39.92,39.92,,0.0,39.92
O0001860,O0001860-1,SKU00369,1,42.23,42.23,,0.0,42.23
O0001860,O0001860-2,SKU00138,1,17.97,17.97,,0.0,17.97
O0001861,O0001861-1,SKU00389,1,51.94,51.94,,0.0,51.94
O0001861,O0001861-2,SKU00193,1,64.21,64.21,,0.0,64.21
O0001862,O0001862-1,SKU00075,2,53.82,107.64,,0.0,107.64
O0001863,O0001863-1,SKU00301,1,30.77,30.77,,0.0,30.77
O0001863,O0001863-2,SKU00208,1,15.73,15.73,,0.0,15.73
O0001864,O0001864-1,SKU00326,1,34.94,34.94,,0.0,34.94
O0001865,O0001865-1,SKU00171,2,60.15,120.3,,0.0,120.3
O0001865,O0001865-2,SKU00152,1,57.95,57.95,,0.0,57.95
O0001866,O0001866-1,SKU00115,1,25.28,25.28,,0.0,25.28
O0001866,O0001866-2,SKU00297,1,39.78,39.78,,0.0,39.78
O0001866,O0001866-3,SKU00387,1,38.08,38.08,,0.0,38.08
O0001867,O0001867-1,SKU00389,1,51.94,51.94,,0.0,51.94
O0001867,O0001867-2,SKU00297,3,39.78,119.34,,0.0,119.34
O0001867,O0001867-3,SKU00098,1,54.0,54.0,,0.0,54.0
O0001868,O0001868-1,SKU00354,1,27.28,27.28,,0.0,27.28
O0001868,O0001868-2,SKU00274,1,14.47,14.47,,0.0,14.47
O0001869,O0001869-1,SKU00193,1,64.21,64.21,,0.0,64.21
O0001869,O0001869-2,SKU00008,2,26.23,52.46,,0.0,52.46
O0001870,O0001870-1,SKU00308,1,57.22,57.22,,0.0,57.22
O0001870,O0001870-2,SKU00111,1,50.04,50.04,,0.0,50.04
O0001871,O0001871-1,SKU00009,1,52.68,52.68,,0.0,52.68
O0001871,O0001871-2,SKU00286,1,54.7,54.7,,0.0,54.7
O0001871,O0001871-3,SKU00174,1,57.96,57.96,,0.0,57.96
O0001872,O0001872-1,SKU00108,1,19.31,19.31,,0.0,19.31
O0001872,O0001872-2,SKU00002,1,57.3,57.3,,0.0,57.3
O0001873,O0001873-1,SKU00179,1,14.26,14.26,,0.0,14.26
O0001873,O0001873-2,SKU00060,1,76.86,76.86,,0.0,76.86
O0001874,O0001874-1,SKU00087,2,22.83,45.66,,0.0,45.66
O0001874,O0001874-2,SKU00021,2,49.41,98.82,,0.0,98.82
O0001874,O0001874-3,SKU00071,1,50.63,50.63,,0.0,50.63
O0001875,O0001875-1,SKU00021,1,49.41,49.41,,0.0,49.41
O0001876,O0001876-1,SKU00270,1,46.55,46.55,,0.0,46.55
O0001876,O0001876-2,SKU00131,1,34.39,34.39,,0.0,34.39
O0001877,O0001877-1,SKU00134,3,31.13,93.39,,0.0,93.39
O0001877,O0001877-2,SKU00260,1,38.96,38.96,,0.0,38.96
O0001878,O0001878-1,SKU00302,2,26.48,52.96,,0.0,52.96
O0001878,O0001878-2,SKU00268,3,43.83,131.49,,0.0,131.49
O0001878,O0001878-3,SKU00243,1,34.82,34.82,,0.0,34.82
O0001879,O0001879-1,SKU00037,1,30.33,30.33,,0.0,30.33
O0001879,O0001879-2,SKU00187,1,39.15,39.15,,0.0,39.15
O0001879,O0001879-3,SKU00334,1,17.99,17.99,,0.0,17.99
O0001880,O0001880-1,SKU00016,1,33.83,33.83,,0.0,33.83
O0001880,O0001880-2,SKU00242,2,41.5,83.0,,0.0,83.0
O0001880,O0001880-3,SKU00367,1,50.59,50.59,,0.0,50.59
O0001880,O0001880-4,SKU00270,1,46.55,46.55,,0.0,46.55
O0001881,O0001881-1,SKU00255,1,82.33,82.33,P0040,24.7,57.63
O0001881,O0001881-2,SKU00120,2,19.69,39.38,,0.0,39.38
O0001882,O0001882-1,SKU00007,1,32.91,32.91,,0.0,32.91
O0001882,O0001882-2,SKU00179,2,14.26,28.52,,0.0,28.52
O0001882,O0001882-3,SKU00095,1,53.11,53.11,,0.0,53.11
O0001883,O0001883-1,SKU00228,1,106.95,106.95,,0.0,106.95
O0001883,O0001883-2,SKU00031,1,49.75,49.75,,0.0,49.75
O0001884,O0001884-1,SKU00369,1,42.23,42.23,,0.0,42.23
O0001884,O0001884-2,SKU00124,1,29.76,29.76,,0.0,29.76
O0001885,O0001885-1,SKU00268,1,43.83,43.83,,0.0,43.83
O0001886,O0001886-1,SKU00236,2,32.17,64.34,,0.0,64.34
O0001886,O0001886-2,SKU00153,1,61.1,61.1,,0.0,61.1
O0001886,O0001886-3,SKU00009,3,52.68,158.04,,0.0,158.04
O0001886,O0001886-4,SKU00080,2,45.12,90.24,,0.0,90.24
O0001887,O0001887-1,SKU00045,1,35.31,35.31,,0.0,35.31
O0001887,O0001887-2,SKU00041,1,31.32,31.32,,0.0,31.32
O0001887,O0001887-3,SKU00364,1,45.23,45.23,,0.0,45.23
O0001887,O0001887-4,SKU00098,1,54.0,54.0,,0.0,54.0
O0001888,O0001888-1,SKU00290,1,42.67,42.67,,0.0,42.67
O0001888,O0001888-2,SKU00363,1,45.39,45.39,,0.0,45.39
O0001889,O0001889-1,SKU00329,1,37.64,37.64,,0.0,37.64
O0001889,O0001889-2,SKU00167,1,22.6,22.6,,0.0,22.6
O0001890,O0001890-1,SKU00109,1,88.61,88.61,,0.0,88.61
O0001890,O0001890-2,SKU00060,2,76.86,153.72,,0.0,153.72
O0001890,O0001890-3,SKU00300,1,29.05,29.05,,0.0,29.05
O0001890,O0001890-4,SKU00149,1,26.89,26.89,,0.0,26.89
O0001891,O0001891-1,SKU00187,1,39.15,39.15,,0.0,39.15
O0001891,O0001891-2,SKU00179,1,14.26,14.26,,0.0,14.26
O0001891,O0001891-3,SKU00355,1,41.61,41.61,,0.0,41.61
O0001892,O0001892-1,SKU00033,1,24.44,24.44,,0.0,24.44
O0001892,O0001892-2,SKU00222,1,30.96,30.96,,0.0,30.96
O0001893,O0001893-1,SKU00089,1,49.77,49.77,,0.0,49.77
O0001893,O0001893-2,SKU00274,1,14.47,14.47,,0.0,14.47
O0001894,O0001894-1,SKU00332,1,104.52,104.52,,0.0,104.52
O0001894,O0001894-2,SKU00152,1,57.95,57.95,,0.0,57.95
O0001894,O0001894-3,SKU00224,2,53.56,107.12,,0.0,107.12
O0001895,O0001895-1,SKU00023,1,57.22,57.22,,0.0,57.22
O0001895,O0001895-2,SKU00104,1,73.97,73.97,,0.0,73.97
O0001895,O0001895-3,SKU00300,1,29.05,29.05,,0.0,29.05
O0001896,O0001896-1,SKU00165,1,18.9,18.9,,0.0,18.9
O0001896,O0001896-2,SKU00289,1,47.79,47.79,,0.0,47.79
O0001897,O0001897-1,SKU00345,1,60.26,60.26,,0.0,60.26
O0001898,O0001898-1,SKU00251,1,23.58,23.58,,0.0,23.58
O0001899,O0001899-1,SKU00046,1,23.8,23.8,,0.0,23.8
O0001899,O0001899-2,SKU00050,1,25.95,25.95,,0.0,25.95
O0001899,O0001899-3,SKU00336,1,54.95,54.95,,0.0,54.95
O0001899,O0001899-4,SKU00172,1,17.17,17.17,,0.0,17.17
O0001900,O0001900-1,SKU00187,2,39.15,78.3,,0.0,78.3
O0001901,O0001901-1,SKU00252,1,57.03,57.03,,0.0,57.03
O0001901,O0001901-2,SKU00202,1,80.2,80.2,,0.0,80.2
O0001901,O0001901-3,SKU00073,1,61.83,61.83,,0.0,61.83
O0001902,O0001902-1,SKU00043,1,50.54,50.54,,0.0,50.54
O0001903,O0001903-1,SKU00022,1,28.83,28.83,,0.0,28.83
O0001903,O0001903-2,SKU00117,2,30.62,61.24,,0.0,61.24
O0001904,O0001904-1,SKU00165,1,18.9,18.9,,0.0,18.9
O0001905,O0001905-1,SKU00347,1,61.23,61.23,,0.0,61.23
O0001905,O0001905-2,SKU00311,1,60.22,60.22,,0.0,60.22
O0001905,O0001905-3,SKU00242,2,41.5,83.0,P0040,24.9,58.1
O0001906,O0001906-1,SKU00371,1,48.42,48.42,,0.0,48.42
O0001906,O0001906-2,SKU00184,1,34.06,34.06,,0.0,34.06
O0001907,O0001907-1,SKU00015,1,66.48,66.48,,0.0,66.48
O0001907,O0001907-2,SKU00229,2,74.74,149.48,,0.0,149.48
O0001908,O0001908-1,SKU00397,2,66.5,133.0,,0.0,133.0
O0001908,O0001908-2,SKU00172,1,17.17,17.17,P0010,1.72,15.45
O0001909,O0001909-1,SKU00314,3,39.09,117.27,,0.0,117.27
O0001909,O0001909-2,SKU00325,1,27.6,27.6,,0.0,27.6
O0001909,O0001909-3,SKU00013,1,31.04,31.04,,0.0,31.04
O0001910,O0001910-1,SKU00024,1,39.92,39.92,,0.0,39.92
O0001911,O0001911-1,SKU00070,1,44.51,44.51,,0.0,44.51
O0001911,O0001911-2,SKU00379,1,36.36,36.36,,0.0,36.36
O0001911,O0001911-3,SKU00285,2,40.54,81.08,P0034,4.05,77.03
O0001912,O0001912-1,SKU00150,1,41.46,41.46,,0.0,41.46
O0001912,O0001912-2,SKU00098,3,54.0,162.0,,0.0,162.0
O0001912,O0001912-3,SKU00259,1,40.89,40.89,,0.0,40.89
O0001913,O0001913-1,SKU00340,1,30.34,30.34,,0.0,30.34
O0001913,O0001913-2,SKU00099,1,22.33,22.33,,0.0,22.33
O0001913,O0001913-3,SKU00071,1,50.63,50.63,,0.0,50.63
O0001914,O0001914-1,SKU00114,1,29.46,29.46,,0.0,29.46
O0001915,O0001915-1,SKU00035,1,57.12,57.12,,0.0,57.12
O0001916,O0001916-1,SKU00384,1,16.39,16.39,,0.0,16.39
O0001916,O0001916-2,SKU00080,1,45.12,45.12,,0.0,45.12
O0001917,O0001917-1,SKU00099,1,22.33,22.33,,0.0,22.33
O0001917,O0001917-2,SKU00371,1,48.42,48.42,P0040,14.53,33.89
O0001917,O0001917-3,SKU00329,2,37.64,75.28,,0.0,75.28
O0001918,O0001918-1,SKU00329,1,37.64,37.64,,0.0,37.64
O0001919,O0001919-1,SKU00148,1,39.39,39.39,,0.0,39.39
O0001920,O0001920-1,SKU00223,1,22.77,22.77,,0.0,22.77
O0001920,O0001920-2,SKU00187,1,39.15,39.15,,0.0,39.15
O0001921,O0001921-1,SKU00323,2,39.02,78.04,,0.0,78.04
O0001921,O0001921-2,SKU00197,1,32.23,32.23,,0.0,32.23
O0001921,O0001921-3,SKU00270,1,46.55,46.55,,0.0,46.55
O0001922,O0001922-1,SKU00158,1,19.54,19.54,,0.0,19.54
O0001922,O0001922-2,SKU00168,1,26.49,26.49,,0.0,26.49
O0001922,O0001922-3,SKU00066,1,52.48,52.48,,0.0,52.48
O0001923,O0001923-1,SKU00200,1,61.25,61.25,,0.0,61.25
O0001924,O0001924-1,SKU00128,1,24.13,24.13,,0.0,24.13
O0001924,O0001924-2,SKU00174,2,57.96,115.92,,0.0,115.92
O0001925,O0001925-1,SKU00051,1,57.83,57.83,,0.0,57.83
O0001926,O0001926-1,SKU00292,3,51.63,154.89,,0.0,154.89
O0001926,O0001926-2,SKU00136,1,52.74,52.74,,0.0,52.74
O0001926,O0001926-3,SKU00030,1,17.63,17.63,,0.0,17.63
O0001927,O0001927-1,SKU00391,1,57.23,57.23,,0.0,57.23
O0001928,O0001928-1,SKU00192,1,37.74,37.74,,0.0,37.74
O0001929,O0001929-1,SKU00002,1,57.3,57.3,,0.0,57.3
O0001929,O0001929-2,SKU00235,1,46.43,46.43,,0.0,46.43
O0001929,O0001929-3,SKU00231,1,34.06,34.06,,0.0,34.06
O0001930,O0001930-1,SKU00387,1,38.08,38.08,,0.0,38.08
O0001931,O0001931-1,SKU00248,1,48.06,48.06,,0.0,48.06
O0001931,O0001931-2,SKU00218,1,16.49,16.49,,0.0,16.49
O0001931,O0001931-3,SKU00293,1,70.96,70.96,P0040,21.29,49.67
O0001932,O0001932-1,SKU00078,1,17.22,17.22,,0.0,17.22
O0001932,O0001932-2,SKU00015,1,66.48,66.48,,0.0,66.48
O0001932,O0001932-3,SKU00334,1,17.99,17.99,,0.0,17.99
O0001932,O0001932-4,SKU00304,1,28.55,28.55,,0.0,28.55
O0001933,O0001933-1,SKU00285,1,40.54,40.54,,0.0,40.54
O0001933,O0001933-2,SKU00206,2,31.05,62.1,,0.0,62.1
O0001933,O0001933-3,SKU00300,1,29.05,29.05,,0.0,29.05
O0001933,O0001933-4,SKU00109,2,88.61,177.22,,0.0,177.22
O0001934,O0001934-1,SKU00216,1,68.72,68.72,,0.0,68.72
O0001934,O0001934-2,SKU00046,3,23.8,71.4,,0.0,71.4
O0001935,O0001935-1,SKU00382,1,19.75,19.75,P0010,1.98,17.77
O0001936,O0001936-1,SKU00190,2,45.12,90.24,,0.0,90.24
O0001937,O0001937-1,SKU00251,2,23.58,47.16,,0.0,47.16
O0001937,O0001937-2,SKU00330,1,61.47,61.47,,0.0,61.47
O0001937,O0001937-3,SKU00281,1,52.93,52.93,,0.0,52.93
O0001938,O0001938-1,SKU00090,1,36.81,36.81,,0.0,36.81
O0001938,O0001938-2,SKU00170,1,29.26,29.26,,0.0,29.26
O0001938,O0001938-3,SKU00219,1,65.58,65.58,,0.0,65.58
O0001938,O0001938-4,SKU00192,2,37.74,75.48,,0.0,75.48
O0001939,O0001939-1,SKU00364,2,45.23,90.46,,0.0,90.46
O0001939,O0001939-2,SKU00362,1,26.77,26.77,,0.0,26.77
O0001939,O0001939-3,SKU00294,2,47.23,94.46,,0.0,94.46
O0001939,O0001939-4,SKU00393,1,14.38,14.38,,0.0,14.38
O0001940,O0001940-1,SKU00154,3,62.36,187.08,,0.0,187.08
O0001941,O0001941-1,SKU00122,1,22.77,22.77,,0.0,22.77
O0001941,O0001941-2,SKU00008,1,26.23,26.23,,0.0,26.23
O0001942,O0001942-1,SKU00352,1,37.11,37.11,,0.0,37.11
O0001942,O0001942-2,SKU00298,1,21.47,21.47,,0.0,21.47
O0001942,O0001942-3,SKU00025,1,42.44,42.44,,0.0,42.44
O0001942,O0001942-4,SKU00357,1,23.0,23.0,,0.0,23.0
O0001943,O0001943-1,SKU00030,1,17.63,17.63,P0010,1.76,15.87
O0001943,O0001943-2,SKU00120,1,19.69,19.69,,0.0,19.69
O0001943,O0001943-3,SKU00044,1,26.97,26.97,,0.0,26.97
O0001943,O0001943-4,SKU00309,1,39.31,39.31,,0.0,39.31
O0001944,O0001944-1,SKU00385,2,57.12,114.24,,0.0,114.24
O0001944,O0001944-2,SKU00079,1,43.31,43.31,,0.0,43.31
O0001945,O0001945-1,SKU00168,2,26.49,52.98,,0.0,52.98
O0001945,O0001945-2,SKU00250,1,32.56,32.56,,0.0,32.56
O0001945,O0001945-3,SKU00367,1,50.59,50.59,,0.0,50.59
O0001946,O0001946-1,SKU00162,1,65.18,65.18,,0.0,65.18
O0001947,O0001947-1,SKU00347,1,61.23,61.23,,0.0,61.23
O0001948,O0001948-1,SKU00021,1,49.41,49.41,,0.0,49.41
O0001948,O0001948-2,SKU00017,1,37.58,37.58,,0.0,37.58
O0001948,O0001948-3,SKU00386,1,42.93,42.93,,0.0,42.93
O0001949,O0001949-1,SKU00053,1,49.62,49.62,,0.0,49.62
O0001949,O0001949-2,SKU00056,1,38.71,38.71,,0.0,38.71
O0001950,O0001950-1,SKU00051,1,57.83,57.83,,0.0,57.83
O0001950,O0001950-2,SKU00192,1,37.74,37.74,,0.0,37.74
O0001951,O0001951-1,SKU00026,1,45.44,45.44,,0.0,45.44
O0001951,O0001951-2,SKU00289,1,47.79,47.79,,0.0,47.79
O0001952,O0001952-1,SKU00121,1,58.38,58.38,,0.0,58.38
O0001952,O0001952-2,SKU00167,1,22.6,22.6,,0.0,22.6
O0001952,O0001952-3,SKU00374,1,34.49,34.49,,0.0,34.49
O0001953,O0001953-1,SKU00055,1,66.78,66.78,,0.0,66.78
O0001953,O0001953-2,SKU00203,1,71.32,71.32,,0.0,71.32
O0001953,O0001953-3,SKU00141,1,78.13,78.13,,0.0,78.13
O0001954,O0001954-1,SKU00073,1,61.83,61.83,,0.0,61.83
O0001954,O0001954-2,SKU00079,1,43.31,43.31,,0.0,43.31
O0001955,O0001955-1,SKU00383,1,37.66,37.66,,0.0,37.66
O0001955,O0001955-2,SKU00102,1,12.21,12.21,,0.0,12.21
O0001955,O0001955-3,SKU00086,1,72.82,72.82,,0.0,72.82
O0001955,O0001955-4,SKU00017,1,37.58,37.58,,0.0,37.58
O0001956,O0001956-1,SKU00071,1,50.63,50.63,,0.0,50.63
O0001956,O0001956-2,SKU00189,1,53.14,53.14,,0.0,53.14
O0001957,O0001957-1,SKU00020,1,42.57,42.57,,0.0,42.57
O0001957,O0001957-2,SKU00339,1,36.52,36.52,,0.0,36.52
O0001957,O0001957-3,SKU00374,1,34.49,34.49,,0.0,34.49
O0001957,O0001957-4,SKU00222,1,30.96,30.96,,0.0,30.96
O0001958,O0001958-1,SKU00029,1,36.29,36.29,,0.0,36.29
O0001959,O0001959-1,SKU00255,1,82.33,82.33,,0.0,82.33
O0001960,O0001960-1,SKU00192,1,37.74,37.74,,0.0,37.74
O0001960,O0001960-2,SKU00086,1,72.82,72.82,,0.0,72.82
O0001960,O0001960-3,SKU00124,1,29.76,29.76,,0.0,29.76
O0001960,O0001960-4,SKU00349,1,18.05,18.05,,0.0,18.05
O0001961,O0001961-1,SKU00400,1,33.96,33.96,,0.0,33.96
O0001962,O0001962-1,SKU00036,1,42.54,42.54,,0.0,42.54
O0001962,O0001962-2,SKU00196,3,36.14,108.42,,0.0,108.42
O0001963,O0001963-1,SKU00099,1,22.33,22.33,,0.0,22.33
O0001964,O0001964-1,SKU00138,3,17.97,53.91,,0.0,53.91
O0001964,O0001964-2,SKU00097,1,30.01,30.01,,0.0,30.01
O0001965,O0001965-1,SKU00117,1,30.62,30.62,,0.0,30.62
O0001966,O0001966-1,SKU00367,3,50.59,151.77,,0.0,151.77
O0001967,O0001967-1,SKU00316,2,21.03,42.06,,0.0,42.06
O0001967,O0001967-2,SKU00342,1,38.94,38.94,,0.0,38.94
O0001967,O0001967-3,SKU00131,2,34.39,68.78,,0.0,68.78
O0001967,O0001967-4,SKU00105,3,52.33,156.99,,0.0,156.99
O0001968,O0001968-1,SKU00058,3,55.01,165.03,,0.0,165.03
O0001968,O0001968-2,SKU00029,1,36.29,36.29,,0.0,36.29
O0001968,O0001968-3,SKU00052,1,57.74,57.74,,0.0,57.74
O0001969,O0001969-1,SKU00024,1,39.92,39.92,,0.0,39.92
O0001969,O0001969-2,SKU00267,2,82.59,165.18,,0.0,165.18
O0001969,O0001969-3,SKU00372,1,19.15,19.15,,0.0,19.15
O0001969,O0001969-4,SKU00147,2,41.64,83.28,,0.0,83.28
O0001970,O0001970-1,SKU00120,1,19.69,19.69,,0.0,19.69
O0001971,O0001971-1,SKU00178,1,55.23,55.23,,0.0,55.23
O0001971,O0001971-2,SKU00302,1,26.48,26.48,,0.0,26.48
O0001971,O0001971-3,SKU00242,1,41.5,41.5,,0.0,41.5
O0001972,O0001972-1,SKU00259,1,40.89,40.89,,0.0,40.89
O0001972,O0001972-2,SKU00063,1,26.13,26.13,,0.0,26.13
O0001972,O0001972-3,SKU00390,3,38.26,114.78,,0.0,114.78
O0001973,O0001973-1,SKU00296,1,48.03,48.03,,0.0,48.03
O0001973,O0001973-2,SKU00087,1,22.83,22.83,,0.0,22.83
O0001974,O0001974-1,SKU00356,1,12.98,12.98,,0.0,12.98
O0001974,O0001974-2,SKU00282,2,46.15,92.3,,0.0,92.3
O0001975,O0001975-1,SKU00075,3,53.82,161.46,,0.0,161.46
O0001976,O0001976-1,SKU00024,1,39.92,39.92,,0.0,39.92
O0001976,O0001976-2,SKU00105,1,52.33,52.33,,0.0,52.33
O0001977,O0001977-1,SKU00103,1,32.28,32.28,,0.0,32.28
O0001977,O0001977-2,SKU00384,1,16.39,16.39,,0.0,16.39
O0001978,O0001978-1,SKU00206,1,31.05,31.05,,0.0,31.05
O0001978,O0001978-2,SKU00372,1,19.15,19.15,,0.0,19.15
O0001978,O0001978-3,SKU00359,3,26.27,78.81,,0.0,78.81
O0001978,O0001978-4,SKU00046,1,23.8,23.8,,0.0,23.8
O0001979,O0001979-1,SKU00144,2,27.92,55.84,,0.0,55.84
O0001980,O0001980-1,SKU00157,1,70.71,70.71,,0.0,70.71
O0001980,O0001980-2,SKU00039,1,59.8,59.8,,0.0,59.8
O0001981,O0001981-1,SKU00020,2,42.57,85.14,,0.0,85.14
O0001982,O0001982-1,SKU00309,1,39.31,39.31,,0.0,39.31
O0001982,O0001982-2,SKU00278,1,54.54,54.54,,0.0,54.54
O0001983,O0001983-1,SKU00298,3,21.47,64.41,,0.0,64.41
O0001983,O0001983-2,SKU00193,2,64.21,128.42,,0.0,128.42
O0001984,O0001984-1,SKU00331,1,21.15,21.15,,0.0,21.15
O0001984,O0001984-2,SKU00191,1,45.24,45.24,,0.0,45.24
O0001985,O0001985-1,SKU00189,1,53.14,53.14,,0.0,53.14
O0001986,O0001986-1,SKU00218,1,16.49,16.49,,0.0,16.49
O0001986,O0001986-2,SKU00300,1,29.05,29.05,,0.0,29.05
O0001987,O0001987-1,SKU00105,1,52.33,52.33,,0.0,52.33
O0001987,O0001987-2,SKU00384,1,16.39,16.39,,0.0,16.39
O0001988,O0001988-1,SKU00267,2,82.59,165.18,,0.0,165.18
O0001988,O0001988-2,SKU00252,1,57.03,57.03,,0.0,57.03
O0001988,O0001988-3,SKU00304,1,28.55,28.55,,0.0,28.55
O0001989,O0001989-1,SKU00179,1,14.26,14.26,,0.0,14.26
O0001989,O0001989-2,SKU00139,2,52.17,104.34,,0.0,104.34
O0001990,O0001990-1,SKU00036,3,42.54,127.62,,0.0,127.62
O0001991,O0001991-1,SKU00339,1,36.52,36.52,,0.0,36.52
O0001991,O0001991-2,SKU00320,1,20.06,20.06,,0.0,20.06
O0001992,O0001992-1,SKU00176,1,24.92,24.92,,0.0,24.92
O0001992,O0001992-2,SKU00137,1,60.17,60.17,,0.0,60.17
O0001993,O0001993-1,SKU00156,1,25.39,25.39,,0.0,25.39
O0001993,O0001993-2,SKU00242,2,41.5,83.0,,0.0,83.0
O0001994,O0001994-1,SKU00010,1,32.93,32.93,,0.0,32.93
O0001994,O0001994-2,SKU00147,1,41.64,41.64,,0.0,41.64
O0001995,O0001995-1,SKU00323,1,39.02,39.02,,0.0,39.02
O0001996,O0001996-1,SKU00236,1,32.17,32.17,P0010,3.22,28.95
O0001997,O0001997-1,SKU00340,1,30.34,30.34,,0.0,30.34
O0001997,O0001997-2,SKU00119,1,37.15,37.15,,0.0,37.15
O0001998,O0001998-1,SKU00282,1,46.15,46.15,,0.0,46.15
O0001998,O0001998-2,SKU00325,1,27.6,27.6,P0010,2.76,24.84
O0001999,O0001999-1,SKU00046,1,23.8,23.8,,0.0,23.8
O0001999,O0001999-2,SKU00085,1,51.96,51.96,,0.0,51.96
O0002000,O0002000-1,SKU00053,1,49.62,49.62,,0.0,49.62
O0002000,O0002000-2,SKU00262,1,10.7,10.7,,0.0,10.7
O0002000,O0002000-3,SKU00250,1,32.56,32.56,,0.0,32.56
O0002000,O0002000-4,SKU00035,1,57.12,57.12,,0.0,57.12
O0002001,O0002001-1,SKU00027,1,11.75,11.75,,0.0,11.75
O0002001,O0002001-2,SKU00258,1,50.85,50.85,,0.0,50.85
O0002002,O0002002-1,SKU00323,1,39.02,39.02,,0.0,39.02
O0002002,O0002002-2,SKU00398,2,85.14,170.28,P0010,17.03,153.25
O0002002,O0002002-3,SKU00205,1,35.8,35.8,,0.0,35.8
O0002003,O0002003-1,SKU00118,1,21.46,21.46,,0.0,21.46
O0002004,O0002004-1,SKU00388,1,37.93,37.93,,0.0,37.93
O0002005,O0002005-1,SKU00306,1,36.9,36.9,,0.0,36.9
O0002005,O0002005-2,SKU00393,1,14.38,14.38,P0010,1.44,12.94
O0002006,O0002006-1,SKU00158,1,19.54,19.54,,0.0,19.54
O0002007,O0002007-1,SKU00052,2,57.74,115.48,,0.0,115.48
O0002008,O0002008-1,SKU00151,1,20.05,20.05,,0.0,20.05
O0002009,O0002009-1,SKU00150,1,41.46,41.46,,0.0,41.46
O0002009,O0002009-2,SKU00174,1,57.96,57.96,,0.0,57.96
O0002009,O0002009-3,SKU00349,2,18.05,36.1,,0.0,36.1
O0002009,O0002009-4,SKU00013,1,31.04,31.04,,0.0,31.04
O0002010,O0002010-1,SKU00115,3,25.28,75.84,,0.0,75.84
O0002010,O0002010-2,SKU00359,1,26.27,26.27,,0.0,26.27
O0002010,O0002010-3,SKU00161,1,12.51,12.51,,0.0,12.51
O0002011,O0002011-1,SKU00152,1,57.95,57.95,,0.0,57.95
O0002012,O0002012-1,SKU00237,1,54.4,54.4,,0.0,54.4
O0002013,O0002013-1,SKU00335,1,18.97,18.97,P0040,5.69,13.28
O0002013,O0002013-2,SKU00346,1,102.61,102.61,,0.0,102.61
O0002013,O0002013-3,SKU00238,2,69.04,138.08,,0.0,138.08
O0002014,O0002014-1,SKU00119,1,37.15,37.15,,0.0,37.15
O0002015,O0002015-1,SKU00139,1,52.17,52.17,,0.0,52.17
O0002015,O0002015-2,SKU00222,1,30.96,30.96,,0.0,30.96
O0002016,O0002016-1,SKU00323,1,39.02,39.02,,0.0,39.02
O0002016,O0002016-2,SKU00321,1,13.85,13.85,,0.0,13.85
O0002016,O0002016-3,SKU00386,2,42.93,85.86,,0.0,85.86
O0002016,O0002016-4,SKU00030,1,17.63,17.63,P0010,1.76,15.87
O0002017,O0002017-1,SKU00331,1,21.15,21.15,,0.0,21.15
O0002018,O0002018-1,SKU00323,1,39.02,39.02,,0.0,39.02
O0002018,O0002018-2,SKU00070,1,44.51,44.51,,0.0,44.51
O0002018,O0002018-3,SKU00344,1,9.99,9.99,,0.0,9.99
O0002019,O0002019-1,SKU00314,1,39.09,39.09,,0.0,39.09
O0002019,O0002019-2,SKU00168,1,26.49,26.49,,0.0,26.49
O0002019,O0002019-3,SKU00184,1,34.06,34.06,,0.0,34.06
O0002020,O0002020-1,SKU00205,1,35.8,35.8,,0.0,35.8
O0002020,O0002020-2,SKU00001,1,32.38,32.38,,0.0,32.38
O0002021,O0002021-1,SKU00025,1,42.44,42.44,,0.0,42.44
O0002021,O0002021-2,SKU00132,1,44.43,44.43,,0.0,44.43
O0002021,O0002021-3,SKU00113,1,49.01,49.01,,0.0,49.01
O0002022,O0002022-1,SKU00218,1,16.49,16.49,,0.0,16.49
O0002022,O0002022-2,SKU00243,1,34.82,34.82,,0.0,34.82
O0002023,O0002023-1,SKU00130,1,66.52,66.52,,0.0,66.52
O0002024,O0002024-1,SKU00046,1,23.8,23.8,,0.0,23.8
O0002024,O0002024-2,SKU00019,1,23.04,23.04,,0.0,23.04
O0002025,O0002025-1,SKU00246,1,38.15,38.15,,0.0,38.15
O0002026,O0002026-1,SKU00203,1,71.32,71.32,,0.0,71.32
O0002027,O0002027-1,SKU00258,1,50.85,50.85,,0.0,50.85
O0002027,O0002027-2,SKU00251,1,23.58,23.58,,0.0,23.58
O0002028,O0002028-1,SKU00400,1,33.96,33.96,P0010,3.4,30.56
O0002029,O0002029-1,SKU00120,1,19.69,19.69,,0.0,19.69
O0002029,O0002029-2,SKU00075,1,53.82,53.82,,0.0,53.82
O0002030,O0002030-1,SKU00167,1,22.6,22.6,,0.0,22.6
O0002030,O0002030-2,SKU00074,1,76.62,76.62,,0.0,76.62
O0002031,O0002031-1,SKU00383,1,37.66,37.66,,0.0,37.66
O0002031,O0002031-2,SKU00339,1,36.52,36.52,,0.0,36.52
O0002032,O0002032-1,SKU00232,1,34.95,34.95,,0.0,34.95
O0002033,O0002033-1,SKU00175,1,44.19,44.19,,0.0,44.19
O0002033,O0002033-2,SKU00393,1,14.38,14.38,P0010,1.44,12.94
O0002033,O0002033-3,SKU00051,1,57.83,57.83,,0.0,57.83
O0002033,O0002033-4,SKU00069,1,19.77,19.77,,0.0,19.77
O0002034,O0002034-1,SKU00276,1,22.08,22.08,,0.0,22.08
O0002035,O0002035-1,SKU00077,3,17.01,51.03,,0.0,51.03
O0002036,O0002036-1,SKU00273,1,56.47,56.47,,0.0,56.47
O0002036,O0002036-2,SKU00003,1,28.95,28.95,,0.0,28.95
O0002037,O0002037-1,SKU00195,1,41.24,41.24,,0.0,41.24
O0002037,O0002037-2,SKU00079,1,43.31,43.31,,0.0,43.31
O0002038,O0002038-1,SKU00022,3,28.83,86.49,,0.0,86.49
O0002039,O0002039-1,SKU00075,1,53.82,53.82,,0.0,53.82
O0002039,O0002039-2,SKU00352,1,37.11,37.11,,0.0,37.11
O0002039,O0002039-3,SKU00400,2,33.96,67.92,,0.0,67.92
O0002039,O0002039-4,SKU00252,1,57.03,57.03,,0.0,57.03
O0002040,O0002040-1,SKU00357,1,23.0,23.0,,0.0,23.0
O0002041,O0002041-1,SKU00030,1,17.63,17.63,,0.0,17.63
O0002041,O0002041-2,SKU00017,1,37.58,37.58,,0.0,37.58
O0002042,O0002042-1,SKU00361,1,44.18,44.18,,0.0,44.18
O0002043,O0002043-1,SKU00388,1,37.93,37.93,,0.0,37.93
O0002044,O0002044-1,SKU00354,1,27.28,27.28,,0.0,27.28
O0002045,O0002045-1,SKU00388,1,37.93,37.93,,0.0,37.93
O0002045,O0002045-2,SKU00124,1,29.76,29.76,,0.0,29.76
O0002045,O0002045-3,SKU00226,1,84.67,84.67,,0.0,84.67
O0002046,O0002046-1,SKU00307,1,36.83,36.83,,0.0,36.83
O0002046,O0002046-2,SKU00003,1,28.95,28.95,,0.0,28.95
O0002047,O0002047-1,SKU00013,1,31.04,31.04,,0.0,31.04
O0002048,O0002048-1,SKU00317,1,32.85,32.85,,0.0,32.85
O0002049,O0002049-1,SKU00022,1,28.83,28.83,,0.0,28.83
O0002049,O0002049-2,SKU00017,2,37.58,75.16,,0.0,75.16
O0002049,O0002049-3,SKU00008,1,26.23,26.23,,0.0,26.23
O0002050,O0002050-1,SKU00323,1,39.02,39.02,,0.0,39.02
O0002051,O0002051-1,SKU00218,1,16.49,16.49,,0.0,16.49
O0002051,O0002051-2,SKU00339,1,36.52,36.52,,0.0,36.52
O0002052,O0002052-1,SKU00396,1,15.54,15.54,,0.0,15.54
O0002052,O0002052-2,SKU00365,1,26.67,26.67,,0.0,26.67
O0002052,O0002052-3,SKU00223,2,22.77,45.54,,0.0,45.54
O0002052,O0002052-4,SKU00364,1,45.23,45.23,,0.0,45.23
O0002053,O0002053-1,SKU00286,1,54.7,54.7,,0.0,54.7
O0002053,O0002053-2,SKU00383,1,37.66,37.66,,0.0,37.66
O0002054,O0002054-1,SKU00316,1,21.03,21.03,,0.0,21.03
O0002054,O0002054-2,SKU00047,1,79.17,79.17,,0.0,79.17
O0002054,O0002054-3,SKU00390,1,38.26,38.26,,0.0,38.26
O0002054,O0002054-4,SKU00078,1,17.22,17.22,,0.0,17.22
O0002055,O0002055-1,SKU00235,1,46.43,46.43,,0.0,46.43
O0002055,O0002055-2,SKU00144,1,27.92,27.92,,0.0,27.92
O0002055,O0002055-3,SKU00123,2,28.95,57.9,,0.0,57.9
O0002055,O0002055-4,SKU00222,1,30.96,30.96,,0.0,30.96
O0002056,O0002056-1,SKU00010,1,32.93,32.93,,0.0,32.93
O0002057,O0002057-1,SKU00090,1,36.81,36.81,,0.0,36.81
O0002057,O0002057-2,SKU00022,1,28.83,28.83,,0.0,28.83
O0002058,O0002058-1,SKU00187,1,39.15,39.15,,0.0,39.15
O0002058,O0002058-2,SKU00295,1,42.42,42.42,,0.0,42.42
O0002059,O0002059-1,SKU00114,1,29.46,29.46,,0.0,29.46
O0002060,O0002060-1,SKU00293,1,70.96,70.96,P0040,21.29,49.67
O0002060,O0002060-2,SKU00237,1,54.4,54.4,,0.0,54.4
O0002061,O0002061-1,SKU00359,1,26.27,26.27,,0.0,26.27
O0002062,O0002062-1,SKU00298,1,21.47,21.47,,0.0,21.47
O0002062,O0002062-2,SKU00198,1,39.26,39.26,,0.0,39.26
O0002063,O0002063-1,SKU00232,1,34.95,34.95,,0.0,34.95
O0002063,O0002063-2,SKU00038,1,50.53,50.53,P0040,15.16,35.37
O0002064,O0002064-1,SKU00117,1,30.62,30.62,,0.0,30.62
O0002064,O0002064-2,SKU00202,1,80.2,80.2,,0.0,80.2
O0002065,O0002065-1,SKU00268,1,43.83,43.83,,0.0,43.83
O0002065,O0002065-2,SKU00031,2,49.75,99.5,,0.0,99.5
O0002066,O0002066-1,SKU00173,1,61.04,61.04,,0.0,61.04
O0002066,O0002066-2,SKU00362,1,26.77,26.77,,0.0,26.77
O0002067,O0002067-1,SKU00321,1,13.85,13.85,P0010,1.38,12.47
O0002068,O0002068-1,SKU00160,1,42.59,42.59,,0.0,42.59
O0002068,O0002068-2,SKU00047,2,79.17,158.34,,0.0,158.34
O0002068,O0002068-3,SKU00367,1,50.59,50.59,,0.0,50.59
O0002069,O0002069-1,SKU00010,1,32.93,32.93,,0.0,32.93
O0002070,O0002070-1,SKU00296,1,48.03,48.03,,0.0,48.03
O0002070,O0002070-2,SKU00323,1,39.02,39.02,,0.0,39.02
O0002071,O0002071-1,SKU00352,1,37.11,37.11,,0.0,37.11
O0002071,O0002071-2,SKU00264,1,27.04,27.04,,0.0,27.04
O0002072,O0002072-1,SKU00111,1,50.04,50.04,,0.0,50.04
O0002073,O0002073-1,SKU00137,1,60.17,60.17,,0.0,60.17
O0002073,O0002073-2,SKU00351,1,52.83,52.83,P0040,15.85,36.98
O0002073,O0002073-3,SKU00242,1,41.5,41.5,,0.0,41.5
O0002073,O0002073-4,SKU00217,1,31.07,31.07,,0.0,31.07
O0002074,O0002074-1,SKU00208,2,15.73,31.46,,0.0,31.46
O0002074,O0002074-2,SKU00029,1,36.29,36.29,,0.0,36.29
O0002074,O0002074-3,SKU00278,1,54.54,54.54,,0.0,54.54
O0002075,O0002075-1,SKU00123,1,28.95,28.95,,0.0,28.95
O0002075,O0002075-2,SKU00328,1,35.12,35.12,,0.0,35.12
O0002076,O0002076-1,SKU00273,1,56.47,56.47,,0.0,56.47
O0002077,O0002077-1,SKU00020,1,42.57,42.57,,0.0,42.57
O0002077,O0002077-2,SKU00365,2,26.67,53.34,,0.0,53.34
O0002078,O0002078-1,SKU00200,2,61.25,122.5,,0.0,122.5
O0002078,O0002078-2,SKU00346,1,102.61,102.61,,0.0,102.61
O0002079,O0002079-1,SKU00084,1,33.92,33.92,,0.0,33.92
O0002079,O0002079-2,SKU00053,1,49.62,49.62,,0.0,49.62
O0002080,O0002080-1,SKU00192,1,37.74,37.74,,0.0,37.74
O0002080,O0002080-2,SKU00142,1,61.52,61.52,,0.0,61.52
O0002081,O0002081-1,SKU00186,1,34.13,34.13,,0.0,34.13
O0002081,O0002081-2,SKU00312,1,39.88,39.88,,0.0,39.88
O0002081,O0002081-3,SKU00242,2,41.5,83.0,P0040,24.9,58.1
O0002082,O0002082-1,SKU00213,1,45.05,45.05,,0.0,45.05
O0002082,O0002082-2,SKU00258,1,50.85,50.85,,0.0,50.85
O0002083,O0002083-1,SKU00253,1,51.01,51.01,,0.0,51.01
O0002083,O0002083-2,SKU00017,2,37.58,75.16,,0.0,75.16
O0002083,O0002083-3,SKU00371,1,48.42,48.42,,0.0,48.42
O0002084,O0002084-1,SKU00226,1,84.67,84.67,,0.0,84.67
O0002085,O0002085-1,SKU00346,1,102.61,102.61,,0.0,102.61
O0002085,O0002085-2,SKU00069,1,19.77,19.77,,0.0,19.77
O0002086,O0002086-1,SKU00093,1,55.17,55.17,,0.0,55.17
O0002086,O0002086-2,SKU00248,1,48.06,48.06,,0.0,48.06
O0002086,O0002086-3,SKU00345,1,60.26,60.26,,0.0,60.26
O0002087,O0002087-1,SKU00174,1,57.96,57.96,,0.0,57.96
O0002087,O0002087-2,SKU00155,1,44.19,44.19,,0.0,44.19
O0002088,O0002088-1,SKU00309,1,39.31,39.31,,0.0,39.31
O0002088,O0002088-2,SKU00219,3,65.58,196.74,P0010,19.67,177.07
O0002088,O0002088-3,SKU00097,1,30.01,30.01,,0.0,30.01
O0002089,O0002089-1,SKU00348,1,64.96,64.96,,0.0,64.96
O0002090,O0002090-1,SKU00103,1,32.28,32.28,,0.0,32.28
O0002091,O0002091-1,SKU00053,1,49.62,49.62,,0.0,49.62
O0002091,O0002091-2,SKU00176,1,24.92,24.92,,0.0,24.92
O0002092,O0002092-1,SKU00243,1,34.82,34.82,,0.0,34.82
O0002092,O0002092-2,SKU00192,1,37.74,37.74,,0.0,37.74
O0002093,O0002093-1,SKU00289,2,47.79,95.58,,0.0,95.58
O0002094,O0002094-1,SKU00359,2,26.27,52.54,,0.0,52.54
O0002094,O0002094-2,SKU00348,1,64.96,64.96,,0.0,64.96
O0002094,O0002094-3,SKU00115,2,25.28,50.56,,0.0,50.56
O0002095,O0002095-1,SKU00187,1,39.15,39.15,,0.0,39.15
O0002096,O0002096-1,SKU00063,3,26.13,78.39,,0.0,78.39
O0002097,O0002097-1,SKU00066,1,52.48,52.48,,0.0,52.48
O0002097,O0002097-2,SKU00139,1,52.17,52.17,,0.0,52.17
O0002098,O0002098-1,SKU00296,2,48.03,96.06,,0.0,96.06
O0002098,O0002098-2,SKU00268,1,43.83,43.83,,0.0,43.83
O0002098,O0002098-3,SKU00261,1,86.51,86.51,,0.0,86.51
O0002098,O0002098-4,SKU00300,1,29.05,29.05,,0.0,29.05
O0002099,O0002099-1,SKU00189,1,53.14,53.14,,0.0,53.14
O0002099,O0002099-2,SKU00200,1,61.25,61.25,,0.0,61.25
O0002100,O0002100-1,SKU00293,2,70.96,141.92,,0.0,141.92
O0002101,O0002101-1,SKU00398,1,85.14,85.14,,0.0,85.14
O0002101,O0002101-2,SKU00033,1,24.44,24.44,P0010,2.44,22.0
O0002102,O0002102-1,SKU00028,1,35.88,35.88,,0.0,35.88
O0002102,O0002102-2,SKU00212,1,20.15,20.15,,0.0,20.15
O0002103,O0002103-1,SKU00312,1,39.88,39.88,,0.0,39.88
O0002104,O0002104-1,SKU00378,1,38.51,38.51,,0.0,38.51
O0002104,O0002104-2,SKU00029,2,36.29,72.58,,0.0,72.58
O0002104,O0002104-3,SKU00387,1,38.08,38.08,,0.0,38.08
O0002105,O0002105-1,SKU00389,2,51.94,103.88,,0.0,103.88
O0002106,O0002106-1,SKU00352,1,37.11,37.11,,0.0,37.11
O0002106,O0002106-2,SKU00261,2,86.51,173.02,,0.0,173.02
O0002107,O0002107-1,SKU00255,1,82.33,82.33,,0.0,82.33
O0002108,O0002108-1,SKU00298,1,21.47,21.47,,0.0,21.47
O0002109,O0002109-1,SKU00334,1,17.99,17.99,,0.0,17.99
O0002109,O0002109-2,SKU00324,1,70.29,70.29,,0.0,70.29
O0002110,O0002110-1,SKU00159,1,47.62,47.62,,0.0,47.62
O0002111,O0002111-1,SKU00345,1,60.26,60.26,,0.0,60.26
O0002111,O0002111-2,SKU00263,1,21.58,21.58,,0.0,21.58
O0002112,O0002112-1,SKU00200,1,61.25,61.25,,0.0,61.25
O0002112,O0002112-2,SKU00379,1,36.36,36.36,,0.0,36.36
O0002113,O0002113-1,SKU00390,1,38.26,38.26,,0.0,38.26
O0002113,O0002113-2,SKU00107,2,64.03,128.06,,0.0,128.06
O0002114,O0002114-1,SKU00282,1,46.15,46.15,,0.0,46.15
O0002115,O0002115-1,SKU00178,1,55.23,55.23,,0.0,55.23
O0002115,O0002115-2,SKU00318,1,30.41,30.41,,0.0,30.41
O0002116,O0002116-1,SKU00187,1,39.15,39.15,,0.0,39.15
O0002116,O0002116-2,SKU00001,1,32.38,32.38,,0.0,32.38
O0002117,O0002117-1,SKU00221,1,31.0,31.0,,0.0,31.0
O0002117,O0002117-2,SKU00105,2,52.33,104.66,,0.0,104.66
O0002117,O0002117-3,SKU00027,1,11.75,11.75,,0.0,11.75
O0002118,O0002118-1,SKU00213,2,45.05,90.1,,0.0,90.1
O0002119,O0002119-1,SKU00170,3,29.26,87.78,,0.0,87.78
O0002119,O0002119-2,SKU00291,2,33.52,67.04,,0.0,67.04
O0002120,O0002120-1,SKU00118,1,21.46,21.46,P0040,6.44,15.02
O0002121,O0002121-1,SKU00078,1,17.22,17.22,P0010,1.72,15.5
O0002121,O0002121-2,SKU00296,1,48.03,48.03,,0.0,48.03
O0002122,O0002122-1,SKU00245,2,49.62,99.24,,0.0,99.24
O0002122,O0002122-2,SKU00158,1,19.54,19.54,,0.0,19.54
O0002123,O0002123-1,SKU00330,1,61.47,61.47,,0.0,61.47
O0002123,O0002123-2,SKU00119,1,37.15,37.15,,0.0,37.15
O0002124,O0002124-1,SKU00169,1,38.7,38.7,,0.0,38.7
O0002125,O0002125-1,SKU00175,1,44.19,44.19,,0.0,44.19
O0002125,O0002125-2,SKU00341,1,47.08,47.08,,0.0,47.08
O0002126,O0002126-1,SKU00158,1,19.54,19.54,,0.0,19.54
O0002126,O0002126-2,SKU00156,1,25.39,25.39,,0.0,25.39
O0002127,O0002127-1,SKU00063,1,26.13,26.13,,0.0,26.13
O0002128,O0002128-1,SKU00396,1,15.54,15.54,,0.0,15.54
O0002129,O0002129-1,SKU00361,1,44.18,44.18,,0.0,44.18
O0002130,O0002130-1,SKU00354,1,27.28,27.28,,0.0,27.28
O0002130,O0002130-2,SKU00097,1,30.01,30.01,,0.0,30.01
O0002131,O0002131-1,SKU00111,1,50.04,50.04,,0.0,50.04
O0002131,O0002131-2,SKU00066,1,52.48,52.48,,0.0,52.48
O0002131,O0002131-3,SKU00099,2,22.33,44.66,,0.0,44.66
O0002132,O0002132-1,SKU00228,1,106.95,106.95,,0.0,106.95
O0002132,O0002132-2,SKU00121,1,58.38,58.38,,0.0,58.38
O0002132,O0002132-3,SKU00236,1,32.17,32.17,,0.0,32.17
O0002133,O0002133-1,SKU00354,1,27.28,27.28,,0.0,27.28
O0002133,O0002133-2,SKU00289,1,47.79,47.79,,0.0,47.79
O0002133,O0002133-3,SKU00332,1,104.52,104.52,,0.0,104.52
O0002133,O0002133-4,SKU00206,1,31.05,31.05,,0.0,31.05
O0002134,O0002134-1,SKU00082,1,35.63,35.63,,0.0,35.63
O0002135,O0002135-1,SKU00077,1,17.01,17.01,,0.0,17.01
O0002135,O0002135-2,SKU00036,1,42.54,42.54,,0.0,42.54
O0002136,O0002136-1,SKU00090,2,36.81,73.62,,0.0,73.62
O0002137,O0002137-1,SKU00017,1,37.58,37.58,,0.0,37.58
O0002137,O0002137-2,SKU00183,1,17.38,17.38,,0.0,17.38
O0002138,O0002138-1,SKU00321,1,13.85,13.85,P0010,1.38,12.47
O0002138,O0002138-2,SKU00300,1,29.05,29.05,,0.0,29.05
O0002138,O0002138-3,SKU00100,1,17.02,17.02,,0.0,17.02
O0002139,O0002139-1,SKU00035,2,57.12,114.24,,0.0,114.24
O0002139,O0002139-2,SKU00230,1,49.13,49.13,,0.0,49.13
O0002139,O0002139-3,SKU00399,1,38.17,38.17,,0.0,38.17
O0002139,O0002139-4,SKU00361,3,44.18,132.54,,0.0,132.54
O0002140,O0002140-1,SKU00056,1,38.71,38.71,,0.0,38.71
O0002141,O0002141-1,SKU00367,1,50.59,50.59,,0.0,50.59
O0002141,O0002141-2,SKU00383,1,37.66,37.66,,0.0,37.66
O0002142,O0002142-1,SKU00273,2,56.47,112.94,,0.0,112.94
O0002143,O0002143-1,SKU00083,1,54.82,54.82,,0.0,54.82
O0002144,O0002144-1,SKU00233,1,21.18,21.18,,0.0,21.18
O0002144,O0002144-2,SKU00102,1,12.21,12.21,,0.0,12.21
O0002145,O0002145-1,SKU00030,1,17.63,17.63,,0.0,17.63
O0002146,O0002146-1,SKU00266,1,28.62,28.62,,0.0,28.62
O0002146,O0002146-2,SKU00080,1,45.12,45.12,,0.0,45.12
O0002146,O0002146-3,SKU00132,1,44.43,44.43,,0.0,44.43
O0002147,O0002147-1,SKU00180,3,37.89,113.67,,0.0,113.67
O0002147,O0002147-2,SKU00073,2,61.83,123.66,,0.0,123.66
O0002147,O0002147-3,SKU00346,1,102.61,102.61,,0.0,102.61
O0002148,O0002148-1,SKU00005,1,8.67,8.67,,0.0,8.67
O0002149,O0002149-1,SKU00364,1,45.23,45.23,,0.0,45.23
O0002149,O0002149-2,SKU00398,1,85.14,85.14,,0.0,85.14
O0002150,O0002150-1,SKU00357,1,23.0,23.0,,0.0,23.0
O0002150,O0002150-2,SKU00066,1,52.48,52.48,,0.0,52.48
O0002151,O0002151-1,SKU00118,1,21.46,21.46,,0.0,21.46
O0002151,O0002151-2,SKU00056,1,38.71,38.71,,0.0,38.71
O0002151,O0002151-3,SKU00355,1,41.61,41.61,,0.0,41.61
O0002152,O0002152-1,SKU00317,1,32.85,32.85,,0.0,32.85
O0002152,O0002152-2,SKU00153,1,61.1,61.1,,0.0,61.1
O0002152,O0002152-3,SKU00184,1,34.06,34.06,,0.0,34.06
O0002153,O0002153-1,SKU00336,1,54.95,54.95,,0.0,54.95
O0002154,O0002154-1,SKU00113,1,49.01,49.01,,0.0,49.01
O0002155,O0002155-1,SKU00367,1,50.59,50.59,,0.0,50.59
O0002155,O0002155-2,SKU00309,1,39.31,39.31,,0.0,39.31
O0002156,O0002156-1,SKU00100,1,17.02,17.02,,0.0,17.02
O0002157,O0002157-1,SKU00355,1,41.61,41.61,,0.0,41.61
O0002157,O0002157-2,SKU00399,1,38.17,38.17,,0.0,38.17
O0002157,O0002157-3,SKU00239,1,15.42,15.42,,0.0,15.42
O0002157,O0002157-4,SKU00157,3,70.71,212.13,P0040,63.64,148.49
O0002158,O0002158-1,SKU00269,2,28.75,57.5,,0.0,57.5
O0002158,O0002158-2,SKU00107,1,64.03,64.03,,0.0,64.03
O0002159,O0002159-1,SKU00022,1,28.83,28.83,,0.0,28.83
O0002159,O0002159-2,SKU00198,1,39.26,39.26,,0.0,39.26
O0002159,O0002159-3,SKU00299,1,33.57,33.57,,0.0,33.57
O0002159,O0002159-4,SKU00012,1,9.88,9.88,,0.0,9.88
O0002160,O0002160-1,SKU00041,1,31.32,31.32,,0.0,31.32
O0002160,O0002160-2,SKU00399,1,38.17,38.17,,0.0,38.17
O0002161,O0002161-1,SKU00228,1,106.95,106.95,,0.0,106.95
O0002162,O0002162-1,SKU00023,1,57.22,57.22,,0.0,57.22
O0002162,O0002162-2,SKU00328,1,35.12,35.12,,0.0,35.12
O0002162,O0002162-3,SKU00253,1,51.01,51.01,,0.0,51.01
O0002162,O0002162-4,SKU00355,1,41.61,41.61,,0.0,41.61
O0002163,O0002163-1,SKU00211,2,88.68,177.36,,0.0,177.36
O0002164,O0002164-1,SKU00142,1,61.52,61.52,,0.0,61.52
O0002165,O0002165-1,SKU00156,1,25.39,25.39,,0.0,25.39
O0002166,O0002166-1,SKU00200,1,61.25,61.25,,0.0,61.25
O0002167,O0002167-1,SKU00261,1,86.51,86.51,,0.0,86.51
O0002167,O0002167-2,SKU00310,1,44.67,44.67,,0.0,44.67
O0002168,O0002168-1,SKU00005,1,8.67,8.67,,0.0,8.67
O0002168,O0002168-2,SKU00273,1,56.47,56.47,P0040,16.94,39.53
O0002169,O0002169-1,SKU00171,1,60.15,60.15,,0.0,60.15
O0002169,O0002169-2,SKU00035,1,57.12,57.12,,0.0,57.12
O0002169,O0002169-3,SKU00234,1,20.16,20.16,,0.0,20.16
O0002170,O0002170-1,SKU00117,3,30.62,91.86,,0.0,91.86
O0002170,O0002170-2,SKU00106,1,24.61,24.61,,0.0,24.61
O0002171,O0002171-1,SKU00157,2,70.71,141.42,,0.0,141.42
O0002171,O0002171-2,SKU00236,1,32.17,32.17,,0.0,32.17
O0002171,O0002171-3,SKU00117,1,30.62,30.62,,0.0,30.62
O0002172,O0002172-1,SKU00078,1,17.22,17.22,,0.0,17.22
O0002172,O0002172-2,SKU00361,1,44.18,44.18,,0.0,44.18
O0002173,O0002173-1,SKU00245,1,49.62,49.62,P0040,14.89,34.73
O0002173,O0002173-2,SKU00120,1,19.69,19.69,,0.0,19.69
O0002173,O0002173-3,SKU00227,1,105.48,105.48,,0.0,105.48
O0002174,O0002174-1,SKU00189,1,53.14,53.14,,0.0,53.14
O0002174,O0002174-2,SKU00199,1,60.64,60.64,P0040,18.19,42.45
O0002175,O0002175-1,SKU00225,1,25.36,25.36,,0.0,25.36
O0002175,O0002175-2,SKU00170,2,29.26,58.52,,0.0,58.52
O0002175,O0002175-3,SKU00148,1,39.39,39.39,,0.0,39.39
O0002176,O0002176-1,SKU00349,3,18.05,54.15,,0.0,54.15
O0002176,O0002176-2,SKU00360,1,93.89,93.89,,0.0,93.89
O0002177,O0002177-1,SKU00113,1,49.01,49.01,,0.0,49.01
O0002178,O0002178-1,SKU00237,1,54.4,54.4,,0.0,54.4
O0002178,O0002178-2,SKU00188,1,58.74,58.74,,0.0,58.74
O0002179,O0002179-1,SKU00302,1,26.48,26.48,,0.0,26.48
O0002180,O0002180-1,SKU00231,2,34.06,68.12,,0.0,68.12
O0002180,O0002180-2,SKU00073,1,61.83,61.83,,0.0,61.83
O0002180,O0002180-3,SKU00273,1,56.47,56.47,,0.0,56.47
O0002181,O0002181-1,SKU00313,1,49.13,49.13,,0.0,49.13
O0002181,O0002181-2,SKU00321,1,13.85,13.85,,0.0,13.85
O0002182,O0002182-1,SKU00071,2,50.63,101.26,,0.0,101.26
O0002183,O0002183-1,SKU00265,2,26.72,53.44,,0.0,53.44
O0002184,O0002184-1,SKU00120,1,19.69,19.69,,0.0,19.69
O0002184,O0002184-2,SKU00248,1,48.06,48.06,,0.0,48.06
O0002185,O0002185-1,SKU00088,1,49.61,49.61,,0.0,49.61
O0002185,O0002185-2,SKU00388,2,37.93,75.86,,0.0,75.86
O0002185,O0002185-3,SKU00386,1,42.93,42.93,,0.0,42.93
O0002186,O0002186-1,SKU00224,1,53.56,53.56,,0.0,53.56
O0002186,O0002186-2,SKU00222,1,30.96,30.96,,0.0,30.96
O0002186,O0002186-3,SKU00226,1,84.67,84.67,,0.0,84.67
O0002187,O0002187-1,SKU00300,1,29.05,29.05,,0.0,29.05
O0002187,O0002187-2,SKU00221,1,31.0,31.0,,0.0,31.0
O0002188,O0002188-1,SKU00235,1,46.43,46.43,,0.0,46.43
O0002189,O0002189-1,SKU00346,1,102.61,102.61,,0.0,102.61
O0002189,O0002189-2,SKU00114,1,29.46,29.46,,0.0,29.46
O0002190,O0002190-1,SKU00274,1,14.47,14.47,,0.0,14.47
O0002190,O0002190-2,SKU00055,1,66.78,66.78,,0.0,66.78
O0002191,O0002191-1,SKU00047,1,79.17,79.17,,0.0,79.17
O0002191,O0002191-2,SKU00232,1,34.95,34.95,,0.0,34.95
O0002191,O0002191-3,SKU00130,1,66.52,66.52,,0.0,66.52
O0002192,O0002192-1,SKU00384,1,16.39,16.39,,0.0,16.39
O0002192,O0002192-2,SKU00286,2,54.7,109.4,,0.0,109.4
O0002192,O0002192-3,SKU00011,1,31.25,31.25,P0040,9.38,21.87
O0002193,O0002193-1,SKU00266,2,28.62,57.24,,0.0,57.24
O0002193,O0002193-2,SKU00058,1,55.01,55.01,,0.0,55.01
O0002193,O0002193-3,SKU00287,1,61.4,61.4,,0.0,61.4
O0002194,O0002194-1,SKU00041,1,31.32,31.32,,0.0,31.32
O0002194,O0002194-2,SKU00056,2,38.71,77.42,,0.0,77.42
O0002194,O0002194-3,SKU00254,1,18.56,18.56,,0.0,18.56
O0002194,O0002194-4,SKU00127,1,44.81,44.81,,0.0,44.81
O0002195,O0002195-1,SKU00106,1,24.61,24.61,,0.0,24.61
O0002195,O0002195-2,SKU00036,1,42.54,42.54,,0.0,42.54
O0002195,O0002195-3,SKU00308,1,57.22,57.22,P0040,17.17,40.05
O0002196,O0002196-1,SKU00172,1,17.17,17.17,,0.0,17.17
O0002196,O0002196-2,SKU00145,1,34.93,34.93,,0.0,34.93
O0002196,O0002196-3,SKU00139,1,52.17,52.17,,0.0,52.17
O0002196,O0002196-4,SKU00243,1,34.82,34.82,P0040,10.45,24.37
O0002197,O0002197-1,SKU00145,2,34.93,69.86,,0.0,69.86
O0002197,O0002197-2,SKU00171,1,60.15,60.15,,0.0,60.15
O0002197,O0002197-3,SKU00111,3,50.04,150.12,,0.0,150.12
O0002198,O0002198-1,SKU00198,1,39.26,39.26,,0.0,39.26
O0002199,O0002199-1,SKU00005,1,8.67,8.67,,0.0,8.67
O0002199,O0002199-2,SKU00376,1,37.84,37.84,,0.0,37.84
O0002199,O0002199-3,SKU00348,1,64.96,64.96,,0.0,64.96
O0002200,O0002200-1,SKU00181,1,47.26,47.26,,0.0,47.26
O0002200,O0002200-2,SKU00115,1,25.28,25.28,,0.0,25.28
O0002201,O0002201-1,SKU00090,1,36.81,36.81,,0.0,36.81
O0002201,O0002201-2,SKU00278,1,54.54,54.54,,0.0,54.54
O0002201,O0002201-3,SKU00143,2,18.48,36.96,,0.0,36.96
O0002201,O0002201-4,SKU00316,1,21.03,21.03,,0.0,21.03
O0002202,O0002202-1,SKU00248,2,48.06,96.12,P0040,28.84,67.28
O0002203,O0002203-1,SKU00372,1,19.15,19.15,,0.0,19.15
O0002203,O0002203-2,SKU00226,1,84.67,84.67,,0.0,84.67
O0002204,O0002204-1,SKU00285,1,40.54,40.54,,0.0,40.54
O0002205,O0002205-1,SKU00012,2,9.88,19.76,,0.0,19.76
O0002205,O0002205-2,SKU00249,1,31.28,31.28,,0.0,31.28
O0002206,O0002206-1,SKU00324,1,70.29,70.29,,0.0,70.29
O0002206,O0002206-2,SKU00200,3,61.25,183.75,,0.0,183.75
O0002206,O0002206-3,SKU00035,1,57.12,57.12,,0.0,57.12
O0002206,O0002206-4,SKU00231,1,34.06,34.06,,0.0,34.06
O0002207,O0002207-1,SKU00195,1,41.24,41.24,,0.0,41.24
O0002208,O0002208-1,SKU00215,1,33.08,33.08,,0.0,33.08
O0002208,O0002208-2,SKU00270,3,46.55,139.65,,0.0,139.65
O0002208,O0002208-3,SKU00044,1,26.97,26.97,,0.0,26.97
O0002209,O0002209-1,SKU00140,1,56.17,56.17,,0.0,56.17
O0002210,O0002210-1,SKU00374,1,34.49,34.49,,0.0,34.49
O0002210,O0002210-2,SKU00228,1,106.95,106.95,,0.0,106.95
O0002211,O0002211-1,SKU00358,1,36.52,36.52,,0.0,36.52
O0002212,O0002212-1,SKU00135,2,42.96,85.92,,0.0,85.92
O0002213,O0002213-1,SKU00285,1,40.54,40.54,,0.0,40.54
O0002213,O0002213-2,SKU00027,1,11.75,11.75,,0.0,11.75
O0002214,O0002214-1,SKU00385,1,57.12,57.12,,0.0,57.12
O0002215,O0002215-1,SKU00324,3,70.29,210.87,,0.0,210.87
O0002216,O0002216-1,SKU00344,1,9.99,9.99,,0.0,9.99
O0002216,O0002216-2,SKU00292,1,51.63,51.63,,0.0,51.63
O0002217,O0002217-1,SKU00166,1,65.47,65.47,,0.0,65.47
O0002217,O0002217-2,SKU00260,1,38.96,38.96,,0.0,38.96
O0002217,O0002217-3,SKU00163,1,29.45,29.45,,0.0,29.45
O0002218,O0002218-1,SKU00298,1,21.47,21.47,,0.0,21.47
O0002218,O0002218-2,SKU00157,1,70.71,70.71,,0.0,70.71
O0002218,O0002218-3,SKU00386,1,42.93,42.93,,0.0,42.93
O0002219,O0002219-1,SKU00021,3,49.41,148.23,,0.0,148.23
O0002219,O0002219-2,SKU00024,1,39.92,39.92,,0.0,39.92
O0002219,O0002219-3,SKU00341,1,47.08,47.08,,0.0,47.08
O0002219,O0002219-4,SKU00190,1,45.12,45.12,,0.0,45.12
O0002220,O0002220-1,SKU00218,2,16.49,32.98,,0.0,32.98
O0002221,O0002221-1,SKU00321,1,13.85,13.85,,0.0,13.85
O0002222,O0002222-1,SKU00070,1,44.51,44.51,,0.0,44.51
O0002222,O0002222-2,SKU00009,1,52.68,52.68,,0.0,52.68
O0002223,O0002223-1,SKU00119,1,37.15,37.15,,0.0,37.15
O0002223,O0002223-2,SKU00285,1,40.54,40.54,,0.0,40.54
O0002224,O0002224-1,SKU00160,1,42.59,42.59,,0.0,42.59
O0002225,O0002225-1,SKU00046,1,23.8,23.8,,0.0,23.8
O0002225,O0002225-2,SKU00377,1,39.6,39.6,,0.0,39.6
O0002226,O0002226-1,SKU00281,1,52.93,52.93,,0.0,52.93
O0002226,O0002226-2,SKU00154,1,62.36,62.36,,0.0,62.36
O0002227,O0002227-1,SKU00119,1,37.15,37.15,,0.0,37.15
O0002227,O0002227-2,SKU00265,1,26.72,26.72,,0.0,26.72
O0002227,O0002227-3,SKU00367,1,50.59,50.59,,0.0,50.59
O0002227,O0002227-4,SKU00289,2,47.79,95.58,,0.0,95.58
O0002228,O0002228-1,SKU00400,3,33.96,101.88,,0.0,101.88
O0002228,O0002228-2,SKU00085,1,51.96,51.96,,0.0,51.96
O0002229,O0002229-1,SKU00321,1,13.85,13.85,,0.0,13.85
O0002229,O0002229-2,SKU00024,1,39.92,39.92,,0.0,39.92
O0002229,O0002229-3,SKU00130,1,66.52,66.52,,0.0,66.52
O0002230,O0002230-1,SKU00166,1,65.47,65.47,,0.0,65.47
O0002230,O0002230-2,SKU00297,1,39.78,39.78,,0.0,39.78
O0002230,O0002230-3,SKU00323,1,39.02,39.02,,0.0,39.02
O0002231,O0002231-1,SKU00229,1,74.74,74.74,,0.0,74.74
O0002231,O0002231-2,SKU00041,1,31.32,31.32,,0.0,31.32
O0002232,O0002232-1,SKU00273,2,56.47,112.94,,0.0,112.94
O0002233,O0002233-1,SKU00236,1,32.17,32.17,,0.0,32.17
O0002233,O0002233-2,SKU00081,1,30.86,30.86,,0.0,30.86
O0002233,O0002233-3,SKU00355,3,41.61,124.83,,0.0,124.83
O0002233,O0002233-4,SKU00004,1,22.35,22.35,,0.0,22.35
O0002234,O0002234-1,SKU00080,1,45.12,45.12,,0.0,45.12
O0002234,O0002234-2,SKU00144,2,27.92,55.84,,0.0,55.84
O0002235,O0002235-1,SKU00252,1,57.03,57.03,,0.0,57.03
O0002235,O0002235-2,SKU00357,1,23.0,23.0,,0.0,23.0
O0002235,O0002235-3,SKU00357,1,23.0,23.0,,0.0,23.0
O0002236,O0002236-1,SKU00026,1,45.44,45.44,,0.0,45.44
O0002236,O0002236-2,SKU00326,1,34.94,34.94,,0.0,34.94
O0002237,O0002237-1,SKU00388,2,37.93,75.86,,0.0,75.86
O0002238,O0002238-1,SKU00262,2,10.7,21.4,,0.0,21.4
O0002238,O0002238-2,SKU00289,1,47.79,47.79,,0.0,47.79
O0002239,O0002239-1,SKU00346,1,102.61,102.61,,0.0,102.61
O0002239,O0002239-2,SKU00141,1,78.13,78.13,,0.0,78.13
O0002240,O0002240-1,SKU00037,1,30.33,30.33,,0.0,30.33
O0002240,O0002240-2,SKU00351,1,52.83,52.83,,0.0,52.83
O0002240,O0002240-3,SKU00251,1,23.58,23.58,,0.0,23.58
O0002241,O0002241-1,SKU00114,1,29.46,29.46,,0.0,29.46
O0002241,O0002241-2,SKU00196,1,36.14,36.14,,0.0,36.14
O0002242,O0002242-1,SKU00220,1,42.7,42.7,,0.0,42.7
O0002242,O0002242-2,SKU00164,1,38.71,38.71,,0.0,38.71
O0002242,O0002242-3,SKU00349,1,18.05,18.05,,0.0,18.05
O0002243,O0002243-1,SKU00208,1,15.73,15.73,,0.0,15.73
O0002244,O0002244-1,SKU00145,2,34.93,69.86,,0.0,69.86
O0002244,O0002244-2,SKU00122,1,22.77,22.77,,0.0,22.77
O0002244,O0002244-3,SKU00159,1,47.62,47.62,,0.0,47.62
O0002245,O0002245-1,SKU00282,1,46.15,46.15,,0.0,46.15
O0002246,O0002246-1,SKU00084,1,33.92,33.92,,0.0,33.92
O0002246,O0002246-2,SKU00082,1,35.63,35.63,,0.0,35.63
O0002247,O0002247-1,SKU00104,1,73.97,73.97,,0.0,73.97
O0002247,O0002247-2,SKU00178,3,55.23,165.69,,0.0,165.69
O0002247,O0002247-3,SKU00135,2,42.96,85.92,,0.0,85.92
O0002248,O0002248-1,SKU00358,3,36.52,109.56,,0.0,109.56
O0002248,O0002248-2,SKU00043,1,50.54,50.54,,0.0,50.54
O0002248,O0002248-3,SKU00278,1,54.54,54.54,,0.0,54.54
O0002249,O0002249-1,SKU00351,1,52.83,52.83,,0.0,52.83
O0002250,O0002250-1,SKU00247,1,43.87,43.87,,0.0,43.87
O0002251,O0002251-1,SKU00206,1,31.05,31.05,,0.0,31.05
O0002251,O0002251-2,SKU00055,1,66.78,66.78,,0.0,66.78
O0002251,O0002251-3,SKU00382,1,19.75,19.75,,0.0,19.75
O0002252,O0002252-1,SKU00097,3,30.01,90.03,,0.0,90.03
O0002252,O0002252-2,SKU00364,1,45.23,45.23,,0.0,45.23
O0002253,O0002253-1,SKU00004,3,22.35,67.05,,0.0,67.05
O0002254,O0002254-1,SKU00374,2,34.49,68.98,,0.0,68.98
O0002255,O0002255-1,SKU00097,2,30.01,60.02,,0.0,60.02
O0002255,O0002255-2,SKU00149,1,26.89,26.89,,0.0,26.89
O0002255,O0002255-3,SKU00350,1,53.2,53.2,,0.0,53.2
O0002255,O0002255-4,SKU00274,1,14.47,14.47,,0.0,14.47
O0002256,O0002256-1,SKU00265,2,26.72,53.44,,0.0,53.44
O0002256,O0002256-2,SKU00328,1,35.12,35.12,,0.0,35.12
O0002257,O0002257-1,SKU00003,1,28.95,28.95,,0.0,28.95
O0002257,O0002257-2,SKU00155,1,44.19,44.19,,0.0,44.19
O0002258,O0002258-1,SKU00376,3,37.84,113.52,,0.0,113.52
O0002258,O0002258-2,SKU00103,1,32.28,32.28,,0.0,32.28
O0002259,O0002259-1,SKU00298,1,21.47,21.47,,0.0,21.47
O0002259,O0002259-2,SKU00209,1,102.17,102.17,,0.0,102.17
O0002260,O0002260-1,SKU00290,1,42.67,42.67,,0.0,42.67
O0002260,O0002260-2,SKU00078,1,17.22,17.22,,0.0,17.22
O0002261,O0002261-1,SKU00215,1,33.08,33.08,,0.0,33.08
O0002261,O0002261-2,SKU00082,1,35.63,35.63,,0.0,35.63
O0002262,O0002262-1,SKU00344,1,9.99,9.99,,0.0,9.99
O0002262,O0002262-2,SKU00186,1,34.13,34.13,,0.0,34.13
O0002263,O0002263-1,SKU00189,1,53.14,53.14,,0.0,53.14
O0002264,O0002264-1,SKU00299,2,33.57,67.14,,0.0,67.14
O0002264,O0002264-2,SKU00356,1,12.98,12.98,,0.0,12.98
O0002265,O0002265-1,SKU00354,1,27.28,27.28,,0.0,27.28
O0002266,O0002266-1,SKU00083,1,54.82,54.82,,0.0,54.82
O0002267,O0002267-1,SKU00248,1,48.06,48.06,,0.0,48.06
O0002267,O0002267-2,SKU00363,1,45.39,45.39,,0.0,45.39
O0002268,O0002268-1,SKU00395,2,26.26,52.52,,0.0,52.52
O0002269,O0002269-1,SKU00259,1,40.89,40.89,,0.0,40.89
O0002270,O0002270-1,SKU00062,1,38.63,38.63,,0.0,38.63
O0002271,O0002271-1,SKU00053,1,49.62,49.62,,0.0,49.62
O0002271,O0002271-2,SKU00351,2,52.83,105.66,,0.0,105.66
O0002271,O0002271-3,SKU00350,1,53.2,53.2,,0.0,53.2
O0002272,O0002272-1,SKU00177,2,41.83,83.66,,0.0,83.66
O0002273,O0002273-1,SKU00083,1,54.82,54.82,,0.0,54.82
O0002273,O0002273-2,SKU00306,1,36.9,36.9,,0.0,36.9
O0002274,O0002274-1,SKU00022,1,28.83,28.83,,0.0,28.83
O0002275,O0002275-1,SKU00374,1,34.49,34.49,,0.0,34.49
O0002276,O0002276-1,SKU00183,2,17.38,34.76,,0.0,34.76
O0002276,O0002276-2,SKU00155,1,44.19,44.19,,0.0,44.19
O0002277,O0002277-1,SKU00067,1,20.67,20.67,,0.0,20.67
O0002277,O0002277-2,SKU00184,1,34.06,34.06,,0.0,34.06
O0002278,O0002278-1,SKU00282,1,46.15,46.15,,0.0,46.15
O0002278,O0002278-2,SKU00147,1,41.64,41.64,,0.0,41.64
O0002279,O0002279-1,SKU00318,1,30.41,30.41,,0.0,30.41
O0002279,O0002279-2,SKU00378,1,38.51,38.51,,0.0,38.51
O0002280,O0002280-1,SKU00255,1,82.33,82.33,,0.0,82.33
O0002280,O0002280-2,SKU00127,1,44.81,44.81,,0.0,44.81
O0002281,O0002281-1,SKU00105,2,52.33,104.66,,0.0,104.66
O0002282,O0002282-1,SKU00056,1,38.71,38.71,,0.0,38.71
O0002282,O0002282-2,SKU00161,3,12.51,37.53,,0.0,37.53
O0002283,O0002283-1,SKU00194,1,40.96,40.96,,0.0,40.96
O0002284,O0002284-1,SKU00282,1,46.15,46.15,,0.0,46.15
O0002284,O0002284-2,SKU00230,1,49.13,49.13,,0.0,49.13
O0002285,O0002285-1,SKU00317,1,32.85,32.85,,0.0,32.85
O0002286,O0002286-1,SKU00215,1,33.08,33.08,,0.0,33.08
O0002287,O0002287-1,SKU00081,1,30.86,30.86,,0.0,30.86
O0002287,O0002287-2,SKU00321,2,13.85,27.7,,0.0,27.7
O0002287,O0002287-3,SKU00001,1,32.38,32.38,,0.0,32.38
O0002287,O0002287-4,SKU00291,1,33.52,33.52,,0.0,33.52
O0002288,O0002288-1,SKU00309,3,39.31,117.93,,0.0,117.93
O0002288,O0002288-2,SKU00162,1,65.18,65.18,,0.0,65.18
O0002288,O0002288-3,SKU00093,2,55.17,110.34,,0.0,110.34
O0002289,O0002289-1,SKU00294,1,47.23,47.23,,0.0,47.23
O0002290,O0002290-1,SKU00117,1,30.62,30.62,,0.0,30.62
O0002290,O0002290-2,SKU00029,1,36.29,36.29,,0.0,36.29
O0002291,O0002291-1,SKU00168,2,26.49,52.98,,0.0,52.98
O0002292,O0002292-1,SKU00399,1,38.17,38.17,,0.0,38.17
O0002292,O0002292-2,SKU00060,1,76.86,76.86,,0.0,76.86
O0002292,O0002292-3,SKU00361,1,44.18,44.18,,0.0,44.18
O0002293,O0002293-1,SKU00114,1,29.46,29.46,,0.0,29.46
O0002293,O0002293-2,SKU00320,1,20.06,20.06,,0.0,20.06
O0002293,O0002293-3,SKU00063,1,26.13,26.13,,0.0,26.13
O0002294,O0002294-1,SKU00251,3,23.58,70.74,,0.0,70.74
O0002294,O0002294-2,SKU00307,1,36.83,36.83,,0.0,36.83
O0002294,O0002294-3,SKU00389,3,51.94,155.82,,0.0,155.82
O0002294,O0002294-4,SKU00097,1,30.01,30.01,,0.0,30.01
O0002295,O0002295-1,SKU00333,1,45.51,45.51,,0.0,45.51
O0002295,O0002295-2,SKU00056,2,38.71,77.42,,0.0,77.42
O0002296,O0002296-1,SKU00329,1,37.64,37.64,,0.0,37.64
O0002296,O0002296-2,SKU00275,1,50.32,50.32,,0.0,50.32
O0002296,O0002296-3,SKU00212,2,20.15,40.3,,0.0,40.3
O0002297,O0002297-1,SKU00103,1,32.28,32.28,,0.0,32.28
O0002297,O0002297-2,SKU00335,1,18.97,18.97,,0.0,18.97
O0002297,O0002297-3,SKU00129,1,38.65,38.65,,0.0,38.65
O0002297,O0002297-4,SKU00383,2,37.66,75.32,,0.0,75.32
O0002298,O0002298-1,SKU00356,1,12.98,12.98,,0.0,12.98
O0002298,O0002298-2,SKU00197,3,32.23,96.69,,0.0,96.69
O0002299,O0002299-1,SKU00229,1,74.74,74.74,,0.0,74.74
O0002299,O0002299-2,SKU00117,1,30.62,30.62,,0.0,30.62
O0002300,O0002300-1,SKU00097,1,30.01,30.01,,0.0,30.01
O0002300,O0002300-2,SKU00142,1,61.52,61.52,,0.0,61.52
O0002301,O0002301-1,SKU00333,1,45.51,45.51,,0.0,45.51
O0002301,O0002301-2,SKU00378,1,38.51,38.51,,0.0,38.51
O0002301,O0002301-3,SKU00023,1,57.22,57.22,,0.0,57.22
O0002302,O0002302-1,SKU00362,1,26.77,26.77,,0.0,26.77
O0002302,O0002302-2,SKU00021,1,49.41,49.41,,0.0,49.41
O0002303,O0002303-1,SKU00328,1,35.12,35.12,,0.0,35.12
O0002304,O0002304-1,SKU00360,3,93.89,281.67,,0.0,281.67
O0002304,O0002304-2,SKU00203,1,71.32,71.32,,0.0,71.32
O0002304,O0002304-3,SKU00388,1,37.93,37.93,,0.0,37.93
O0002304,O0002304-4,SKU00138,1,17.97,17.97,,0.0,17.97
O0002305,O0002305-1,SKU00250,1,32.56,32.56,,0.0,32.56
O0002305,O0002305-2,SKU00211,1,88.68,88.68,,0.0,88.68
O0002306,O0002306-1,SKU00356,1,12.98,12.98,,0.0,12.98
O0002306,O0002306-2,SKU00119,1,37.15,37.15,,0.0,37.15
O0002307,O0002307-1,SKU00012,1,9.88,9.88,,0.0,9.88
O0002307,O0002307-2,SKU00198,1,39.26,39.26,,0.0,39.26
O0002307,O0002307-3,SKU00171,2,60.15,120.3,,0.0,120.3
O0002307,O0002307-4,SKU00313,1,49.13,49.13,,0.0,49.13
O0002308,O0002308-1,SKU00103,1,32.28,32.28,,0.0,32.28
O0002308,O0002308-2,SKU00198,1,39.26,39.26,,0.0,39.26
O0002309,O0002309-1,SKU00236,1,32.17,32.17,,0.0,32.17
O0002309,O0002309-2,SKU00049,2,49.27,98.54,,0.0,98.54
O0002309,O0002309-3,SKU00306,1,36.9,36.9,,0.0,36.9
O0002310,O0002310-1,SKU00240,2,78.86,157.72,,0.0,157.72
O0002310,O0002310-2,SKU00025,1,42.44,42.44,,0.0,42.44
O0002311,O0002311-1,SKU00270,1,46.55,46.55,,0.0,46.55
O0002312,O0002312-1,SKU00224,1,53.56,53.56,,0.0,53.56
O0002312,O0002312-2,SKU00331,1,21.15,21.15,,0.0,21.15
O0002312,O0002312-3,SKU00135,1,42.96,42.96,,0.0,42.96
O0002313,O0002313-1,SKU00255,1,82.33,82.33,,0.0,82.33
O0002313,O0002313-2,SKU00070,1,44.51,44.51,,0.0,44.51
O0002313,O0002313-3,SKU00130,1,66.52,66.52,,0.0,66.52
O0002314,O0002314-1,SKU00109,1,88.61,88.61,,0.0,88.61
O0002314,O0002314-2,SKU00300,1,29.05,29.05,,0.0,29.05
O0002314,O0002314-3,SKU00384,1,16.39,16.39,,0.0,16.39
O0002314,O0002314-4,SKU00129,1,38.65,38.65,,0.0,38.65
O0002315,O0002315-1,SKU00093,1,55.17,55.17,,0.0,55.17
O0002315,O0002315-2,SKU00131,1,34.39,34.39,,0.0,34.39
O0002315,O0002315-3,SKU00167,1,22.6,22.6,,0.0,22.6
O0002315,O0002315-4,SKU00323,1,39.02,39.02,,0.0,39.02
O0002316,O0002316-1,SKU00006,1,31.28,31.28,,0.0,31.28
O0002316,O0002316-2,SKU00053,1,49.62,49.62,,0.0,49.62
O0002317,O0002317-1,SKU00282,1,46.15,46.15,,0.0,46.15
O0002317,O0002317-2,SKU00235,1,46.43,46.43,,0.0,46.43
O0002317,O0002317-3,SKU00165,1,18.9,18.9,,0.0,18.9
O0002317,O0002317-4,SKU00273,1,56.47,56.47,,0.0,56.47
O0002318,O0002318-1,SKU00350,1,53.2,53.2,,0.0,53.2
O0002319,O0002319-1,SKU00106,1,24.61,24.61,,0.0,24.61
O0002319,O0002319-2,SKU00136,1,52.74,52.74,,0.0,52.74
O0002320,O0002320-1,SKU00197,1,32.23,32.23,,0.0,32.23
O0002320,O0002320-2,SKU00267,1,82.59,82.59,,0.0,82.59
O0002321,O0002321-1,SKU00005,2,8.67,17.34,,0.0,17.34
O0002321,O0002321-2,SKU00332,1,104.52,104.52,,0.0,104.52
O0002322,O0002322-1,SKU00067,2,20.67,41.34,,0.0,41.34
O0002322,O0002322-2,SKU00062,1,38.63,38.63,,0.0,38.63
O0002323,O0002323-1,SKU00190,1,45.12,45.12,,0.0,45.12
O0002324,O0002324-1,SKU00299,1,33.57,33.57,,0.0,33.57
O0002324,O0002324-2,SKU00080,2,45.12,90.24,,0.0,90.24
O0002325,O0002325-1,SKU00055,1,66.78,66.78,,0.0,66.78
O0002326,O0002326-1,SKU00151,1,20.05,20.05,,0.0,20.05
O0002326,O0002326-2,SKU00017,1,37.58,37.58,,0.0,37.58
O0002326,O0002326-3,SKU00360,1,93.89,93.89,,0.0,93.89
O0002327,O0002327-1,SKU00155,1,44.19,44.19,,0.0,44.19
O0002327,O0002327-2,SKU00186,1,34.13,34.13,,0.0,34.13
O0002328,O0002328-1,SKU00310,1,44.67,44.67,,0.0,44.67
O0002328,O0002328-2,SKU00145,1,34.93,34.93,,0.0,34.93
O0002328,O0002328-3,SKU00279,1,31.74,31.74,,0.0,31.74
O0002328,O0002328-4,SKU00221,2,31.0,62.0,,0.0,62.0
O0002329,O0002329-1,SKU00287,1,61.4,61.4,,0.0,61.4
O0002329,O0002329-2,SKU00314,1,39.09,39.09,,0.0,39.09
O0002329,O0002329-3,SKU00150,1,41.46,41.46,,0.0,41.46
O0002330,O0002330-1,SKU00385,1,57.12,57.12,,0.0,57.12
O0002330,O0002330-2,SKU00362,1,26.77,26.77,,0.0,26.77
O0002330,O0002330-3,SKU00300,1,29.05,29.05,,0.0,29.05
O0002331,O0002331-1,SKU00254,1,18.56,18.56,,0.0,18.56
O0002331,O0002331-2,SKU00268,1,43.83,43.83,,0.0,43.83
O0002332,O0002332-1,SKU00259,2,40.89,81.78,,0.0,81.78
O0002332,O0002332-2,SKU00137,1,60.17,60.17,,0.0,60.17
O0002332,O0002332-3,SKU00057,1,34.63,34.63,,0.0,34.63
O0002333,O0002333-1,SKU00127,1,44.81,44.81,,0.0,44.81
O0002333,O0002333-2,SKU00107,2,64.03,128.06,,0.0,128.06
O0002334,O0002334-1,SKU00062,1,38.63,38.63,,0.0,38.63
O0002335,O0002335-1,SKU00369,1,42.23,42.23,,0.0,42.23
O0002335,O0002335-2,SKU00053,1,49.62,49.62,,0.0,49.62
O0002336,O0002336-1,SKU00010,1,32.93,32.93,,0.0,32.93
O0002337,O0002337-1,SKU00160,2,42.59,85.18,,0.0,85.18
O0002338,O0002338-1,SKU00045,1,35.31,35.31,,0.0,35.31
O0002338,O0002338-2,SKU00046,2,23.8,47.6,,0.0,47.6
O0002338,O0002338-3,SKU00010,1,32.93,32.93,,0.0,32.93
O0002338,O0002338-4,SKU00154,2,62.36,124.72,,0.0,124.72
O0002339,O0002339-1,SKU00141,1,78.13,78.13,,0.0,78.13
O0002340,O0002340-1,SKU00156,2,25.39,50.78,,0.0,50.78
O0002340,O0002340-2,SKU00187,2,39.15,78.3,,0.0,78.3
O0002341,O0002341-1,SKU00131,1,34.39,34.39,,0.0,34.39
O0002341,O0002341-2,SKU00362,1,26.77,26.77,,0.0,26.77
O0002341,O0002341-3,SKU00010,1,32.93,32.93,,0.0,32.93
O0002342,O0002342-1,SKU00306,1,36.9,36.9,,0.0,36.9
O0002342,O0002342-2,SKU00018,1,20.66,20.66,,0.0,20.66
O0002342,O0002342-3,SKU00044,2,26.97,53.94,,0.0,53.94
O0002342,O0002342-4,SKU00359,1,26.27,26.27,,0.0,26.27
O0002343,O0002343-1,SKU00386,1,42.93,42.93,,0.0,42.93
O0002343,O0002343-2,SKU00226,1,84.67,84.67,,0.0,84.67
O0002344,O0002344-1,SKU00144,2,27.92,55.84,,0.0,55.84
O0002345,O0002345-1,SKU00104,1,73.97,73.97,,0.0,73.97
O0002345,O0002345-2,SKU00078,1,17.22,17.22,,0.0,17.22
O0002345,O0002345-3,SKU00267,1,82.59,82.59,,0.0,82.59
O0002346,O0002346-1,SKU00331,1,21.15,21.15,,0.0,21.15
O0002346,O0002346-2,SKU00211,1,88.68,88.68,,0.0,88.68
O0002346,O0002346-3,SKU00203,2,71.32,142.64,,0.0,142.64
O0002347,O0002347-1,SKU00070,1,44.51,44.51,,0.0,44.51
O0002347,O0002347-2,SKU00212,2,20.15,40.3,,0.0,40.3
O0002347,O0002347-3,SKU00317,1,32.85,32.85,,0.0,32.85
O0002348,O0002348-1,SKU00095,2,53.11,106.22,,0.0,106.22
O0002349,O0002349-1,SKU00076,1,31.8,31.8,,0.0,31.8
O0002349,O0002349-2,SKU00156,1,25.39,25.39,,0.0,25.39
O0002350,O0002350-1,SKU00136,1,52.74,52.74,,0.0,52.74
O0002351,O0002351-1,SKU00097,1,30.01,30.01,,0.0,30.01
O0002352,O0002352-1,SKU00057,1,34.63,34.63,,0.0,34.63
O0002352,O0002352-2,SKU00189,1,53.14,53.14,,0.0,53.14
O0002353,O0002353-1,SKU00389,3,51.94,155.82,,0.0,155.82
O0002353,O0002353-2,SKU00043,1,50.54,50.54,,0.0,50.54
O0002354,O0002354-1,SKU00239,2,15.42,30.84,,0.0,30.84
O0002355,O0002355-1,SKU00327,1,44.41,44.41,,0.0,44.41
O0002356,O0002356-1,SKU00263,1,21.58,21.58,,0.0,21.58
O0002356,O0002356-2,SKU00083,1,54.82,54.82,,0.0,54.82
O0002356,O0002356-3,SKU00040,3,46.34,139.02,,0.0,139.02
O0002357,O0002357-1,SKU00026,2,45.44,90.88,,0.0,90.88
O0002358,O0002358-1,SKU00139,2,52.17,104.34,,0.0,104.34
O0002359,O0002359-1,SKU00158,1,19.54,19.54,,0.0,19.54
O0002359,O0002359-2,SKU00334,1,17.99,17.99,,0.0,17.99
O0002359,O0002359-3,SKU00038,1,50.53,50.53,,0.0,50.53
O0002360,O0002360-1,SKU00302,1,26.48,26.48,,0.0,26.48
O0002360,O0002360-2,SKU00200,1,61.25,61.25,,0.0,61.25
O0002361,O0002361-1,SKU00169,1,38.7,38.7,,0.0,38.7
O0002361,O0002361-2,SKU00237,1,54.4,54.4,,0.0,54.4
O0002362,O0002362-1,SKU00046,1,23.8,23.8,,0.0,23.8
O0002362,O0002362-2,SKU00028,1,35.88,35.88,,0.0,35.88
O0002362,O0002362-3,SKU00396,1,15.54,15.54,,0.0,15.54
O0002363,O0002363-1,SKU00246,1,38.15,38.15,,0.0,38.15
O0002364,O0002364-1,SKU00158,2,19.54,39.08,,0.0,39.08
O0002365,O0002365-1,SKU00007,1,32.91,32.91,,0.0,32.91
O0002365,O0002365-2,SKU00034,1,45.57,45.57,,0.0,45.57
O0002366,O0002366-1,SKU00079,1,43.31,43.31,,0.0,43.31
O0002366,O0002366-2,SKU00285,1,40.54,40.54,,0.0,40.54
O0002366,O0002366-3,SKU00094,1,56.4,56.4,,0.0,56.4
O0002367,O0002367-1,SKU00169,1,38.7,38.7,,0.0,38.7
O0002367,O0002367-2,SKU00215,2,33.08,66.16,,0.0,66.16
O0002367,O0002367-3,SKU00086,2,72.82,145.64,,0.0,145.64
O0002367,O0002367-4,SKU00173,1,61.04,61.04,,0.0,61.04
O0002368,O0002368-1,SKU00189,1,53.14,53.14,,0.0,53.14
O0002369,O0002369-1,SKU00168,1,26.49,26.49,,0.0,26.49
O0002370,O0002370-1,SKU00113,1,49.01,49.01,,0.0,49.01
O0002370,O0002370-2,SKU00162,1,65.18,65.18,,0.0,65.18
O0002371,O0002371-1,SKU00318,1,30.41,30.41,,0.0,30.41
O0002372,O0002372-1,SKU00253,1,51.01,51.01,,0.0,51.01
O0002373,O0002373-1,SKU00056,1,38.71,38.71,,0.0,38.71
O0002374,O0002374-1,SKU00366,1,33.09,33.09,,0.0,33.09
O0002374,O0002374-2,SKU00198,2,39.26,78.52,,0.0,78.52
O0002375,O0002375-1,SKU00328,1,35.12,35.12,,0.0,35.12
O0002375,O0002375-2,SKU00104,1,73.97,73.97,,0.0,73.97
O0002375,O0002375-3,SKU00179,1,14.26,14.26,,0.0,14.26
O0002375,O0002375-4,SKU00104,1,73.97,73.97,,0.0,73.97
O0002376,O0002376-1,SKU00101,1,33.02,33.02,,0.0,33.02
O0002376,O0002376-2,SKU00170,1,29.26,29.26,,0.0,29.26
O0002377,O0002377-1,SKU00388,2,37.93,75.86,,0.0,75.86
O0002377,O0002377-2,SKU00266,2,28.62,57.24,,0.0,57.24
O0002378,O0002378-1,SKU00093,1,55.17,55.17,,0.0,55.17
O0002378,O0002378-2,SKU00374,1,34.49,34.49,,0.0,34.49
O0002378,O0002378-3,SKU00175,1,44.19,44.19,,0.0,44.19
O0002379,O0002379-1,SKU00088,2,49.61,99.22,,0.0,99.22
O0002379,O0002379-2,SKU00308,1,57.22,57.22,,0.0,57.22
O0002379,O0002379-3,SKU00258,1,50.85,50.85,,0.0,50.85
O0002380,O0002380-1,SKU00147,1,41.64,41.64,,0.0,41.64
O0002381,O0002381-1,SKU00100,1,17.02,17.02,,0.0,17.02
O0002381,O0002381-2,SKU00042,1,72.45,72.45,,0.0,72.45
O0002382,O0002382-1,SKU00193,1,64.21,64.21,,0.0,64.21
O0002382,O0002382-2,SKU00194,1,40.96,40.96,,0.0,40.96
O0002383,O0002383-1,SKU00123,1,28.95,28.95,,0.0,28.95
O0002383,O0002383-2,SKU00118,1,21.46,21.46,,0.0,21.46
O0002383,O0002383-3,SKU00159,2,47.62,95.24,,0.0,95.24
O0002384,O0002384-1,SKU00297,1,39.78,39.78,,0.0,39.78
O0002385,O0002385-1,SKU00103,1,32.28,32.28,,0.0,32.28
O0002385,O0002385-2,SKU00098,1,54.0,54.0,,0.0,54.0
O0002385,O0002385-3,SKU00151,1,20.05,20.05,,0.0,20.05
O0002385,O0002385-4,SKU00094,1,56.4,56.4,,0.0,56.4
O0002386,O0002386-1,SKU00327,1,44.41,44.41,,0.0,44.41
O0002386,O0002386-2,SKU00321,1,13.85,13.85,,0.0,13.85
O0002387,O0002387-1,SKU00386,1,42.93,42.93,,0.0,42.93
O0002388,O0002388-1,SKU00255,1,82.33,82.33,,0.0,82.33
O0002389,O0002389-1,SKU00279,1,31.74,31.74,,0.0,31.74
O0002390,O0002390-1,SKU00179,1,14.26,14.26,,0.0,14.26
O0002390,O0002390-2,SKU00331,1,21.15,21.15,,0.0,21.15
O0002391,O0002391-1,SKU00088,1,49.61,49.61,,0.0,49.61
O0002392,O0002392-1,SKU00332,2,104.52,209.04,,0.0,209.04
O0002392,O0002392-2,SKU00354,1,27.28,27.28,,0.0,27.28
O0002393,O0002393-1,SKU00265,1,26.72,26.72,,0.0,26.72
O0002394,O0002394-1,SKU00306,1,36.9,36.9,,0.0,36.9
O0002394,O0002394-2,SKU00368,1,19.96,19.96,,0.0,19.96
O0002394,O0002394-3,SKU00015,3,66.48,199.44,,0.0,199.44
O0002395,O0002395-1,SKU00046,1,23.8,23.8,,0.0,23.8
O0002395,O0002395-2,SKU00286,3,54.7,164.1,,0.0,164.1
O0002395,O0002395-3,SKU00108,2,19.31,38.62,,0.0,38.62
O0002395,O0002395-4,SKU00110,1,38.93,38.93,,0.0,38.93
O0002396,O0002396-1,SKU00146,1,60.33,60.33,,0.0,60.33
O0002396,O0002396-2,SKU00333,2,45.51,91.02,,0.0,91.02
O0002396,O0002396-3,SKU00252,1,57.03,57.03,,0.0,57.03
O0002396,O0002396-4,SKU00117,1,30.62,30.62,,0.0,30.62
O0002397,O0002397-1,SKU00351,1,52.83,52.83,,0.0,52.83
O0002398,O0002398-1,SKU00108,1,19.31,19.31,,0.0,19.31
O0002399,O0002399-1,SKU00097,1,30.01,30.01,,0.0,30.01
O0002399,O0002399-2,SKU00334,1,17.99,17.99,,0.0,17.99
O0002400,O0002400-1,SKU00233,2,21.18,42.36,,0.0,42.36
O0002400,O0002400-2,SKU00103,1,32.28,32.28,,0.0,32.28
O0002400,O0002400-3,SKU00145,3,34.93,104.79,,0.0,104.79
O0002401,O0002401-1,SKU00170,3,29.26,87.78,,0.0,87.78
O0002401,O0002401-2,SKU00223,2,22.77,45.54,,0.0,45.54
O0002401,O0002401-3,SKU00395,1,26.26,26.26,,0.0,26.26
O0002401,O0002401-4,SKU00120,1,19.69,19.69,,0.0,19.69
O0002402,O0002402-1,SKU00250,2,32.56,65.12,,0.0,65.12
O0002403,O0002403-1,SKU00121,1,58.38,58.38,,0.0,58.38
O0002404,O0002404-1,SKU00181,1,47.26,47.26,,0.0,47.26
O0002405,O0002405-1,SKU00025,1,42.44,42.44,,0.0,42.44
O0002406,O0002406-1,SKU00075,2,53.82,107.64,,0.0,107.64
O0002407,O0002407-1,SKU00039,1,59.8,59.8,,0.0,59.8
O0002408,O0002408-1,SKU00094,2,56.4,112.8,,0.0,112.8
O0002408,O0002408-2,SKU00024,1,39.92,39.92,,0.0,39.92
O0002408,O0002408-3,SKU00303,2,66.84,133.68,,0.0,133.68
O0002409,O0002409-1,SKU00208,1,15.73,15.73,,0.0,15.73
O0002409,O0002409-2,SKU00230,1,49.13,49.13,,0.0,49.13
O0002409,O0002409-3,SKU00100,1,17.02,17.02,,0.0,17.02
O0002409,O0002409-4,SKU00100,1,17.02,17.02,,0.0,17.02
O0002410,O0002410-1,SKU00253,1,51.01,51.01,,0.0,51.01
O0002411,O0002411-1,SKU00113,1,49.01,49.01,,0.0,49.01
O0002411,O0002411-2,SKU00187,1,39.15,39.15,,0.0,39.15
O0002412,O0002412-1,SKU00312,1,39.88,39.88,,0.0,39.88
O0002412,O0002412-2,SKU00079,1,43.31,43.31,,0.0,43.31
O0002413,O0002413-1,SKU00028,1,35.88,35.88,,0.0,35.88
O0002413,O0002413-2,SKU00248,2,48.06,96.12,,0.0,96.12
O0002413,O0002413-3,SKU00306,1,36.9,36.9,,0.0,36.9
O0002413,O0002413-4,SKU00205,1,35.8,35.8,,0.0,35.8
O0002414,O0002414-1,SKU00109,1,88.61,88.61,,0.0,88.61
O0002415,O0002415-1,SKU00315,1,65.19,65.19,,0.0,65.19
O0002416,O0002416-1,SKU00130,2,66.52,133.04,,0.0,133.04
O0002416,O0002416-2,SKU00172,2,17.17,34.34,,0.0,34.34
O0002416,O0002416-3,SKU00194,1,40.96,40.96,,0.0,40.96
O0002417,O0002417-1,SKU00279,1,31.74,31.74,,0.0,31.74
O0002417,O0002417-2,SKU00285,1,40.54,40.54,,0.0,40.54
O0002418,O0002418-1,SKU00303,1,66.84,66.84,,0.0,66.84
O0002419,O0002419-1,SKU00235,1,46.43,46.43,,0.0,46.43
O0002420,O0002420-1,SKU00255,1,82.33,82.33,,0.0,82.33
O0002420,O0002420-2,SKU00035,1,57.12,57.12,,0.0,57.12
O0002420,O0002420-3,SKU00104,1,73.97,73.97,,0.0,73.97
O0002421,O0002421-1,SKU00384,1,16.39,16.39,,0.0,16.39
O0002421,O0002421-2,SKU00124,1,29.76,29.76,,0.0,29.76
O0002421,O0002421-3,SKU00245,1,49.62,49.62,,0.0,49.62
O0002421,O0002421-4,SKU00205,1,35.8,35.8,,0.0,35.8
O0002422,O0002422-1,SKU00275,2,50.32,100.64,,0.0,100.64
O0002423,O0002423-1,SKU00167,1,22.6,22.6,,0.0,22.6
O0002423,O0002423-2,SKU00174,1,57.96,57.96,,0.0,57.96
O0002423,O0002423-3,SKU00249,1,31.28,31.28,,0.0,31.28
O0002423,O0002423-4,SKU00169,2,38.7,77.4,,0.0,77.4
O0002424,O0002424-1,SKU00025,2,42.44,84.88,,0.0,84.88
O0002424,O0002424-2,SKU00275,1,50.32,50.32,,0.0,50.32
O0002425,O0002425-1,SKU00190,1,45.12,45.12,,0.0,45.12
O0002425,O0002425-2,SKU00109,1,88.61,88.61,,0.0,88.61
O0002426,O0002426-1,SKU00211,1,88.68,88.68,,0.0,88.68
O0002426,O0002426-2,SKU00034,1,45.57,45.57,,0.0,45.57
O0002426,O0002426-3,SKU00334,1,17.99,17.99,,0.0,17.99
O0002426,O0002426-4,SKU00177,1,41.83,41.83,,0.0,41.83
O0002427,O0002427-1,SKU00292,1,51.63,51.63,,0.0,51.63
O0002427,O0002427-2,SKU00024,3,39.92,119.76,,0.0,119.76
O0002427,O0002427-3,SKU00302,1,26.48,26.48,,0.0,26.48
O0002427,O0002427-4,SKU00334,1,17.99,17.99,,0.0,17.99
O0002428,O0002428-1,SKU00140,1,56.17,56.17,,0.0,56.17
O0002428,O0002428-2,SKU00381,1,81.55,81.55,,0.0,81.55
O0002429,O0002429-1,SKU00046,2,23.8,47.6,,0.0,47.6
O0002430,O0002430-1,SKU00247,1,43.87,43.87,,0.0,43.87
O0002431,O0002431-1,SKU00119,1,37.15,37.15,P0011,3.72,33.43
O0002432,O0002432-1,SKU00198,1,39.26,39.26,,0.0,39.26
O0002432,O0002432-2,SKU00121,1,58.38,58.38,,0.0,58.38
O0002432,O0002432-3,SKU00270,1,46.55,46.55,,0.0,46.55
O0002433,O0002433-1,SKU00017,1,37.58,37.58,,0.0,37.58
O0002433,O0002433-2,SKU00346,1,102.61,102.61,,0.0,102.61
O0002434,O0002434-1,SKU00224,1,53.56,53.56,,0.0,53.56
O0002434,O0002434-2,SKU00377,2,39.6,79.2,,0.0,79.2
O0002434,O0002434-3,SKU00153,1,61.1,61.1,,0.0,61.1
O0002435,O0002435-1,SKU00387,1,38.08,38.08,,0.0,38.08
O0002436,O0002436-1,SKU00063,1,26.13,26.13,,0.0,26.13
O0002436,O0002436-2,SKU00226,1,84.67,84.67,,0.0,84.67
O0002436,O0002436-3,SKU00316,2,21.03,42.06,,0.0,42.06
O0002437,O0002437-1,SKU00151,1,20.05,20.05,,0.0,20.05
O0002438,O0002438-1,SKU00369,1,42.23,42.23,,0.0,42.23
O0002439,O0002439-1,SKU00152,2,57.95,115.9,,0.0,115.9
O0002440,O0002440-1,SKU00306,1,36.9,36.9,,0.0,36.9
O0002440,O0002440-2,SKU00146,1,60.33,60.33,,0.0,60.33
O0002441,O0002441-1,SKU00009,1,52.68,52.68,,0.0,52.68
O0002441,O0002441-2,SKU00062,1,38.63,38.63,,0.0,38.63
O0002441,O0002441-3,SKU00181,1,47.26,47.26,,0.0,47.26
O0002441,O0002441-4,SKU00226,1,84.67,84.67,,0.0,84.67
O0002442,O0002442-1,SKU00314,1,39.09,39.09,,0.0,39.09
O0002442,O0002442-2,SKU00206,1,31.05,31.05,,0.0,31.05
O0002443,O0002443-1,SKU00082,1,35.63,35.63,,0.0,35.63
O0002443,O0002443-2,SKU00321,1,13.85,13.85,,0.0,13.85
O0002444,O0002444-1,SKU00392,1,45.36,45.36,,0.0,45.36
O0002444,O0002444-2,SKU00383,1,37.66,37.66,,0.0,37.66
O0002445,O0002445-1,SKU00173,1,61.04,61.04,,0.0,61.04
O0002445,O0002445-2,SKU00052,1,57.74,57.74,,0.0,57.74
O0002445,O0002445-3,SKU00282,1,46.15,46.15,,0.0,46.15
O0002446,O0002446-1,SKU00203,1,71.32,71.32,,0.0,71.32
O0002447,O0002447-1,SKU00399,3,38.17,114.51,,0.0,114.51
O0002448,O0002448-1,SKU00212,1,20.15,20.15,,0.0,20.15
O0002449,O0002449-1,SKU00166,1,65.47,65.47,,0.0,65.47
O0002450,O0002450-1,SKU00274,1,14.47,14.47,,0.0,14.47
O0002451,O0002451-1,SKU00046,1,23.8,23.8,,0.0,23.8
O0002451,O0002451-2,SKU00358,1,36.52,36.52,,0.0,36.52
O0002452,O0002452-1,SKU00365,2,26.67,53.34,,0.0,53.34
O0002453,O0002453-1,SKU00278,2,54.54,109.08,,0.0,109.08
O0002453,O0002453-2,SKU00360,1,93.89,93.89,,0.0,93.89
O0002454,O0002454-1,SKU00095,1,53.11,53.11,,0.0,53.11
O0002454,O0002454-2,SKU00086,3,72.82,218.46,,0.0,218.46
O0002455,O0002455-1,SKU00335,1,18.97,18.97,,0.0,18.97
O0002455,O0002455-2,SKU00203,1,71.32,71.32,,0.0,71.32
O0002456,O0002456-1,SKU00052,2,57.74,115.48,,0.0,115.48
O0002456,O0002456-2,SKU00238,1,69.04,69.04,,0.0,69.04
O0002457,O0002457-1,SKU00187,2,39.15,78.3,,0.0,78.3
O0002458,O0002458-1,SKU00002,1,57.3,57.3,,0.0,57.3
O0002458,O0002458-2,SKU00031,3,49.75,149.25,,0.0,149.25
O0002458,O0002458-3,SKU00294,1,47.23,47.23,,0.0,47.23
O0002459,O0002459-1,SKU00239,1,15.42,15.42,,0.0,15.42
O0002460,O0002460-1,SKU00123,1,28.95,28.95,,0.0,28.95
O0002461,O0002461-1,SKU00344,1,9.99,9.99,,0.0,9.99
O0002462,O0002462-1,SKU00204,1,59.25,59.25,,0.0,59.25
O0002463,O0002463-1,SKU00120,1,19.69,19.69,,0.0,19.69
O0002463,O0002463-2,SKU00371,1,48.42,48.42,,0.0,48.42
O0002464,O0002464-1,SKU00158,1,19.54,19.54,,0.0,19.54
O0002465,O0002465-1,SKU00017,2,37.58,75.16,,0.0,75.16
O0002466,O0002466-1,SKU00347,1,61.23,61.23,,0.0,61.23
O0002466,O0002466-2,SKU00379,1,36.36,36.36,,0.0,36.36
O0002466,O0002466-3,SKU00120,1,19.69,19.69,,0.0,19.69
O0002467,O0002467-1,SKU00233,2,21.18,42.36,,0.0,42.36
O0002468,O0002468-1,SKU00195,1,41.24,41.24,,0.0,41.24
O0002468,O0002468-2,SKU00086,1,72.82,72.82,,0.0,72.82
O0002468,O0002468-3,SKU00264,2,27.04,54.08,,0.0,54.08
O0002469,O0002469-1,SKU00361,1,44.18,44.18,,0.0,44.18
O0002469,O0002469-2,SKU00246,1,38.15,38.15,,0.0,38.15
O0002469,O0002469-3,SKU00011,3,31.25,93.75,,0.0,93.75
O0002469,O0002469-4,SKU00139,1,52.17,52.17,,0.0,52.17
O0002470,O0002470-1,SKU00165,1,18.9,18.9,,0.0,18.9
O0002470,O0002470-2,SKU00222,1,30.96,30.96,,0.0,30.96
O0002470,O0002470-3,SKU00167,1,22.6,22.6,,0.0,22.6
O0002471,O0002471-1,SKU00236,1,32.17,32.17,,0.0,32.17
O0002471,O0002471-2,SKU00175,1,44.19,44.19,,0.0,44.19
O0002471,O0002471-3,SKU00197,1,32.23,32.23,,0.0,32.23
O0002472,O0002472-1,SKU00007,1,32.91,32.91,,0.0,32.91
O0002472,O0002472-2,SKU00134,1,31.13,31.13,P0011,3.11,28.02
O0002473,O0002473-1,SKU00040,1,46.34,46.34,,0.0,46.34
O0002473,O0002473-2,SKU00074,1,76.62,76.62,,0.0,76.62
O0002473,O0002473-3,SKU00104,1,73.97,73.97,,0.0,73.97
O0002473,O0002473-4,SKU00057,2,34.63,69.26,,0.0,69.26
O0002474,O0002474-1,SKU00383,1,37.66,37.66,,0.0,37.66
O0002475,O0002475-1,SKU00017,1,37.58,37.58,,0.0,37.58
O0002475,O0002475-2,SKU00095,3,53.11,159.33,,0.0,159.33
O0002475,O0002475-3,SKU00125,1,30.05,30.05,,0.0,30.05
O0002475,O0002475-4,SKU00365,1,26.67,26.67,,0.0,26.67
O0002476,O0002476-1,SKU00389,1,51.94,51.94,,0.0,51.94
O0002476,O0002476-2,SKU00212,2,20.15,40.3,,0.0,40.3
O0002476,O0002476-3,SKU00093,1,55.17,55.17,,0.0,55.17
O0002476,O0002476-4,SKU00357,2,23.0,46.0,,0.0,46.0
O0002477,O0002477-1,SKU00315,1,65.19,65.19,,0.0,65.19
O0002478,O0002478-1,SKU00170,1,29.26,29.26,,0.0,29.26
O0002478,O0002478-2,SKU00330,2,61.47,122.94,,0.0,122.94
O0002479,O0002479-1,SKU00084,2,33.92,67.84,,0.0,67.84
O0002480,O0002480-1,SKU00126,1,40.15,40.15,,0.0,40.15
O0002480,O0002480-2,SKU00023,1,57.22,57.22,,0.0,57.22
O0002481,O0002481-1,SKU00129,2,38.65,77.3,,0.0,77.3
O0002481,O0002481-2,SKU00321,1,13.85,13.85,,0.0,13.85
O0002482,O0002482-1,SKU00028,1,35.88,35.88,,0.0,35.88
O0002482,O0002482-2,SKU00183,2,17.38,34.76,,0.0,34.76
O0002482,O0002482-3,SKU00340,1,30.34,30.34,,0.0,30.34
O0002483,O0002483-1,SKU00208,1,15.73,15.73,,0.0,15.73
O0002483,O0002483-2,SKU00030,1,17.63,17.63,,0.0,17.63
O0002484,O0002484-1,SKU00055,1,66.78,66.78,,0.0,66.78
O0002485,O0002485-1,SKU00046,1,23.8,23.8,,0.0,23.8
O0002485,O0002485-2,SKU00359,1,26.27,26.27,,0.0,26.27
O0002486,O0002486-1,SKU00249,1,31.28,31.28,,0.0,31.28
O0002486,O0002486-2,SKU00094,1,56.4,56.4,,0.0,56.4
O0002486,O0002486-3,SKU00093,1,55.17,55.17,,0.0,55.17
O0002487,O0002487-1,SKU00030,1,17.63,17.63,,0.0,17.63
O0002487,O0002487-2,SKU00379,1,36.36,36.36,,0.0,36.36
O0002487,O0002487-3,SKU00152,2,57.95,115.9,,0.0,115.9
O0002488,O0002488-1,SKU00157,1,70.71,70.71,,0.0,70.71
O0002488,O0002488-2,SKU00011,1,31.25,31.25,,0.0,31.25
O0002489,O0002489-1,SKU00227,1,105.48,105.48,,0.0,105.48
O0002489,O0002489-2,SKU00255,1,82.33,82.33,,0.0,82.33
O0002489,O0002489-3,SKU00327,1,44.41,44.41,,0.0,44.41
O0002490,O0002490-1,SKU00041,1,31.32,31.32,,0.0,31.32
O0002490,O0002490-2,SKU00313,1,49.13,49.13,,0.0,49.13
O0002490,O0002490-3,SKU00239,1,15.42,15.42,,0.0,15.42
O0002491,O0002491-1,SKU00395,2,26.26,52.52,,0.0,52.52
O0002491,O0002491-2,SKU00164,2,38.71,77.42,,0.0,77.42
O0002492,O0002492-1,SKU00164,1,38.71,38.71,,0.0,38.71
O0002492,O0002492-2,SKU00253,3,51.01,153.03,,0.0,153.03
O0002492,O0002492-3,SKU00374,1,34.49,34.49,,0.0,34.49
O0002493,O0002493-1,SKU00163,1,29.45,29.45,,0.0,29.45
O0002494,O0002494-1,SKU00011,1,31.25,31.25,,0.0,31.25
O0002494,O0002494-2,SKU00070,1,44.51,44.51,,0.0,44.51
O0002495,O0002495-1,SKU00292,1,51.63,51.63,,0.0,51.63
O0002496,O0002496-1,SKU00093,1,55.17,55.17,,0.0,55.17
O0002496,O0002496-2,SKU00379,1,36.36,36.36,,0.0,36.36
O0002497,O0002497-1,SKU00227,1,105.48,105.48,,0.0,105.48
O0002498,O0002498-1,SKU00196,1,36.14,36.14,,0.0,36.14
O0002499,O0002499-1,SKU00216,1,68.72,68.72,,0.0,68.72
O0002499,O0002499-2,SKU00026,1,45.44,45.44,,0.0,45.44
O0002499,O0002499-3,SKU00066,1,52.48,52.48,,0.0,52.48
O0002500,O0002500-1,SKU00080,1,45.12,45.12,,0.0,45.12
O0002501,O0002501-1,SKU00033,1,24.44,24.44,,0.0,24.44
O0002501,O0002501-2,SKU00307,2,36.83,73.66,,0.0,73.66
O0002501,O0002501-3,SKU00166,1,65.47,65.47,,0.0,65.47
O0002501,O0002501-4,SKU00235,1,46.43,46.43,,0.0,46.43
O0002502,O0002502-1,SKU00087,2,22.83,45.66,,0.0,45.66
O0002502,O0002502-2,SKU00127,1,44.81,44.81,,0.0,44.81
O0002503,O0002503-1,SKU00356,1,12.98,12.98,,0.0,12.98
O0002503,O0002503-2,SKU00318,1,30.41,30.41,,0.0,30.41
O0002503,O0002503-3,SKU00131,1,34.39,34.39,,0.0,34.39
O0002504,O0002504-1,SKU00130,1,66.52,66.52,,0.0,66.52
O0002504,O0002504-2,SKU00200,2,61.25,122.5,,0.0,122.5
O0002505,O0002505-1,SKU00105,1,52.33,52.33,,0.0,52.33
O0002505,O0002505-2,SKU00366,1,33.09,33.09,,0.0,33.09
O0002506,O0002506-1,SKU00093,1,55.17,55.17,,0.0,55.17
O0002506,O0002506-2,SKU00321,1,13.85,13.85,,0.0,13.85
O0002506,O0002506-3,SKU00046,3,23.8,71.4,,0.0,71.4
O0002507,O0002507-1,SKU00103,1,32.28,32.28,,0.0,32.28
O0002507,O0002507-2,SKU00174,1,57.96,57.96,,0.0,57.96
O0002508,O0002508-1,SKU00129,1,38.65,38.65,,0.0,38.65
O0002508,O0002508-2,SKU00335,1,18.97,18.97,P0011,1.9,17.07
O0002508,O0002508-3,SKU00223,1,22.77,22.77,,0.0,22.77
O0002508,O0002508-4,SKU00392,1,45.36,45.36,,0.0,45.36
O0002509,O0002509-1,SKU00136,1,52.74,52.74,,0.0,52.74
O0002509,O0002509-2,SKU00290,1,42.67,42.67,,0.0,42.67
O0002509,O0002509-3,SKU00190,1,45.12,45.12,,0.0,45.12
O0002510,O0002510-1,SKU00172,1,17.17,17.17,,0.0,17.17
O0002510,O0002510-2,SKU00110,2,38.93,77.86,,0.0,77.86
O0002511,O0002511-1,SKU00053,1,49.62,49.62,,0.0,49.62
O0002511,O0002511-2,SKU00129,1,38.65,38.65,,0.0,38.65
O0002512,O0002512-1,SKU00283,1,85.39,85.39,,0.0,85.39
O0002512,O0002512-2,SKU00053,1,49.62,49.62,,0.0,49.62
O0002512,O0002512-3,SKU00162,1,65.18,65.18,,0.0,65.18
O0002512,O0002512-4,SKU00120,1,19.69,19.69,,0.0,19.69
O0002513,O0002513-1,SKU00300,1,29.05,29.05,,0.0,29.05
O0002513,O0002513-2,SKU00191,1,45.24,45.24,,0.0,45.24
O0002514,O0002514-1,SKU00362,1,26.77,26.77,,0.0,26.77
O0002514,O0002514-2,SKU00107,1,64.03,64.03,,0.0,64.03
O0002514,O0002514-3,SKU00340,1,30.34,30.34,,0.0,30.34
O0002515,O0002515-1,SKU00061,1,23.77,23.77,,0.0,23.77
O0002516,O0002516-1,SKU00118,1,21.46,21.46,,0.0,21.46
O0002516,O0002516-2,SKU00148,1,39.39,39.39,,0.0,39.39
O0002517,O0002517-1,SKU00016,1,33.83,33.83,,0.0,33.83
O0002517,O0002517-2,SKU00390,1,38.26,38.26,,0.0,38.26
O0002517,O0002517-3,SKU00050,1,25.95,25.95,,0.0,25.95
O0002518,O0002518-1,SKU00279,1,31.74,31.74,,0.0,31.74
O0002518,O0002518-2,SKU00259,2,40.89,81.78,,0.0,81.78
O0002518,O0002518-3,SKU00301,1,30.77,30.77,,0.0,30.77
O0002519,O0002519-1,SKU00114,3,29.46,88.38,,0.0,88.38
O0002519,O0002519-2,SKU00153,2,61.1,122.2,,0.0,122.2
O0002519,O0002519-3,SKU00310,2,44.67,89.34,,0.0,89.34
O0002519,O0002519-4,SKU00221,2,31.0,62.0,,0.0,62.0
O0002520,O0002520-1,SKU00163,1,29.45,29.45,,0.0,29.45
O0002520,O0002520-2,SKU00079,2,43.31,86.62,,0.0,86.62
O0002521,O0002521-1,SKU00001,1,32.38,32.38,,0.0,32.38
O0002521,O0002521-2,SKU00314,3,39.09,117.27,,0.0,117.27
O0002522,O0002522-1,SKU00149,1,26.89,26.89,,0.0,26.89
O0002522,O0002522-2,SKU00151,1,20.05,20.05,,0.0,20.05
O0002523,O0002523-1,SKU00119,1,37.15,37.15,,0.0,37.15
O0002523,O0002523-2,SKU00125,2,30.05,60.1,,0.0,60.1
O0002524,O0002524-1,SKU00134,1,31.13,31.13,,0.0,31.13
O0002525,O0002525-1,SKU00038,1,50.53,50.53,,0.0,50.53
O0002525,O0002525-2,SKU00080,1,45.12,45.12,,0.0,45.12
O0002526,O0002526-1,SKU00384,1,16.39,16.39,,0.0,16.39
O0002526,O0002526-2,SKU00191,1,45.24,45.24,,0.0,45.24
O0002526,O0002526-3,SKU00311,2,60.22,120.44,,0.0,120.44
O0002527,O0002527-1,SKU00343,1,45.56,45.56,,0.0,45.56
O0002527,O0002527-2,SKU00247,1,43.87,43.87,,0.0,43.87
O0002528,O0002528-1,SKU00082,1,35.63,35.63,,0.0,35.63
O0002528,O0002528-2,SKU00083,1,54.82,54.82,,0.0,54.82
O0002529,O0002529-1,SKU00148,1,39.39,39.39,,0.0,39.39
O0002529,O0002529-2,SKU00051,1,57.83,57.83,,0.0,57.83
O0002529,O0002529-3,SKU00195,3,41.24,123.72,,0.0,123.72
O0002530,O0002530-1,SKU00362,1,26.77,26.77,,0.0,26.77
O0002530,O0002530-2,SKU00019,1,23.04,23.04,,0.0,23.04
O0002530,O0002530-3,SKU00339,1,36.52,36.52,,0.0,36.52
O0002530,O0002530-4,SKU00099,2,22.33,44.66,,0.0,44.66
O0002531,O0002531-1,SKU00094,1,56.4,56.4,,0.0,56.4
O0002531,O0002531-2,SKU00340,1,30.34,30.34,,0.0,30.34
O0002531,O0002531-3,SKU00170,1,29.26,29.26,,0.0,29.26
O0002531,O0002531-4,SKU00038,3,50.53,151.59,,0.0,151.59
O0002532,O0002532-1,SKU00173,1,61.04,61.04,,0.0,61.04
O0002532,O0002532-2,SKU00142,2,61.52,123.04,,0.0,123.04
O0002533,O0002533-1,SKU00260,1,38.96,38.96,,0.0,38.96
O0002533,O0002533-2,SKU00361,1,44.18,44.18,,0.0,44.18
O0002534,O0002534-1,SKU00005,1,8.67,8.67,,0.0,8.67
O0002535,O0002535-1,SKU00379,1,36.36,36.36,,0.0,36.36
O0002536,O0002536-1,SKU00005,3,8.67,26.01,,0.0,26.01
O0002536,O0002536-2,SKU00252,1,57.03,57.03,,0.0,57.03
O0002537,O0002537-1,SKU00369,1,42.23,42.23,,0.0,42.23
O0002537,O0002537-2,SKU00262,1,10.7,10.7,,0.0,10.7
O0002538,O0002538-1,SKU00253,3,51.01,153.03,,0.0,153.03
O0002538,O0002538-2,SKU00286,1,54.7,54.7,,0.0,54.7
O0002538,O0002538-3,SKU00342,1,38.94,38.94,,0.0,38.94
O0002538,O0002538-4,SKU00390,1,38.26,38.26,,0.0,38.26
O0002539,O0002539-1,SKU00313,3,49.13,147.39,,0.0,147.39
O0002540,O0002540-1,SKU00313,1,49.13,49.13,,0.0,49.13
O0002541,O0002541-1,SKU00082,1,35.63,35.63,,0.0,35.63
O0002541,O0002541-2,SKU00299,1,33.57,33.57,,0.0,33.57
O0002541,O0002541-3,SKU00166,1,65.47,65.47,,0.0,65.47
O0002541,O0002541-4,SKU00044,1,26.97,26.97,,0.0,26.97
O0002542,O0002542-1,SKU00281,1,52.93,52.93,,0.0,52.93
O0002543,O0002543-1,SKU00084,1,33.92,33.92,,0.0,33.92
O0002544,O0002544-1,SKU00386,1,42.93,42.93,,0.0,42.93
O0002544,O0002544-2,SKU00217,1,31.07,31.07,,0.0,31.07
O0002545,O0002545-1,SKU00159,1,47.62,47.62,,0.0,47.62
O0002545,O0002545-2,SKU00173,1,61.04,61.04,,0.0,61.04
O0002545,O0002545-3,SKU00216,1,68.72,68.72,,0.0,68.72
O0002545,O0002545-4,SKU00392,2,45.36,90.72,,0.0,90.72
O0002546,O0002546-1,SKU00335,2,18.97,37.94,,0.0,37.94
O0002546,O0002546-2,SKU00044,1,26.97,26.97,,0.0,26.97
O0002546,O0002546-3,SKU00196,1,36.14,36.14,,0.0,36.14
O0002546,O0002546-4,SKU00398,1,85.14,85.14,,0.0,85.14
O0002547,O0002547-1,SKU00142,1,61.52,61.52,,0.0,61.52
O0002548,O0002548-1,SKU00113,1,49.01,49.01,,0.0,49.01
O0002548,O0002548-2,SKU00332,1,104.52,104.52,,0.0,104.52
O0002549,O0002549-1,SKU00106,1,24.61,24.61,,0.0,24.61
O0002549,O0002549-2,SKU00260,1,38.96,38.96,,0.0,38.96
O0002550,O0002550-1,SKU00045,1,35.31,35.31,,0.0,35.31
O0002550,O0002550-2,SKU00391,1,57.23,57.23,,0.0,57.23
O0002550,O0002550-3,SKU00310,1,44.67,44.67,,0.0,44.67
O0002551,O0002551-1,SKU00223,2,22.77,45.54,,0.0,45.54
O0002551,O0002551-2,SKU00236,1,32.17,32.17,,0.0,32.17
O0002551,O0002551-3,SKU00177,1,41.83,41.83,,0.0,41.83
O0002552,O0002552-1,SKU00022,1,28.83,28.83,,0.0,28.83
O0002553,O0002553-1,SKU00066,2,52.48,104.96,,0.0,104.96
O0002553,O0002553-2,SKU00088,1,49.61,49.61,,0.0,49.61
O0002554,O0002554-1,SKU00300,1,29.05,29.05,,0.0,29.05
O0002554,O0002554-2,SKU00265,1,26.72,26.72,,0.0,26.72
O0002555,O0002555-1,SKU00260,2,38.96,77.92,,0.0,77.92
O0002555,O0002555-2,SKU00188,1,58.74,58.74,,0.0,58.74
O0002556,O0002556-1,SKU00077,1,17.01,17.01,,0.0,17.01
O0002557,O0002557-1,SKU00131,1,34.39,34.39,,0.0,34.39
O0002558,O0002558-1,SKU00090,1,36.81,36.81,,0.0,36.81
O0002559,O0002559-1,SKU00341,1,47.08,47.08,,0.0,47.08
O0002560,O0002560-1,SKU00057,1,34.63,34.63,,0.0,34.63
O0002560,O0002560-2,SKU00263,1,21.58,21.58,,0.0,21.58
O0002560,O0002560-3,SKU00384,1,16.39,16.39,,0.0,16.39
O0002561,O0002561-1,SKU00378,1,38.51,38.51,,0.0,38.51
O0002562,O0002562-1,SKU00386,1,42.93,42.93,,0.0,42.93
O0002562,O0002562-2,SKU00075,1,53.82,53.82,,0.0,53.82
O0002563,O0002563-1,SKU00339,1,36.52,36.52,,0.0,36.52
O0002564,O0002564-1,SKU00260,2,38.96,77.92,,0.0,77.92
O0002564,O0002564-2,SKU00021,1,49.41,49.41,,0.0,49.41
O0002565,O0002565-1,SKU00221,2,31.0,62.0,,0.0,62.0
O0002566,O0002566-1,SKU00205,1,35.8,35.8,,0.0,35.8
O0002566,O0002566-2,SKU00024,3,39.92,119.76,,0.0,119.76
O0002566,O0002566-3,SKU00138,1,17.97,17.97,,0.0,17.97
O0002566,O0002566-4,SKU00398,1,85.14,85.14,,0.0,85.14
O0002567,O0002567-1,SKU00018,2,20.66,41.32,,0.0,41.32
O0002567,O0002567-2,SKU00331,2,21.15,42.3,,0.0,42.3
O0002568,O0002568-1,SKU00166,2,65.47,130.94,,0.0,130.94
O0002568,O0002568-2,SKU00233,1,21.18,21.18,,0.0,21.18
O0002568,O0002568-3,SKU00101,1,33.02,33.02,,0.0,33.02
O0002568,O0002568-4,SKU00141,1,78.13,78.13,,0.0,78.13
O0002569,O0002569-1,SKU00369,2,42.23,84.46,,0.0,84.46
O0002569,O0002569-2,SKU00186,1,34.13,34.13,P0011,3.41,30.72
O0002569,O0002569-3,SKU00314,1,39.09,39.09,,0.0,39.09
O0002570,O0002570-1,SKU00367,1,50.59,50.59,,0.0,50.59
O0002571,O0002571-1,SKU00037,1,30.33,30.33,,0.0,30.33
O0002571,O0002571-2,SKU00155,1,44.19,44.19,,0.0,44.19
O0002572,O0002572-1,SKU00076,1,31.8,31.8,,0.0,31.8
O0002572,O0002572-2,SKU00063,1,26.13,26.13,,0.0,26.13
O0002573,O0002573-1,SKU00262,1,10.7,10.7,,0.0,10.7
O0002573,O0002573-2,SKU00252,1,57.03,57.03,,0.0,57.03
O0002573,O0002573-3,SKU00204,2,59.25,118.5,,0.0,118.5
O0002573,O0002573-4,SKU00211,1,88.68,88.68,,0.0,88.68
O0002574,O0002574-1,SKU00395,1,26.26,26.26,,0.0,26.26
O0002574,O0002574-2,SKU00250,1,32.56,32.56,,0.0,32.56
O0002574,O0002574-3,SKU00236,1,32.17,32.17,,0.0,32.17
O0002574,O0002574-4,SKU00241,1,46.38,46.38,,0.0,46.38
O0002575,O0002575-1,SKU00115,2,25.28,50.56,,0.0,50.56
O0002575,O0002575-2,SKU00238,1,69.04,69.04,,0.0,69.04
O0002576,O0002576-1,SKU00034,1,45.57,45.57,,0.0,45.57
O0002576,O0002576-2,SKU00061,2,23.77,47.54,,0.0,47.54
O0002577,O0002577-1,SKU00130,3,66.52,199.56,,0.0,199.56
O0002577,O0002577-2,SKU00224,3,53.56,160.68,,0.0,160.68
O0002578,O0002578-1,SKU00391,3,57.23,171.69,,0.0,171.69
O0002578,O0002578-2,SKU00312,1,39.88,39.88,,0.0,39.88
O0002579,O0002579-1,SKU00061,1,23.77,23.77,,0.0,23.77
O0002580,O0002580-1,SKU00102,1,12.21,12.21,,0.0,12.21
O0002580,O0002580-2,SKU00141,1,78.13,78.13,,0.0,78.13
O0002581,O0002581-1,SKU00233,1,21.18,21.18,,0.0,21.18
O0002581,O0002581-2,SKU00130,1,66.52,66.52,,0.0,66.52
O0002582,O0002582-1,SKU00248,1,48.06,48.06,,0.0,48.06
O0002582,O0002582-2,SKU00145,1,34.93,34.93,,0.0,34.93
O0002583,O0002583-1,SKU00360,1,93.89,93.89,,0.0,93.89
O0002583,O0002583-2,SKU00166,1,65.47,65.47,,0.0,65.47
O0002583,O0002583-3,SKU00170,1,29.26,29.26,,0.0,29.26
O0002584,O0002584-1,SKU00203,1,71.32,71.32,,0.0,71.32
O0002584,O0002584-2,SKU00206,1,31.05,31.05,,0.0,31.05
O0002584,O0002584-3,SKU00004,1,22.35,22.35,,0.0,22.35
O0002585,O0002585-1,SKU00041,1,31.32,31.32,,0.0,31.32
O0002585,O0002585-2,SKU00264,1,27.04,27.04,,0.0,27.04
O0002586,O0002586-1,SKU00078,1,17.22,17.22,,0.0,17.22
O0002587,O0002587-1,SKU00148,1,39.39,39.39,,0.0,39.39
O0002588,O0002588-1,SKU00017,1,37.58,37.58,,0.0,37.58
O0002588,O0002588-2,SKU00367,1,50.59,50.59,,0.0,50.59
O0002588,O0002588-3,SKU00368,1,19.96,19.96,,0.0,19.96
O0002588,O0002588-4,SKU00076,1,31.8,31.8,,0.0,31.8
O0002589,O0002589-1,SKU00189,2,53.14,106.28,,0.0,106.28
O0002589,O0002589-2,SKU00089,1,49.77,49.77,,0.0,49.77
O0002590,O0002590-1,SKU00090,1,36.81,36.81,,0.0,36.81
O0002590,O0002590-2,SKU00137,3,60.17,180.51,,0.0,180.51
O0002590,O0002590-3,SKU00339,1,36.52,36.52,,0.0,36.52
O0002590,O0002590-4,SKU00140,1,56.17,56.17,,0.0,56.17
O0002591,O0002591-1,SKU00130,1,66.52,66.52,,0.0,66.52
O0002591,O0002591-2,SKU00005,1,8.67,8.67,P0011,0.87,7.8
O0002592,O0002592-1,SKU00381,1,81.55,81.55,,0.0,81.55
O0002592,O0002592-2,SKU00249,1,31.28,31.28,,0.0,31.28
O0002592,O0002592-3,SKU00362,1,26.77,26.77,,0.0,26.77
O0002593,O0002593-1,SKU00204,1,59.25,59.25,,0.0,59.25
O0002594,O0002594-1,SKU00103,1,32.28,32.28,,0.0,32.28
O0002595,O0002595-1,SKU00202,2,80.2,160.4,,0.0,160.4
O0002596,O0002596-1,SKU00297,1,39.78,39.78,,0.0,39.78
O0002597,O0002597-1,SKU00027,1,11.75,11.75,,0.0,11.75
O0002597,O0002597-2,SKU00247,1,43.87,43.87,,0.0,43.87
O0002597,O0002597-3,SKU00366,1,33.09,33.09,P0011,3.31,29.78
O0002597,O0002597-4,SKU00018,1,20.66,20.66,,0.0,20.66
O0002598,O0002598-1,SKU00227,1,105.48,105.48,,0.0,105.48
O0002598,O0002598-2,SKU00238,1,69.04,69.04,,0.0,69.04
O0002599,O0002599-1,SKU00376,1,37.84,37.84,,0.0,37.84
O0002600,O0002600-1,SKU00079,1,43.31,43.31,,0.0,43.31
O0002600,O0002600-2,SKU00251,2,23.58,47.16,,0.0,47.16
O0002601,O0002601-1,SKU00282,1,46.15,46.15,,0.0,46.15
O0002601,O0002601-2,SKU00113,1,49.01,49.01,,0.0,49.01
O0002602,O0002602-1,SKU00192,1,37.74,37.74,,0.0,37.74
O0002602,O0002602-2,SKU00286,2,54.7,109.4,,0.0,109.4
O0002603,O0002603-1,SKU00387,1,38.08,38.08,,0.0,38.08
O0002603,O0002603-2,SKU00037,2,30.33,60.66,,0.0,60.66
O0002604,O0002604-1,SKU00195,2,41.24,82.48,,0.0,82.48
O0002604,O0002604-2,SKU00397,3,66.5,199.5,,0.0,199.5
O0002605,O0002605-1,SKU00165,1,18.9,18.9,,0.0,18.9
O0002606,O0002606-1,SKU00269,1,28.75,28.75,,0.0,28.75
O0002607,O0002607-1,SKU00108,1,19.31,19.31,,0.0,19.31
O0002607,O0002607-2,SKU00335,1,18.97,18.97,,0.0,18.97
O0002608,O0002608-1,SKU00220,1,42.7,42.7,,0.0,42.7
O0002608,O0002608-2,SKU00157,1,70.71,70.71,,0.0,70.71
O0002608,O0002608-3,SKU00186,1,34.13,34.13,,0.0,34.13
O0002609,O0002609-1,SKU00031,1,49.75,49.75,,0.0,49.75
O0002610,O0002610-1,SKU00143,2,18.48,36.96,,0.0,36.96
O0002610,O0002610-2,SKU00378,1,38.51,38.51,,0.0,38.51
O0002611,O0002611-1,SKU00216,1,68.72,68.72,,0.0,68.72
O0002611,O0002611-2,SKU00295,2,42.42,84.84,,0.0,84.84
O0002611,O0002611-3,SKU00246,1,38.15,38.15,,0.0,38.15
O0002611,O0002611-4,SKU00039,1,59.8,59.8,,0.0,59.8
O0002612,O0002612-1,SKU00168,1,26.49,26.49,,0.0,26.49
O0002612,O0002612-2,SKU00164,3,38.71,116.13,,0.0,116.13
O0002613,O0002613-1,SKU00081,1,30.86,30.86,,0.0,30.86
O0002614,O0002614-1,SKU00093,1,55.17,55.17,,0.0,55.17
O0002614,O0002614-2,SKU00379,1,36.36,36.36,,0.0,36.36
O0002614,O0002614-3,SKU00181,1,47.26,47.26,,0.0,47.26
O0002615,O0002615-1,SKU00045,1,35.31,35.31,,0.0,35.31
O0002615,O0002615-2,SKU00170,1,29.26,29.26,,0.0,29.26
O0002615,O0002615-3,SKU00034,2,45.57,91.14,,0.0,91.14
O0002615,O0002615-4,SKU00113,3,49.01,147.03,,0.0,147.03
O0002616,O0002616-1,SKU00057,1,34.63,34.63,,0.0,34.63
O0002616,O0002616-2,SKU00188,1,58.74,58.74,,0.0,58.74
O0002616,O0002616-3,SKU00334,1,17.99,17.99,,0.0,17.99
O0002617,O0002617-1,SKU00063,1,26.13,26.13,,0.0,26.13
O0002618,O0002618-1,SKU00071,1,50.63,50.63,,0.0,50.63
O0002619,O0002619-1,SKU00282,1,46.15,46.15,,0.0,46.15
O0002620,O0002620-1,SKU00114,3,29.46,88.38,,0.0,88.38
O0002620,O0002620-2,SKU00211,1,88.68,88.68,,0.0,88.68
O0002621,O0002621-1,SKU00148,1,39.39,39.39,,0.0,39.39
O0002622,O0002622-1,SKU00153,1,61.1,61.1,,0.0,61.1
O0002622,O0002622-2,SKU00012,1,9.88,9.88,,0.0,9.88
O0002623,O0002623-1,SKU00299,1,33.57,33.57,,0.0,33.57
O0002623,O0002623-2,SKU00043,1,50.54,50.54,,0.0,50.54
O0002623,O0002623-3,SKU00031,1,49.75,49.75,,0.0,49.75
O0002623,O0002623-4,SKU00211,3,88.68,266.04,,0.0,266.04
O0002624,O0002624-1,SKU00156,1,25.39,25.39,,0.0,25.39
O0002624,O0002624-2,SKU00208,1,15.73,15.73,,0.0,15.73
O0002625,O0002625-1,SKU00146,1,60.33,60.33,,0.0,60.33
O0002625,O0002625-2,SKU00362,1,26.77,26.77,,0.0,26.77
O0002626,O0002626-1,SKU00249,1,31.28,31.28,,0.0,31.28
O0002627,O0002627-1,SKU00038,1,50.53,50.53,,0.0,50.53
O0002628,O0002628-1,SKU00242,1,41.5,41.5,,0.0,41.5
O0002628,O0002628-2,SKU00397,1,66.5,66.5,,0.0,66.5
O0002628,O0002628-3,SKU00013,1,31.04,31.04,,0.0,31.04
O0002629,O0002629-1,SKU00242,1,41.5,41.5,,0.0,41.5
O0002629,O0002629-2,SKU00150,1,41.46,41.46,,0.0,41.46
O0002630,O0002630-1,SKU00028,1,35.88,35.88,,0.0,35.88
O0002631,O0002631-1,SKU00057,1,34.63,34.63,,0.0,34.63
O0002631,O0002631-2,SKU00222,1,30.96,30.96,,0.0,30.96
O0002632,O0002632-1,SKU00376,1,37.84,37.84,,0.0,37.84
O0002632,O0002632-2,SKU00077,1,17.01,17.01,,0.0,17.01
O0002633,O0002633-1,SKU00183,1,17.38,17.38,,0.0,17.38
O0002633,O0002633-2,SKU00153,1,61.1,61.1,,0.0,61.1
O0002633,O0002633-3,SKU00319,1,45.64,45.64,P0011,4.56,41.08
O0002634,O0002634-1,SKU00015,1,66.48,66.48,,0.0,66.48
O0002634,O0002634-2,SKU00171,1,60.15,60.15,,0.0,60.15
O0002635,O0002635-1,SKU00314,1,39.09,39.09,,0.0,39.09
O0002635,O0002635-2,SKU00330,1,61.47,61.47,,0.0,61.47
O0002635,O0002635-3,SKU00156,1,25.39,25.39,,0.0,25.39
O0002636,O0002636-1,SKU00251,1,23.58,23.58,,0.0,23.58
O0002636,O0002636-2,SKU00184,1,34.06,34.06,,0.0,34.06
O0002636,O0002636-3,SKU00287,1,61.4,61.4,,0.0,61.4
O0002636,O0002636-4,SKU00024,2,39.92,79.84,,0.0,79.84
O0002637,O0002637-1,SKU00159,1,47.62,47.62,,0.0,47.62
O0002638,O0002638-1,SKU00345,1,60.26,60.26,,0.0,60.26
O0002639,O0002639-1,SKU00266,1,28.62,28.62,,0.0,28.62
O0002640,O0002640-1,SKU00315,1,65.19,65.19,,0.0,65.19
O0002641,O0002641-1,SKU00313,1,49.13,49.13,,0.0,49.13
O0002642,O0002642-1,SKU00396,1,15.54,15.54,,0.0,15.54
O0002642,O0002642-2,SKU00297,2,39.78,79.56,,0.0,79.56
O0002642,O0002642-3,SKU00308,2,57.22,114.44,,0.0,114.44
O0002642,O0002642-4,SKU00236,1,32.17,32.17,,0.0,32.17
O0002643,O0002643-1,SKU00115,2,25.28,50.56,,0.0,50.56
O0002643,O0002643-2,SKU00056,1,38.71,38.71,,0.0,38.71
O0002643,O0002643-3,SKU00300,1,29.05,29.05,,0.0,29.05
O0002643,O0002643-4,SKU00043,1,50.54,50.54,,0.0,50.54
O0002644,O0002644-1,SKU00013,1,31.04,31.04,,0.0,31.04
O0002644,O0002644-2,SKU00240,1,78.86,78.86,,0.0,78.86
O0002644,O0002644-3,SKU00162,1,65.18,65.18,,0.0,65.18
O0002644,O0002644-4,SKU00381,2,81.55,163.1,,0.0,163.1
O0002645,O0002645-1,SKU00327,1,44.41,44.41,,0.0,44.41
O0002645,O0002645-2,SKU00379,1,36.36,36.36,,0.0,36.36
O0002646,O0002646-1,SKU00306,1,36.9,36.9,,0.0,36.9
O0002646,O0002646-2,SKU00028,1,35.88,35.88,,0.0,35.88
O0002646,O0002646-3,SKU00341,1,47.08,47.08,,0.0,47.08
O0002646,O0002646-4,SKU00015,1,66.48,66.48,,0.0,66.48
O0002647,O0002647-1,SKU00322,1,22.71,22.71,,0.0,22.71
O0002647,O0002647-2,SKU00325,1,27.6,27.6,,0.0,27.6
O0002647,O0002647-3,SKU00283,3,85.39,256.17,,0.0,256.17
O0002648,O0002648-1,SKU00076,2,31.8,63.6,,0.0,63.6
O0002648,O0002648-2,SKU00053,2,49.62,99.24,,0.0,99.24
O0002649,O0002649-1,SKU00347,1,61.23,61.23,,0.0,61.23
O0002649,O0002649-2,SKU00320,1,20.06,20.06,,0.0,20.06
O0002650,O0002650-1,SKU00057,1,34.63,34.63,,0.0,34.63
O0002650,O0002650-2,SKU00374,1,34.49,34.49,,0.0,34.49
O0002650,O0002650-3,SKU00267,1,82.59,82.59,,0.0,82.59
O0002651,O0002651-1,SKU00066,1,52.48,52.48,,0.0,52.48
O0002651,O0002651-2,SKU00259,2,40.89,81.78,,0.0,81.78
O0002651,O0002651-3,SKU00287,3,61.4,184.2,,0.0,184.2
O0002651,O0002651-4,SKU00291,1,33.52,33.52,,0.0,33.52
O0002652,O0002652-1,SKU00368,3,19.96,59.88,,0.0,59.88
O0002652,O0002652-2,SKU00254,1,18.56,18.56,,0.0,18.56
O0002653,O0002653-1,SKU00083,1,54.82,54.82,,0.0,54.82
O0002653,O0002653-2,SKU00052,1,57.74,57.74,,0.0,57.74
O0002653,O0002653-3,SKU00261,2,86.51,173.02,,0.0,173.02
O0002653,O0002653-4,SKU00098,2,54.0,108.0,,0.0,108.0
O0002654,O0002654-1,SKU00084,3,33.92,101.76,,0.0,101.76
O0002654,O0002654-2,SKU00264,1,27.04,27.04,,0.0,27.04
O0002654,O0002654-3,SKU00135,1,42.96,42.96,,0.0,42.96
O0002655,O0002655-1,SKU00126,1,40.15,40.15,,0.0,40.15
O0002655,O0002655-2,SKU00008,1,26.23,26.23,,0.0,26.23
O0002655,O0002655-3,SKU00297,1,39.78,39.78,,0.0,39.78
O0002655,O0002655-4,SKU00004,2,22.35,44.7,,0.0,44.7
O0002656,O0002656-1,SKU00356,1,12.98,12.98,,0.0,12.98
O0002656,O0002656-2,SKU00233,1,21.18,21.18,,0.0,21.18
O0002657,O0002657-1,SKU00275,1,50.32,50.32,,0.0,50.32
O0002658,O0002658-1,SKU00169,1,38.7,38.7,,0.0,38.7
O0002658,O0002658-2,SKU00174,1,57.96,57.96,,0.0,57.96
O0002658,O0002658-3,SKU00028,1,35.88,35.88,,0.0,35.88
O0002659,O0002659-1,SKU00350,1,53.2,53.2,,0.0,53.2
O0002659,O0002659-2,SKU00001,1,32.38,32.38,,0.0,32.38
O0002660,O0002660-1,SKU00200,1,61.25,61.25,,0.0,61.25
O0002661,O0002661-1,SKU00247,2,43.87,87.74,,0.0,87.74
O0002661,O0002661-2,SKU00176,1,24.92,24.92,,0.0,24.92
O0002662,O0002662-1,SKU00242,1,41.5,41.5,,0.0,41.5
O0002663,O0002663-1,SKU00082,1,35.63,35.63,,0.0,35.63
O0002664,O0002664-1,SKU00356,2,12.98,25.96,,0.0,25.96
O0002664,O0002664-2,SKU00186,1,34.13,34.13,,0.0,34.13
O0002664,O0002664-3,SKU00105,2,52.33,104.66,,0.0,104.66
O0002665,O0002665-1,SKU00339,1,36.52,36.52,,0.0,36.52
O0002665,O0002665-2,SKU00212,2,20.15,40.3,,0.0,40.3
O0002666,O0002666-1,SKU00190,2,45.12,90.24,,0.0,90.24
O0002666,O0002666-2,SKU00141,1,78.13,78.13,,0.0,78.13
O0002667,O0002667-1,SKU00060,1,76.86,76.86,,0.0,76.86
O0002667,O0002667-2,SKU00162,1,65.18,65.18,,0.0,65.18
O0002667,O0002667-3,SKU00194,3,40.96,122.88,,0.0,122.88
O0002668,O0002668-1,SKU00152,1,57.95,57.95,,0.0,57.95
O0002669,O0002669-1,SKU00075,1,53.82,53.82,,0.0,53.82
O0002669,O0002669-2,SKU00276,1,22.08,22.08,,0.0,22.08
O0002669,O0002669-3,SKU00240,1,78.86,78.86,,0.0,78.86
O0002670,O0002670-1,SKU00184,1,34.06,34.06,,0.0,34.06
O0002670,O0002670-2,SKU00024,1,39.92,39.92,,0.0,39.92
O0002671,O0002671-1,SKU00137,1,60.17,60.17,,0.0,60.17
O0002672,O0002672-1,SKU00061,1,23.77,23.77,,0.0,23.77
O0002673,O0002673-1,SKU00173,1,61.04,61.04,,0.0,61.04
O0002673,O0002673-2,SKU00090,1,36.81,36.81,,0.0,36.81
O0002673,O0002673-3,SKU00089,1,49.77,49.77,,0.0,49.77
O0002674,O0002674-1,SKU00154,1,62.36,62.36,,0.0,62.36
O0002674,O0002674-2,SKU00019,1,23.04,23.04,,0.0,23.04
O0002675,O0002675-1,SKU00019,1,23.04,23.04,,0.0,23.04
O0002676,O0002676-1,SKU00176,1,24.92,24.92,,0.0,24.92
O0002676,O0002676-2,SKU00082,1,35.63,35.63,,0.0,35.63
O0002676,O0002676-3,SKU00367,1,50.59,50.59,,0.0,50.59
O0002677,O0002677-1,SKU00140,1,56.17,56.17,,0.0,56.17
O0002677,O0002677-2,SKU00071,1,50.63,50.63,,0.0,50.63
O0002678,O0002678-1,SKU00134,1,31.13,31.13,,0.0,31.13
O0002678,O0002678-2,SKU00371,1,48.42,48.42,,0.0,48.42
O0002679,O0002679-1,SKU00391,1,57.23,57.23,,0.0,57.23
O0002679,O0002679-2,SKU00368,1,19.96,19.96,,0.0,19.96
O0002680,O0002680-1,SKU00105,1,52.33,52.33,,0.0,52.33
O0002680,O0002680-2,SKU00046,1,23.8,23.8,,0.0,23.8
O0002680,O0002680-3,SKU00146,1,60.33,60.33,,0.0,60.33
O0002681,O0002681-1,SKU00134,1,31.13,31.13,,0.0,31.13
O0002681,O0002681-2,SKU00202,1,80.2,80.2,,0.0,80.2
O0002682,O0002682-1,SKU00329,1,37.64,37.64,,0.0,37.64
O0002682,O0002682-2,SKU00117,2,30.62,61.24,,0.0,61.24
O0002682,O0002682-3,SKU00243,1,34.82,34.82,,0.0,34.82
O0002683,O0002683-1,SKU00325,2,27.6,55.2,,0.0,55.2
O0002683,O0002683-2,SKU00110,1,38.93,38.93,,0.0,38.93
O0002683,O0002683-3,SKU00058,1,55.01,55.01,,0.0,55.01
O0002684,O0002684-1,SKU00303,1,66.84,66.84,,0.0,66.84
O0002684,O0002684-2,SKU00232,1,34.95,34.95,,0.0,34.95
O0002685,O0002685-1,SKU00002,1,57.3,57.3,,0.0,57.3
O0002685,O0002685-2,SKU00374,1,34.49,34.49,,0.0,34.49
O0002686,O0002686-1,SKU00252,1,57.03,57.03,,0.0,57.03
O0002686,O0002686-2,SKU00325,2,27.6,55.2,,0.0,55.2
O0002686,O0002686-3,SKU00336,1,54.95,54.95,,0.0,54.95
O0002687,O0002687-1,SKU00282,2,46.15,92.3,,0.0,92.3
O0002688,O0002688-1,SKU00344,1,9.99,9.99,,0.0,9.99
O0002688,O0002688-2,SKU00311,1,60.22,60.22,,0.0,60.22
O0002689,O0002689-1,SKU00252,2,57.03,114.06,,0.0,114.06
O0002689,O0002689-2,SKU00115,1,25.28,25.28,,0.0,25.28
O0002690,O0002690-1,SKU00176,1,24.92,24.92,,0.0,24.92
O0002690,O0002690-2,SKU00282,1,46.15,46.15,,0.0,46.15
O0002691,O0002691-1,SKU00383,1,37.66,37.66,,0.0,37.66
O0002691,O0002691-2,SKU00119,1,37.15,37.15,,0.0,37.15
O0002692,O0002692-1,SKU00252,1,57.03,57.03,,0.0,57.03
O0002692,O0002692-2,SKU00327,1,44.41,44.41,,0.0,44.41
O0002693,O0002693-1,SKU00077,2,17.01,34.02,,0.0,34.02
O0002693,O0002693-2,SKU00217,1,31.07,31.07,,0.0,31.07
O0002694,O0002694-1,SKU00385,2,57.12,114.24,,0.0,114.24
O0002695,O0002695-1,SKU00111,1,50.04,50.04,,0.0,50.04
O0002696,O0002696-1,SKU00386,1,42.93,42.93,,0.0,42.93
O0002696,O0002696-2,SKU00002,3,57.3,171.9,,0.0,171.9
O0002697,O0002697-1,SKU00382,1,19.75,19.75,,0.0,19.75
O0002698,O0002698-1,SKU00292,1,51.63,51.63,,0.0,51.63
O0002698,O0002698-2,SKU00194,1,40.96,40.96,,0.0,40.96
O0002698,O0002698-3,SKU00146,1,60.33,60.33,,0.0,60.33
O0002699,O0002699-1,SKU00238,1,69.04,69.04,,0.0,69.04
O0002700,O0002700-1,SKU00283,1,85.39,85.39,,0.0,85.39
O0002700,O0002700-2,SKU00004,1,22.35,22.35,,0.0,22.35
O0002700,O0002700-3,SKU00393,1,14.38,14.38,,0.0,14.38
O0002701,O0002701-1,SKU00398,1,85.14,85.14,,0.0,85.14
O0002702,O0002702-1,SKU00099,1,22.33,22.33,,0.0,22.33
O0002702,O0002702-2,SKU00073,1,61.83,61.83,,0.0,61.83
O0002702,O0002702-3,SKU00323,2,39.02,78.04,,0.0,78.04
O0002703,O0002703-1,SKU00076,1,31.8,31.8,,0.0,31.8
O0002703,O0002703-2,SKU00153,1,61.1,61.1,,0.0,61.1
O0002703,O0002703-3,SKU00177,1,41.83,41.83,,0.0,41.83
O0002703,O0002703-4,SKU00279,1,31.74,31.74,,0.0,31.74
O0002704,O0002704-1,SKU00075,2,53.82,107.64,,0.0,107.64
O0002704,O0002704-2,SKU00291,1,33.52,33.52,,0.0,33.52
O0002705,O0002705-1,SKU00093,1,55.17,55.17,,0.0,55.17
O0002705,O0002705-2,SKU00108,2,19.31,38.62,,0.0,38.62
O0002705,O0002705-3,SKU00038,1,50.53,50.53,,0.0,50.53
O0002705,O0002705-4,SKU00187,1,39.15,39.15,,0.0,39.15
O0002706,O0002706-1,SKU00379,1,36.36,36.36,,0.0,36.36
O0002707,O0002707-1,SKU00150,1,41.46,41.46,,0.0,41.46
O0002708,O0002708-1,SKU00036,1,42.54,42.54,,0.0,42.54
O0002708,O0002708-2,SKU00225,1,25.36,25.36,,0.0,25.36
O0002708,O0002708-3,SKU00076,2,31.8,63.6,,0.0,63.6
O0002708,O0002708-4,SKU00017,2,37.58,75.16,,0.0,75.16
O0002709,O0002709-1,SKU00371,1,48.42,48.42,,0.0,48.42
O0002709,O0002709-2,SKU00095,1,53.11,53.11,,0.0,53.11
O0002710,O0002710-1,SKU00195,1,41.24,41.24,,0.0,41.24
O0002711,O0002711-1,SKU00121,1,58.38,58.38,,0.0,58.38
O0002711,O0002711-2,SKU00222,1,30.96,30.96,,0.0,30.96
O0002711,O0002711-3,SKU00363,3,45.39,136.17,,0.0,136.17
O0002712,O0002712-1,SKU00263,2,21.58,43.16,,0.0,43.16
O0002712,O0002712-2,SKU00088,1,49.61,49.61,,0.0,49.61
O0002713,O0002713-1,SKU00110,1,38.93,38.93,,0.0,38.93
O0002713,O0002713-2,SKU00276,1,22.08,22.08,,0.0,22.08
O0002713,O0002713-3,SKU00219,1,65.58,65.58,,0.0,65.58
O0002713,O0002713-4,SKU00386,1,42.93,42.93,,0.0,42.93
O0002714,O0002714-1,SKU00017,1,37.58,37.58,,0.0,37.58
O0002714,O0002714-2,SKU00034,1,45.57,45.57,,0.0,45.57
O0002714,O0002714-3,SKU00350,2,53.2,106.4,,0.0,106.4
O0002714,O0002714-4,SKU00291,1,33.52,33.52,,0.0,33.52
O0002715,O0002715-1,SKU00307,1,36.83,36.83,,0.0,36.83
O0002715,O0002715-2,SKU00024,1,39.92,39.92,,0.0,39.92
O0002715,O0002715-3,SKU00134,1,31.13,31.13,,0.0,31.13
O0002716,O0002716-1,SKU00095,2,53.11,106.22,,0.0,106.22
O0002716,O0002716-2,SKU00100,1,17.02,17.02,,0.0,17.02
O0002717,O0002717-1,SKU00102,1,12.21,12.21,,0.0,12.21
O0002717,O0002717-2,SKU00225,1,25.36,25.36,,0.0,25.36
O0002718,O0002718-1,SKU00086,1,72.82,72.82,,0.0,72.82
O0002718,O0002718-2,SKU00331,1,21.15,21.15,,0.0,21.15
O0002718,O0002718-3,SKU00350,1,53.2,53.2,,0.0,53.2
O0002718,O0002718-4,SKU00036,1,42.54,42.54,,0.0,42.54
O0002719,O0002719-1,SKU00223,2,22.77,45.54,,0.0,45.54
O0002719,O0002719-2,SKU00011,1,31.25,31.25,,0.0,31.25
O0002720,O0002720-1,SKU00033,1,24.44,24.44,,0.0,24.44
O0002721,O0002721-1,SKU00392,1,45.36,45.36,,0.0,45.36
O0002721,O0002721-2,SKU00033,1,24.44,24.44,,0.0,24.44
O0002722,O0002722-1,SKU00397,1,66.5,66.5,,0.0,66.5
O0002722,O0002722-2,SKU00087,1,22.83,22.83,,0.0,22.83
O0002723,O0002723-1,SKU00232,2,34.95,69.9,,0.0,69.9
O0002723,O0002723-2,SKU00140,1,56.17,56.17,,0.0,56.17
O0002724,O0002724-1,SKU00140,1,56.17,56.17,,0.0,56.17
O0002724,O0002724-2,SKU00007,1,32.91,32.91,,0.0,32.91
O0002724,O0002724-3,SKU00081,1,30.86,30.86,,0.0,30.86
O0002725,O0002725-1,SKU00220,1,42.7,42.7,,0.0,42.7
O0002725,O0002725-2,SKU00089,2,49.77,99.54,,0.0,99.54
O0002725,O0002725-3,SKU00372,1,19.15,19.15,,0.0,19.15
O0002726,O0002726-1,SKU00093,2,55.17,110.34,,0.0,110.34
O0002726,O0002726-2,SKU00330,2,61.47,122.94,,0.0,122.94
O0002727,O0002727-1,SKU00089,1,49.77,49.77,,0.0,49.77
O0002727,O0002727-2,SKU00009,1,52.68,52.68,,0.0,52.68
O0002727,O0002727-3,SKU00136,2,52.74,105.48,,0.0,105.48
O0002728,O0002728-1,SKU00259,2,40.89,81.78,,0.0,81.78
O0002728,O0002728-2,SKU00132,1,44.43,44.43,,0.0,44.43
O0002729,O0002729-1,SKU00236,1,32.17,32.17,,0.0,32.17
O0002729,O0002729-2,SKU00378,1,38.51,38.51,,0.0,38.51
O0002729,O0002729-3,SKU00078,1,17.22,17.22,,0.0,17.22
O0002729,O0002729-4,SKU00120,1,19.69,19.69,,0.0,19.69
O0002730,O0002730-1,SKU00152,1,57.95,57.95,,0.0,57.95
O0002731,O0002731-1,SKU00245,1,49.62,49.62,,0.0,49.62
O0002731,O0002731-2,SKU00325,1,27.6,27.6,,0.0,27.6
O0002731,O0002731-3,SKU00309,1,39.31,39.31,,0.0,39.31
O0002731,O0002731-4,SKU00062,1,38.63,38.63,,0.0,38.63
O0002732,O0002732-1,SKU00071,3,50.63,151.89,,0.0,151.89
O0002733,O0002733-1,SKU00179,2,14.26,28.52,,0.0,28.52
O0002733,O0002733-2,SKU00160,1,42.59,42.59,,0.0,42.59
O0002734,O0002734-1,SKU00264,1,27.04,27.04,,0.0,27.04
O0002734,O0002734-2,SKU00220,1,42.7,42.7,,0.0,42.7
O0002735,O0002735-1,SKU00199,1,60.64,60.64,,0.0,60.64
O0002735,O0002735-2,SKU00227,1,105.48,105.48,,0.0,105.48
O0002735,O0002735-3,SKU00383,1,37.66,37.66,,0.0,37.66
O0002736,O0002736-1,SKU00243,1,34.82,34.82,,0.0,34.82
O0002736,O0002736-2,SKU00316,1,21.03,21.03,,0.0,21.03
O0002736,O0002736-3,SKU00383,1,37.66,37.66,,0.0,37.66
O0002737,O0002737-1,SKU00329,3,37.64,112.92,,0.0,112.92
O0002737,O0002737-2,SKU00204,1,59.25,59.25,,0.0,59.25
O0002737,O0002737-3,SKU00192,1,37.74,37.74,,0.0,37.74
O0002738,O0002738-1,SKU00235,1,46.43,46.43,,0.0,46.43
O0002738,O0002738-2,SKU00082,2,35.63,71.26,,0.0,71.26
O0002739,O0002739-1,SKU00215,1,33.08,33.08,,0.0,33.08
O0002740,O0002740-1,SKU00217,1,31.07,31.07,,0.0,31.07
O0002740,O0002740-2,SKU00168,2,26.49,52.98,,0.0,52.98
O0002741,O0002741-1,SKU00113,1,49.01,49.01,,0.0,49.01
O0002741,O0002741-2,SKU00228,2,106.95,213.9,,0.0,213.9
O0002741,O0002741-3,SKU00304,1,28.55,28.55,,0.0,28.55
O0002741,O0002741-4,SKU00308,1,57.22,57.22,,0.0,57.22
O0002742,O0002742-1,SKU00223,1,22.77,22.77,,0.0,22.77
O0002742,O0002742-2,SKU00167,1,22.6,22.6,,0.0,22.6
O0002743,O0002743-1,SKU00249,2,31.28,62.56,,0.0,62.56
O0002744,O0002744-1,SKU00306,1,36.9,36.9,,0.0,36.9
O0002744,O0002744-2,SKU00131,1,34.39,34.39,,0.0,34.39
O0002745,O0002745-1,SKU00393,1,14.38,14.38,,0.0,14.38
O0002745,O0002745-2,SKU00027,1,11.75,11.75,,0.0,11.75
O0002745,O0002745-3,SKU00211,1,88.68,88.68,,0.0,88.68
O0002745,O0002745-4,SKU00301,2,30.77,61.54,,0.0,61.54
O0002746,O0002746-1,SKU00044,1,26.97,26.97,,0.0,26.97
O0002747,O0002747-1,SKU00095,1,53.11,53.11,,0.0,53.11
O0002747,O0002747-2,SKU00316,1,21.03,21.03,,0.0,21.03
O0002748,O0002748-1,SKU00213,1,45.05,45.05,,0.0,45.05
O0002748,O0002748-2,SKU00005,1,8.67,8.67,,0.0,8.67
O0002748,O0002748-3,SKU00361,1,44.18,44.18,,0.0,44.18
O0002749,O0002749-1,SKU00057,1,34.63,34.63,,0.0,34.63
O0002749,O0002749-2,SKU00217,3,31.07,93.21,,0.0,93.21
O0002750,O0002750-1,SKU00001,3,32.38,97.14,,0.0,97.14
O0002751,O0002751-1,SKU00213,1,45.05,45.05,,0.0,45.05
O0002751,O0002751-2,SKU00108,1,19.31,19.31,,0.0,19.31
O0002752,O0002752-1,SKU00021,1,49.41,49.41,,0.0,49.41
O0002752,O0002752-2,SKU00323,1,39.02,39.02,,0.0,39.02
O0002753,O0002753-1,SKU00365,2,26.67,53.34,,0.0,53.34
O0002753,O0002753-2,SKU00056,1,38.71,38.71,,0.0,38.71
O0002754,O0002754-1,SKU00102,1,12.21,12.21,,0.0,12.21
O0002754,O0002754-2,SKU00226,1,84.67,84.67,,0.0,84.67
O0002754,O0002754-3,SKU00247,1,43.87,43.87,,0.0,43.87
O0002755,O0002755-1,SKU00158,1,19.54,19.54,,0.0,19.54
O0002755,O0002755-2,SKU00312,1,39.88,39.88,,0.0,39.88
O0002755,O0002755-3,SKU00262,1,10.7,10.7,,0.0,10.7
O0002756,O0002756-1,SKU00200,1,61.25,61.25,,0.0,61.25
O0002756,O0002756-2,SKU00006,1,31.28,31.28,,0.0,31.28
O0002757,O0002757-1,SKU00328,2,35.12,70.24,,0.0,70.24
O0002757,O0002757-2,SKU00167,1,22.6,22.6,,0.0,22.6
O0002757,O0002757-3,SKU00146,1,60.33,60.33,,0.0,60.33
O0002757,O0002757-4,SKU00251,3,23.58,70.74,,0.0,70.74
O0002758,O0002758-1,SKU00172,3,17.17,51.51,,0.0,51.51
O0002759,O0002759-1,SKU00073,2,61.83,123.66,,0.0,123.66
O0002759,O0002759-2,SKU00080,1,45.12,45.12,,0.0,45.12
O0002759,O0002759-3,SKU00106,3,24.61,73.83,,0.0,73.83
O0002760,O0002760-1,SKU00299,1,33.57,33.57,,0.0,33.57
O0002761,O0002761-1,SKU00146,1,60.33,60.33,,0.0,60.33
O0002761,O0002761-2,SKU00020,1,42.57,42.57,,0.0,42.57
O0002761,O0002761-3,SKU00034,2,45.57,91.14,,0.0,91.14
O0002762,O0002762-1,SKU00307,1,36.83,36.83,,0.0,36.83
O0002762,O0002762-2,SKU00178,1,55.23,55.23,,0.0,55.23
O0002763,O0002763-1,SKU00340,1,30.34,30.34,,0.0,30.34
O0002763,O0002763-2,SKU00179,1,14.26,14.26,,0.0,14.26
O0002764,O0002764-1,SKU00144,1,27.92,27.92,,0.0,27.92
O0002764,O0002764-2,SKU00363,1,45.39,45.39,,0.0,45.39
O0002764,O0002764-3,SKU00108,1,19.31,19.31,,0.0,19.31
O0002765,O0002765-1,SKU00023,1,57.22,57.22,,0.0,57.22
O0002765,O0002765-2,SKU00087,1,22.83,22.83,,0.0,22.83
O0002766,O0002766-1,SKU00319,1,45.64,45.64,,0.0,45.64
O0002766,O0002766-2,SKU00181,1,47.26,47.26,,0.0,47.26
O0002767,O0002767-1,SKU00239,1,15.42,15.42,,0.0,15.42
O0002767,O0002767-2,SKU00113,1,49.01,49.01,,0.0,49.01
O0002768,O0002768-1,SKU00095,1,53.11,53.11,,0.0,53.11
O0002768,O0002768-2,SKU00098,1,54.0,54.0,,0.0,54.0
O0002769,O0002769-1,SKU00324,1,70.29,70.29,,0.0,70.29
O0002769,O0002769-2,SKU00151,1,20.05,20.05,,0.0,20.05
O0002769,O0002769-3,SKU00159,1,47.62,47.62,,0.0,47.62
O0002769,O0002769-4,SKU00089,1,49.77,49.77,,0.0,49.77
O0002770,O0002770-1,SKU00018,2,20.66,41.32,,0.0,41.32
O0002770,O0002770-2,SKU00397,1,66.5,66.5,,0.0,66.5
O0002771,O0002771-1,SKU00310,1,44.67,44.67,,0.0,44.67
O0002771,O0002771-2,SKU00266,1,28.62,28.62,,0.0,28.62
O0002772,O0002772-1,SKU00317,1,32.85,32.85,,0.0,32.85
O0002773,O0002773-1,SKU00024,1,39.92,39.92,,0.0,39.92
O0002774,O0002774-1,SKU00080,1,45.12,45.12,,0.0,45.12
O0002774,O0002774-2,SKU00101,1,33.02,33.02,,0.0,33.02
O0002775,O0002775-1,SKU00399,2,38.17,76.34,,0.0,76.34
O0002775,O0002775-2,SKU00253,1,51.01,51.01,,0.0,51.01
O0002775,O0002775-3,SKU00108,1,19.31,19.31,,0.0,19.31
O0002775,O0002775-4,SKU00100,2,17.02,34.04,,0.0,34.04
O0002776,O0002776-1,SKU00049,1,49.27,49.27,,0.0,49.27
O0002777,O0002777-1,SKU00163,3,29.45,88.35,,0.0,88.35
O0002777,O0002777-2,SKU00275,1,50.32,50.32,,0.0,50.32
O0002778,O0002778-1,SKU00225,1,25.36,25.36,,0.0,25.36
O0002779,O0002779-1,SKU00168,2,26.49,52.98,,0.0,52.98
O0002780,O0002780-1,SKU00237,1,54.4,54.4,,0.0,54.4
O0002780,O0002780-2,SKU00175,1,44.19,44.19,,0.0,44.19
O0002781,O0002781-1,SKU00073,2,61.83,123.66,,0.0,123.66
O0002781,O0002781-2,SKU00200,1,61.25,61.25,,0.0,61.25
O0002782,O0002782-1,SKU00015,1,66.48,66.48,,0.0,66.48
O0002783,O0002783-1,SKU00230,2,49.13,98.26,,0.0,98.26
O0002784,O0002784-1,SKU00177,2,41.83,83.66,,0.0,83.66
O0002785,O0002785-1,SKU00078,1,17.22,17.22,,0.0,17.22
O0002785,O0002785-2,SKU00304,1,28.55,28.55,,0.0,28.55
O0002786,O0002786-1,SKU00273,1,56.47,56.47,,0.0,56.47
O0002786,O0002786-2,SKU00087,2,22.83,45.66,,0.0,45.66
O0002787,O0002787-1,SKU00188,1,58.74,58.74,,0.0,58.74
O0002788,O0002788-1,SKU00217,2,31.07,62.14,,0.0,62.14
O0002788,O0002788-2,SKU00089,2,49.77,99.54,,0.0,99.54
O0002789,O0002789-1,SKU00134,1,31.13,31.13,,0.0,31.13
O0002790,O0002790-1,SKU00074,2,76.62,153.24,,0.0,153.24
O0002791,O0002791-1,SKU00081,2,30.86,61.72,P0011,6.17,55.55
O0002791,O0002791-2,SKU00095,1,53.11,53.11,,0.0,53.11
O0002791,O0002791-3,SKU00363,1,45.39,45.39,P0011,4.54,40.85
O0002792,O0002792-1,SKU00027,1,11.75,11.75,,0.0,11.75
O0002792,O0002792-2,SKU00400,2,33.96,67.92,,0.0,67.92
O0002792,O0002792-3,SKU00340,1,30.34,30.34,,0.0,30.34
O0002792,O0002792-4,SKU00321,1,13.85,13.85,,0.0,13.85
O0002793,O0002793-1,SKU00222,1,30.96,30.96,,0.0,30.96
O0002794,O0002794-1,SKU00254,2,18.56,37.12,,0.0,37.12
O0002794,O0002794-2,SKU00099,1,22.33,22.33,,0.0,22.33
O0002794,O0002794-3,SKU00357,1,23.0,23.0,,0.0,23.0
O0002795,O0002795-1,SKU00123,2,28.95,57.9,,0.0,57.9
O0002795,O0002795-2,SKU00291,1,33.52,33.52,,0.0,33.52
O0002796,O0002796-1,SKU00285,3,40.54,121.62,,0.0,121.62
O0002796,O0002796-2,SKU00398,3,85.14,255.42,,0.0,255.42
O0002796,O0002796-3,SKU00217,1,31.07,31.07,,0.0,31.07
O0002797,O0002797-1,SKU00268,1,43.83,43.83,,0.0,43.83
O0002797,O0002797-2,SKU00045,1,35.31,35.31,,0.0,35.31
O0002798,O0002798-1,SKU00278,1,54.54,54.54,,0.0,54.54
O0002798,O0002798-2,SKU00258,1,50.85,50.85,,0.0,50.85
O0002799,O0002799-1,SKU00172,1,17.17,17.17,,0.0,17.17
O0002800,O0002800-1,SKU00340,1,30.34,30.34,,0.0,30.34
O0002800,O0002800-2,SKU00325,3,27.6,82.8,,0.0,82.8
O0002801,O0002801-1,SKU00228,3,106.95,320.85,,0.0,320.85
O0002802,O0002802-1,SKU00252,1,57.03,57.03,,0.0,57.03
O0002802,O0002802-2,SKU00138,1,17.97,17.97,,0.0,17.97
O0002803,O0002803-1,SKU00130,2,66.52,133.04,,0.0,133.04
O0002803,O0002803-2,SKU00117,1,30.62,30.62,,0.0,30.62
O0002803,O0002803-3,SKU00087,1,22.83,22.83,,0.0,22.83
O0002803,O0002803-4,SKU00163,1,29.45,29.45,,0.0,29.45
O0002804,O0002804-1,SKU00089,1,49.77,49.77,,0.0,49.77
O0002804,O0002804-2,SKU00232,1,34.95,34.95,,0.0,34.95
O0002805,O0002805-1,SKU00397,1,66.5,66.5,,0.0,66.5
O0002806,O0002806-1,SKU00145,1,34.93,34.93,,0.0,34.93
O0002806,O0002806-2,SKU00027,1,11.75,11.75,,0.0,11.75
O0002806,O0002806-3,SKU00180,1,37.89,37.89,,0.0,37.89
O0002807,O0002807-1,SKU00347,1,61.23,61.23,,0.0,61.23
O0002807,O0002807-2,SKU00199,1,60.64,60.64,,0.0,60.64
O0002808,O0002808-1,SKU00074,3,76.62,229.86,,0.0,229.86
O0002809,O0002809-1,SKU00132,1,44.43,44.43,,0.0,44.43
O0002809,O0002809-2,SKU00008,1,26.23,26.23,,0.0,26.23
O0002809,O0002809-3,SKU00258,1,50.85,50.85,,0.0,50.85
O0002810,O0002810-1,SKU00036,1,42.54,42.54,,0.0,42.54
O0002810,O0002810-2,SKU00130,1,66.52,66.52,,0.0,66.52
O0002810,O0002810-3,SKU00352,2,37.11,74.22,,0.0,74.22
O0002811,O0002811-1,SKU00078,2,17.22,34.44,,0.0,34.44
O0002812,O0002812-1,SKU00238,1,69.04,69.04,,0.0,69.04
O0002812,O0002812-2,SKU00324,1,70.29,70.29,,0.0,70.29
O0002813,O0002813-1,SKU00077,1,17.01,17.01,,0.0,17.01
O0002814,O0002814-1,SKU00090,1,36.81,36.81,,0.0,36.81
O0002814,O0002814-2,SKU00309,1,39.31,39.31,,0.0,39.31
O0002814,O0002814-3,SKU00011,1,31.25,31.25,,0.0,31.25
O0002815,O0002815-1,SKU00320,2,20.06,40.12,,0.0,40.12
O0002815,O0002815-2,SKU00264,1,27.04,27.04,,0.0,27.04
O0002816,O0002816-1,SKU00100,1,17.02,17.02,,0.0,17.02
O0002817,O0002817-1,SKU00027,1,11.75,11.75,,0.0,11.75
O0002817,O0002817-2,SKU00013,3,31.04,93.12,,0.0,93.12
O0002817,O0002817-3,SKU00267,2,82.59,165.18,,0.0,165.18
O0002818,O0002818-1,SKU00101,1,33.02,33.02,,0.0,33.02
O0002818,O0002818-2,SKU00095,1,53.11,53.11,,0.0,53.11
O0002818,O0002818-3,SKU00060,1,76.86,76.86,,0.0,76.86
O0002819,O0002819-1,SKU00357,1,23.0,23.0,,0.0,23.0
O0002819,O0002819-2,SKU00209,1,102.17,102.17,,0.0,102.17
O0002819,O0002819-3,SKU00357,3,23.0,69.0,,0.0,69.0
O0002820,O0002820-1,SKU00251,1,23.58,23.58,,0.0,23.58
O0002820,O0002820-2,SKU00369,3,42.23,126.69,,0.0,126.69
O0002821,O0002821-1,SKU00146,1,60.33,60.33,,0.0,60.33
O0002822,O0002822-1,SKU00069,1,19.77,19.77,,0.0,19.77
O0002822,O0002822-2,SKU00150,1,41.46,41.46,,0.0,41.46
O0002823,O0002823-1,SKU00040,1,46.34,46.34,,0.0,46.34
O0002824,O0002824-1,SKU00378,1,38.51,38.51,,0.0,38.51
O0002824,O0002824-2,SKU00175,1,44.19,44.19,,0.0,44.19
O0002824,O0002824-3,SKU00291,1,33.52,33.52,,0.0,33.52
O0002825,O0002825-1,SKU00131,1,34.39,34.39,,0.0,34.39
O0002826,O0002826-1,SKU00104,1,73.97,73.97,,0.0,73.97
O0002827,O0002827-1,SKU00282,1,46.15,46.15,,0.0,46.15
O0002828,O0002828-1,SKU00321,1,13.85,13.85,,0.0,13.85
O0002828,O0002828-2,SKU00261,1,86.51,86.51,,0.0,86.51
O0002828,O0002828-3,SKU00398,1,85.14,85.14,,0.0,85.14
O0002828,O0002828-4,SKU00233,1,21.18,21.18,,0.0,21.18
O0002829,O0002829-1,SKU00136,1,52.74,52.74,,0.0,52.74
O0002829,O0002829-2,SKU00082,1,35.63,35.63,,0.0,35.63
O0002829,O0002829-3,SKU00230,2,49.13,98.26,,0.0,98.26
O0002830,O0002830-1,SKU00161,2,12.51,25.02,,0.0,25.02
O0002830,O0002830-2,SKU00013,1,31.04,31.04,,0.0,31.04
O0002831,O0002831-1,SKU00126,1,40.15,40.15,,0.0,40.15
O0002831,O0002831-2,SKU00230,1,49.13,49.13,,0.0,49.13
O0002831,O0002831-3,SKU00344,1,9.99,9.99,,0.0,9.99
O0002832,O0002832-1,SKU00056,1,38.71,38.71,,0.0,38.71
O0002832,O0002832-2,SKU00248,1,48.06,48.06,,0.0,48.06
O0002833,O0002833-1,SKU00344,1,9.99,9.99,,0.0,9.99
O0002834,O0002834-1,SKU00287,1,61.4,61.4,,0.0,61.4
O0002835,O0002835-1,SKU00343,2,45.56,91.12,,0.0,91.12
O0002835,O0002835-2,SKU00199,1,60.64,60.64,,0.0,60.64
O0002835,O0002835-3,SKU00043,1,50.54,50.54,,0.0,50.54
O0002836,O0002836-1,SKU00141,1,78.13,78.13,,0.0,78.13
O0002837,O0002837-1,SKU00031,1,49.75,49.75,,0.0,49.75
O0002838,O0002838-1,SKU00261,1,86.51,86.51,,0.0,86.51
O0002838,O0002838-2,SKU00203,1,71.32,71.32,,0.0,71.32
O0002839,O0002839-1,SKU00034,1,45.57,45.57,,0.0,45.57
O0002839,O0002839-2,SKU00190,1,45.12,45.12,,0.0,45.12
O0002840,O0002840-1,SKU00362,1,26.77,26.77,,0.0,26.77
O0002840,O0002840-2,SKU00013,1,31.04,31.04,,0.0,31.04
O0002841,O0002841-1,SKU00069,1,19.77,19.77,,0.0,19.77
O0002842,O0002842-1,SKU00223,1,22.77,22.77,,0.0,22.77
O0002842,O0002842-2,SKU00213,3,45.05,135.15,,0.0,135.15
O0002842,O0002842-3,SKU00397,1,66.5,66.5,,0.0,66.5
O0002842,O0002842-4,SKU00252,1,57.03,57.03,,0.0,57.03
O0002843,O0002843-1,SKU00090,2,36.81,73.62,,0.0,73.62
O0002843,O0002843-2,SKU00166,1,65.47,65.47,,0.0,65.47
O0002843,O0002843-3,SKU00239,1,15.42,15.42,,0.0,15.42
O0002844,O0002844-1,SKU00369,2,42.23,84.46,,0.0,84.46
O0002844,O0002844-2,SKU00369,1,42.23,42.23,,0.0,42.23
O0002845,O0002845-1,SKU00011,1,31.25,31.25,,0.0,31.25
O0002845,O0002845-2,SKU00161,1,12.51,12.51,,0.0,12.51
O0002845,O0002845-3,SKU00149,1,26.89,26.89,,0.0,26.89
O0002846,O0002846-1,SKU00189,1,53.14,53.14,,0.0,53.14
O0002847,O0002847-1,SKU00241,1,46.38,46.38,,0.0,46.38
O0002848,O0002848-1,SKU00334,2,17.99,35.98,,0.0,35.98
O0002848,O0002848-2,SKU00379,1,36.36,36.36,,0.0,36.36
O0002848,O0002848-3,SKU00002,1,57.3,57.3,,0.0,57.3
O0002848,O0002848-4,SKU00219,1,65.58,65.58,,0.0,65.58
O0002849,O0002849-1,SKU00235,1,46.43,46.43,,0.0,46.43
O0002850,O0002850-1,SKU00050,2,25.95,51.9,,0.0,51.9
O0002851,O0002851-1,SKU00058,1,55.01,55.01,,0.0,55.01
O0002851,O0002851-2,SKU00341,1,47.08,47.08,,0.0,47.08
O0002852,O0002852-1,SKU00297,3,39.78,119.34,,0.0,119.34
O0002852,O0002852-2,SKU00236,1,32.17,32.17,,0.0,32.17
O0002853,O0002853-1,SKU00040,1,46.34,46.34,,0.0,46.34
O0002853,O0002853-2,SKU00175,2,44.19,88.38,,0.0,88.38
O0002854,O0002854-1,SKU00400,1,33.96,33.96,,0.0,33.96
O0002854,O0002854-2,SKU00071,1,50.63,50.63,,0.0,50.63
O0002855,O0002855-1,SKU00209,1,102.17,102.17,,0.0,102.17
O0002856,O0002856-1,SKU00292,1,51.63,51.63,,0.0,51.63
O0002856,O0002856-2,SKU00055,1,66.78,66.78,,0.0,66.78
O0002857,O0002857-1,SKU00121,1,58.38,58.38,,0.0,58.38
O0002858,O0002858-1,SKU00209,1,102.17,102.17,,0.0,102.17
O0002858,O0002858-2,SKU00017,1,37.58,37.58,,0.0,37.58
O0002859,O0002859-1,SKU00229,1,74.74,74.74,,0.0,74.74
O0002859,O0002859-2,SKU00022,3,28.83,86.49,,0.0,86.49
O0002859,O0002859-3,SKU00050,1,25.95,25.95,,0.0,25.95
O0002860,O0002860-1,SKU00124,1,29.76,29.76,,0.0,29.76
O0002860,O0002860-2,SKU00360,3,93.89,281.67,,0.0,281.67
O0002861,O0002861-1,SKU00342,1,38.94,38.94,,0.0,38.94
O0002861,O0002861-2,SKU00002,1,57.3,57.3,,0.0,57.3
O0002862,O0002862-1,SKU00346,1,102.61,102.61,,0.0,102.61
O0002863,O0002863-1,SKU00222,3,30.96,92.88,,0.0,92.88
O0002864,O0002864-1,SKU00118,1,21.46,21.46,,0.0,21.46
O0002864,O0002864-2,SKU00058,1,55.01,55.01,,0.0,55.01
O0002865,O0002865-1,SKU00169,1,38.7,38.7,,0.0,38.7
O0002866,O0002866-1,SKU00011,2,31.25,62.5,,0.0,62.5
O0002866,O0002866-2,SKU00174,1,57.96,57.96,,0.0,57.96
O0002867,O0002867-1,SKU00343,1,45.56,45.56,,0.0,45.56
O0002868,O0002868-1,SKU00099,1,22.33,22.33,,0.0,22.33
O0002868,O0002868-2,SKU00302,1,26.48,26.48,,0.0,26.48
O0002868,O0002868-3,SKU00186,1,34.13,34.13,,0.0,34.13
O0002868,O0002868-4,SKU00292,1,51.63,51.63,,0.0,51.63
O0002869,O0002869-1,SKU00198,1,39.26,39.26,,0.0,39.26
O0002869,O0002869-2,SKU00197,1,32.23,32.23,,0.0,32.23
O0002870,O0002870-1,SKU00109,1,88.61,88.61,,0.0,88.61
O0002871,O0002871-1,SKU00400,1,33.96,33.96,,0.0,33.96
O0002871,O0002871-2,SKU00398,1,85.14,85.14,,0.0,85.14
O0002872,O0002872-1,SKU00175,1,44.19,44.19,,0.0,44.19
O0002872,O0002872-2,SKU00188,1,58.74,58.74,,0.0,58.74
O0002872,O0002872-3,SKU00296,1,48.03,48.03,,0.0,48.03
O0002873,O0002873-1,SKU00017,1,37.58,37.58,,0.0,37.58
O0002873,O0002873-2,SKU00213,1,45.05,45.05,,0.0,45.05
O0002874,O0002874-1,SKU00391,2,57.23,114.46,,0.0,114.46
O0002875,O0002875-1,SKU00290,1,42.67,42.67,,0.0,42.67
O0002875,O0002875-2,SKU00215,1,33.08,33.08,,0.0,33.08
O0002875,O0002875-3,SKU00190,1,45.12,45.12,,0.0,45.12
O0002876,O0002876-1,SKU00071,1,50.63,50.63,,0.0,50.63
O0002876,O0002876-2,SKU00046,1,23.8,23.8,,0.0,23.8
O0002877,O0002877-1,SKU00140,1,56.17,56.17,,0.0,56.17
O0002878,O0002878-1,SKU00081,1,30.86,30.86,,0.0,30.86
O0002878,O0002878-2,SKU00323,1,39.02,39.02,,0.0,39.02
O0002879,O0002879-1,SKU00187,1,39.15,39.15,,0.0,39.15
O0002879,O0002879-2,SKU00343,2,45.56,91.12,,0.0,91.12
O0002879,O0002879-3,SKU00043,2,50.54,101.08,,0.0,101.08
O0002880,O0002880-1,SKU00246,2,38.15,76.3,,0.0,76.3
O0002881,O0002881-1,SKU00329,1,37.64,37.64,P0011,3.76,33.88
O0002881,O0002881-2,SKU00317,2,32.85,65.7,,0.0,65.7
O0002882,O0002882-1,SKU00301,1,30.77,30.77,,0.0,30.77
O0002882,O0002882-2,SKU00090,1,36.81,36.81,,0.0,36.81
O0002883,O0002883-1,SKU00184,1,34.06,34.06,,0.0,34.06
O0002883,O0002883-2,SKU00140,1,56.17,56.17,,0.0,56.17
O0002883,O0002883-3,SKU00108,1,19.31,19.31,,0.0,19.31
O0002883,O0002883-4,SKU00078,1,17.22,17.22,,0.0,17.22
O0002884,O0002884-1,SKU00099,1,22.33,22.33,,0.0,22.33
O0002884,O0002884-2,SKU00130,1,66.52,66.52,,0.0,66.52
O0002885,O0002885-1,SKU00120,1,19.69,19.69,,0.0,19.69
O0002885,O0002885-2,SKU00047,1,79.17,79.17,,0.0,79.17
O0002886,O0002886-1,SKU00166,2,65.47,130.94,,0.0,130.94
O0002887,O0002887-1,SKU00126,2,40.15,80.3,,0.0,80.3
O0002888,O0002888-1,SKU00386,2,42.93,85.86,,0.0,85.86
O0002888,O0002888-2,SKU00019,1,23.04,23.04,,0.0,23.04
O0002889,O0002889-1,SKU00310,1,44.67,44.67,,0.0,44.67
O0002889,O0002889-2,SKU00024,1,39.92,39.92,,0.0,39.92
O0002890,O0002890-1,SKU00028,2,35.88,71.76,,0.0,71.76
O0002891,O0002891-1,SKU00344,1,9.99,9.99,,0.0,9.99
O0002892,O0002892-1,SKU00241,1,46.38,46.38,,0.0,46.38
O0002893,O0002893-1,SKU00233,1,21.18,21.18,,0.0,21.18
O0002894,O0002894-1,SKU00155,1,44.19,44.19,,0.0,44.19
O0002894,O0002894-2,SKU00069,2,19.77,39.54,,0.0,39.54
O0002895,O0002895-1,SKU00148,2,39.39,78.78,,0.0,78.78
O0002896,O0002896-1,SKU00033,1,24.44,24.44,,0.0,24.44
O0002897,O0002897-1,SKU00179,1,14.26,14.26,,0.0,14.26
O0002897,O0002897-2,SKU00168,1,26.49,26.49,,0.0,26.49
O0002898,O0002898-1,SKU00231,1,34.06,34.06,,0.0,34.06
O0002898,O0002898-2,SKU00089,1,49.77,49.77,,0.0,49.77
O0002899,O0002899-1,SKU00031,1,49.75,49.75,,0.0,49.75
O0002899,O0002899-2,SKU00349,1,18.05,18.05,,0.0,18.05
O0002900,O0002900-1,SKU00119,1,37.15,37.15,,0.0,37.15
O0002900,O0002900-2,SKU00159,1,47.62,47.62,,0.0,47.62
O0002901,O0002901-1,SKU00122,1,22.77,22.77,,0.0,22.77
O0002901,O0002901-2,SKU00279,1,31.74,31.74,,0.0,31.74
O0002902,O0002902-1,SKU00037,1,30.33,30.33,,0.0,30.33
O0002902,O0002902-2,SKU00057,1,34.63,34.63,,0.0,34.63
O0002903,O0002903-1,SKU00398,1,85.14,85.14,,0.0,85.14
O0002903,O0002903-2,SKU00111,1,50.04,50.04,,0.0,50.04
O0002903,O0002903-3,SKU00206,3,31.05,93.15,,0.0,93.15
O0002904,O0002904-1,SKU00110,1,38.93,38.93,,0.0,38.93
O0002905,O0002905-1,SKU00265,1,26.72,26.72,,0.0,26.72
O0002905,O0002905-2,SKU00318,1,30.41,30.41,,0.0,30.41
O0002906,O0002906-1,SKU00158,1,19.54,19.54,,0.0,19.54
O0002907,O0002907-1,SKU00296,3,48.03,144.09,,0.0,144.09
O0002908,O0002908-1,SKU00150,2,41.46,82.92,,0.0,82.92
O0002908,O0002908-2,SKU00381,1,81.55,81.55,,0.0,81.55
O0002908,O0002908-3,SKU00351,1,52.83,52.83,,0.0,52.83
O0002909,O0002909-1,SKU00037,1,30.33,30.33,,0.0,30.33
O0002909,O0002909-2,SKU00275,1,50.32,50.32,,0.0,50.32
O0002909,O0002909-3,SKU00194,1,40.96,40.96,,0.0,40.96
O0002910,O0002910-1,SKU00294,1,47.23,47.23,,0.0,47.23
O0002910,O0002910-2,SKU00299,1,33.57,33.57,,0.0,33.57
O0002911,O0002911-1,SKU00295,1,42.42,42.42,,0.0,42.42
O0002911,O0002911-2,SKU00359,1,26.27,26.27,,0.0,26.27
O0002912,O0002912-1,SKU00206,1,31.05,31.05,,0.0,31.05
O0002912,O0002912-2,SKU00308,1,57.22,57.22,,0.0,57.22
O0002912,O0002912-3,SKU00331,1,21.15,21.15,,0.0,21.15
O0002912,O0002912-4,SKU00004,1,22.35,22.35,,0.0,22.35
O0002913,O0002913-1,SKU00268,1,43.83,43.83,,0.0,43.83
O0002914,O0002914-1,SKU00198,1,39.26,39.26,,0.0,39.26
O0002914,O0002914-2,SKU00129,1,38.65,38.65,,0.0,38.65
O0002914,O0002914-3,SKU00103,1,32.28,32.28,,0.0,32.28
O0002915,O0002915-1,SKU00187,1,39.15,39.15,,0.0,39.15
O0002915,O0002915-2,SKU00129,1,38.65,38.65,,0.0,38.65
O0002915,O0002915-3,SKU00062,1,38.63,38.63,,0.0,38.63
O0002916,O0002916-1,SKU00204,1,59.25,59.25,,0.0,59.25
O0002916,O0002916-2,SKU00122,1,22.77,22.77,,0.0,22.77
O0002916,O0002916-3,SKU00125,2,30.05,60.1,P0011,6.01,54.09
O0002917,O0002917-1,SKU00171,1,60.15,60.15,,0.0,60.15
O0002917,O0002917-2,SKU00160,1,42.59,42.59,,0.0,42.59
O0002918,O0002918-1,SKU00086,2,72.82,145.64,,0.0,145.64
O0002918,O0002918-2,SKU00349,1,18.05,18.05,,0.0,18.05
O0002918,O0002918-3,SKU00046,1,23.8,23.8,,0.0,23.8
O0002919,O0002919-1,SKU00028,1,35.88,35.88,,0.0,35.88
O0002919,O0002919-2,SKU00163,1,29.45,29.45,,0.0,29.45
O0002920,O0002920-1,SKU00342,3,38.94,116.82,,0.0,116.82
O0002920,O0002920-2,SKU00100,1,17.02,17.02,,0.0,17.02
O0002921,O0002921-1,SKU00100,1,17.02,17.02,,0.0,17.02
O0002922,O0002922-1,SKU00241,1,46.38,46.38,,0.0,46.38
O0002923,O0002923-1,SKU00188,1,58.74,58.74,,0.0,58.74
O0002923,O0002923-2,SKU00190,1,45.12,45.12,,0.0,45.12
O0002924,O0002924-1,SKU00031,1,49.75,49.75,,0.0,49.75
O0002925,O0002925-1,SKU00232,1,34.95,34.95,,0.0,34.95
O0002925,O0002925-2,SKU00111,1,50.04,50.04,,0.0,50.04
O0002926,O0002926-1,SKU00367,1,50.59,50.59,,0.0,50.59
O0002926,O0002926-2,SKU00089,1,49.77,49.77,,0.0,49.77
O0002926,O0002926-3,SKU00308,1,57.22,57.22,,0.0,57.22
O0002927,O0002927-1,SKU00323,1,39.02,39.02,,0.0,39.02
O0002927,O0002927-2,SKU00254,1,18.56,18.56,,0.0,18.56
O0002927,O0002927-3,SKU00309,2,39.31,78.62,,0.0,78.62
O0002928,O0002928-1,SKU00386,1,42.93,42.93,,0.0,42.93
O0002928,O0002928-2,SKU00139,2,52.17,104.34,,0.0,104.34
O0002929,O0002929-1,SKU00036,1,42.54,42.54,,0.0,42.54
O0002929,O0002929-2,SKU00083,1,54.82,54.82,,0.0,54.82
O0002930,O0002930-1,SKU00371,1,48.42,48.42,,0.0,48.42
O0002930,O0002930-2,SKU00246,1,38.15,38.15,,0.0,38.15
O0002931,O0002931-1,SKU00024,2,39.92,79.84,,0.0,79.84
O0002931,O0002931-2,SKU00358,1,36.52,36.52,,0.0,36.52
O0002932,O0002932-1,SKU00231,2,34.06,68.12,,0.0,68.12
O0002933,O0002933-1,SKU00221,1,31.0,31.0,,0.0,31.0
O0002934,O0002934-1,SKU00297,1,39.78,39.78,,0.0,39.78
O0002935,O0002935-1,SKU00222,1,30.96,30.96,,0.0,30.96
O0002935,O0002935-2,SKU00188,2,58.74,117.48,,0.0,117.48
O0002935,O0002935-3,SKU00145,1,34.93,34.93,,0.0,34.93
O0002935,O0002935-4,SKU00330,1,61.47,61.47,,0.0,61.47
O0002936,O0002936-1,SKU00034,1,45.57,45.57,,0.0,45.57
O0002936,O0002936-2,SKU00259,1,40.89,40.89,,0.0,40.89
O0002937,O0002937-1,SKU00187,1,39.15,39.15,,0.0,39.15
O0002938,O0002938-1,SKU00282,1,46.15,46.15,,0.0,46.15
O0002938,O0002938-2,SKU00056,1,38.71,38.71,,0.0,38.71
O0002938,O0002938-3,SKU00021,1,49.41,49.41,,0.0,49.41
O0002938,O0002938-4,SKU00395,1,26.26,26.26,,0.0,26.26
O0002939,O0002939-1,SKU00275,1,50.32,50.32,,0.0,50.32
O0002940,O0002940-1,SKU00302,1,26.48,26.48,,0.0,26.48
O0002940,O0002940-2,SKU00046,2,23.8,47.6,,0.0,47.6
O0002940,O0002940-3,SKU00035,1,57.12,57.12,,0.0,57.12
O0002940,O0002940-4,SKU00358,2,36.52,73.04,P0011,7.3,65.74
O0002941,O0002941-1,SKU00023,1,57.22,57.22,,0.0,57.22
O0002941,O0002941-2,SKU00205,1,35.8,35.8,,0.0,35.8
O0002942,O0002942-1,SKU00356,1,12.98,12.98,,0.0,12.98
O0002943,O0002943-1,SKU00222,1,30.96,30.96,,0.0,30.96
O0002943,O0002943-2,SKU00278,1,54.54,54.54,,0.0,54.54
O0002944,O0002944-1,SKU00398,1,85.14,85.14,,0.0,85.14
O0002944,O0002944-2,SKU00163,1,29.45,29.45,,0.0,29.45
O0002944,O0002944-3,SKU00171,1,60.15,60.15,,0.0,60.15
O0002945,O0002945-1,SKU00314,3,39.09,117.27,,0.0,117.27
O0002945,O0002945-2,SKU00344,1,9.99,9.99,,0.0,9.99
O0002945,O0002945-3,SKU00332,3,104.52,313.56,,0.0,313.56
O0002945,O0002945-4,SKU00279,1,31.74,31.74,P0011,3.17,28.57
O0002946,O0002946-1,SKU00121,1,58.38,58.38,,0.0,58.38
O0002947,O0002947-1,SKU00030,2,17.63,35.26,,0.0,35.26
O0002947,O0002947-2,SKU00154,3,62.36,187.08,,0.0,187.08
O0002948,O0002948-1,SKU00263,2,21.58,43.16,,0.0,43.16
O0002949,O0002949-1,SKU00174,1,57.96,57.96,,0.0,57.96
O0002949,O0002949-2,SKU00019,1,23.04,23.04,,0.0,23.04
O0002950,O0002950-1,SKU00351,1,52.83,52.83,,0.0,52.83
O0002951,O0002951-1,SKU00070,1,44.51,44.51,,0.0,44.51
O0002951,O0002951-2,SKU00197,1,32.23,32.23,,0.0,32.23
O0002951,O0002951-3,SKU00341,2,47.08,94.16,,0.0,94.16
O0002952,O0002952-1,SKU00121,1,58.38,58.38,,0.0,58.38
O0002953,O0002953-1,SKU00111,2,50.04,100.08,,0.0,100.08
O0002953,O0002953-2,SKU00395,1,26.26,26.26,,0.0,26.26
O0002954,O0002954-1,SKU00139,1,52.17,52.17,,0.0,52.17
O0002954,O0002954-2,SKU00359,2,26.27,52.54,,0.0,52.54
O0002955,O0002955-1,SKU00179,2,14.26,28.52,,0.0,28.52
O0002956,O0002956-1,SKU00023,1,57.22,57.22,,0.0,57.22
O0002957,O0002957-1,SKU00308,1,57.22,57.22,,0.0,57.22
O0002957,O0002957-2,SKU00265,1,26.72,26.72,,0.0,26.72
O0002958,O0002958-1,SKU00007,1,32.91,32.91,,0.0,32.91
O0002958,O0002958-2,SKU00357,2,23.0,46.0,,0.0,46.0
O0002959,O0002959-1,SKU00171,1,60.15,60.15,,0.0,60.15
O0002959,O0002959-2,SKU00238,1,69.04,69.04,,0.0,69.04
O0002960,O0002960-1,SKU00043,1,50.54,50.54,,0.0,50.54
O0002960,O0002960-2,SKU00130,1,66.52,66.52,,0.0,66.52
O0002961,O0002961-1,SKU00049,1,49.27,49.27,,0.0,49.27
O0002961,O0002961-2,SKU00215,2,33.08,66.16,,0.0,66.16
O0002961,O0002961-3,SKU00186,1,34.13,34.13,,0.0,34.13
O0002961,O0002961-4,SKU00110,1,38.93,38.93,,0.0,38.93
O0002962,O0002962-1,SKU00335,1,18.97,18.97,,0.0,18.97
O0002962,O0002962-2,SKU00336,2,54.95,109.9,,0.0,109.9
O0002962,O0002962-3,SKU00362,1,26.77,26.77,,0.0,26.77
O0002963,O0002963-1,SKU00311,1,60.22,60.22,,0.0,60.22
O0002964,O0002964-1,SKU00081,1,30.86,30.86,,0.0,30.86
O0002964,O0002964-2,SKU00346,1,102.61,102.61,,0.0,102.61
O0002964,O0002964-3,SKU00325,1,27.6,27.6,,0.0,27.6
O0002965,O0002965-1,SKU00115,1,25.28,25.28,,0.0,25.28
O0002965,O0002965-2,SKU00050,3,25.95,77.85,,0.0,77.85
O0002966,O0002966-1,SKU00038,1,50.53,50.53,,0.0,50.53
O0002966,O0002966-2,SKU00160,1,42.59,42.59,,0.0,42.59
O0002966,O0002966-3,SKU00221,2,31.0,62.0,,0.0,62.0
O0002966,O0002966-4,SKU00135,2,42.96,85.92,,0.0,85.92
O0002967,O0002967-1,SKU00197,1,32.23,32.23,,0.0,32.23
O0002967,O0002967-2,SKU00306,1,36.9,36.9,,0.0,36.9
O0002968,O0002968-1,SKU00151,2,20.05,40.1,,0.0,40.1
O0002969,O0002969-1,SKU00327,1,44.41,44.41,,0.0,44.41
O0002969,O0002969-2,SKU00145,1,34.93,34.93,,0.0,34.93
O0002970,O0002970-1,SKU00088,1,49.61,49.61,,0.0,49.61
O0002970,O0002970-2,SKU00118,1,21.46,21.46,,0.0,21.46
O0002971,O0002971-1,SKU00206,1,31.05,31.05,,0.0,31.05
O0002971,O0002971-2,SKU00359,1,26.27,26.27,,0.0,26.27
O0002971,O0002971-3,SKU00125,1,30.05,30.05,,0.0,30.05
O0002971,O0002971-4,SKU00344,2,9.99,19.98,,0.0,19.98
O0002972,O0002972-1,SKU00080,1,45.12,45.12,,0.0,45.12
O0002972,O0002972-2,SKU00357,1,23.0,23.0,,0.0,23.0
O0002972,O0002972-3,SKU00018,1,20.66,20.66,,0.0,20.66
O0002973,O0002973-1,SKU00362,1,26.77,26.77,,0.0,26.77
O0002974,O0002974-1,SKU00102,1,12.21,12.21,,0.0,12.21
O0002974,O0002974-2,SKU00107,1,64.03,64.03,,0.0,64.03
O0002975,O0002975-1,SKU00188,3,58.74,176.22,,0.0,176.22
O0002975,O0002975-2,SKU00376,1,37.84,37.84,,0.0,37.84
O0002976,O0002976-1,SKU00111,1,50.04,50.04,,0.0,50.04
O0002976,O0002976-2,SKU00293,1,70.96,70.96,P0011,7.1,63.86
O0002977,O0002977-1,SKU00390,1,38.26,38.26,,0.0,38.26
O0002978,O0002978-1,SKU00113,1,49.01,49.01,,0.0,49.01
O0002978,O0002978-2,SKU00224,1,53.56,53.56,,0.0,53.56
O0002979,O0002979-1,SKU00366,1,33.09,33.09,,0.0,33.09
O0002979,O0002979-2,SKU00297,1,39.78,39.78,,0.0,39.78
O0002980,O0002980-1,SKU00200,2,61.25,122.5,,0.0,122.5
O0002980,O0002980-2,SKU00109,1,88.61,88.61,,0.0,88.61
O0002981,O0002981-1,SKU00131,1,34.39,34.39,,0.0,34.39
O0002981,O0002981-2,SKU00160,1,42.59,42.59,,0.0,42.59
O0002981,O0002981-3,SKU00183,1,17.38,17.38,,0.0,17.38
O0002981,O0002981-4,SKU00081,1,30.86,30.86,,0.0,30.86
O0002982,O0002982-1,SKU00347,1,61.23,61.23,,0.0,61.23
O0002982,O0002982-2,SKU00250,1,32.56,32.56,,0.0,32.56
O0002982,O0002982-3,SKU00237,1,54.4,54.4,,0.0,54.4
O0002982,O0002982-4,SKU00087,1,22.83,22.83,,0.0,22.83
O0002983,O0002983-1,SKU00399,1,38.17,38.17,,0.0,38.17
O0002983,O0002983-2,SKU00097,1,30.01,30.01,,0.0,30.01
O0002984,O0002984-1,SKU00089,1,49.77,49.77,,0.0,49.77
O0002984,O0002984-2,SKU00242,1,41.5,41.5,,0.0,41.5
O0002985,O0002985-1,SKU00379,1,36.36,36.36,,0.0,36.36
O0002985,O0002985-2,SKU00009,1,52.68,52.68,,0.0,52.68
O0002985,O0002985-3,SKU00163,1,29.45,29.45,,0.0,29.45
O0002986,O0002986-1,SKU00179,1,14.26,14.26,,0.0,14.26
O0002987,O0002987-1,SKU00397,1,66.5,66.5,,0.0,66.5
O0002988,O0002988-1,SKU00224,1,53.56,53.56,,0.0,53.56
O0002988,O0002988-2,SKU00371,1,48.42,48.42,,0.0,48.42
O0002988,O0002988-3,SKU00047,1,79.17,79.17,,0.0,79.17
O0002989,O0002989-1,SKU00361,2,44.18,88.36,,0.0,88.36
O0002989,O0002989-2,SKU00134,1,31.13,31.13,,0.0,31.13
O0002989,O0002989-3,SKU00371,1,48.42,48.42,,0.0,48.42
O0002990,O0002990-1,SKU00326,2,34.94,69.88,,0.0,69.88
O0002990,O0002990-2,SKU00150,1,41.46,41.46,,0.0,41.46
O0002991,O0002991-1,SKU00029,2,36.29,72.58,,0.0,72.58
O0002991,O0002991-2,SKU00047,1,79.17,79.17,,0.0,79.17
O0002992,O0002992-1,SKU00051,1,57.83,57.83,,0.0,57.83
O0002993,O0002993-1,SKU00109,1,88.61,88.61,,0.0,88.61
O0002993,O0002993-2,SKU00046,2,23.8,47.6,,0.0,47.6
O0002994,O0002994-1,SKU00237,1,54.4,54.4,,0.0,54.4
O0002994,O0002994-2,SKU00322,3,22.71,68.13,,0.0,68.13
O0002994,O0002994-3,SKU00360,2,93.89,187.78,,0.0,187.78
O0002994,O0002994-4,SKU00095,1,53.11,53.11,,0.0,53.11
O0002995,O0002995-1,SKU00001,1,32.38,32.38,,0.0,32.38
O0002995,O0002995-2,SKU00346,1,102.61,102.61,,0.0,102.61
O0002996,O0002996-1,SKU00031,2,49.75,99.5,,0.0,99.5
O0002996,O0002996-2,SKU00088,2,49.61,99.22,,0.0,99.22
O0002997,O0002997-1,SKU00130,1,66.52,66.52,,0.0,66.52
O0002997,O0002997-2,SKU00325,2,27.6,55.2,,0.0,55.2
O0002998,O0002998-1,SKU00212,1,20.15,20.15,,0.0,20.15
O0002998,O0002998-2,SKU00135,1,42.96,42.96,,0.0,42.96
O0002998,O0002998-3,SKU00301,2,30.77,61.54,,0.0,61.54
O0002999,O0002999-1,SKU00087,1,22.83,22.83,,0.0,22.83
O0003000,O0003000-1,SKU00248,2,48.06,96.12,,0.0,96.12
O0003000,O0003000-2,SKU00243,1,34.82,34.82,,0.0,34.82
O0003000,O0003000-3,SKU00052,1,57.74,57.74,,0.0,57.74
O0003001,O0003001-1,SKU00001,1,32.38,32.38,,0.0,32.38
O0003002,O0003002-1,SKU00236,3,32.17,96.51,,0.0,96.51
O0003002,O0003002-2,SKU00292,2,51.63,103.26,,0.0,103.26
O0003002,O0003002-3,SKU00204,1,59.25,59.25,,0.0,59.25
O0003003,O0003003-1,SKU00331,1,21.15,21.15,,0.0,21.15
O0003003,O0003003-2,SKU00148,1,39.39,39.39,,0.0,39.39
O0003003,O0003003-3,SKU00049,1,49.27,49.27,,0.0,49.27
O0003004,O0003004-1,SKU00016,3,33.83,101.49,,0.0,101.49
O0003004,O0003004-2,SKU00248,1,48.06,48.06,,0.0,48.06
O0003005,O0003005-1,SKU00330,1,61.47,61.47,,0.0,61.47
O0003006,O0003006-1,SKU00049,1,49.27,49.27,,0.0,49.27
O0003006,O0003006-2,SKU00058,2,55.01,110.02,,0.0,110.02
O0003006,O0003006-3,SKU00179,1,14.26,14.26,,0.0,14.26
O0003006,O0003006-4,SKU00144,1,27.92,27.92,,0.0,27.92
O0003007,O0003007-1,SKU00052,1,57.74,57.74,,0.0,57.74
O0003007,O0003007-2,SKU00018,3,20.66,61.98,,0.0,61.98
O0003007,O0003007-3,SKU00082,1,35.63,35.63,,0.0,35.63
O0003008,O0003008-1,SKU00142,1,61.52,61.52,,0.0,61.52
O0003008,O0003008-2,SKU00087,1,22.83,22.83,,0.0,22.83
O0003009,O0003009-1,SKU00095,1,53.11,53.11,,0.0,53.11
O0003010,O0003010-1,SKU00220,1,42.7,42.7,,0.0,42.7
O0003011,O0003011-1,SKU00311,1,60.22,60.22,,0.0,60.22
O0003011,O0003011-2,SKU00063,1,26.13,26.13,,0.0,26.13
O0003012,O0003012-1,SKU00008,2,26.23,52.46,,0.0,52.46
O0003013,O0003013-1,SKU00354,3,27.28,81.84,,0.0,81.84
O0003013,O0003013-2,SKU00396,1,15.54,15.54,,0.0,15.54
O0003014,O0003014-1,SKU00350,2,53.2,106.4,,0.0,106.4
O0003014,O0003014-2,SKU00270,1,46.55,46.55,,0.0,46.55
O0003015,O0003015-1,SKU00027,1,11.75,11.75,,0.0,11.75
O0003016,O0003016-1,SKU00377,1,39.6,39.6,,0.0,39.6
O0003016,O0003016-2,SKU00090,1,36.81,36.81,,0.0,36.81
O0003017,O0003017-1,SKU00081,3,30.86,92.58,,0.0,92.58
O0003017,O0003017-2,SKU00362,1,26.77,26.77,,0.0,26.77
O0003017,O0003017-3,SKU00240,1,78.86,78.86,,0.0,78.86
O0003017,O0003017-4,SKU00293,1,70.96,70.96,,0.0,70.96
O0003018,O0003018-1,SKU00115,1,25.28,25.28,,0.0,25.28
O0003018,O0003018-2,SKU00024,1,39.92,39.92,,0.0,39.92
O0003019,O0003019-1,SKU00194,1,40.96,40.96,,0.0,40.96
O0003019,O0003019-2,SKU00130,1,66.52,66.52,,0.0,66.52
O0003020,O0003020-1,SKU00368,1,19.96,19.96,,0.0,19.96
O0003021,O0003021-1,SKU00317,1,32.85,32.85,,0.0,32.85
O0003022,O0003022-1,SKU00315,1,65.19,65.19,,0.0,65.19
O0003023,O0003023-1,SKU00388,1,37.93,37.93,,0.0,37.93
O0003023,O0003023-2,SKU00003,1,28.95,28.95,,0.0,28.95
O0003024,O0003024-1,SKU00131,1,34.39,34.39,P0011,3.44,30.95
O0003025,O0003025-1,SKU00293,1,70.96,70.96,,0.0,70.96
O0003025,O0003025-2,SKU00245,1,49.62,49.62,,0.0,49.62
O0003025,O0003025-3,SKU00100,1,17.02,17.02,,0.0,17.02
O0003025,O0003025-4,SKU00344,1,9.99,9.99,,0.0,9.99
O0003026,O0003026-1,SKU00320,1,20.06,20.06,,0.0,20.06
O0003026,O0003026-2,SKU00376,2,37.84,75.68,,0.0,75.68
O0003026,O0003026-3,SKU00121,1,58.38,58.38,,0.0,58.38
O0003027,O0003027-1,SKU00114,2,29.46,58.92,,0.0,58.92
O0003027,O0003027-2,SKU00139,1,52.17,52.17,P0011,5.22,46.95
O0003027,O0003027-3,SKU00295,1,42.42,42.42,,0.0,42.42
O0003028,O0003028-1,SKU00140,1,56.17,56.17,,0.0,56.17
O0003029,O0003029-1,SKU00281,1,52.93,52.93,,0.0,52.93
O0003029,O0003029-2,SKU00200,1,61.25,61.25,,0.0,61.25
O0003030,O0003030-1,SKU00018,1,20.66,20.66,,0.0,20.66
O0003031,O0003031-1,SKU00124,2,29.76,59.52,,0.0,59.52
O0003031,O0003031-2,SKU00269,1,28.75,28.75,,0.0,28.75
O0003031,O0003031-3,SKU00139,1,52.17,52.17,,0.0,52.17
O0003031,O0003031-4,SKU00200,1,61.25,61.25,,0.0,61.25
O0003032,O0003032-1,SKU00067,2,20.67,41.34,,0.0,41.34
O0003032,O0003032-2,SKU00266,1,28.62,28.62,,0.0,28.62
O0003032,O0003032-3,SKU00215,1,33.08,33.08,,0.0,33.08
O0003033,O0003033-1,SKU00070,1,44.51,44.51,,0.0,44.51
O0003033,O0003033-2,SKU00165,2,18.9,37.8,,0.0,37.8
O0003033,O0003033-3,SKU00376,1,37.84,37.84,,0.0,37.84
O0003033,O0003033-4,SKU00125,1,30.05,30.05,,0.0,30.05
O0003034,O0003034-1,SKU00083,1,54.82,54.82,,0.0,54.82
O0003034,O0003034-2,SKU00345,1,60.26,60.26,,0.0,60.26
O0003034,O0003034-3,SKU00020,3,42.57,127.71,,0.0,127.71
O0003035,O0003035-1,SKU00395,1,26.26,26.26,,0.0,26.26
O0003036,O0003036-1,SKU00318,1,30.41,30.41,,0.0,30.41
O0003036,O0003036-2,SKU00066,1,52.48,52.48,,0.0,52.48
O0003037,O0003037-1,SKU00050,1,25.95,25.95,,0.0,25.95
O0003037,O0003037-2,SKU00212,2,20.15,40.3,,0.0,40.3
O0003037,O0003037-3,SKU00156,1,25.39,25.39,,0.0,25.39
O0003038,O0003038-1,SKU00315,3,65.19,195.57,,0.0,195.57
O0003038,O0003038-2,SKU00319,1,45.64,45.64,,0.0,45.64
O0003038,O0003038-3,SKU00144,1,27.92,27.92,,0.0,27.92
O0003039,O0003039-1,SKU00259,1,40.89,40.89,,0.0,40.89
O0003040,O0003040-1,SKU00119,1,37.15,37.15,,0.0,37.15
O0003041,O0003041-1,SKU00143,1,18.48,18.48,,0.0,18.48
O0003042,O0003042-1,SKU00282,1,46.15,46.15,,0.0,46.15
O0003042,O0003042-2,SKU00311,1,60.22,60.22,,0.0,60.22
O0003043,O0003043-1,SKU00039,3,59.8,179.4,,0.0,179.4
O0003043,O0003043-2,SKU00274,1,14.47,14.47,,0.0,14.47
O0003044,O0003044-1,SKU00177,1,41.83,41.83,,0.0,41.83
O0003044,O0003044-2,SKU00340,1,30.34,30.34,,0.0,30.34
O0003044,O0003044-3,SKU00137,2,60.17,120.34,,0.0,120.34
O0003044,O0003044-4,SKU00095,1,53.11,53.11,,0.0,53.11
O0003045,O0003045-1,SKU00082,1,35.63,35.63,,0.0,35.63
O0003045,O0003045-2,SKU00035,1,57.12,57.12,,0.0,57.12
O0003045,O0003045-3,SKU00315,1,65.19,65.19,,0.0,65.19
O0003045,O0003045-4,SKU00095,1,53.11,53.11,,0.0,53.11
O0003046,O0003046-1,SKU00325,1,27.6,27.6,,0.0,27.6
O0003046,O0003046-2,SKU00275,1,50.32,50.32,,0.0,50.32
O0003046,O0003046-3,SKU00163,1,29.45,29.45,,0.0,29.45
O0003047,O0003047-1,SKU00229,1,74.74,74.74,,0.0,74.74
O0003048,O0003048-1,SKU00295,1,42.42,42.42,,0.0,42.42
O0003049,O0003049-1,SKU00073,3,61.83,185.49,,0.0,185.49
O0003049,O0003049-2,SKU00253,1,51.01,51.01,,0.0,51.01
O0003050,O0003050-1,SKU00211,1,88.68,88.68,,0.0,88.68
O0003050,O0003050-2,SKU00094,1,56.4,56.4,,0.0,56.4
O0003050,O0003050-3,SKU00236,1,32.17,32.17,,0.0,32.17
O0003051,O0003051-1,SKU00074,1,76.62,76.62,,0.0,76.62
O0003051,O0003051-2,SKU00339,1,36.52,36.52,,0.0,36.52
O0003051,O0003051-3,SKU00377,1,39.6,39.6,,0.0,39.6
O0003051,O0003051-4,SKU00285,1,40.54,40.54,,0.0,40.54
O0003052,O0003052-1,SKU00343,1,45.56,45.56,,0.0,45.56
O0003052,O0003052-2,SKU00184,1,34.06,34.06,,0.0,34.06
O0003052,O0003052-3,SKU00045,1,35.31,35.31,,0.0,35.31
O0003052,O0003052-4,SKU00124,1,29.76,29.76,,0.0,29.76
O0003053,O0003053-1,SKU00390,1,38.26,38.26,,0.0,38.26
O0003053,O0003053-2,SKU00234,1,20.16,20.16,,0.0,20.16
O0003053,O0003053-3,SKU00311,1,60.22,60.22,,0.0,60.22
O0003054,O0003054-1,SKU00111,2,50.04,100.08,,0.0,100.08
O0003055,O0003055-1,SKU00166,1,65.47,65.47,,0.0,65.47
O0003056,O0003056-1,SKU00084,2,33.92,67.84,,0.0,67.84
O0003056,O0003056-2,SKU00368,1,19.96,19.96,,0.0,19.96
O0003057,O0003057-1,SKU00349,1,18.05,18.05,,0.0,18.05
O0003058,O0003058-1,SKU00326,1,34.94,34.94,,0.0,34.94
O0003059,O0003059-1,SKU00209,1,102.17,102.17,,0.0,102.17
O0003059,O0003059-2,SKU00098,1,54.0,54.0,,0.0,54.0
O0003059,O0003059-3,SKU00113,2,49.01,98.02,,0.0,98.02
O0003060,O0003060-1,SKU00249,1,31.28,31.28,,0.0,31.28
O0003060,O0003060-2,SKU00308,3,57.22,171.66,,0.0,171.66
O0003061,O0003061-1,SKU00124,1,29.76,29.76,,0.0,29.76
O0003061,O0003061-2,SKU00026,1,45.44,45.44,,0.0,45.44
O0003061,O0003061-3,SKU00290,1,42.67,42.67,,0.0,42.67
O0003061,O0003061-4,SKU00213,1,45.05,45.05,,0.0,45.05
O0003062,O0003062-1,SKU00090,1,36.81,36.81,,0.0,36.81
O0003062,O0003062-2,SKU00153,1,61.1,61.1,,0.0,61.1
O0003063,O0003063-1,SKU00278,1,54.54,54.54,,0.0,54.54
O0003063,O0003063-2,SKU00262,1,10.7,10.7,,0.0,10.7
O0003064,O0003064-1,SKU00371,1,48.42,48.42,P0011,4.84,43.58
O0003065,O0003065-1,SKU00024,1,39.92,39.92,,0.0,39.92
O0003065,O0003065-2,SKU00358,1,36.52,36.52,,0.0,36.52
O0003066,O0003066-1,SKU00362,1,26.77,26.77,,0.0,26.77
O0003067,O0003067-1,SKU00076,1,31.8,31.8,,0.0,31.8
O0003068,O0003068-1,SKU00320,1,20.06,20.06,,0.0,20.06
O0003069,O0003069-1,SKU00135,1,42.96,42.96,,0.0,42.96
O0003070,O0003070-1,SKU00198,1,39.26,39.26,,0.0,39.26
O0003070,O0003070-2,SKU00135,1,42.96,42.96,,0.0,42.96
O0003071,O0003071-1,SKU00393,1,14.38,14.38,,0.0,14.38
O0003071,O0003071-2,SKU00325,3,27.6,82.8,,0.0,82.8
O0003071,O0003071-3,SKU00218,2,16.49,32.98,,0.0,32.98
O0003071,O0003071-4,SKU00127,1,44.81,44.81,,0.0,44.81
O0003072,O0003072-1,SKU00061,2,23.77,47.54,,0.0,47.54
O0003073,O0003073-1,SKU00352,3,37.11,111.33,,0.0,111.33
O0003073,O0003073-2,SKU00229,1,74.74,74.74,,0.0,74.74
O0003073,O0003073-3,SKU00255,1,82.33,82.33,,0.0,82.33
O0003073,O0003073-4,SKU00321,1,13.85,13.85,,0.0,13.85
O0003074,O0003074-1,SKU00005,2,8.67,17.34,,0.0,17.34
O0003075,O0003075-1,SKU00234,1,20.16,20.16,,0.0,20.16
O0003075,O0003075-2,SKU00148,1,39.39,39.39,,0.0,39.39
O0003075,O0003075-3,SKU00149,2,26.89,53.78,,0.0,53.78
O0003076,O0003076-1,SKU00339,1,36.52,36.52,,0.0,36.52
O0003077,O0003077-1,SKU00251,1,23.58,23.58,,0.0,23.58
O0003077,O0003077-2,SKU00035,1,57.12,57.12,,0.0,57.12
O0003077,O0003077-3,SKU00021,1,49.41,49.41,,0.0,49.41
O0003078,O0003078-1,SKU00324,1,70.29,70.29,,0.0,70.29
O0003078,O0003078-2,SKU00266,3,28.62,85.86,,0.0,85.86
O0003078,O0003078-3,SKU00082,1,35.63,35.63,,0.0,35.63
O0003078,O0003078-4,SKU00352,3,37.11,111.33,,0.0,111.33
O0003079,O0003079-1,SKU00170,1,29.26,29.26,,0.0,29.26
O0003080,O0003080-1,SKU00042,1,72.45,72.45,,0.0,72.45
O0003080,O0003080-2,SKU00124,1,29.76,29.76,,0.0,29.76
O0003080,O0003080-3,SKU00194,2,40.96,81.92,,0.0,81.92
O0003081,O0003081-1,SKU00381,1,81.55,81.55,,0.0,81.55
O0003081,O0003081-2,SKU00150,1,41.46,41.46,,0.0,41.46
O0003081,O0003081-3,SKU00121,2,58.38,116.76,,0.0,116.76
O0003082,O0003082-1,SKU00301,1,30.77,30.77,,0.0,30.77
O0003082,O0003082-2,SKU00158,1,19.54,19.54,,0.0,19.54
O0003083,O0003083-1,SKU00131,1,34.39,34.39,P0011,3.44,30.95
O0003083,O0003083-2,SKU00233,1,21.18,21.18,,0.0,21.18
O0003083,O0003083-3,SKU00300,3,29.05,87.15,,0.0,87.15
O0003084,O0003084-1,SKU00150,1,41.46,41.46,,0.0,41.46
O0003084,O0003084-2,SKU00089,1,49.77,49.77,,0.0,49.77
O0003085,O0003085-1,SKU00016,1,33.83,33.83,,0.0,33.83
O0003085,O0003085-2,SKU00169,1,38.7,38.7,,0.0,38.7
O0003086,O0003086-1,SKU00374,3,34.49,103.47,,0.0,103.47
O0003087,O0003087-1,SKU00193,1,64.21,64.21,,0.0,64.21
O0003087,O0003087-2,SKU00395,2,26.26,52.52,,0.0,52.52
O0003087,O0003087-3,SKU00239,1,15.42,15.42,,0.0,15.42
O0003088,O0003088-1,SKU00137,1,60.17,60.17,,0.0,60.17
O0003088,O0003088-2,SKU00013,1,31.04,31.04,,0.0,31.04
O0003088,O0003088-3,SKU00321,1,13.85,13.85,,0.0,13.85
O0003088,O0003088-4,SKU00023,1,57.22,57.22,,0.0,57.22
O0003089,O0003089-1,SKU00114,1,29.46,29.46,,0.0,29.46
O0003089,O0003089-2,SKU00386,1,42.93,42.93,,0.0,42.93
O0003090,O0003090-1,SKU00087,1,22.83,22.83,,0.0,22.83
O0003090,O0003090-2,SKU00215,1,33.08,33.08,,0.0,33.08
O0003090,O0003090-3,SKU00398,2,85.14,170.28,,0.0,170.28
O0003091,O0003091-1,SKU00335,1,18.97,18.97,,0.0,18.97
O0003091,O0003091-2,SKU00291,1,33.52,33.52,,0.0,33.52
O0003091,O0003091-3,SKU00263,1,21.58,21.58,,0.0,21.58
O0003091,O0003091-4,SKU00130,1,66.52,66.52,,0.0,66.52
O0003092,O0003092-1,SKU00220,1,42.7,42.7,,0.0,42.7
O0003092,O0003092-2,SKU00013,1,31.04,31.04,,0.0,31.04
O0003093,O0003093-1,SKU00318,1,30.41,30.41,,0.0,30.41
O0003094,O0003094-1,SKU00302,2,26.48,52.96,,0.0,52.96
O0003094,O0003094-2,SKU00129,3,38.65,115.95,,0.0,115.95
O0003095,O0003095-1,SKU00217,1,31.07,31.07,,0.0,31.07
O0003095,O0003095-2,SKU00238,1,69.04,69.04,,0.0,69.04
O0003095,O0003095-3,SKU00316,2,21.03,42.06,,0.0,42.06
O0003096,O0003096-1,SKU00295,1,42.42,42.42,,0.0,42.42
O0003096,O0003096-2,SKU00140,2,56.17,112.34,,0.0,112.34
O0003096,O0003096-3,SKU00332,1,104.52,104.52,,0.0,104.52
O0003097,O0003097-1,SKU00058,1,55.01,55.01,,0.0,55.01
O0003098,O0003098-1,SKU00198,1,39.26,39.26,,0.0,39.26
O0003099,O0003099-1,SKU00298,1,21.47,21.47,,0.0,21.47
O0003099,O0003099-2,SKU00187,1,39.15,39.15,,0.0,39.15
O0003099,O0003099-3,SKU00348,2,64.96,129.92,,0.0,129.92
O0003100,O0003100-1,SKU00183,1,17.38,17.38,,0.0,17.38
O0003100,O0003100-2,SKU00147,1,41.64,41.64,,0.0,41.64
O0003101,O0003101-1,SKU00122,1,22.77,22.77,,0.0,22.77
O0003101,O0003101-2,SKU00097,1,30.01,30.01,,0.0,30.01
O0003101,O0003101-3,SKU00108,1,19.31,19.31,,0.0,19.31
O0003102,O0003102-1,SKU00180,1,37.89,37.89,,0.0,37.89
O0003103,O0003103-1,SKU00139,1,52.17,52.17,,0.0,52.17
O0003104,O0003104-1,SKU00232,1,34.95,34.95,,0.0,34.95
O0003105,O0003105-1,SKU00167,1,22.6,22.6,,0.0,22.6
O0003106,O0003106-1,SKU00229,1,74.74,74.74,,0.0,74.74
O0003107,O0003107-1,SKU00263,1,21.58,21.58,,0.0,21.58
O0003108,O0003108-1,SKU00347,1,61.23,61.23,,0.0,61.23
O0003108,O0003108-2,SKU00061,1,23.77,23.77,,0.0,23.77
O0003109,O0003109-1,SKU00308,2,57.22,114.44,,0.0,114.44
O0003109,O0003109-2,SKU00088,1,49.61,49.61,,0.0,49.61
O0003110,O0003110-1,SKU00028,1,35.88,35.88,,0.0,35.88
O0003110,O0003110-2,SKU00087,2,22.83,45.66,,0.0,45.66
O0003110,O0003110-3,SKU00011,1,31.25,31.25,,0.0,31.25
O0003111,O0003111-1,SKU00044,2,26.97,53.94,,0.0,53.94
O0003112,O0003112-1,SKU00107,1,64.03,64.03,,0.0,64.03
O0003112,O0003112-2,SKU00177,1,41.83,41.83,,0.0,41.83
O0003113,O0003113-1,SKU00203,1,71.32,71.32,,0.0,71.32
O0003114,O0003114-1,SKU00132,1,44.43,44.43,,0.0,44.43
O0003114,O0003114-2,SKU00053,1,49.62,49.62,,0.0,49.62
O0003115,O0003115-1,SKU00290,2,42.67,85.34,,0.0,85.34
O0003115,O0003115-2,SKU00358,1,36.52,36.52,,0.0,36.52
O0003115,O0003115-3,SKU00299,1,33.57,33.57,,0.0,33.57
O0003116,O0003116-1,SKU00212,3,20.15,60.45,,0.0,60.45
O0003116,O0003116-2,SKU00098,1,54.0,54.0,,0.0,54.0
O0003117,O0003117-1,SKU00041,1,31.32,31.32,,0.0,31.32
O0003118,O0003118-1,SKU00249,1,31.28,31.28,,0.0,31.28
O0003119,O0003119-1,SKU00203,1,71.32,71.32,,0.0,71.32
O0003119,O0003119-2,SKU00393,1,14.38,14.38,,0.0,14.38
O0003119,O0003119-3,SKU00347,2,61.23,122.46,,0.0,122.46
O0003120,O0003120-1,SKU00063,1,26.13,26.13,,0.0,26.13
O0003121,O0003121-1,SKU00085,1,51.96,51.96,,0.0,51.96
O0003121,O0003121-2,SKU00051,1,57.83,57.83,,0.0,57.83
O0003122,O0003122-1,SKU00060,1,76.86,76.86,,0.0,76.86
O0003123,O0003123-1,SKU00183,1,17.38,17.38,,0.0,17.38
O0003124,O0003124-1,SKU00027,1,11.75,11.75,,0.0,11.75
O0003124,O0003124-2,SKU00081,1,30.86,30.86,,0.0,30.86
O0003124,O0003124-3,SKU00066,1,52.48,52.48,,0.0,52.48
O0003124,O0003124-4,SKU00137,1,60.17,60.17,,0.0,60.17
O0003125,O0003125-1,SKU00332,1,104.52,104.52,,0.0,104.52
O0003126,O0003126-1,SKU00107,1,64.03,64.03,,0.0,64.03
O0003127,O0003127-1,SKU00108,1,19.31,19.31,,0.0,19.31
O0003128,O0003128-1,SKU00080,2,45.12,90.24,,0.0,90.24
O0003128,O0003128-2,SKU00361,1,44.18,44.18,,0.0,44.18
O0003129,O0003129-1,SKU00046,1,23.8,23.8,,0.0,23.8
O0003129,O0003129-2,SKU00053,2,49.62,99.24,,0.0,99.24
O0003130,O0003130-1,SKU00052,1,57.74,57.74,,0.0,57.74
O0003130,O0003130-2,SKU00312,1,39.88,39.88,,0.0,39.88
O0003131,O0003131-1,SKU00213,1,45.05,45.05,,0.0,45.05
O0003131,O0003131-2,SKU00262,1,10.7,10.7,,0.0,10.7
O0003131,O0003131-3,SKU00174,1,57.96,57.96,,0.0,57.96
O0003131,O0003131-4,SKU00341,1,47.08,47.08,,0.0,47.08
O0003132,O0003132-1,SKU00195,2,41.24,82.48,,0.0,82.48
O0003132,O0003132-2,SKU00362,1,26.77,26.77,,0.0,26.77
O0003132,O0003132-3,SKU00312,1,39.88,39.88,,0.0,39.88
O0003132,O0003132-4,SKU00199,3,60.64,181.92,,0.0,181.92
O0003133,O0003133-1,SKU00131,1,34.39,34.39,,0.0,34.39
O0003133,O0003133-2,SKU00334,1,17.99,17.99,,0.0,17.99
O0003134,O0003134-1,SKU00325,1,27.6,27.6,,0.0,27.6
O0003134,O0003134-2,SKU00156,3,25.39,76.17,,0.0,76.17
O0003135,O0003135-1,SKU00376,1,37.84,37.84,P0011,3.78,34.06
O0003136,O0003136-1,SKU00398,1,85.14,85.14,,0.0,85.14
O0003136,O0003136-2,SKU00145,1,34.93,34.93,,0.0,34.93
O0003137,O0003137-1,SKU00010,1,32.93,32.93,,0.0,32.93
O0003137,O0003137-2,SKU00017,1,37.58,37.58,,0.0,37.58
O0003137,O0003137-3,SKU00046,1,23.8,23.8,,0.0,23.8
O0003137,O0003137-4,SKU00368,1,19.96,19.96,,0.0,19.96
O0003138,O0003138-1,SKU00275,1,50.32,50.32,,0.0,50.32
O0003139,O0003139-1,SKU00173,2,61.04,122.08,,0.0,122.08
O0003139,O0003139-2,SKU00107,1,64.03,64.03,,0.0,64.03
O0003140,O0003140-1,SKU00147,1,41.64,41.64,,0.0,41.64
O0003140,O0003140-2,SKU00157,1,70.71,70.71,,0.0,70.71
O0003140,O0003140-3,SKU00398,1,85.14,85.14,,0.0,85.14
O0003141,O0003141-1,SKU00393,1,14.38,14.38,,0.0,14.38
O0003141,O0003141-2,SKU00136,1,52.74,52.74,,0.0,52.74
O0003141,O0003141-3,SKU00060,2,76.86,153.72,,0.0,153.72
O0003142,O0003142-1,SKU00147,1,41.64,41.64,,0.0,41.64
O0003143,O0003143-1,SKU00167,2,22.6,45.2,,0.0,45.2
O0003143,O0003143-2,SKU00055,1,66.78,66.78,,0.0,66.78
O0003144,O0003144-1,SKU00333,2,45.51,91.02,,0.0,91.02
O0003145,O0003145-1,SKU00392,2,45.36,90.72,,0.0,90.72
O0003146,O0003146-1,SKU00188,1,58.74,58.74,,0.0,58.74
O0003147,O0003147-1,SKU00349,2,18.05,36.1,,0.0,36.1
O0003147,O0003147-2,SKU00020,1,42.57,42.57,,0.0,42.57
O0003148,O0003148-1,SKU00002,1,57.3,57.3,,0.0,57.3
O0003149,O0003149-1,SKU00352,2,37.11,74.22,,0.0,74.22
O0003150,O0003150-1,SKU00269,2,28.75,57.5,,0.0,57.5
O0003151,O0003151-1,SKU00101,1,33.02,33.02,,0.0,33.02
O0003152,O0003152-1,SKU00215,1,33.08,33.08,,0.0,33.08
O0003152,O0003152-2,SKU00158,1,19.54,19.54,,0.0,19.54
O0003152,O0003152-3,SKU00169,2,38.7,77.4,,0.0,77.4
O0003153,O0003153-1,SKU00164,1,38.71,38.71,,0.0,38.71
O0003154,O0003154-1,SKU00240,1,78.86,78.86,,0.0,78.86
O0003154,O0003154-2,SKU00168,1,26.49,26.49,,0.0,26.49
O0003154,O0003154-3,SKU00121,1,58.38,58.38,,0.0,58.38
O0003154,O0003154-4,SKU00134,1,31.13,31.13,,0.0,31.13
O0003155,O0003155-1,SKU00098,1,54.0,54.0,,0.0,54.0
O0003156,O0003156-1,SKU00327,1,44.41,44.41,,0.0,44.41
O0003156,O0003156-2,SKU00352,1,37.11,37.11,,0.0,37.11
O0003156,O0003156-3,SKU00093,1,55.17,55.17,,0.0,55.17
O0003157,O0003157-1,SKU00103,1,32.28,32.28,,0.0,32.28
O0003158,O0003158-1,SKU00317,1,32.85,32.85,,0.0,32.85
O0003158,O0003158-2,SKU00339,1,36.52,36.52,,0.0,36.52
O0003158,O0003158-3,SKU00184,1,34.06,34.06,,0.0,34.06
O0003159,O0003159-1,SKU00102,1,12.21,12.21,,0.0,12.21
O0003159,O0003159-2,SKU00399,1,38.17,38.17,,0.0,38.17
O0003159,O0003159-3,SKU00108,1,19.31,19.31,,0.0,19.31
O0003159,O0003159-4,SKU00367,2,50.59,101.18,,0.0,101.18
O0003160,O0003160-1,SKU00319,1,45.64,45.64,,0.0,45.64
O0003161,O0003161-1,SKU00122,1,22.77,22.77,,0.0,22.77
O0003161,O0003161-2,SKU00381,1,81.55,81.55,,0.0,81.55
O0003161,O0003161-3,SKU00397,1,66.5,66.5,,0.0,66.5
O0003162,O0003162-1,SKU00291,1,33.52,33.52,,0.0,33.52
O0003162,O0003162-2,SKU00302,2,26.48,52.96,,0.0,52.96
O0003163,O0003163-1,SKU00221,2,31.0,62.0,,0.0,62.0
O0003163,O0003163-2,SKU00085,1,51.96,51.96,,0.0,51.96
O0003163,O0003163-3,SKU00075,2,53.82,107.64,,0.0,107.64
O0003164,O0003164-1,SKU00224,1,53.56,53.56,,0.0,53.56
O0003165,O0003165-1,SKU00129,2,38.65,77.3,,0.0,77.3
O0003165,O0003165-2,SKU00033,1,24.44,24.44,,0.0,24.44
O0003166,O0003166-1,SKU00283,1,85.39,85.39,,0.0,85.39
O0003167,O0003167-1,SKU00343,2,45.56,91.12,,0.0,91.12
O0003168,O0003168-1,SKU00017,1,37.58,37.58,,0.0,37.58
O0003168,O0003168-2,SKU00388,1,37.93,37.93,,0.0,37.93
O0003169,O0003169-1,SKU00118,1,21.46,21.46,,0.0,21.46
O0003170,O0003170-1,SKU00130,1,66.52,66.52,,0.0,66.52
O0003170,O0003170-2,SKU00050,3,25.95,77.85,,0.0,77.85
O0003170,O0003170-3,SKU00383,1,37.66,37.66,,0.0,37.66
O0003171,O0003171-1,SKU00154,1,62.36,62.36,,0.0,62.36
O0003171,O0003171-2,SKU00061,1,23.77,23.77,,0.0,23.77
O0003172,O0003172-1,SKU00020,2,42.57,85.14,,0.0,85.14
O0003172,O0003172-2,SKU00264,3,27.04,81.12,,0.0,81.12
O0003172,O0003172-3,SKU00346,2,102.61,205.22,,0.0,205.22
O0003173,O0003173-1,SKU00121,1,58.38,58.38,,0.0,58.38
O0003173,O0003173-2,SKU00083,1,54.82,54.82,,0.0,54.82
O0003173,O0003173-3,SKU00115,1,25.28,25.28,,0.0,25.28
O0003174,O0003174-1,SKU00142,1,61.52,61.52,,0.0,61.52
O0003174,O0003174-2,SKU00121,1,58.38,58.38,,0.0,58.38
O0003175,O0003175-1,SKU00188,1,58.74,58.74,,0.0,58.74
O0003175,O0003175-2,SKU00047,1,79.17,79.17,,0.0,79.17
O0003176,O0003176-1,SKU00255,3,82.33,246.99,,0.0,246.99
O0003176,O0003176-2,SKU00034,1,45.57,45.57,,0.0,45.57
O0003176,O0003176-3,SKU00084,1,33.92,33.92,,0.0,33.92
O0003176,O0003176-4,SKU00131,1,34.39,34.39,,0.0,34.39
O0003177,O0003177-1,SKU00157,2,70.71,141.42,P0038,28.28,113.14
O0003177,O0003177-2,SKU00037,3,30.33,90.99,,0.0,90.99
O0003178,O0003178-1,SKU00070,1,44.51,44.51,,0.0,44.51
O0003178,O0003178-2,SKU00174,1,57.96,57.96,,0.0,57.96
O0003179,O0003179-1,SKU00295,1,42.42,42.42,,0.0,42.42
O0003179,O0003179-2,SKU00342,1,38.94,38.94,,0.0,38.94
O0003180,O0003180-1,SKU00254,1,18.56,18.56,,0.0,18.56
O0003180,O0003180-2,SKU00010,1,32.93,32.93,,0.0,32.93
O0003181,O0003181-1,SKU00292,1,51.63,51.63,,0.0,51.63
O0003182,O0003182-1,SKU00366,1,33.09,33.09,,0.0,33.09
O0003183,O0003183-1,SKU00033,1,24.44,24.44,,0.0,24.44
O0003184,O0003184-1,SKU00368,1,19.96,19.96,,0.0,19.96
O0003184,O0003184-2,SKU00085,1,51.96,51.96,,0.0,51.96
O0003184,O0003184-3,SKU00179,1,14.26,14.26,,0.0,14.26
O0003184,O0003184-4,SKU00156,2,25.39,50.78,,0.0,50.78
O0003185,O0003185-1,SKU00347,1,61.23,61.23,,0.0,61.23
O0003185,O0003185-2,SKU00106,1,24.61,24.61,,0.0,24.61
O0003185,O0003185-3,SKU00142,1,61.52,61.52,,0.0,61.52
O0003185,O0003185-4,SKU00138,1,17.97,17.97,,0.0,17.97
O0003186,O0003186-1,SKU00319,1,45.64,45.64,,0.0,45.64
O0003187,O0003187-1,SKU00178,1,55.23,55.23,,0.0,55.23
O0003188,O0003188-1,SKU00317,1,32.85,32.85,,0.0,32.85
O0003188,O0003188-2,SKU00078,1,17.22,17.22,,0.0,17.22
O0003189,O0003189-1,SKU00127,1,44.81,44.81,,0.0,44.81
O0003189,O0003189-2,SKU00235,1,46.43,46.43,,0.0,46.43
O0003190,O0003190-1,SKU00329,1,37.64,37.64,P0011,3.76,33.88
O0003190,O0003190-2,SKU00368,1,19.96,19.96,,0.0,19.96
O0003191,O0003191-1,SKU00034,1,45.57,45.57,,0.0,45.57
O0003191,O0003191-2,SKU00241,1,46.38,46.38,,0.0,46.38
O0003192,O0003192-1,SKU00321,1,13.85,13.85,,0.0,13.85
O0003193,O0003193-1,SKU00245,3,49.62,148.86,,0.0,148.86
O0003194,O0003194-1,SKU00253,1,51.01,51.01,,0.0,51.01
O0003195,O0003195-1,SKU00330,1,61.47,61.47,,0.0,61.47
O0003195,O0003195-2,SKU00135,1,42.96,42.96,,0.0,42.96
O0003196,O0003196-1,SKU00144,1,27.92,27.92,,0.0,27.92
O0003197,O0003197-1,SKU00372,2,19.15,38.3,,0.0,38.3
O0003197,O0003197-2,SKU00169,2,38.7,77.4,,0.0,77.4
O0003197,O0003197-3,SKU00374,1,34.49,34.49,,0.0,34.49
O0003198,O0003198-1,SKU00390,1,38.26,38.26,,0.0,38.26
O0003198,O0003198-2,SKU00166,1,65.47,65.47,,0.0,65.47
O0003199,O0003199-1,SKU00323,2,39.02,78.04,,0.0,78.04
O0003200,O0003200-1,SKU00030,1,17.63,17.63,,0.0,17.63
O0003200,O0003200-2,SKU00177,1,41.83,41.83,,0.0,41.83
O0003201,O0003201-1,SKU00131,1,34.39,34.39,,0.0,34.39
O0003201,O0003201-2,SKU00358,1,36.52,36.52,,0.0,36.52
O0003201,O0003201-3,SKU00387,1,38.08,38.08,P0038,7.62,30.46
O0003202,O0003202-1,SKU00347,1,61.23,61.23,,0.0,61.23
O0003202,O0003202-2,SKU00078,1,17.22,17.22,,0.0,17.22
O0003203,O0003203-1,SKU00109,1,88.61,88.61,,0.0,88.61
O0003203,O0003203-2,SKU00186,2,34.13,68.26,,0.0,68.26
O0003203,O0003203-3,SKU00150,1,41.46,41.46,,0.0,41.46
O0003204,O0003204-1,SKU00007,1,32.91,32.91,,0.0,32.91
O0003204,O0003204-2,SKU00106,3,24.61,73.83,,0.0,73.83
O0003204,O0003204-3,SKU00010,1,32.93,32.93,,0.0,32.93
O0003205,O0003205-1,SKU00282,1,46.15,46.15,,0.0,46.15
O0003205,O0003205-2,SKU00057,1,34.63,34.63,,0.0,34.63
O0003205,O0003205-3,SKU00263,1,21.58,21.58,,0.0,21.58
O0003206,O0003206-1,SKU00050,1,25.95,25.95,,0.0,25.95
O0003206,O0003206-2,SKU00031,1,49.75,49.75,,0.0,49.75
O0003207,O0003207-1,SKU00203,1,71.32,71.32,,0.0,71.32
O0003207,O0003207-2,SKU00248,2,48.06,96.12,,0.0,96.12
O0003207,O0003207-3,SKU00333,1,45.51,45.51,,0.0,45.51
O0003207,O0003207-4,SKU00335,1,18.97,18.97,,0.0,18.97
O0003208,O0003208-1,SKU00001,2,32.38,64.76,,0.0,64.76
O0003208,O0003208-2,SKU00034,1,45.57,45.57,,0.0,45.57
O0003209,O0003209-1,SKU00071,1,50.63,50.63,,0.0,50.63
O0003209,O0003209-2,SKU00158,2,19.54,39.08,,0.0,39.08
O0003209,O0003209-3,SKU00114,1,29.46,29.46,,0.0,29.46
O0003209,O0003209-4,SKU00010,1,32.93,32.93,,0.0,32.93
O0003210,O0003210-1,SKU00266,2,28.62,57.24,,0.0,57.24
O0003211,O0003211-1,SKU00328,1,35.12,35.12,,0.0,35.12
O0003211,O0003211-2,SKU00140,1,56.17,56.17,,0.0,56.17
O0003211,O0003211-3,SKU00371,1,48.42,48.42,,0.0,48.42
O0003211,O0003211-4,SKU00387,1,38.08,38.08,P0038,7.62,30.46
O0003212,O0003212-1,SKU00097,1,30.01,30.01,,0.0,30.01
O0003212,O0003212-2,SKU00276,2,22.08,44.16,,0.0,44.16
O0003212,O0003212-3,SKU00107,1,64.03,64.03,,0.0,64.03
O0003213,O0003213-1,SKU00275,3,50.32,150.96,,0.0,150.96
O0003213,O0003213-2,SKU00083,1,54.82,54.82,,0.0,54.82
O0003213,O0003213-3,SKU00177,1,41.83,41.83,,0.0,41.83
O0003214,O0003214-1,SKU00039,2,59.8,119.6,,0.0,119.6
O0003214,O0003214-2,SKU00302,2,26.48,52.96,,0.0,52.96
O0003214,O0003214-3,SKU00250,1,32.56,32.56,,0.0,32.56
O0003215,O0003215-1,SKU00316,3,21.03,63.09,P0011,6.31,56.78
O0003215,O0003215-2,SKU00241,1,46.38,46.38,,0.0,46.38
O0003216,O0003216-1,SKU00318,1,30.41,30.41,,0.0,30.41
O0003216,O0003216-2,SKU00015,1,66.48,66.48,,0.0,66.48
O0003217,O0003217-1,SKU00326,1,34.94,34.94,,0.0,34.94
O0003217,O0003217-2,SKU00038,2,50.53,101.06,,0.0,101.06
O0003218,O0003218-1,SKU00114,2,29.46,58.92,,0.0,58.92
O0003219,O0003219-1,SKU00311,1,60.22,60.22,,0.0,60.22
O0003220,O0003220-1,SKU00027,1,11.75,11.75,,0.0,11.75
O0003221,O0003221-1,SKU00159,1,47.62,47.62,,0.0,47.62
O0003221,O0003221-2,SKU00231,1,34.06,34.06,,0.0,34.06
O0003221,O0003221-3,SKU00253,1,51.01,51.01,,0.0,51.01
O0003222,O0003222-1,SKU00163,2,29.45,58.9,,0.0,58.9
O0003222,O0003222-2,SKU00139,2,52.17,104.34,,0.0,104.34
O0003223,O0003223-1,SKU00145,1,34.93,34.93,,0.0,34.93
O0003223,O0003223-2,SKU00088,1,49.61,49.61,,0.0,49.61
O0003224,O0003224-1,SKU00388,1,37.93,37.93,,0.0,37.93
O0003225,O0003225-1,SKU00128,1,24.13,24.13,,0.0,24.13
O0003225,O0003225-2,SKU00317,1,32.85,32.85,,0.0,32.85
O0003225,O0003225-3,SKU00332,1,104.52,104.52,,0.0,104.52
O0003226,O0003226-1,SKU00363,1,45.39,45.39,,0.0,45.39
O0003226,O0003226-2,SKU00326,1,34.94,34.94,,0.0,34.94
O0003226,O0003226-3,SKU00193,1,64.21,64.21,,0.0,64.21
O0003226,O0003226-4,SKU00128,1,24.13,24.13,,0.0,24.13
O0003227,O0003227-1,SKU00227,1,105.48,105.48,,0.0,105.48
O0003227,O0003227-2,SKU00235,1,46.43,46.43,,0.0,46.43
O0003228,O0003228-1,SKU00289,2,47.79,95.58,,0.0,95.58
O0003229,O0003229-1,SKU00211,1,88.68,88.68,,0.0,88.68
O0003229,O0003229-2,SKU00069,3,19.77,59.31,,0.0,59.31
O0003229,O0003229-3,SKU00191,2,45.24,90.48,,0.0,90.48
O0003230,O0003230-1,SKU00220,1,42.7,42.7,,0.0,42.7
O0003230,O0003230-2,SKU00255,2,82.33,164.66,,0.0,164.66
O0003231,O0003231-1,SKU00179,1,14.26,14.26,,0.0,14.26
O0003231,O0003231-2,SKU00341,1,47.08,47.08,P0038,9.42,37.66
O0003232,O0003232-1,SKU00290,2,42.67,85.34,,0.0,85.34
O0003232,O0003232-2,SKU00069,1,19.77,19.77,,0.0,19.77
O0003232,O0003232-3,SKU00313,3,49.13,147.39,,0.0,147.39
O0003233,O0003233-1,SKU00276,3,22.08,66.24,,0.0,66.24
O0003234,O0003234-1,SKU00301,1,30.77,30.77,,0.0,30.77
O0003235,O0003235-1,SKU00399,1,38.17,38.17,,0.0,38.17
O0003236,O0003236-1,SKU00097,1,30.01,30.01,,0.0,30.01
O0003237,O0003237-1,SKU00216,1,68.72,68.72,,0.0,68.72
O0003237,O0003237-2,SKU00265,1,26.72,26.72,,0.0,26.72
O0003237,O0003237-3,SKU00341,1,47.08,47.08,,0.0,47.08
O0003238,O0003238-1,SKU00050,1,25.95,25.95,,0.0,25.95
O0003238,O0003238-2,SKU00299,1,33.57,33.57,,0.0,33.57
O0003239,O0003239-1,SKU00300,2,29.05,58.1,,0.0,58.1
O0003239,O0003239-2,SKU00175,1,44.19,44.19,,0.0,44.19
O0003240,O0003240-1,SKU00082,1,35.63,35.63,,0.0,35.63
O0003240,O0003240-2,SKU00220,1,42.7,42.7,,0.0,42.7
O0003240,O0003240-3,SKU00165,3,18.9,56.7,,0.0,56.7
O0003240,O0003240-4,SKU00389,1,51.94,51.94,,0.0,51.94
O0003241,O0003241-1,SKU00200,1,61.25,61.25,,0.0,61.25
O0003241,O0003241-2,SKU00217,1,31.07,31.07,,0.0,31.07
O0003241,O0003241-3,SKU00295,1,42.42,42.42,,0.0,42.42
O0003242,O0003242-1,SKU00144,1,27.92,27.92,,0.0,27.92
O0003242,O0003242-2,SKU00347,1,61.23,61.23,,0.0,61.23
O0003243,O0003243-1,SKU00168,1,26.49,26.49,,0.0,26.49
O0003243,O0003243-2,SKU00026,1,45.44,45.44,,0.0,45.44
O0003244,O0003244-1,SKU00242,1,41.5,41.5,P0038,8.3,33.2
O0003245,O0003245-1,SKU00327,1,44.41,44.41,,0.0,44.41
O0003245,O0003245-2,SKU00141,1,78.13,78.13,,0.0,78.13
O0003245,O0003245-3,SKU00143,1,18.48,18.48,,0.0,18.48
O0003245,O0003245-4,SKU00105,1,52.33,52.33,,0.0,52.33
O0003246,O0003246-1,SKU00184,1,34.06,34.06,,0.0,34.06
O0003246,O0003246-2,SKU00142,2,61.52,123.04,,0.0,123.04
O0003246,O0003246-3,SKU00251,1,23.58,23.58,,0.0,23.58
O0003247,O0003247-1,SKU00331,1,21.15,21.15,,0.0,21.15
O0003248,O0003248-1,SKU00056,1,38.71,38.71,,0.0,38.71
O0003248,O0003248-2,SKU00153,1,61.1,61.1,,0.0,61.1
O0003248,O0003248-3,SKU00261,2,86.51,173.02,,0.0,173.02
O0003248,O0003248-4,SKU00179,1,14.26,14.26,,0.0,14.26
O0003249,O0003249-1,SKU00161,1,12.51,12.51,,0.0,12.51
O0003250,O0003250-1,SKU00372,2,19.15,38.3,,0.0,38.3
O0003250,O0003250-2,SKU00150,1,41.46,41.46,,0.0,41.46
O0003251,O0003251-1,SKU00356,1,12.98,12.98,,0.0,12.98
O0003251,O0003251-2,SKU00128,2,24.13,48.26,,0.0,48.26
O0003251,O0003251-3,SKU00309,1,39.31,39.31,,0.0,39.31
O0003252,O0003252-1,SKU00046,1,23.8,23.8,,0.0,23.8
O0003252,O0003252-2,SKU00261,2,86.51,173.02,,0.0,173.02
O0003253,O0003253-1,SKU00276,1,22.08,22.08,,0.0,22.08
O0003254,O0003254-1,SKU00183,1,17.38,17.38,,0.0,17.38
O0003254,O0003254-2,SKU00150,1,41.46,41.46,,0.0,41.46
O0003255,O0003255-1,SKU00308,1,57.22,57.22,,0.0,57.22
O0003255,O0003255-2,SKU00102,1,12.21,12.21,,0.0,12.21
O0003256,O0003256-1,SKU00281,1,52.93,52.93,,0.0,52.93
O0003256,O0003256-2,SKU00212,1,20.15,20.15,,0.0,20.15
O0003257,O0003257-1,SKU00167,1,22.6,22.6,,0.0,22.6
O0003257,O0003257-2,SKU00298,1,21.47,21.47,,0.0,21.47
O0003257,O0003257-3,SKU00192,1,37.74,37.74,,0.0,37.74
O0003258,O0003258-1,SKU00075,1,53.82,53.82,,0.0,53.82
O0003259,O0003259-1,SKU00333,2,45.51,91.02,,0.0,91.02
O0003259,O0003259-2,SKU00266,1,28.62,28.62,,0.0,28.62
O0003259,O0003259-3,SKU00349,3,18.05,54.15,,0.0,54.15
O0003260,O0003260-1,SKU00222,2,30.96,61.92,,0.0,61.92
O0003260,O0003260-2,SKU00125,1,30.05,30.05,,0.0,30.05
O0003260,O0003260-3,SKU00159,2,47.62,95.24,,0.0,95.24
O0003261,O0003261-1,SKU00107,1,64.03,64.03,,0.0,64.03
O0003261,O0003261-2,SKU00158,3,19.54,58.62,,0.0,58.62
O0003262,O0003262-1,SKU00034,1,45.57,45.57,,0.0,45.57
O0003262,O0003262-2,SKU00078,2,17.22,34.44,,0.0,34.44
O0003263,O0003263-1,SKU00078,1,17.22,17.22,,0.0,17.22
O0003263,O0003263-2,SKU00400,1,33.96,33.96,,0.0,33.96
O0003263,O0003263-3,SKU00322,1,22.71,22.71,,0.0,22.71
O0003264,O0003264-1,SKU00002,1,57.3,57.3,,0.0,57.3
O0003264,O0003264-2,SKU00077,1,17.01,17.01,,0.0,17.01
O0003264,O0003264-3,SKU00234,1,20.16,20.16,,0.0,20.16
O0003265,O0003265-1,SKU00050,1,25.95,25.95,,0.0,25.95
O0003265,O0003265-2,SKU00152,1,57.95,57.95,,0.0,57.95
O0003265,O0003265-3,SKU00249,1,31.28,31.28,,0.0,31.28
O0003266,O0003266-1,SKU00167,3,22.6,67.8,,0.0,67.8
O0003266,O0003266-2,SKU00395,1,26.26,26.26,P0046,5.25,21.01
O0003267,O0003267-1,SKU00169,1,38.7,38.7,,0.0,38.7
O0003267,O0003267-2,SKU00253,1,51.01,51.01,,0.0,51.01
O0003268,O0003268-1,SKU00108,1,19.31,19.31,,0.0,19.31
O0003268,O0003268-2,SKU00025,1,42.44,42.44,,0.0,42.44
O0003268,O0003268-3,SKU00076,1,31.8,31.8,,0.0,31.8
O0003269,O0003269-1,SKU00074,1,76.62,76.62,,0.0,76.62
O0003269,O0003269-2,SKU00322,2,22.71,45.42,,0.0,45.42
O0003269,O0003269-3,SKU00311,1,60.22,60.22,,0.0,60.22
O0003269,O0003269-4,SKU00317,1,32.85,32.85,,0.0,32.85
O0003270,O0003270-1,SKU00249,1,31.28,31.28,,0.0,31.28
O0003271,O0003271-1,SKU00023,1,57.22,57.22,,0.0,57.22
O0003271,O0003271-2,SKU00158,1,19.54,19.54,,0.0,19.54
O0003271,O0003271-3,SKU00328,1,35.12,35.12,,0.0,35.12
O0003271,O0003271-4,SKU00067,2,20.67,41.34,,0.0,41.34
O0003272,O0003272-1,SKU00316,1,21.03,21.03,,0.0,21.03
O0003272,O0003272-2,SKU00027,2,11.75,23.5,,0.0,23.5
O0003272,O0003272-3,SKU00013,2,31.04,62.08,,0.0,62.08
O0003273,O0003273-1,SKU00049,3,49.27,147.81,,0.0,147.81
O0003273,O0003273-2,SKU00234,2,20.16,40.32,,0.0,40.32
O0003273,O0003273-3,SKU00145,1,34.93,34.93,,0.0,34.93
O0003273,O0003273-4,SKU00237,3,54.4,163.2,,0.0,163.2
O0003274,O0003274-1,SKU00060,2,76.86,153.72,,0.0,153.72
O0003274,O0003274-2,SKU00236,2,32.17,64.34,,0.0,64.34
O0003274,O0003274-3,SKU00347,1,61.23,61.23,,0.0,61.23
O0003275,O0003275-1,SKU00239,2,15.42,30.84,,0.0,30.84
O0003275,O0003275-2,SKU00366,1,33.09,33.09,,0.0,33.09
O0003276,O0003276-1,SKU00365,1,26.67,26.67,,0.0,26.67
O0003276,O0003276-2,SKU00209,2,102.17,204.34,,0.0,204.34
O0003277,O0003277-1,SKU00369,1,42.23,42.23,,0.0,42.23
O0003278,O0003278-1,SKU00168,1,26.49,26.49,,0.0,26.49
O0003278,O0003278-2,SKU00252,1,57.03,57.03,,0.0,57.03
O0003279,O0003279-1,SKU00076,1,31.8,31.8,,0.0,31.8
O0003279,O0003279-2,SKU00129,3,38.65,115.95,,0.0,115.95
O0003279,O0003279-3,SKU00109,1,88.61,88.61,,0.0,88.61
O0003280,O0003280-1,SKU00118,1,21.46,21.46,,0.0,21.46
O0003280,O0003280-2,SKU00034,1,45.57,45.57,,0.0,45.57
O0003281,O0003281-1,SKU00384,2,16.39,32.78,,0.0,32.78
O0003281,O0003281-2,SKU00342,1,38.94,38.94,,0.0,38.94
O0003282,O0003282-1,SKU00224,1,53.56,53.56,,0.0,53.56
O0003282,O0003282-2,SKU00377,3,39.6,118.8,P0038,23.76,95.04
O0003283,O0003283-1,SKU00062,1,38.63,38.63,,0.0,38.63
O0003283,O0003283-2,SKU00246,1,38.15,38.15,,0.0,38.15
O0003284,O0003284-1,SKU00331,1,21.15,21.15,,0.0,21.15
O0003284,O0003284-2,SKU00300,1,29.05,29.05,,0.0,29.05
O0003285,O0003285-1,SKU00236,1,32.17,32.17,,0.0,32.17
O0003285,O0003285-2,SKU00321,3,13.85,41.55,,0.0,41.55
O0003286,O0003286-1,SKU00254,2,18.56,37.12,,0.0,37.12
O0003287,O0003287-1,SKU00327,1,44.41,44.41,,0.0,44.41
O0003287,O0003287-2,SKU00390,2,38.26,76.52,,0.0,76.52
O0003288,O0003288-1,SKU00186,1,34.13,34.13,,0.0,34.13
O0003289,O0003289-1,SKU00021,1,49.41,49.41,,0.0,49.41
O0003289,O0003289-2,SKU00262,1,10.7,10.7,,0.0,10.7
O0003290,O0003290-1,SKU00400,1,33.96,33.96,,0.0,33.96
O0003290,O0003290-2,SKU00058,1,55.01,55.01,,0.0,55.01
O0003291,O0003291-1,SKU00361,1,44.18,44.18,,0.0,44.18
O0003292,O0003292-1,SKU00329,1,37.64,37.64,P0011,3.76,33.88
O0003293,O0003293-1,SKU00202,1,80.2,80.2,,0.0,80.2
O0003293,O0003293-2,SKU00164,1,38.71,38.71,,0.0,38.71
O0003293,O0003293-3,SKU00046,1,23.8,23.8,,0.0,23.8
O0003293,O0003293-4,SKU00297,1,39.78,39.78,,0.0,39.78
O0003294,O0003294-1,SKU00269,1,28.75,28.75,,0.0,28.75
O0003294,O0003294-2,SKU00150,1,41.46,41.46,,0.0,41.46
O0003295,O0003295-1,SKU00128,1,24.13,24.13,,0.0,24.13
O0003296,O0003296-1,SKU00218,3,16.49,49.47,,0.0,49.47
O0003297,O0003297-1,SKU00278,2,54.54,109.08,,0.0,109.08
O0003297,O0003297-2,SKU00295,1,42.42,42.42,,0.0,42.42
O0003298,O0003298-1,SKU00234,1,20.16,20.16,,0.0,20.16
O0003299,O0003299-1,SKU00307,1,36.83,36.83,,0.0,36.83
O0003299,O0003299-2,SKU00290,1,42.67,42.67,,0.0,42.67
O0003300,O0003300-1,SKU00235,2,46.43,92.86,,0.0,92.86
O0003300,O0003300-2,SKU00254,1,18.56,18.56,,0.0,18.56
O0003301,O0003301-1,SKU00049,1,49.27,49.27,,0.0,49.27
O0003302,O0003302-1,SKU00332,1,104.52,104.52,,0.0,104.52
O0003302,O0003302-2,SKU00006,1,31.28,31.28,,0.0,31.28
O0003303,O0003303-1,SKU00243,1,34.82,34.82,,0.0,34.82
O0003303,O0003303-2,SKU00141,3,78.13,234.39,,0.0,234.39
O0003303,O0003303-3,SKU00097,1,30.01,30.01,,0.0,30.01
O0003304,O0003304-1,SKU00273,1,56.47,56.47,P0046,11.29,45.18
O0003305,O0003305-1,SKU00349,1,18.05,18.05,,0.0,18.05
O0003305,O0003305-2,SKU00346,1,102.61,102.61,,0.0,102.61
O0003306,O0003306-1,SKU00283,1,85.39,85.39,,0.0,85.39
O0003306,O0003306-2,SKU00174,1,57.96,57.96,,0.0,57.96
O0003307,O0003307-1,SKU00143,1,18.48,18.48,,0.0,18.48
O0003307,O0003307-2,SKU00097,1,30.01,30.01,,0.0,30.01
O0003307,O0003307-3,SKU00286,2,54.7,109.4,,0.0,109.4
O0003308,O0003308-1,SKU00124,1,29.76,29.76,,0.0,29.76
O0003309,O0003309-1,SKU00045,1,35.31,35.31,,0.0,35.31
O0003309,O0003309-2,SKU00362,2,26.77,53.54,,0.0,53.54
O0003309,O0003309-3,SKU00347,1,61.23,61.23,,0.0,61.23
O0003309,O0003309-4,SKU00171,3,60.15,180.45,,0.0,180.45
O0003310,O0003310-1,SKU00045,1,35.31,35.31,,0.0,35.31
O0003310,O0003310-2,SKU00131,2,34.39,68.78,,0.0,68.78
O0003311,O0003311-1,SKU00383,1,37.66,37.66,,0.0,37.66
O0003311,O0003311-2,SKU00122,1,22.77,22.77,,0.0,22.77
O0003311,O0003311-3,SKU00297,2,39.78,79.56,,0.0,79.56
O0003312,O0003312-1,SKU00066,1,52.48,52.48,,0.0,52.48
O0003312,O0003312-2,SKU00102,1,12.21,12.21,,0.0,12.21
O0003312,O0003312-3,SKU00151,1,20.05,20.05,,0.0,20.05
O0003313,O0003313-1,SKU00359,1,26.27,26.27,,0.0,26.27
O0003313,O0003313-2,SKU00264,1,27.04,27.04,,0.0,27.04
O0003314,O0003314-1,SKU00209,3,102.17,306.51,,0.0,306.51
O0003314,O0003314-2,SKU00346,1,102.61,102.61,,0.0,102.61
O0003314,O0003314-3,SKU00130,1,66.52,66.52,,0.0,66.52
O0003314,O0003314-4,SKU00310,1,44.67,44.67,,0.0,44.67
O0003315,O0003315-1,SKU00340,3,30.34,91.02,P0046,18.2,72.82
O0003315,O0003315-2,SKU00006,1,31.28,31.28,,0.0,31.28
O0003316,O0003316-1,SKU00279,1,31.74,31.74,P0046,6.35,25.39
O0003317,O0003317-1,SKU00250,1,32.56,32.56,P0038,6.51,26.05
O0003317,O0003317-2,SKU00198,1,39.26,39.26,,0.0,39.26
O0003318,O0003318-1,SKU00047,2,79.17,158.34,,0.0,158.34
O0003318,O0003318-2,SKU00105,1,52.33,52.33,P0046,10.47,41.86
O0003319,O0003319-1,SKU00342,1,38.94,38.94,,0.0,38.94
O0003319,O0003319-2,SKU00339,1,36.52,36.52,,0.0,36.52
O0003320,O0003320-1,SKU00193,1,64.21,64.21,,0.0,64.21
O0003321,O0003321-1,SKU00361,1,44.18,44.18,,0.0,44.18
O0003321,O0003321-2,SKU00137,2,60.17,120.34,,0.0,120.34
O0003322,O0003322-1,SKU00033,1,24.44,24.44,,0.0,24.44
O0003322,O0003322-2,SKU00345,1,60.26,60.26,,0.0,60.26
O0003323,O0003323-1,SKU00228,1,106.95,106.95,,0.0,106.95
O0003323,O0003323-2,SKU00316,1,21.03,21.03,,0.0,21.03
O0003324,O0003324-1,SKU00172,1,17.17,17.17,,0.0,17.17
O0003324,O0003324-2,SKU00029,1,36.29,36.29,,0.0,36.29
O0003325,O0003325-1,SKU00319,1,45.64,45.64,,0.0,45.64
O0003326,O0003326-1,SKU00181,1,47.26,47.26,,0.0,47.26
O0003326,O0003326-2,SKU00317,2,32.85,65.7,,0.0,65.7
O0003327,O0003327-1,SKU00188,1,58.74,58.74,,0.0,58.74
O0003328,O0003328-1,SKU00089,1,49.77,49.77,,0.0,49.77
O0003329,O0003329-1,SKU00268,1,43.83,43.83,,0.0,43.83
O0003330,O0003330-1,SKU00085,1,51.96,51.96,P0046,10.39,41.57
O0003331,O0003331-1,SKU00125,1,30.05,30.05,P0046,6.01,24.04
O0003332,O0003332-1,SKU00107,1,64.03,64.03,,0.0,64.03
O0003333,O0003333-1,SKU00234,1,20.16,20.16,,0.0,20.16
O0003334,O0003334-1,SKU00118,1,21.46,21.46,,0.0,21.46
O0003335,O0003335-1,SKU00200,1,61.25,61.25,,0.0,61.25
O0003336,O0003336-1,SKU00010,1,32.93,32.93,,0.0,32.93
O0003336,O0003336-2,SKU00334,2,17.99,35.98,,0.0,35.98
O0003337,O0003337-1,SKU00186,1,34.13,34.13,,0.0,34.13
O0003338,O0003338-1,SKU00027,1,11.75,11.75,,0.0,11.75
O0003339,O0003339-1,SKU00343,1,45.56,45.56,,0.0,45.56
O0003339,O0003339-2,SKU00335,1,18.97,18.97,,0.0,18.97
O0003339,O0003339-3,SKU00209,1,102.17,102.17,,0.0,102.17
O0003340,O0003340-1,SKU00047,2,79.17,158.34,,0.0,158.34
O0003340,O0003340-2,SKU00399,1,38.17,38.17,,0.0,38.17
O0003340,O0003340-3,SKU00229,1,74.74,74.74,,0.0,74.74
O0003341,O0003341-1,SKU00019,1,23.04,23.04,,0.0,23.04
O0003341,O0003341-2,SKU00269,1,28.75,28.75,,0.0,28.75
O0003342,O0003342-1,SKU00050,1,25.95,25.95,,0.0,25.95
O0003342,O0003342-2,SKU00103,2,32.28,64.56,,0.0,64.56
O0003342,O0003342-3,SKU00089,1,49.77,49.77,,0.0,49.77
O0003343,O0003343-1,SKU00099,1,22.33,22.33,,0.0,22.33
O0003344,O0003344-1,SKU00045,1,35.31,35.31,,0.0,35.31
O0003344,O0003344-2,SKU00141,1,78.13,78.13,,0.0,78.13
O0003344,O0003344-3,SKU00276,1,22.08,22.08,,0.0,22.08
O0003344,O0003344-4,SKU00269,1,28.75,28.75,,0.0,28.75
O0003345,O0003345-1,SKU00086,1,72.82,72.82,,0.0,72.82
O0003346,O0003346-1,SKU00336,1,54.95,54.95,,0.0,54.95
O0003347,O0003347-1,SKU00278,1,54.54,54.54,,0.0,54.54
O0003348,O0003348-1,SKU00007,1,32.91,32.91,,0.0,32.91
O0003349,O0003349-1,SKU00118,2,21.46,42.92,,0.0,42.92
O0003349,O0003349-2,SKU00219,1,65.58,65.58,,0.0,65.58
O0003349,O0003349-3,SKU00228,3,106.95,320.85,,0.0,320.85
O0003350,O0003350-1,SKU00138,1,17.97,17.97,,0.0,17.97
O0003350,O0003350-2,SKU00246,1,38.15,38.15,,0.0,38.15
O0003351,O0003351-1,SKU00300,1,29.05,29.05,,0.0,29.05
O0003351,O0003351-2,SKU00037,1,30.33,30.33,P0046,6.07,24.26
O0003352,O0003352-1,SKU00027,1,11.75,11.75,,0.0,11.75
O0003352,O0003352-2,SKU00293,1,70.96,70.96,,0.0,70.96
O0003353,O0003353-1,SKU00040,1,46.34,46.34,,0.0,46.34
O0003354,O0003354-1,SKU00200,1,61.25,61.25,,0.0,61.25
O0003354,O0003354-2,SKU00292,1,51.63,51.63,,0.0,51.63
O0003354,O0003354-3,SKU00365,1,26.67,26.67,,0.0,26.67
O0003355,O0003355-1,SKU00346,2,102.61,205.22,,0.0,205.22
O0003355,O0003355-2,SKU00255,1,82.33,82.33,P0038,16.47,65.86
O0003356,O0003356-1,SKU00183,1,17.38,17.38,,0.0,17.38
O0003356,O0003356-2,SKU00067,1,20.67,20.67,,0.0,20.67
O0003357,O0003357-1,SKU00138,2,17.97,35.94,,0.0,35.94
O0003358,O0003358-1,SKU00033,1,24.44,24.44,,0.0,24.44
O0003358,O0003358-2,SKU00105,1,52.33,52.33,,0.0,52.33
O0003358,O0003358-3,SKU00245,1,49.62,49.62,,0.0,49.62
O0003359,O0003359-1,SKU00119,3,37.15,111.45,,0.0,111.45
O0003360,O0003360-1,SKU00237,1,54.4,54.4,,0.0,54.4
O0003360,O0003360-2,SKU00233,1,21.18,21.18,,0.0,21.18
O0003361,O0003361-1,SKU00213,1,45.05,45.05,,0.0,45.05
O0003361,O0003361-2,SKU00043,2,50.54,101.08,,0.0,101.08
O0003361,O0003361-3,SKU00367,1,50.59,50.59,,0.0,50.59
O0003362,O0003362-1,SKU00299,1,33.57,33.57,,0.0,33.57
O0003362,O0003362-2,SKU00349,1,18.05,18.05,,0.0,18.05
O0003362,O0003362-3,SKU00008,1,26.23,26.23,,0.0,26.23
O0003363,O0003363-1,SKU00061,1,23.77,23.77,,0.0,23.77
O0003364,O0003364-1,SKU00108,1,19.31,19.31,,0.0,19.31
O0003365,O0003365-1,SKU00137,1,60.17,60.17,,0.0,60.17
O0003365,O0003365-2,SKU00242,1,41.5,41.5,P0038,8.3,33.2
O0003366,O0003366-1,SKU00025,1,42.44,42.44,P0046,8.49,33.95
O0003367,O0003367-1,SKU00007,1,32.91,32.91,,0.0,32.91
O0003367,O0003367-2,SKU00075,1,53.82,53.82,,0.0,53.82
O0003368,O0003368-1,SKU00311,1,60.22,60.22,,0.0,60.22
O0003368,O0003368-2,SKU00316,1,21.03,21.03,,0.0,21.03
O0003368,O0003368-3,SKU00150,1,41.46,41.46,,0.0,41.46
O0003369,O0003369-1,SKU00279,1,31.74,31.74,P0046,6.35,25.39
O0003370,O0003370-1,SKU00253,1,51.01,51.01,,0.0,51.01
O0003370,O0003370-2,SKU00134,1,31.13,31.13,,0.0,31.13
O0003371,O0003371-1,SKU00118,1,21.46,21.46,,0.0,21.46
O0003371,O0003371-2,SKU00122,1,22.77,22.77,,0.0,22.77
O0003372,O0003372-1,SKU00114,1,29.46,29.46,,0.0,29.46
O0003372,O0003372-2,SKU00094,1,56.4,56.4,,0.0,56.4
O0003373,O0003373-1,SKU00265,1,26.72,26.72,,0.0,26.72
O0003374,O0003374-1,SKU00140,1,56.17,56.17,,0.0,56.17
O0003374,O0003374-2,SKU00126,3,40.15,120.45,,0.0,120.45
O0003375,O0003375-1,SKU00252,1,57.03,57.03,,0.0,57.03
O0003375,O0003375-2,SKU00010,1,32.93,32.93,,0.0,32.93
O0003375,O0003375-3,SKU00217,2,31.07,62.14,P0046,12.43,49.71
O0003376,O0003376-1,SKU00360,1,93.89,93.89,,0.0,93.89
O0003376,O0003376-2,SKU00206,1,31.05,31.05,,0.0,31.05
O0003376,O0003376-3,SKU00217,1,31.07,31.07,P0046,6.21,24.86
O0003376,O0003376-4,SKU00050,1,25.95,25.95,,0.0,25.95
O0003377,O0003377-1,SKU00121,1,58.38,58.38,,0.0,58.38
O0003377,O0003377-2,SKU00267,1,82.59,82.59,P0046,16.52,66.07
O0003378,O0003378-1,SKU00223,1,22.77,22.77,P0046,4.55,18.22
O0003379,O0003379-1,SKU00236,1,32.17,32.17,,0.0,32.17
O0003380,O0003380-1,SKU00276,1,22.08,22.08,,0.0,22.08
O0003380,O0003380-2,SKU00070,1,44.51,44.51,,0.0,44.51
O0003381,O0003381-1,SKU00174,3,57.96,173.88,,0.0,173.88
O0003381,O0003381-2,SKU00350,1,53.2,53.2,,0.0,53.2
O0003381,O0003381-3,SKU00243,1,34.82,34.82,,0.0,34.82
O0003382,O0003382-1,SKU00311,1,60.22,60.22,,0.0,60.22
O0003382,O0003382-2,SKU00024,1,39.92,39.92,,0.0,39.92
O0003383,O0003383-1,SKU00057,1,34.63,34.63,,0.0,34.63
O0003383,O0003383-2,SKU00371,1,48.42,48.42,,0.0,48.42
O0003383,O0003383-3,SKU00140,1,56.17,56.17,,0.0,56.17
O0003383,O0003383-4,SKU00170,1,29.26,29.26,,0.0,29.26
O0003384,O0003384-1,SKU00286,2,54.7,109.4,,0.0,109.4
O0003385,O0003385-1,SKU00306,1,36.9,36.9,,0.0,36.9
O0003385,O0003385-2,SKU00351,1,52.83,52.83,,0.0,52.83
O0003386,O0003386-1,SKU00052,1,57.74,57.74,,0.0,57.74
O0003386,O0003386-2,SKU00342,1,38.94,38.94,,0.0,38.94
O0003387,O0003387-1,SKU00157,1,70.71,70.71,,0.0,70.71
O0003387,O0003387-2,SKU00161,1,12.51,12.51,,0.0,12.51
O0003387,O0003387-3,SKU00204,2,59.25,118.5,,0.0,118.5
O0003388,O0003388-1,SKU00066,1,52.48,52.48,,0.0,52.48
O0003388,O0003388-2,SKU00149,1,26.89,26.89,,0.0,26.89
O0003389,O0003389-1,SKU00238,1,69.04,69.04,,0.0,69.04
O0003389,O0003389-2,SKU00237,1,54.4,54.4,,0.0,54.4
O0003390,O0003390-1,SKU00036,1,42.54,42.54,,0.0,42.54
O0003390,O0003390-2,SKU00388,1,37.93,37.93,,0.0,37.93
O0003390,O0003390-3,SKU00114,1,29.46,29.46,,0.0,29.46
O0003391,O0003391-1,SKU00321,2,13.85,27.7,,0.0,27.7
O0003391,O0003391-2,SKU00332,1,104.52,104.52,,0.0,104.52
O0003391,O0003391-3,SKU00126,3,40.15,120.45,,0.0,120.45
O0003392,O0003392-1,SKU00082,3,35.63,106.89,,0.0,106.89
O0003392,O0003392-2,SKU00021,1,49.41,49.41,,0.0,49.41
O0003393,O0003393-1,SKU00196,1,36.14,36.14,,0.0,36.14
O0003393,O0003393-2,SKU00069,1,19.77,19.77,P0011,1.98,17.79
O0003393,O0003393-3,SKU00008,1,26.23,26.23,,0.0,26.23
O0003393,O0003393-4,SKU00113,1,49.01,49.01,,0.0,49.01
O0003394,O0003394-1,SKU00194,1,40.96,40.96,,0.0,40.96
O0003395,O0003395-1,SKU00320,1,20.06,20.06,,0.0,20.06
O0003396,O0003396-1,SKU00049,3,49.27,147.81,,0.0,147.81
O0003396,O0003396-2,SKU00158,1,19.54,19.54,,0.0,19.54
O0003397,O0003397-1,SKU00028,3,35.88,107.64,,0.0,107.64
O0003397,O0003397-2,SKU00017,1,37.58,37.58,,0.0,37.58
O0003398,O0003398-1,SKU00279,1,31.74,31.74,,0.0,31.74
O0003398,O0003398-2,SKU00209,1,102.17,102.17,,0.0,102.17
O0003399,O0003399-1,SKU00213,1,45.05,45.05,,0.0,45.05
O0003400,O0003400-1,SKU00008,1,26.23,26.23,,0.0,26.23
O0003400,O0003400-2,SKU00304,1,28.55,28.55,,0.0,28.55
O0003401,O0003401-1,SKU00253,2,51.01,102.02,,0.0,102.02
O0003401,O0003401-2,SKU00386,1,42.93,42.93,,0.0,42.93
O0003402,O0003402-1,SKU00322,2,22.71,45.42,,0.0,45.42
O0003402,O0003402-2,SKU00171,2,60.15,120.3,,0.0,120.3
O0003403,O0003403-1,SKU00224,1,53.56,53.56,,0.0,53.56
O0003403,O0003403-2,SKU00099,1,22.33,22.33,,0.0,22.33
O0003403,O0003403-3,SKU00227,1,105.48,105.48,,0.0,105.48
O0003404,O0003404-1,SKU00181,1,47.26,47.26,,0.0,47.26
O0003404,O0003404-2,SKU00108,1,19.31,19.31,,0.0,19.31
O0003405,O0003405-1,SKU00349,1,18.05,18.05,,0.0,18.05
O0003406,O0003406-1,SKU00358,1,36.52,36.52,,0.0,36.52
O0003406,O0003406-2,SKU00016,2,33.83,67.66,P0046,13.53,54.13
O0003407,O0003407-1,SKU00202,1,80.2,80.2,,0.0,80.2
O0003408,O0003408-1,SKU00267,1,82.59,82.59,P0046,16.52,66.07
O0003408,O0003408-2,SKU00164,1,38.71,38.71,,0.0,38.71
O0003409,O0003409-1,SKU00030,1,17.63,17.63,,0.0,17.63
O0003410,O0003410-1,SKU00173,1,61.04,61.04,,0.0,61.04
O0003410,O0003410-2,SKU00340,1,30.34,30.34,P0046,6.07,24.27
O0003410,O0003410-3,SKU00385,2,57.12,114.24,,0.0,114.24
O0003410,O0003410-4,SKU00276,1,22.08,22.08,,0.0,22.08
O0003411,O0003411-1,SKU00287,1,61.4,61.4,,0.0,61.4
O0003411,O0003411-2,SKU00322,2,22.71,45.42,,0.0,45.42
O0003412,O0003412-1,SKU00198,1,39.26,39.26,,0.0,39.26
O0003412,O0003412-2,SKU00063,1,26.13,26.13,,0.0,26.13
O0003413,O0003413-1,SKU00346,1,102.61,102.61,,0.0,102.61
O0003413,O0003413-2,SKU00319,1,45.64,45.64,P0038,9.13,36.51
O0003414,O0003414-1,SKU00033,1,24.44,24.44,,0.0,24.44
O0003414,O0003414-2,SKU00074,1,76.62,76.62,,0.0,76.62
O0003414,O0003414-3,SKU00102,1,12.21,12.21,,0.0,12.21
O0003414,O0003414-4,SKU00050,2,25.95,51.9,,0.0,51.9
O0003415,O0003415-1,SKU00326,1,34.94,34.94,,0.0,34.94
O0003415,O0003415-2,SKU00205,1,35.8,35.8,,0.0,35.8
O0003416,O0003416-1,SKU00378,1,38.51,38.51,,0.0,38.51
O0003416,O0003416-2,SKU00175,1,44.19,44.19,,0.0,44.19
O0003417,O0003417-1,SKU00183,1,17.38,17.38,,0.0,17.38
O0003417,O0003417-2,SKU00074,1,76.62,76.62,,0.0,76.62
O0003417,O0003417-3,SKU00364,1,45.23,45.23,,0.0,45.23
O0003418,O0003418-1,SKU00157,1,70.71,70.71,P0011,7.07,63.64
O0003419,O0003419-1,SKU00313,1,49.13,49.13,,0.0,49.13
O0003419,O0003419-2,SKU00139,1,52.17,52.17,,0.0,52.17
O0003420,O0003420-1,SKU00011,1,31.25,31.25,,0.0,31.25
O0003420,O0003420-2,SKU00179,1,14.26,14.26,,0.0,14.26
O0003421,O0003421-1,SKU00019,1,23.04,23.04,,0.0,23.04
O0003421,O0003421-2,SKU00029,1,36.29,36.29,,0.0,36.29
O0003421,O0003421-3,SKU00215,1,33.08,33.08,,0.0,33.08
O0003422,O0003422-1,SKU00134,1,31.13,31.13,,0.0,31.13
O0003422,O0003422-2,SKU00089,1,49.77,49.77,,0.0,49.77
O0003422,O0003422-3,SKU00177,3,41.83,125.49,P0046,25.1,100.39
O0003422,O0003422-4,SKU00128,1,24.13,24.13,,0.0,24.13
O0003423,O0003423-1,SKU00200,1,61.25,61.25,,0.0,61.25
O0003423,O0003423-2,SKU00267,1,82.59,82.59,,0.0,82.59
O0003423,O0003423-3,SKU00184,1,34.06,34.06,,0.0,34.06
O0003423,O0003423-4,SKU00358,1,36.52,36.52,,0.0,36.52
O0003424,O0003424-1,SKU00200,1,61.25,61.25,,0.0,61.25
O0003424,O0003424-2,SKU00218,1,16.49,16.49,,0.0,16.49
O0003424,O0003424-3,SKU00260,1,38.96,38.96,,0.0,38.96
O0003425,O0003425-1,SKU00376,1,37.84,37.84,,0.0,37.84
O0003426,O0003426-1,SKU00067,1,20.67,20.67,,0.0,20.67
O0003426,O0003426-2,SKU00215,1,33.08,33.08,,0.0,33.08
O0003426,O0003426-3,SKU00150,2,41.46,82.92,,0.0,82.92
O0003427,O0003427-1,SKU00310,2,44.67,89.34,,0.0,89.34
O0003428,O0003428-1,SKU00073,1,61.83,61.83,,0.0,61.83
O0003428,O0003428-2,SKU00031,1,49.75,49.75,,0.0,49.75
O0003429,O0003429-1,SKU00357,1,23.0,23.0,,0.0,23.0
O0003430,O0003430-1,SKU00200,2,61.25,122.5,,0.0,122.5
O0003430,O0003430-2,SKU00176,1,24.92,24.92,,0.0,24.92
O0003431,O0003431-1,SKU00003,1,28.95,28.95,P0046,5.79,23.16
O0003431,O0003431-2,SKU00161,1,12.51,12.51,,0.0,12.51
O0003432,O0003432-1,SKU00378,1,38.51,38.51,P0046,7.7,30.81
O0003432,O0003432-2,SKU00391,1,57.23,57.23,,0.0,57.23
O0003433,O0003433-1,SKU00226,1,84.67,84.67,,0.0,84.67
O0003433,O0003433-2,SKU00270,1,46.55,46.55,,0.0,46.55
O0003433,O0003433-3,SKU00063,1,26.13,26.13,P0046,5.23,20.9
O0003434,O0003434-1,SKU00176,1,24.92,24.92,,0.0,24.92
O0003434,O0003434-2,SKU00306,1,36.9,36.9,,0.0,36.9
O0003435,O0003435-1,SKU00378,1,38.51,38.51,,0.0,38.51
O0003435,O0003435-2,SKU00255,1,82.33,82.33,,0.0,82.33
O0003436,O0003436-1,SKU00386,1,42.93,42.93,,0.0,42.93
O0003436,O0003436-2,SKU00060,1,76.86,76.86,,0.0,76.86
O0003436,O0003436-3,SKU00156,3,25.39,76.17,,0.0,76.17
O0003436,O0003436-4,SKU00310,1,44.67,44.67,P0046,8.93,35.74
O0003437,O0003437-1,SKU00293,1,70.96,70.96,,0.0,70.96
O0003437,O0003437-2,SKU00024,1,39.92,39.92,,0.0,39.92
O0003437,O0003437-3,SKU00231,1,34.06,34.06,,0.0,34.06
O0003437,O0003437-4,SKU00016,1,33.83,33.83,P0046,6.77,27.06
O0003438,O0003438-1,SKU00267,1,82.59,82.59,,0.0,82.59
O0003439,O0003439-1,SKU00322,3,22.71,68.13,,0.0,68.13
O0003439,O0003439-2,SKU00076,1,31.8,31.8,,0.0,31.8
O0003440,O0003440-1,SKU00377,1,39.6,39.6,,0.0,39.6
O0003440,O0003440-2,SKU00356,2,12.98,25.96,,0.0,25.96
O0003441,O0003441-1,SKU00203,1,71.32,71.32,,0.0,71.32
O0003441,O0003441-2,SKU00049,1,49.27,49.27,,0.0,49.27
O0003442,O0003442-1,SKU00155,2,44.19,88.38,,0.0,88.38
O0003442,O0003442-2,SKU00332,1,104.52,104.52,P0046,20.9,83.62
O0003442,O0003442-3,SKU00050,1,25.95,25.95,,0.0,25.95
O0003443,O0003443-1,SKU00081,1,30.86,30.86,,0.0,30.86
O0003443,O0003443-2,SKU00369,1,42.23,42.23,,0.0,42.23
O0003443,O0003443-3,SKU00241,1,46.38,46.38,,0.0,46.38
O0003444,O0003444-1,SKU00395,1,26.26,26.26,,0.0,26.26
O0003444,O0003444-2,SKU00130,1,66.52,66.52,,0.0,66.52
O0003444,O0003444-3,SKU00222,1,30.96,30.96,,0.0,30.96
O0003445,O0003445-1,SKU00129,1,38.65,38.65,,0.0,38.65
O0003445,O0003445-2,SKU00232,3,34.95,104.85,,0.0,104.85
O0003445,O0003445-3,SKU00155,1,44.19,44.19,,0.0,44.19
O0003445,O0003445-4,SKU00075,1,53.82,53.82,P0021,8.07,45.75
O0003446,O0003446-1,SKU00148,1,39.39,39.39,,0.0,39.39
O0003447,O0003447-1,SKU00269,1,28.75,28.75,,0.0,28.75
O0003447,O0003447-2,SKU00145,1,34.93,34.93,,0.0,34.93
O0003448,O0003448-1,SKU00312,2,39.88,79.76,,0.0,79.76
O0003449,O0003449-1,SKU00021,1,49.41,49.41,,0.0,49.41
O0003449,O0003449-2,SKU00024,1,39.92,39.92,,0.0,39.92
O0003449,O0003449-3,SKU00090,1,36.81,36.81,,0.0,36.81
O0003450,O0003450-1,SKU00082,1,35.63,35.63,,0.0,35.63
O0003450,O0003450-2,SKU00379,1,36.36,36.36,,0.0,36.36
O0003451,O0003451-1,SKU00169,2,38.7,77.4,,0.0,77.4
O0003451,O0003451-2,SKU00191,1,45.24,45.24,,0.0,45.24
O0003452,O0003452-1,SKU00106,1,24.61,24.61,,0.0,24.61
O0003452,O0003452-2,SKU00231,1,34.06,34.06,,0.0,34.06
O0003453,O0003453-1,SKU00090,1,36.81,36.81,P0046,7.36,29.45
O0003453,O0003453-2,SKU00107,2,64.03,128.06,P0046,25.61,102.45
O0003454,O0003454-1,SKU00080,1,45.12,45.12,,0.0,45.12
O0003454,O0003454-2,SKU00010,1,32.93,32.93,,0.0,32.93
O0003455,O0003455-1,SKU00102,1,12.21,12.21,,0.0,12.21
O0003456,O0003456-1,SKU00281,1,52.93,52.93,,0.0,52.93
O0003456,O0003456-2,SKU00020,2,42.57,85.14,,0.0,85.14
O0003457,O0003457-1,SKU00162,2,65.18,130.36,,0.0,130.36
O0003457,O0003457-2,SKU00056,1,38.71,38.71,,0.0,38.71
O0003457,O0003457-3,SKU00292,1,51.63,51.63,,0.0,51.63
O0003458,O0003458-1,SKU00239,1,15.42,15.42,,0.0,15.42
O0003459,O0003459-1,SKU00004,1,22.35,22.35,,0.0,22.35
O0003459,O0003459-2,SKU00049,1,49.27,49.27,,0.0,49.27
O0003459,O0003459-3,SKU00172,1,17.17,17.17,P0021,2.58,14.59
O0003460,O0003460-1,SKU00379,1,36.36,36.36,,0.0,36.36
O0003460,O0003460-2,SKU00330,1,61.47,61.47,,0.0,61.47
O0003460,O0003460-3,SKU00388,3,37.93,113.79,,0.0,113.79
O0003461,O0003461-1,SKU00225,1,25.36,25.36,,0.0,25.36
O0003461,O0003461-2,SKU00312,1,39.88,39.88,,0.0,39.88
O0003461,O0003461-3,SKU00157,1,70.71,70.71,,0.0,70.71
O0003462,O0003462-1,SKU00270,3,46.55,139.65,,0.0,139.65
O0003463,O0003463-1,SKU00078,2,17.22,34.44,,0.0,34.44
O0003463,O0003463-2,SKU00340,1,30.34,30.34,P0046,6.07,24.27
O0003463,O0003463-3,SKU00156,3,25.39,76.17,,0.0,76.17
O0003464,O0003464-1,SKU00093,1,55.17,55.17,,0.0,55.17
O0003465,O0003465-1,SKU00315,3,65.19,195.57,,0.0,195.57
O0003465,O0003465-2,SKU00111,1,50.04,50.04,,0.0,50.04
O0003466,O0003466-1,SKU00301,2,30.77,61.54,,0.0,61.54
O0003466,O0003466-2,SKU00081,3,30.86,92.58,,0.0,92.58
O0003467,O0003467-1,SKU00255,1,82.33,82.33,,0.0,82.33
O0003467,O0003467-2,SKU00362,1,26.77,26.77,,0.0,26.77
O0003467,O0003467-3,SKU00351,1,52.83,52.83,,0.0,52.83
O0003467,O0003467-4,SKU00057,2,34.63,69.26,,0.0,69.26
O0003468,O0003468-1,SKU00183,1,17.38,17.38,,0.0,17.38
O0003468,O0003468-2,SKU00348,1,64.96,64.96,P0046,12.99,51.97
O0003468,O0003468-3,SKU00264,2,27.04,54.08,,0.0,54.08
O0003469,O0003469-1,SKU00290,2,42.67,85.34,P0046,17.07,68.27
O0003469,O0003469-2,SKU00220,1,42.7,42.7,,0.0,42.7
O0003470,O0003470-1,SKU00239,1,15.42,15.42,,0.0,15.42
O0003471,O0003471-1,SKU00160,1,42.59,42.59,,0.0,42.59
O0003471,O0003471-2,SKU00083,1,54.82,54.82,P0021,8.22,46.6
O0003472,O0003472-1,SKU00026,1,45.44,45.44,,0.0,45.44
O0003472,O0003472-2,SKU00354,1,27.28,27.28,P0046,5.46,21.82
O0003472,O0003472-3,SKU00217,1,31.07,31.07,,0.0,31.07
O0003472,O0003472-4,SKU00332,1,104.52,104.52,,0.0,104.52
O0003473,O0003473-1,SKU00396,2,15.54,31.08,,0.0,31.08
O0003473,O0003473-2,SKU00335,2,18.97,37.94,,0.0,37.94
O0003473,O0003473-3,SKU00038,1,50.53,50.53,,0.0,50.53
O0003474,O0003474-1,SKU00345,1,60.26,60.26,,0.0,60.26
O0003474,O0003474-2,SKU00258,1,50.85,50.85,,0.0,50.85
O0003474,O0003474-3,SKU00245,1,49.62,49.62,P0021,7.44,42.18
O0003475,O0003475-1,SKU00056,1,38.71,38.71,,0.0,38.71
O0003475,O0003475-2,SKU00150,1,41.46,41.46,,0.0,41.46
O0003475,O0003475-3,SKU00318,1,30.41,30.41,P0021,4.56,25.85
O0003476,O0003476-1,SKU00015,2,66.48,132.96,,0.0,132.96
O0003476,O0003476-2,SKU00266,1,28.62,28.62,,0.0,28.62
O0003477,O0003477-1,SKU00012,1,9.88,9.88,,0.0,9.88
O0003478,O0003478-1,SKU00078,1,17.22,17.22,,0.0,17.22
O0003479,O0003479-1,SKU00323,1,39.02,39.02,P0046,7.8,31.22
O0003480,O0003480-1,SKU00033,2,24.44,48.88,,0.0,48.88
O0003480,O0003480-2,SKU00399,1,38.17,38.17,,0.0,38.17
O0003481,O0003481-1,SKU00001,1,32.38,32.38,,0.0,32.38
O0003482,O0003482-1,SKU00262,1,10.7,10.7,,0.0,10.7
O0003483,O0003483-1,SKU00205,1,35.8,35.8,,0.0,35.8
O0003483,O0003483-2,SKU00181,2,47.26,94.52,P0046,18.9,75.62
O0003483,O0003483-3,SKU00147,1,41.64,41.64,,0.0,41.64
O0003483,O0003483-4,SKU00090,1,36.81,36.81,,0.0,36.81
O0003484,O0003484-1,SKU00140,1,56.17,56.17,,0.0,56.17
O0003484,O0003484-2,SKU00208,1,15.73,15.73,,0.0,15.73
O0003485,O0003485-1,SKU00183,1,17.38,17.38,,0.0,17.38
O0003485,O0003485-2,SKU00114,1,29.46,29.46,,0.0,29.46
O0003485,O0003485-3,SKU00155,1,44.19,44.19,,0.0,44.19
O0003486,O0003486-1,SKU00038,1,50.53,50.53,,0.0,50.53
O0003487,O0003487-1,SKU00230,1,49.13,49.13,,0.0,49.13
O0003487,O0003487-2,SKU00189,1,53.14,53.14,,0.0,53.14
O0003488,O0003488-1,SKU00349,2,18.05,36.1,,0.0,36.1
O0003488,O0003488-2,SKU00397,2,66.5,133.0,,0.0,133.0
O0003489,O0003489-1,SKU00148,1,39.39,39.39,,0.0,39.39
O0003490,O0003490-1,SKU00105,3,52.33,156.99,,0.0,156.99
O0003491,O0003491-1,SKU00363,2,45.39,90.78,,0.0,90.78
O0003492,O0003492-1,SKU00267,1,82.59,82.59,,0.0,82.59
O0003493,O0003493-1,SKU00368,2,19.96,39.92,P0046,7.98,31.94
O0003493,O0003493-2,SKU00230,1,49.13,49.13,,0.0,49.13
O0003493,O0003493-3,SKU00259,1,40.89,40.89,,0.0,40.89
O0003493,O0003493-4,SKU00317,1,32.85,32.85,,0.0,32.85
O0003494,O0003494-1,SKU00043,1,50.54,50.54,,0.0,50.54
O0003494,O0003494-2,SKU00321,1,13.85,13.85,,0.0,13.85
O0003494,O0003494-3,SKU00160,1,42.59,42.59,,0.0,42.59
O0003494,O0003494-4,SKU00340,1,30.34,30.34,,0.0,30.34
O0003495,O0003495-1,SKU00157,1,70.71,70.71,P0038,14.14,56.57
O0003496,O0003496-1,SKU00168,1,26.49,26.49,,0.0,26.49
O0003496,O0003496-2,SKU00024,1,39.92,39.92,,0.0,39.92
O0003497,O0003497-1,SKU00022,1,28.83,28.83,,0.0,28.83
O0003497,O0003497-2,SKU00125,1,30.05,30.05,,0.0,30.05
O0003497,O0003497-3,SKU00019,1,23.04,23.04,,0.0,23.04
O0003498,O0003498-1,SKU00369,1,42.23,42.23,,0.0,42.23
O0003499,O0003499-1,SKU00186,1,34.13,34.13,,0.0,34.13
O0003499,O0003499-2,SKU00130,1,66.52,66.52,P0046,13.3,53.22
O0003500,O0003500-1,SKU00283,1,85.39,85.39,,0.0,85.39
O0003501,O0003501-1,SKU00267,2,82.59,165.18,,0.0,165.18
O0003502,O0003502-1,SKU00362,1,26.77,26.77,,0.0,26.77
O0003503,O0003503-1,SKU00230,1,49.13,49.13,,0.0,49.13
O0003504,O0003504-1,SKU00326,1,34.94,34.94,,0.0,34.94
O0003505,O0003505-1,SKU00290,1,42.67,42.67,,0.0,42.67
O0003505,O0003505-2,SKU00371,1,48.42,48.42,,0.0,48.42
O0003505,O0003505-3,SKU00252,3,57.03,171.09,,0.0,171.09
O0003505,O0003505-4,SKU00031,3,49.75,149.25,,0.0,149.25
O0003506,O0003506-1,SKU00172,1,17.17,17.17,,0.0,17.17
O0003506,O0003506-2,SKU00325,2,27.6,55.2,,0.0,55.2
O0003507,O0003507-1,SKU00311,1,60.22,60.22,,0.0,60.22
O0003508,O0003508-1,SKU00342,2,38.94,77.88,,0.0,77.88
O0003509,O0003509-1,SKU00212,2,20.15,40.3,,0.0,40.3
O0003509,O0003509-2,SKU00164,1,38.71,38.71,,0.0,38.71
O0003509,O0003509-3,SKU00281,1,52.93,52.93,,0.0,52.93
O0003510,O0003510-1,SKU00019,1,23.04,23.04,,0.0,23.04
O0003510,O0003510-2,SKU00040,2,46.34,92.68,,0.0,92.68
O0003511,O0003511-1,SKU00262,3,10.7,32.1,,0.0,32.1
O0003512,O0003512-1,SKU00222,1,30.96,30.96,,0.0,30.96
O0003513,O0003513-1,SKU00343,1,45.56,45.56,,0.0,45.56
O0003513,O0003513-2,SKU00315,3,65.19,195.57,,0.0,195.57
O0003514,O0003514-1,SKU00279,1,31.74,31.74,,0.0,31.74
O0003515,O0003515-1,SKU00094,1,56.4,56.4,,0.0,56.4
O0003515,O0003515-2,SKU00317,1,32.85,32.85,,0.0,32.85
O0003515,O0003515-3,SKU00292,1,51.63,51.63,,0.0,51.63
O0003515,O0003515-4,SKU00289,3,47.79,143.37,,0.0,143.37
O0003516,O0003516-1,SKU00247,1,43.87,43.87,,0.0,43.87
O0003517,O0003517-1,SKU00144,1,27.92,27.92,P0021,4.19,23.73
O0003518,O0003518-1,SKU00326,2,34.94,69.88,,0.0,69.88
O0003519,O0003519-1,SKU00258,1,50.85,50.85,,0.0,50.85
O0003519,O0003519-2,SKU00114,1,29.46,29.46,,0.0,29.46
O0003519,O0003519-3,SKU00262,1,10.7,10.7,,0.0,10.7
O0003520,O0003520-1,SKU00090,2,36.81,73.62,P0046,14.72,58.9
O0003521,O0003521-1,SKU00276,1,22.08,22.08,,0.0,22.08
O0003521,O0003521-2,SKU00221,1,31.0,31.0,,0.0,31.0
O0003522,O0003522-1,SKU00371,2,48.42,96.84,,0.0,96.84
O0003523,O0003523-1,SKU00129,2,38.65,77.3,,0.0,77.3
O0003523,O0003523-2,SKU00327,1,44.41,44.41,P0011,4.44,39.97
O0003524,O0003524-1,SKU00360,3,93.89,281.67,,0.0,281.67
O0003524,O0003524-2,SKU00385,1,57.12,57.12,,0.0,57.12
O0003525,O0003525-1,SKU00090,2,36.81,73.62,P0046,14.72,58.9
O0003525,O0003525-2,SKU00223,1,22.77,22.77,,0.0,22.77
O0003525,O0003525-3,SKU00231,3,34.06,102.18,,0.0,102.18
O0003526,O0003526-1,SKU00342,1,38.94,38.94,,0.0,38.94
O0003526,O0003526-2,SKU00209,1,102.17,102.17,,0.0,102.17
O0003527,O0003527-1,SKU00125,1,30.05,30.05,,0.0,30.05
O0003527,O0003527-2,SKU00324,1,70.29,70.29,,0.0,70.29
O0003528,O0003528-1,SKU00252,1,57.03,57.03,,0.0,57.03
O0003528,O0003528-2,SKU00238,2,69.04,138.08,,0.0,138.08
O0003529,O0003529-1,SKU00018,2,20.66,41.32,,0.0,41.32
O0003529,O0003529-2,SKU00191,2,45.24,90.48,,0.0,90.48
O0003530,O0003530-1,SKU00087,1,22.83,22.83,,0.0,22.83
O0003530,O0003530-2,SKU00017,1,37.58,37.58,,0.0,37.58
O0003531,O0003531-1,SKU00160,1,42.59,42.59,,0.0,42.59
O0003532,O0003532-1,SKU00144,1,27.92,27.92,,0.0,27.92
O0003533,O0003533-1,SKU00377,1,39.6,39.6,,0.0,39.6
O0003534,O0003534-1,SKU00290,2,42.67,85.34,,0.0,85.34
O0003534,O0003534-2,SKU00329,1,37.64,37.64,P0011,3.76,33.88
O0003535,O0003535-1,SKU00100,1,17.02,17.02,,0.0,17.02
O0003535,O0003535-2,SKU00103,1,32.28,32.28,,0.0,32.28
O0003536,O0003536-1,SKU00351,2,52.83,105.66,,0.0,105.66
O0003536,O0003536-2,SKU00183,2,17.38,34.76,,0.0,34.76
O0003536,O0003536-3,SKU00063,2,26.13,52.26,P0046,10.45,41.81
O0003536,O0003536-4,SKU00153,1,61.1,61.1,P0046,12.22,48.88
O0003537,O0003537-1,SKU00208,2,15.73,31.46,,0.0,31.46
O0003537,O0003537-2,SKU00262,1,10.7,10.7,,0.0,10.7
O0003538,O0003538-1,SKU00128,1,24.13,24.13,,0.0,24.13
O0003538,O0003538-2,SKU00118,1,21.46,21.46,,0.0,21.46
O0003539,O0003539-1,SKU00113,1,49.01,49.01,,0.0,49.01
O0003540,O0003540-1,SKU00161,1,12.51,12.51,,0.0,12.51
O0003540,O0003540-2,SKU00232,1,34.95,34.95,,0.0,34.95
O0003541,O0003541-1,SKU00010,1,32.93,32.93,,0.0,32.93
O0003541,O0003541-2,SKU00377,1,39.6,39.6,,0.0,39.6
O0003542,O0003542-1,SKU00249,1,31.28,31.28,,0.0,31.28
O0003542,O0003542-2,SKU00336,2,54.95,109.9,,0.0,109.9
O0003543,O0003543-1,SKU00341,1,47.08,47.08,,0.0,47.08
O0003544,O0003544-1,SKU00229,1,74.74,74.74,,0.0,74.74
O0003544,O0003544-2,SKU00251,1,23.58,23.58,,0.0,23.58
O0003545,O0003545-1,SKU00342,1,38.94,38.94,,0.0,38.94
O0003545,O0003545-2,SKU00073,1,61.83,61.83,,0.0,61.83
O0003546,O0003546-1,SKU00166,2,65.47,130.94,,0.0,130.94
O0003546,O0003546-2,SKU00142,2,61.52,123.04,P0021,18.46,104.58
O0003546,O0003546-3,SKU00212,1,20.15,20.15,,0.0,20.15
O0003547,O0003547-1,SKU00323,1,39.02,39.02,P0046,7.8,31.22
O0003547,O0003547-2,SKU00156,3,25.39,76.17,,0.0,76.17
O0003548,O0003548-1,SKU00333,1,45.51,45.51,,0.0,45.51
O0003548,O0003548-2,SKU00312,1,39.88,39.88,,0.0,39.88
O0003549,O0003549-1,SKU00188,1,58.74,58.74,,0.0,58.74
O0003550,O0003550-1,SKU00066,1,52.48,52.48,,0.0,52.48
O0003550,O0003550-2,SKU00196,1,36.14,36.14,,0.0,36.14
O0003551,O0003551-1,SKU00325,1,27.6,27.6,,0.0,27.6
O0003552,O0003552-1,SKU00363,1,45.39,45.39,P0021,6.81,38.58
O0003552,O0003552-2,SKU00009,2,52.68,105.36,,0.0,105.36
O0003553,O0003553-1,SKU00293,1,70.96,70.96,,0.0,70.96
O0003553,O0003553-2,SKU00279,1,31.74,31.74,,0.0,31.74
O0003553,O0003553-3,SKU00254,1,18.56,18.56,,0.0,18.56
O0003554,O0003554-1,SKU00106,2,24.61,49.22,,0.0,49.22
O0003554,O0003554-2,SKU00242,1,41.5,41.5,,0.0,41.5
O0003555,O0003555-1,SKU00189,1,53.14,53.14,,0.0,53.14
O0003555,O0003555-2,SKU00269,1,28.75,28.75,,0.0,28.75
O0003555,O0003555-3,SKU00151,1,20.05,20.05,,0.0,20.05
O0003556,O0003556-1,SKU00352,1,37.11,37.11,,0.0,37.11
O0003557,O0003557-1,SKU00179,1,14.26,14.26,,0.0,14.26
O0003558,O0003558-1,SKU00268,1,43.83,43.83,P0021,6.57,37.26
O0003558,O0003558-2,SKU00240,1,78.86,78.86,,0.0,78.86
O0003558,O0003558-3,SKU00166,1,65.47,65.47,,0.0,65.47
O0003558,O0003558-4,SKU00175,1,44.19,44.19,,0.0,44.19
O0003559,O0003559-1,SKU00199,1,60.64,60.64,,0.0,60.64
O0003559,O0003559-2,SKU00275,1,50.32,50.32,,0.0,50.32
O0003560,O0003560-1,SKU00158,1,19.54,19.54,,0.0,19.54
O0003560,O0003560-2,SKU00164,1,38.71,38.71,,0.0,38.71
O0003560,O0003560-3,SKU00297,2,39.78,79.56,,0.0,79.56
O0003561,O0003561-1,SKU00228,1,106.95,106.95,,0.0,106.95
O0003562,O0003562-1,SKU00036,1,42.54,42.54,,0.0,42.54
O0003563,O0003563-1,SKU00076,1,31.8,31.8,,0.0,31.8
O0003563,O0003563-2,SKU00350,1,53.2,53.2,,0.0,53.2
O0003564,O0003564-1,SKU00044,1,26.97,26.97,,0.0,26.97
O0003565,O0003565-1,SKU00183,1,17.38,17.38,,0.0,17.38
O0003566,O0003566-1,SKU00334,1,17.99,17.99,,0.0,17.99
O0003566,O0003566-2,SKU00098,2,54.0,108.0,,0.0,108.0
O0003566,O0003566-3,SKU00160,2,42.59,85.18,,0.0,85.18
O0003567,O0003567-1,SKU00200,1,61.25,61.25,,0.0,61.25
O0003567,O0003567-2,SKU00157,1,70.71,70.71,P0038,14.14,56.57
O0003568,O0003568-1,SKU00073,2,61.83,123.66,,0.0,123.66
O0003569,O0003569-1,SKU00191,2,45.24,90.48,,0.0,90.48
O0003569,O0003569-2,SKU00168,1,26.49,26.49,,0.0,26.49
O0003569,O0003569-3,SKU00131,1,34.39,34.39,,0.0,34.39
O0003570,O0003570-1,SKU00264,2,27.04,54.08,,0.0,54.08
O0003571,O0003571-1,SKU00130,1,66.52,66.52,,0.0,66.52
O0003572,O0003572-1,SKU00017,2,37.58,75.16,,0.0,75.16
O0003573,O0003573-1,SKU00046,1,23.8,23.8,,0.0,23.8
O0003573,O0003573-2,SKU00071,2,50.63,101.26,,0.0,101.26
O0003574,O0003574-1,SKU00226,1,84.67,84.67,,0.0,84.67
O0003574,O0003574-2,SKU00104,2,73.97,147.94,P0021,22.19,125.75
O0003575,O0003575-1,SKU00341,1,47.08,47.08,,0.0,47.08
O0003576,O0003576-1,SKU00399,2,38.17,76.34,,0.0,76.34
O0003577,O0003577-1,SKU00029,1,36.29,36.29,,0.0,36.29
O0003577,O0003577-2,SKU00397,1,66.5,66.5,,0.0,66.5
O0003577,O0003577-3,SKU00006,1,31.28,31.28,,0.0,31.28
O0003578,O0003578-1,SKU00060,1,76.86,76.86,,0.0,76.86
O0003579,O0003579-1,SKU00127,1,44.81,44.81,,0.0,44.81
O0003580,O0003580-1,SKU00209,1,102.17,102.17,,0.0,102.17
O0003581,O0003581-1,SKU00008,1,26.23,26.23,,0.0,26.23
O0003582,O0003582-1,SKU00367,2,50.59,101.18,,0.0,101.18
O0003583,O0003583-1,SKU00191,1,45.24,45.24,,0.0,45.24
O0003583,O0003583-2,SKU00123,1,28.95,28.95,,0.0,28.95
O0003583,O0003583-3,SKU00388,1,37.93,37.93,,0.0,37.93
O0003584,O0003584-1,SKU00251,1,23.58,23.58,,0.0,23.58
O0003585,O0003585-1,SKU00094,1,56.4,56.4,,0.0,56.4
O0003585,O0003585-2,SKU00286,2,54.7,109.4,,0.0,109.4
O0003586,O0003586-1,SKU00324,2,70.29,140.58,,0.0,140.58
O0003586,O0003586-2,SKU00174,1,57.96,57.96,,0.0,57.96
O0003586,O0003586-3,SKU00312,1,39.88,39.88,,0.0,39.88
O0003586,O0003586-4,SKU00194,1,40.96,40.96,,0.0,40.96
O0003587,O0003587-1,SKU00237,2,54.4,108.8,,0.0,108.8
O0003587,O0003587-2,SKU00025,1,42.44,42.44,P0046,8.49,33.95
O0003587,O0003587-3,SKU00167,1,22.6,22.6,,0.0,22.6
O0003588,O0003588-1,SKU00259,1,40.89,40.89,,0.0,40.89
O0003588,O0003588-2,SKU00021,1,49.41,49.41,,0.0,49.41
O0003588,O0003588-3,SKU00178,1,55.23,55.23,P0021,8.28,46.95
O0003588,O0003588-4,SKU00293,1,70.96,70.96,,0.0,70.96
O0003589,O0003589-1,SKU00134,1,31.13,31.13,,0.0,31.13
O0003590,O0003590-1,SKU00222,1,30.96,30.96,,0.0,30.96
O0003590,O0003590-2,SKU00268,2,43.83,87.66,P0021,13.15,74.51
O0003591,O0003591-1,SKU00360,1,93.89,93.89,,0.0,93.89
O0003592,O0003592-1,SKU00203,2,71.32,142.64,,0.0,142.64
O0003592,O0003592-2,SKU00062,2,38.63,77.26,,0.0,77.26
O0003593,O0003593-1,SKU00322,1,22.71,22.71,,0.0,22.71
O0003593,O0003593-2,SKU00385,1,57.12,57.12,,0.0,57.12
O0003594,O0003594-1,SKU00049,2,49.27,98.54,,0.0,98.54
O0003594,O0003594-2,SKU00365,1,26.67,26.67,P0038,5.33,21.34
O0003595,O0003595-1,SKU00236,2,32.17,64.34,,0.0,64.34
O0003595,O0003595-2,SKU00221,2,31.0,62.0,,0.0,62.0
O0003596,O0003596-1,SKU00330,2,61.47,122.94,,0.0,122.94
O0003596,O0003596-2,SKU00074,1,76.62,76.62,P0021,11.49,65.13
O0003596,O0003596-3,SKU00249,1,31.28,31.28,,0.0,31.28
O0003596,O0003596-4,SKU00252,1,57.03,57.03,,0.0,57.03
O0003597,O0003597-1,SKU00381,1,81.55,81.55,,0.0,81.55
O0003598,O0003598-1,SKU00031,1,49.75,49.75,,0.0,49.75
O0003598,O0003598-2,SKU00111,1,50.04,50.04,,0.0,50.04
O0003598,O0003598-3,SKU00097,2,30.01,60.02,,0.0,60.02
O0003598,O0003598-4,SKU00360,1,93.89,93.89,,0.0,93.89
O0003599,O0003599-1,SKU00278,1,54.54,54.54,,0.0,54.54
O0003599,O0003599-2,SKU00074,1,76.62,76.62,,0.0,76.62
O0003600,O0003600-1,SKU00211,1,88.68,88.68,,0.0,88.68
O0003600,O0003600-2,SKU00238,1,69.04,69.04,,0.0,69.04
O0003601,O0003601-1,SKU00080,1,45.12,45.12,,0.0,45.12
O0003602,O0003602-1,SKU00184,1,34.06,34.06,,0.0,34.06
O0003602,O0003602-2,SKU00330,1,61.47,61.47,,0.0,61.47
O0003603,O0003603-1,SKU00231,1,34.06,34.06,,0.0,34.06
O0003603,O0003603-2,SKU00261,1,86.51,86.51,,0.0,86.51
O0003604,O0003604-1,SKU00309,1,39.31,39.31,,0.0,39.31
O0003605,O0003605-1,SKU00153,1,61.1,61.1,,0.0,61.1
O0003605,O0003605-2,SKU00086,1,72.82,72.82,,0.0,72.82
O0003605,O0003605-3,SKU00336,1,54.95,54.95,,0.0,54.95
O0003606,O0003606-1,SKU00084,1,33.92,33.92,,0.0,33.92
O0003607,O0003607-1,SKU00013,1,31.04,31.04,,0.0,31.04
O0003607,O0003607-2,SKU00329,1,37.64,37.64,P0011,3.76,33.88
O0003608,O0003608-1,SKU00149,1,26.89,26.89,,0.0,26.89
O0003608,O0003608-2,SKU00355,1,41.61,41.61,,0.0,41.61
O0003609,O0003609-1,SKU00120,2,19.69,39.38,,0.0,39.38
O0003609,O0003609-2,SKU00108,1,19.31,19.31,,0.0,19.31
O0003609,O0003609-3,SKU00079,2,43.31,86.62,,0.0,86.62
O0003610,O0003610-1,SKU00057,1,34.63,34.63,,0.0,34.63
O0003610,O0003610-2,SKU00088,1,49.61,49.61,,0.0,49.61
O0003611,O0003611-1,SKU00242,2,41.5,83.0,,0.0,83.0
O0003611,O0003611-2,SKU00197,2,32.23,64.46,,0.0,64.46
O0003611,O0003611-3,SKU00034,1,45.57,45.57,,0.0,45.57
O0003612,O0003612-1,SKU00391,1,57.23,57.23,,0.0,57.23
O0003612,O0003612-2,SKU00095,1,53.11,53.11,,0.0,53.11
O0003612,O0003612-3,SKU00120,1,19.69,19.69,,0.0,19.69
O0003613,O0003613-1,SKU00299,1,33.57,33.57,,0.0,33.57
O0003613,O0003613-2,SKU00247,1,43.87,43.87,,0.0,43.87
O0003614,O0003614-1,SKU00129,1,38.65,38.65,,0.0,38.65
O0003614,O0003614-2,SKU00097,1,30.01,30.01,,0.0,30.01
O0003614,O0003614-3,SKU00239,1,15.42,15.42,,0.0,15.42
O0003615,O0003615-1,SKU00061,1,23.77,23.77,,0.0,23.77
O0003615,O0003615-2,SKU00108,1,19.31,19.31,,0.0,19.31
O0003616,O0003616-1,SKU00035,1,57.12,57.12,,0.0,57.12
O0003617,O0003617-1,SKU00359,1,26.27,26.27,,0.0,26.27
O0003617,O0003617-2,SKU00197,1,32.23,32.23,,0.0,32.23
O0003618,O0003618-1,SKU00150,1,41.46,41.46,,0.0,41.46
O0003618,O0003618-2,SKU00342,1,38.94,38.94,,0.0,38.94
O0003618,O0003618-3,SKU00400,1,33.96,33.96,,0.0,33.96
O0003619,O0003619-1,SKU00327,1,44.41,44.41,,0.0,44.41
O0003619,O0003619-2,SKU00114,3,29.46,88.38,,0.0,88.38
O0003620,O0003620-1,SKU00130,1,66.52,66.52,,0.0,66.52
O0003621,O0003621-1,SKU00152,1,57.95,57.95,,0.0,57.95
O0003622,O0003622-1,SKU00173,1,61.04,61.04,,0.0,61.04
O0003622,O0003622-2,SKU00209,3,102.17,306.51,,0.0,306.51
O0003623,O0003623-1,SKU00158,2,19.54,39.08,,0.0,39.08
O0003624,O0003624-1,SKU00299,2,33.57,67.14,,0.0,67.14
O0003624,O0003624-2,SKU00128,1,24.13,24.13,,0.0,24.13
O0003624,O0003624-3,SKU00073,1,61.83,61.83,,0.0,61.83
O0003625,O0003625-1,SKU00316,2,21.03,42.06,,0.0,42.06
O0003625,O0003625-2,SKU00168,1,26.49,26.49,,0.0,26.49
O0003626,O0003626-1,SKU00126,1,40.15,40.15,,0.0,40.15
O0003626,O0003626-2,SKU00039,2,59.8,119.6,,0.0,119.6
O0003626,O0003626-3,SKU00344,1,9.99,9.99,,0.0,9.99
O0003627,O0003627-1,SKU00140,1,56.17,56.17,,0.0,56.17
O0003628,O0003628-1,SKU00239,1,15.42,15.42,,0.0,15.42
O0003629,O0003629-1,SKU00396,1,15.54,15.54,P0021,2.33,13.21
O0003629,O0003629-2,SKU00089,1,49.77,49.77,,0.0,49.77
O0003630,O0003630-1,SKU00198,1,39.26,39.26,,0.0,39.26
O0003630,O0003630-2,SKU00177,1,41.83,41.83,,0.0,41.83
O0003631,O0003631-1,SKU00227,1,105.48,105.48,,0.0,105.48
O0003631,O0003631-2,SKU00278,1,54.54,54.54,,0.0,54.54
O0003632,O0003632-1,SKU00123,1,28.95,28.95,,0.0,28.95
O0003632,O0003632-2,SKU00221,2,31.0,62.0,,0.0,62.0
O0003633,O0003633-1,SKU00192,1,37.74,37.74,,0.0,37.74
O0003633,O0003633-2,SKU00115,1,25.28,25.28,,0.0,25.28
O0003633,O0003633-3,SKU00329,1,37.64,37.64,P0011,3.76,33.88
O0003633,O0003633-4,SKU00218,1,16.49,16.49,,0.0,16.49
O0003634,O0003634-1,SKU00024,3,39.92,119.76,,0.0,119.76
O0003635,O0003635-1,SKU00333,1,45.51,45.51,P0046,9.1,36.41
O0003635,O0003635-2,SKU00236,1,32.17,32.17,,0.0,32.17
O0003635,O0003635-3,SKU00393,1,14.38,14.38,,0.0,14.38
O0003636,O0003636-1,SKU00264,1,27.04,27.04,,0.0,27.04
O0003636,O0003636-2,SKU00097,1,30.01,30.01,,0.0,30.01
O0003636,O0003636-3,SKU00371,1,48.42,48.42,,0.0,48.42
O0003636,O0003636-4,SKU00192,2,37.74,75.48,,0.0,75.48
O0003637,O0003637-1,SKU00349,1,18.05,18.05,,0.0,18.05
O0003637,O0003637-2,SKU00053,1,49.62,49.62,,0.0,49.62
O0003638,O0003638-1,SKU00027,2,11.75,23.5,,0.0,23.5
O0003638,O0003638-2,SKU00178,2,55.23,110.46,,0.0,110.46
O0003639,O0003639-1,SKU00137,1,60.17,60.17,,0.0,60.17
O0003639,O0003639-2,SKU00321,1,13.85,13.85,,0.0,13.85
O0003639,O0003639-3,SKU00348,1,64.96,64.96,,0.0,64.96
O0003639,O0003639-4,SKU00125,1,30.05,30.05,P0046,6.01,24.04
O0003640,O0003640-1,SKU00021,1,49.41,49.41,,0.0,49.41
O0003641,O0003641-1,SKU00346,2,102.61,205.22,,0.0,205.22
O0003642,O0003642-1,SKU00135,1,42.96,42.96,,0.0,42.96
O0003642,O0003642-2,SKU00245,1,49.62,49.62,P0021,7.44,42.18
O0003642,O0003642-3,SKU00084,1,33.92,33.92,,0.0,33.92
O0003642,O0003642-4,SKU00037,1,30.33,30.33,P0046,6.07,24.26
O0003643,O0003643-1,SKU00366,1,33.09,33.09,,0.0,33.09
O0003643,O0003643-2,SKU00146,2,60.33,120.66,,0.0,120.66
O0003643,O0003643-3,SKU00223,2,22.77,45.54,,0.0,45.54
O0003643,O0003643-4,SKU00300,1,29.05,29.05,,0.0,29.05
O0003644,O0003644-1,SKU00237,1,54.4,54.4,,0.0,54.4
O0003644,O0003644-2,SKU00261,1,86.51,86.51,,0.0,86.51
O0003644,O0003644-3,SKU00131,1,34.39,34.39,,0.0,34.39
O0003645,O0003645-1,SKU00164,1,38.71,38.71,,0.0,38.71
O0003646,O0003646-1,SKU00274,1,14.47,14.47,,0.0,14.47
O0003646,O0003646-2,SKU00101,2,33.02,66.04,,0.0,66.04
O0003647,O0003647-1,SKU00278,1,54.54,54.54,,0.0,54.54
O0003647,O0003647-2,SKU00400,1,33.96,33.96,,0.0,33.96
O0003647,O0003647-3,SKU00069,1,19.77,19.77,,0.0,19.77
O0003648,O0003648-1,SKU00139,1,52.17,52.17,,0.0,52.17
O0003649,O0003649-1,SKU00180,1,37.89,37.89,P0038,7.58,30.31
O0003649,O0003649-2,SKU00209,1,102.17,102.17,,0.0,102.17
O0003650,O0003650-1,SKU00125,1,30.05,30.05,,0.0,30.05
O0003651,O0003651-1,SKU00117,2,30.62,61.24,,0.0,61.24
O0003651,O0003651-2,SKU00304,1,28.55,28.55,,0.0,28.55
O0003652,O0003652-1,SKU00217,1,31.07,31.07,,0.0,31.07
O0003652,O0003652-2,SKU00294,1,47.23,47.23,P0046,9.45,37.78
O0003652,O0003652-3,SKU00203,3,71.32,213.96,,0.0,213.96
O0003652,O0003652-4,SKU00166,1,65.47,65.47,,0.0,65.47
O0003653,O0003653-1,SKU00334,1,17.99,17.99,,0.0,17.99
O0003654,O0003654-1,SKU00336,1,54.95,54.95,,0.0,54.95
O0003654,O0003654-2,SKU00097,1,30.01,30.01,,0.0,30.01
O0003654,O0003654-3,SKU00254,1,18.56,18.56,,0.0,18.56
O0003654,O0003654-4,SKU00053,1,49.62,49.62,,0.0,49.62
O0003655,O0003655-1,SKU00047,2,79.17,158.34,,0.0,158.34
O0003656,O0003656-1,SKU00227,1,105.48,105.48,P0046,21.1,84.38
O0003657,O0003657-1,SKU00126,1,40.15,40.15,,0.0,40.15
O0003658,O0003658-1,SKU00176,2,24.92,49.84,,0.0,49.84
O0003658,O0003658-2,SKU00018,1,20.66,20.66,,0.0,20.66
O0003658,O0003658-3,SKU00328,1,35.12,35.12,,0.0,35.12
O0003659,O0003659-1,SKU00128,1,24.13,24.13,,0.0,24.13
O0003659,O0003659-2,SKU00005,1,8.67,8.67,,0.0,8.67
O0003659,O0003659-3,SKU00368,1,19.96,19.96,P0046,3.99,15.97
O0003660,O0003660-1,SKU00120,2,19.69,39.38,,0.0,39.38
O0003660,O0003660-2,SKU00218,1,16.49,16.49,,0.0,16.49
O0003661,O0003661-1,SKU00261,1,86.51,86.51,,0.0,86.51
O0003661,O0003661-2,SKU00175,1,44.19,44.19,,0.0,44.19
O0003662,O0003662-1,SKU00045,1,35.31,35.31,,0.0,35.31
O0003662,O0003662-2,SKU00066,1,52.48,52.48,,0.0,52.48
O0003662,O0003662-3,SKU00113,2,49.01,98.02,,0.0,98.02
O0003662,O0003662-4,SKU00099,3,22.33,66.99,P0021,10.05,56.94
O0003663,O0003663-1,SKU00243,1,34.82,34.82,,0.0,34.82
O0003663,O0003663-2,SKU00228,1,106.95,106.95,,0.0,106.95
O0003664,O0003664-1,SKU00270,1,46.55,46.55,,0.0,46.55
O0003664,O0003664-2,SKU00391,1,57.23,57.23,,0.0,57.23
O0003664,O0003664-3,SKU00033,1,24.44,24.44,,0.0,24.44
O0003665,O0003665-1,SKU00080,1,45.12,45.12,,0.0,45.12
O0003666,O0003666-1,SKU00238,1,69.04,69.04,,0.0,69.04
O0003667,O0003667-1,SKU00097,2,30.01,60.02,,0.0,60.02
O0003668,O0003668-1,SKU00293,1,70.96,70.96,,0.0,70.96
O0003668,O0003668-2,SKU00087,1,22.83,22.83,,0.0,22.83
O0003669,O0003669-1,SKU00396,2,15.54,31.08,,0.0,31.08
O0003670,O0003670-1,SKU00351,1,52.83,52.83,,0.0,52.83
O0003670,O0003670-2,SKU00329,1,37.64,37.64,,0.0,37.64
O0003670,O0003670-3,SKU00215,1,33.08,33.08,P0046,6.62,26.46
O0003671,O0003671-1,SKU00366,1,33.09,33.09,,0.0,33.09
O0003671,O0003671-2,SKU00027,2,11.75,23.5,,0.0,23.5
O0003672,O0003672-1,SKU00391,1,57.23,57.23,,0.0,57.23
O0003673,O0003673-1,SKU00074,1,76.62,76.62,,0.0,76.62
O0003673,O0003673-2,SKU00287,1,61.4,61.4,,0.0,61.4
O0003674,O0003674-1,SKU00020,1,42.57,42.57,,0.0,42.57
O0003674,O0003674-2,SKU00253,1,51.01,51.01,,0.0,51.01
O0003675,O0003675-1,SKU00379,1,36.36,36.36,,0.0,36.36
O0003676,O0003676-1,SKU00211,2,88.68,177.36,,0.0,177.36
O0003676,O0003676-2,SKU00222,3,30.96,92.88,,0.0,92.88
O0003676,O0003676-3,SKU00108,1,19.31,19.31,P0021,2.9,16.41
O0003677,O0003677-1,SKU00190,1,45.12,45.12,P0021,6.77,38.35
O0003678,O0003678-1,SKU00128,1,24.13,24.13,,0.0,24.13
O0003679,O0003679-1,SKU00012,3,9.88,29.64,,0.0,29.64
O0003680,O0003680-1,SKU00290,1,42.67,42.67,P0046,8.53,34.14
O0003680,O0003680-2,SKU00166,1,65.47,65.47,,0.0,65.47
O0003681,O0003681-1,SKU00025,1,42.44,42.44,P0046,8.49,33.95
O0003681,O0003681-2,SKU00248,1,48.06,48.06,,0.0,48.06
O0003682,O0003682-1,SKU00033,1,24.44,24.44,,0.0,24.44
O0003682,O0003682-2,SKU00209,1,102.17,102.17,,0.0,102.17
O0003682,O0003682-3,SKU00111,1,50.04,50.04,,0.0,50.04
O0003683,O0003683-1,SKU00328,1,35.12,35.12,,0.0,35.12
O0003683,O0003683-2,SKU00170,2,29.26,58.52,,0.0,58.52
O0003684,O0003684-1,SKU00242,1,41.5,41.5,,0.0,41.5
O0003684,O0003684-2,SKU00362,1,26.77,26.77,,0.0,26.77
O0003685,O0003685-1,SKU00084,1,33.92,33.92,,0.0,33.92
O0003686,O0003686-1,SKU00108,1,19.31,19.31,,0.0,19.31
O0003686,O0003686-2,SKU00135,3,42.96,128.88,,0.0,128.88
O0003687,O0003687-1,SKU00107,1,64.03,64.03,,0.0,64.03
O0003687,O0003687-2,SKU00045,1,35.31,35.31,,0.0,35.31
O0003688,O0003688-1,SKU00132,1,44.43,44.43,,0.0,44.43
O0003688,O0003688-2,SKU00241,1,46.38,46.38,,0.0,46.38
O0003688,O0003688-3,SKU00153,1,61.1,61.1,P0046,12.22,48.88
O0003689,O0003689-1,SKU00094,1,56.4,56.4,,0.0,56.4
O0003689,O0003689-2,SKU00229,1,74.74,74.74,,0.0,74.74
O0003689,O0003689-3,SKU00275,1,50.32,50.32,,0.0,50.32
O0003689,O0003689-4,SKU00102,2,12.21,24.42,,0.0,24.42
O0003690,O0003690-1,SKU00183,3,17.38,52.14,,0.0,52.14
O0003690,O0003690-2,SKU00279,1,31.74,31.74,P0046,6.35,25.39
O0003690,O0003690-3,SKU00184,2,34.06,68.12,,0.0,68.12
O0003690,O0003690-4,SKU00041,1,31.32,31.32,,0.0,31.32
O0003691,O0003691-1,SKU00314,1,39.09,39.09,,0.0,39.09
O0003692,O0003692-1,SKU00251,1,23.58,23.58,,0.0,23.58
O0003692,O0003692-2,SKU00110,2,38.93,77.86,,0.0,77.86
O0003692,O0003692-3,SKU00147,1,41.64,41.64,,0.0,41.64
O0003693,O0003693-1,SKU00286,1,54.7,54.7,,0.0,54.7
O0003694,O0003694-1,SKU00293,3,70.96,212.88,,0.0,212.88
O0003695,O0003695-1,SKU00392,1,45.36,45.36,,0.0,45.36
O0003695,O0003695-2,SKU00060,1,76.86,76.86,,0.0,76.86
O0003696,O0003696-1,SKU00106,1,24.61,24.61,,0.0,24.61
O0003696,O0003696-2,SKU00104,1,73.97,73.97,P0021,11.1,62.87
O0003697,O0003697-1,SKU00317,1,32.85,32.85,,0.0,32.85
O0003697,O0003697-2,SKU00275,1,50.32,50.32,,0.0,50.32
O0003698,O0003698-1,SKU00306,1,36.9,36.9,,0.0,36.9
O0003698,O0003698-2,SKU00136,1,52.74,52.74,,0.0,52.74
O0003698,O0003698-3,SKU00227,1,105.48,105.48,,0.0,105.48
O0003699,O0003699-1,SKU00390,2,38.26,76.52,,0.0,76.52
O0003700,O0003700-1,SKU00152,1,57.95,57.95,,0.0,57.95
O0003700,O0003700-2,SKU00062,1,38.63,38.63,,0.0,38.63
O0003701,O0003701-1,SKU00350,1,53.2,53.2,,0.0,53.2
O0003702,O0003702-1,SKU00120,1,19.69,19.69,,0.0,19.69
O0003702,O0003702-2,SKU00138,1,17.97,17.97,,0.0,17.97
O0003703,O0003703-1,SKU00377,1,39.6,39.6,,0.0,39.6
O0003703,O0003703-2,SKU00382,3,19.75,59.25,,0.0,59.25
O0003704,O0003704-1,SKU00366,1,33.09,33.09,,0.0,33.09
O0003704,O0003704-2,SKU00056,1,38.71,38.71,,0.0,38.71
O0003705,O0003705-1,SKU00275,1,50.32,50.32,,0.0,50.32
O0003705,O0003705-2,SKU00056,3,38.71,116.13,,0.0,116.13
O0003705,O0003705-3,SKU00114,1,29.46,29.46,,0.0,29.46
O0003706,O0003706-1,SKU00180,1,37.89,37.89,,0.0,37.89
O0003706,O0003706-2,SKU00121,1,58.38,58.38,,0.0,58.38
O0003706,O0003706-3,SKU00340,1,30.34,30.34,,0.0,30.34
O0003707,O0003707-1,SKU00228,2,106.95,213.9,,0.0,213.9
O0003707,O0003707-2,SKU00258,1,50.85,50.85,,0.0,50.85
O0003708,O0003708-1,SKU00018,2,20.66,41.32,,0.0,41.32
O0003709,O0003709-1,SKU00352,1,37.11,37.11,,0.0,37.11
O0003709,O0003709-2,SKU00252,1,57.03,57.03,,0.0,57.03
O0003710,O0003710-1,SKU00332,1,104.52,104.52,,0.0,104.52
O0003710,O0003710-2,SKU00327,2,44.41,88.82,,0.0,88.82
O0003710,O0003710-3,SKU00273,1,56.47,56.47,,0.0,56.47
O0003711,O0003711-1,SKU00349,1,18.05,18.05,,0.0,18.05
O0003711,O0003711-2,SKU00274,2,14.47,28.94,,0.0,28.94
O0003712,O0003712-1,SKU00190,1,45.12,45.12,,0.0,45.12
O0003712,O0003712-2,SKU00219,1,65.58,65.58,,0.0,65.58
O0003712,O0003712-3,SKU00233,1,21.18,21.18,,0.0,21.18
O0003713,O0003713-1,SKU00255,1,82.33,82.33,,0.0,82.33
O0003713,O0003713-2,SKU00339,2,36.52,73.04,,0.0,73.04
O0003713,O0003713-3,SKU00225,2,25.36,50.72,,0.0,50.72
O0003714,O0003714-1,SKU00139,1,52.17,52.17,,0.0,52.17
O0003714,O0003714-2,SKU00311,1,60.22,60.22,,0.0,60.22
O0003714,O0003714-3,SKU00228,1,106.95,106.95,,0.0,106.95
O0003715,O0003715-1,SKU00150,1,41.46,41.46,,0.0,41.46
O0003715,O0003715-2,SKU00250,1,32.56,32.56,,0.0,32.56
O0003715,O0003715-3,SKU00242,2,41.5,83.0,,0.0,83.0
O0003716,O0003716-1,SKU00390,3,38.26,114.78,,0.0,114.78
O0003716,O0003716-2,SKU00361,1,44.18,44.18,,0.0,44.18
O0003717,O0003717-1,SKU00279,1,31.74,31.74,,0.0,31.74
O0003718,O0003718-1,SKU00053,1,49.62,49.62,,0.0,49.62
O0003719,O0003719-1,SKU00278,1,54.54,54.54,,0.0,54.54
O0003719,O0003719-2,SKU00306,1,36.9,36.9,,0.0,36.9
O0003720,O0003720-1,SKU00144,1,27.92,27.92,,0.0,27.92
O0003721,O0003721-1,SKU00315,1,65.19,65.19,,0.0,65.19
O0003721,O0003721-2,SKU00374,1,34.49,34.49,,0.0,34.49
O0003721,O0003721-3,SKU00382,1,19.75,19.75,,0.0,19.75
O0003721,O0003721-4,SKU00276,1,22.08,22.08,,0.0,22.08
O0003722,O0003722-1,SKU00266,1,28.62,28.62,,0.0,28.62
O0003722,O0003722-2,SKU00364,1,45.23,45.23,,0.0,45.23
O0003722,O0003722-3,SKU00286,1,54.7,54.7,,0.0,54.7
O0003722,O0003722-4,SKU00226,2,84.67,169.34,,0.0,169.34
O0003723,O0003723-1,SKU00216,2,68.72,137.44,,0.0,137.44
O0003723,O0003723-2,SKU00369,1,42.23,42.23,,0.0,42.23
O0003723,O0003723-3,SKU00051,1,57.83,57.83,,0.0,57.83
O0003724,O0003724-1,SKU00001,1,32.38,32.38,P0021,4.86,27.52
O0003724,O0003724-2,SKU00202,1,80.2,80.2,,0.0,80.2
O0003725,O0003725-1,SKU00119,1,37.15,37.15,,0.0,37.15
O0003726,O0003726-1,SKU00261,2,86.51,173.02,,0.0,173.02
O0003727,O0003727-1,SKU00009,1,52.68,52.68,,0.0,52.68
O0003727,O0003727-2,SKU00270,2,46.55,93.1,,0.0,93.1
O0003727,O0003727-3,SKU00117,1,30.62,30.62,,0.0,30.62
O0003728,O0003728-1,SKU00318,1,30.41,30.41,P0021,4.56,25.85
O0003728,O0003728-2,SKU00226,2,84.67,169.34,,0.0,169.34
O0003728,O0003728-3,SKU00351,1,52.83,52.83,,0.0,52.83
O0003729,O0003729-1,SKU00109,1,88.61,88.61,,0.0,88.61
O0003730,O0003730-1,SKU00341,1,47.08,47.08,,0.0,47.08
O0003730,O0003730-2,SKU00253,1,51.01,51.01,,0.0,51.01
O0003730,O0003730-3,SKU00297,1,39.78,39.78,,0.0,39.78
O0003730,O0003730-4,SKU00217,1,31.07,31.07,,0.0,31.07
O0003731,O0003731-1,SKU00074,1,76.62,76.62,,0.0,76.62
O0003732,O0003732-1,SKU00255,1,82.33,82.33,,0.0,82.33
O0003733,O0003733-1,SKU00192,1,37.74,37.74,,0.0,37.74
O0003733,O0003733-2,SKU00003,1,28.95,28.95,,0.0,28.95
O0003733,O0003733-3,SKU00273,1,56.47,56.47,P0046,11.29,45.18
O0003733,O0003733-4,SKU00152,1,57.95,57.95,P0038,11.59,46.36
O0003734,O0003734-1,SKU00118,1,21.46,21.46,,0.0,21.46
O0003734,O0003734-2,SKU00334,2,17.99,35.98,,0.0,35.98
O0003734,O0003734-3,SKU00240,1,78.86,78.86,,0.0,78.86
O0003734,O0003734-4,SKU00118,1,21.46,21.46,,0.0,21.46
O0003735,O0003735-1,SKU00088,1,49.61,49.61,,0.0,49.61
O0003736,O0003736-1,SKU00003,3,28.95,86.85,P0046,17.37,69.48
O0003736,O0003736-2,SKU00069,2,19.77,39.54,,0.0,39.54
O0003737,O0003737-1,SKU00336,1,54.95,54.95,,0.0,54.95
O0003738,O0003738-1,SKU00013,1,31.04,31.04,P0046,6.21,24.83
O0003739,O0003739-1,SKU00269,1,28.75,28.75,,0.0,28.75
O0003740,O0003740-1,SKU00190,1,45.12,45.12,,0.0,45.12
O0003740,O0003740-2,SKU00226,1,84.67,84.67,,0.0,84.67
O0003741,O0003741-1,SKU00357,1,23.0,23.0,,0.0,23.0
O0003742,O0003742-1,SKU00177,1,41.83,41.83,,0.0,41.83
O0003742,O0003742-2,SKU00055,1,66.78,66.78,,0.0,66.78
O0003742,O0003742-3,SKU00294,3,47.23,141.69,P0046,28.34,113.35
O0003742,O0003742-4,SKU00331,1,21.15,21.15,,0.0,21.15
O0003743,O0003743-1,SKU00165,1,18.9,18.9,,0.0,18.9
O0003743,O0003743-2,SKU00252,1,57.03,57.03,,0.0,57.03
O0003743,O0003743-3,SKU00347,1,61.23,61.23,,0.0,61.23
O0003744,O0003744-1,SKU00317,1,32.85,32.85,,0.0,32.85
O0003744,O0003744-2,SKU00013,3,31.04,93.12,,0.0,93.12
O0003745,O0003745-1,SKU00268,1,43.83,43.83,,0.0,43.83
O0003746,O0003746-1,SKU00246,1,38.15,38.15,,0.0,38.15
O0003747,O0003747-1,SKU00385,1,57.12,57.12,,0.0,57.12
O0003748,O0003748-1,SKU00289,1,47.79,47.79,,0.0,47.79
O0003749,O0003749-1,SKU00395,1,26.26,26.26,,0.0,26.26
O0003750,O0003750-1,SKU00315,2,65.19,130.38,,0.0,130.38
O0003750,O0003750-2,SKU00159,1,47.62,47.62,,0.0,47.62
O0003751,O0003751-1,SKU00213,1,45.05,45.05,,0.0,45.05
O0003752,O0003752-1,SKU00051,1,57.83,57.83,,0.0,57.83
O0003752,O0003752-2,SKU00110,1,38.93,38.93,,0.0,38.93
O0003753,O0003753-1,SKU00281,1,52.93,52.93,P0021,7.94,44.99
O0003754,O0003754-1,SKU00155,1,44.19,44.19,,0.0,44.19
O0003754,O0003754-2,SKU00023,1,57.22,57.22,,0.0,57.22
O0003754,O0003754-3,SKU00110,1,38.93,38.93,,0.0,38.93
O0003754,O0003754-4,SKU00249,1,31.28,31.28,P0046,6.26,25.02
O0003755,O0003755-1,SKU00248,1,48.06,48.06,P0038,9.61,38.45
O0003756,O0003756-1,SKU00327,1,44.41,44.41,,0.0,44.41
O0003756,O0003756-2,SKU00053,1,49.62,49.62,,0.0,49.62
O0003757,O0003757-1,SKU00270,1,46.55,46.55,,0.0,46.55
O0003757,O0003757-2,SKU00136,1,52.74,52.74,,0.0,52.74
O0003758,O0003758-1,SKU00190,1,45.12,45.12,P0021,6.77,38.35
O0003759,O0003759-1,SKU00220,2,42.7,85.4,,0.0,85.4
O0003759,O0003759-2,SKU00282,1,46.15,46.15,,0.0,46.15
O0003759,O0003759-3,SKU00159,1,47.62,47.62,,0.0,47.62
O0003760,O0003760-1,SKU00209,1,102.17,102.17,,0.0,102.17
O0003760,O0003760-2,SKU00279,2,31.74,63.48,P0046,12.7,50.78
O0003760,O0003760-3,SKU00389,3,51.94,155.82,,0.0,155.82
O0003761,O0003761-1,SKU00143,1,18.48,18.48,,0.0,18.48
O0003762,O0003762-1,SKU00012,1,9.88,9.88,,0.0,9.88
O0003762,O0003762-2,SKU00260,1,38.96,38.96,,0.0,38.96
O0003763,O0003763-1,SKU00168,1,26.49,26.49,,0.0,26.49
O0003764,O0003764-1,SKU00171,1,60.15,60.15,,0.0,60.15
O0003765,O0003765-1,SKU00340,1,30.34,30.34,,0.0,30.34
O0003765,O0003765-2,SKU00015,2,66.48,132.96,,0.0,132.96
O0003765,O0003765-3,SKU00360,1,93.89,93.89,,0.0,93.89
O0003765,O0003765-4,SKU00371,1,48.42,48.42,,0.0,48.42
O0003766,O0003766-1,SKU00139,1,52.17,52.17,,0.0,52.17
O0003767,O0003767-1,SKU00168,1,26.49,26.49,,0.0,26.49
O0003767,O0003767-2,SKU00318,1,30.41,30.41,P0021,4.56,25.85
O0003767,O0003767-3,SKU00161,1,12.51,12.51,,0.0,12.51
O0003768,O0003768-1,SKU00115,1,25.28,25.28,,0.0,25.28
O0003769,O0003769-1,SKU00140,1,56.17,56.17,,0.0,56.17
O0003769,O0003769-2,SKU00006,1,31.28,31.28,,0.0,31.28
O0003770,O0003770-1,SKU00228,1,106.95,106.95,,0.0,106.95
O0003770,O0003770-2,SKU00129,1,38.65,38.65,P0021,5.8,32.85
O0003770,O0003770-3,SKU00022,1,28.83,28.83,,0.0,28.83
O0003771,O0003771-1,SKU00252,1,57.03,57.03,,0.0,57.03
O0003771,O0003771-2,SKU00319,1,45.64,45.64,P0046,9.13,36.51
O0003771,O0003771-3,SKU00350,1,53.2,53.2,,0.0,53.2
O0003772,O0003772-1,SKU00292,1,51.63,51.63,,0.0,51.63
O0003772,O0003772-2,SKU00351,1,52.83,52.83,,0.0,52.83
O0003773,O0003773-1,SKU00155,1,44.19,44.19,,0.0,44.19
O0003773,O0003773-2,SKU00275,1,50.32,50.32,,0.0,50.32
O0003774,O0003774-1,SKU00020,1,42.57,42.57,,0.0,42.57
O0003775,O0003775-1,SKU00232,1,34.95,34.95,,0.0,34.95
O0003776,O0003776-1,SKU00315,1,65.19,65.19,P0038,13.04,52.15
O0003777,O0003777-1,SKU00006,1,31.28,31.28,,0.0,31.28
O0003777,O0003777-2,SKU00303,1,66.84,66.84,,0.0,66.84
O0003777,O0003777-3,SKU00393,1,14.38,14.38,,0.0,14.38
O0003778,O0003778-1,SKU00204,1,59.25,59.25,,0.0,59.25
O0003778,O0003778-2,SKU00377,2,39.6,79.2,P0038,15.84,63.36
O0003778,O0003778-3,SKU00295,2,42.42,84.84,,0.0,84.84
O0003779,O0003779-1,SKU00058,1,55.01,55.01,,0.0,55.01
O0003780,O0003780-1,SKU00307,3,36.83,110.49,,0.0,110.49
O0003780,O0003780-2,SKU00233,1,21.18,21.18,,0.0,21.18
O0003781,O0003781-1,SKU00307,2,36.83,73.66,,0.0,73.66
O0003782,O0003782-1,SKU00083,1,54.82,54.82,,0.0,54.82
O0003783,O0003783-1,SKU00334,1,17.99,17.99,,0.0,17.99
O0003784,O0003784-1,SKU00143,3,18.48,55.44,,0.0,55.44
O0003784,O0003784-2,SKU00044,1,26.97,26.97,,0.0,26.97
O0003784,O0003784-3,SKU00206,1,31.05,31.05,,0.0,31.05
O0003784,O0003784-4,SKU00258,1,50.85,50.85,,0.0,50.85
O0003785,O0003785-1,SKU00306,3,36.9,110.7,,0.0,110.7
O0003786,O0003786-1,SKU00332,1,104.52,104.52,,0.0,104.52
O0003786,O0003786-2,SKU00002,1,57.3,57.3,,0.0,57.3
O0003786,O0003786-3,SKU00289,1,47.79,47.79,,0.0,47.79
O0003787,O0003787-1,SKU00104,1,73.97,73.97,,0.0,73.97
O0003787,O0003787-2,SKU00175,1,44.19,44.19,,0.0,44.19
O0003787,O0003787-3,SKU00152,1,57.95,57.95,,0.0,57.95
O0003788,O0003788-1,SKU00237,1,54.4,54.4,,0.0,54.4
O0003788,O0003788-2,SKU00075,1,53.82,53.82,,0.0,53.82
O0003789,O0003789-1,SKU00026,1,45.44,45.44,P0021,6.82,38.62
O0003789,O0003789-2,SKU00011,3,31.25,93.75,,0.0,93.75
O0003789,O0003789-3,SKU00075,1,53.82,53.82,,0.0,53.82
O0003790,O0003790-1,SKU00290,2,42.67,85.34,P0046,17.07,68.27
O0003791,O0003791-1,SKU00079,3,43.31,129.93,P0038,25.99,103.94
O0003791,O0003791-2,SKU00236,1,32.17,32.17,,0.0,32.17
O0003792,O0003792-1,SKU00308,1,57.22,57.22,,0.0,57.22
O0003792,O0003792-2,SKU00268,1,43.83,43.83,P0021,6.57,37.26
O0003793,O0003793-1,SKU00089,3,49.77,149.31,,0.0,149.31
O0003793,O0003793-2,SKU00391,1,57.23,57.23,,0.0,57.23
O0003794,O0003794-1,SKU00382,2,19.75,39.5,,0.0,39.5
O0003795,O0003795-1,SKU00209,1,102.17,102.17,,0.0,102.17
O0003795,O0003795-2,SKU00335,1,18.97,18.97,,0.0,18.97
O0003795,O0003795-3,SKU00204,1,59.25,59.25,,0.0,59.25
O0003796,O0003796-1,SKU00097,1,30.01,30.01,,0.0,30.01
O0003796,O0003796-2,SKU00140,1,56.17,56.17,,0.0,56.17
O0003796,O0003796-3,SKU00174,1,57.96,57.96,,0.0,57.96
O0003796,O0003796-4,SKU00393,1,14.38,14.38,,0.0,14.38
O0003797,O0003797-1,SKU00382,1,19.75,19.75,,0.0,19.75
O0003797,O0003797-2,SKU00324,1,70.29,70.29,P0046,14.06,56.23
O0003798,O0003798-1,SKU00181,1,47.26,47.26,,0.0,47.26
O0003799,O0003799-1,SKU00178,1,55.23,55.23,P0021,8.28,46.95
O0003799,O0003799-2,SKU00172,1,17.17,17.17,,0.0,17.17
O0003800,O0003800-1,SKU00294,1,47.23,47.23,,0.0,47.23
O0003800,O0003800-2,SKU00224,2,53.56,107.12,,0.0,107.12
O0003801,O0003801-1,SKU00235,1,46.43,46.43,,0.0,46.43
O0003802,O0003802-1,SKU00296,1,48.03,48.03,,0.0,48.03
O0003802,O0003802-2,SKU00324,1,70.29,70.29,,0.0,70.29
O0003802,O0003802-3,SKU00100,3,17.02,51.06,,0.0,51.06
O0003803,O0003803-1,SKU00145,1,34.93,34.93,,0.0,34.93
O0003804,O0003804-1,SKU00047,1,79.17,79.17,,0.0,79.17
O0003805,O0003805-1,SKU00122,3,22.77,68.31,,0.0,68.31
O0003805,O0003805-2,SKU00018,1,20.66,20.66,,0.0,20.66
O0003805,O0003805-3,SKU00163,1,29.45,29.45,,0.0,29.45
O0003806,O0003806-1,SKU00060,1,76.86,76.86,,0.0,76.86
O0003806,O0003806-2,SKU00334,2,17.99,35.98,,0.0,35.98
O0003807,O0003807-1,SKU00197,1,32.23,32.23,,0.0,32.23
O0003808,O0003808-1,SKU00144,1,27.92,27.92,P0021,4.19,23.73
O0003808,O0003808-2,SKU00225,1,25.36,25.36,,0.0,25.36
O0003808,O0003808-3,SKU00027,1,11.75,11.75,,0.0,11.75
O0003809,O0003809-1,SKU00140,1,56.17,56.17,,0.0,56.17
O0003810,O0003810-1,SKU00160,3,42.59,127.77,,0.0,127.77
O0003810,O0003810-2,SKU00382,1,19.75,19.75,,0.0,19.75
O0003811,O0003811-1,SKU00293,1,70.96,70.96,,0.0,70.96
O0003811,O0003811-2,SKU00275,1,50.32,50.32,,0.0,50.32
O0003812,O0003812-1,SKU00233,1,21.18,21.18,,0.0,21.18
O0003813,O0003813-1,SKU00334,2,17.99,35.98,,0.0,35.98
O0003813,O0003813-2,SKU00081,1,30.86,30.86,,0.0,30.86
O0003814,O0003814-1,SKU00270,1,46.55,46.55,,0.0,46.55
O0003814,O0003814-2,SKU00205,2,35.8,71.6,P0021,10.74,60.86
O0003815,O0003815-1,SKU00285,1,40.54,40.54,,0.0,40.54
O0003815,O0003815-2,SKU00197,1,32.23,32.23,,0.0,32.23
O0003815,O0003815-3,SKU00082,1,35.63,35.63,,0.0,35.63
O0003815,O0003815-4,SKU00387,1,38.08,38.08,P0046,7.62,30.46
O0003816,O0003816-1,SKU00352,1,37.11,37.11,,0.0,37.11
O0003817,O0003817-1,SKU00042,1,72.45,72.45,,0.0,72.45
O0003818,O0003818-1,SKU00149,1,26.89,26.89,,0.0,26.89
O0003818,O0003818-2,SKU00363,1,45.39,45.39,,0.0,45.39
O0003819,O0003819-1,SKU00211,1,88.68,88.68,,0.0,88.68
O0003819,O0003819-2,SKU00242,1,41.5,41.5,,0.0,41.5
O0003820,O0003820-1,SKU00343,1,45.56,45.56,,0.0,45.56
O0003821,O0003821-1,SKU00149,1,26.89,26.89,,0.0,26.89
O0003822,O0003822-1,SKU00395,1,26.26,26.26,,0.0,26.26
O0003822,O0003822-2,SKU00392,1,45.36,45.36,,0.0,45.36
O0003823,O0003823-1,SKU00003,1,28.95,28.95,,0.0,28.95
O0003823,O0003823-2,SKU00270,1,46.55,46.55,,0.0,46.55
O0003823,O0003823-3,SKU00294,1,47.23,47.23,,0.0,47.23
O0003823,O0003823-4,SKU00325,1,27.6,27.6,,0.0,27.6
O0003824,O0003824-1,SKU00313,1,49.13,49.13,,0.0,49.13
O0003824,O0003824-2,SKU00128,1,24.13,24.13,,0.0,24.13
O0003824,O0003824-3,SKU00324,1,70.29,70.29,,0.0,70.29
O0003824,O0003824-4,SKU00299,1,33.57,33.57,,0.0,33.57
O0003825,O0003825-1,SKU00077,1,17.01,17.01,,0.0,17.01
O0003825,O0003825-2,SKU00124,1,29.76,29.76,,0.0,29.76
O0003826,O0003826-1,SKU00069,1,19.77,19.77,,0.0,19.77
O0003827,O0003827-1,SKU00379,1,36.36,36.36,,0.0,36.36
O0003827,O0003827-2,SKU00383,1,37.66,37.66,,0.0,37.66
O0003828,O0003828-1,SKU00398,1,85.14,85.14,,0.0,85.14
O0003828,O0003828-2,SKU00259,2,40.89,81.78,,0.0,81.78
O0003829,O0003829-1,SKU00367,1,50.59,50.59,,0.0,50.59
O0003830,O0003830-1,SKU00043,1,50.54,50.54,,0.0,50.54
O0003830,O0003830-2,SKU00309,1,39.31,39.31,,0.0,39.31
O0003831,O0003831-1,SKU00251,3,23.58,70.74,,0.0,70.74
O0003832,O0003832-1,SKU00374,1,34.49,34.49,,0.0,34.49
O0003832,O0003832-2,SKU00295,1,42.42,42.42,,0.0,42.42
O0003833,O0003833-1,SKU00378,2,38.51,77.02,,0.0,77.02
O0003833,O0003833-2,SKU00247,1,43.87,43.87,,0.0,43.87
O0003833,O0003833-3,SKU00260,1,38.96,38.96,,0.0,38.96
O0003833,O0003833-4,SKU00178,1,55.23,55.23,,0.0,55.23
O0003834,O0003834-1,SKU00167,1,22.6,22.6,,0.0,22.6
O0003834,O0003834-2,SKU00162,3,65.18,195.54,,0.0,195.54
O0003835,O0003835-1,SKU00140,1,56.17,56.17,,0.0,56.17
O0003836,O0003836-1,SKU00153,1,61.1,61.1,P0046,12.22,48.88
O0003836,O0003836-2,SKU00220,1,42.7,42.7,,0.0,42.7
O0003836,O0003836-3,SKU00069,1,19.77,19.77,,0.0,19.77
O0003837,O0003837-1,SKU00350,1,53.2,53.2,,0.0,53.2
O0003837,O0003837-2,SKU00052,1,57.74,57.74,,0.0,57.74
O0003837,O0003837-3,SKU00013,1,31.04,31.04,,0.0,31.04
O0003838,O0003838-1,SKU00248,2,48.06,96.12,,0.0,96.12
O0003839,O0003839-1,SKU00289,1,47.79,47.79,,0.0,47.79
O0003840,O0003840-1,SKU00188,1,58.74,58.74,,0.0,58.74
O0003840,O0003840-2,SKU00278,1,54.54,54.54,,0.0,54.54
O0003840,O0003840-3,SKU00129,1,38.65,38.65,,0.0,38.65
O0003841,O0003841-1,SKU00346,1,102.61,102.61,,0.0,102.61
O0003841,O0003841-2,SKU00293,1,70.96,70.96,,0.0,70.96
O0003842,O0003842-1,SKU00302,3,26.48,79.44,,0.0,79.44
O0003842,O0003842-2,SKU00187,2,39.15,78.3,,0.0,78.3
O0003843,O0003843-1,SKU00024,1,39.92,39.92,,0.0,39.92
O0003843,O0003843-2,SKU00190,2,45.12,90.24,,0.0,90.24
O0003843,O0003843-3,SKU00308,2,57.22,114.44,,0.0,114.44
O0003843,O0003843-4,SKU00231,1,34.06,34.06,,0.0,34.06
O0003844,O0003844-1,SKU00017,1,37.58,37.58,,0.0,37.58
O0003844,O0003844-2,SKU00242,1,41.5,41.5,,0.0,41.5
O0003844,O0003844-3,SKU00102,1,12.21,12.21,,0.0,12.21
O0003845,O0003845-1,SKU00023,1,57.22,57.22,,0.0,57.22
O0003845,O0003845-2,SKU00386,2,42.93,85.86,,0.0,85.86
O0003845,O0003845-3,SKU00193,1,64.21,64.21,,0.0,64.21
O0003846,O0003846-1,SKU00260,3,38.96,116.88,,0.0,116.88
O0003847,O0003847-1,SKU00021,1,49.41,49.41,,0.0,49.41
O0003848,O0003848-1,SKU00395,2,26.26,52.52,,0.0,52.52
O0003848,O0003848-2,SKU00379,1,36.36,36.36,,0.0,36.36
O0003849,O0003849-1,SKU00347,1,61.23,61.23,,0.0,61.23
O0003849,O0003849-2,SKU00127,1,44.81,44.81,,0.0,44.81
O0003849,O0003849-3,SKU00354,1,27.28,27.28,P0046,5.46,21.82
O0003849,O0003849-4,SKU00076,1,31.8,31.8,,0.0,31.8
O0003850,O0003850-1,SKU00242,2,41.5,83.0,,0.0,83.0
O0003850,O0003850-2,SKU00093,1,55.17,55.17,,0.0,55.17
O0003851,O0003851-1,SKU00243,1,34.82,34.82,,0.0,34.82
O0003851,O0003851-2,SKU00158,1,19.54,19.54,,0.0,19.54
O0003851,O0003851-3,SKU00363,1,45.39,45.39,P0021,6.81,38.58
O0003851,O0003851-4,SKU00308,1,57.22,57.22,,0.0,57.22
O0003852,O0003852-1,SKU00180,2,37.89,75.78,,0.0,75.78
O0003853,O0003853-1,SKU00392,3,45.36,136.08,,0.0,136.08
O0003853,O0003853-2,SKU00356,1,12.98,12.98,,0.0,12.98
O0003853,O0003853-3,SKU00140,1,56.17,56.17,,0.0,56.17
O0003854,O0003854-1,SKU00038,1,50.53,50.53,,0.0,50.53
O0003854,O0003854-2,SKU00333,2,45.51,91.02,,0.0,91.02
O0003855,O0003855-1,SKU00253,1,51.01,51.01,,0.0,51.01
O0003855,O0003855-2,SKU00311,1,60.22,60.22,,0.0,60.22
O0003855,O0003855-3,SKU00105,1,52.33,52.33,,0.0,52.33
O0003856,O0003856-1,SKU00154,1,62.36,62.36,,0.0,62.36
O0003856,O0003856-2,SKU00139,1,52.17,52.17,P0046,10.43,41.74
O0003856,O0003856-3,SKU00247,1,43.87,43.87,,0.0,43.87
O0003856,O0003856-4,SKU00377,1,39.6,39.6,,0.0,39.6
O0003857,O0003857-1,SKU00140,3,56.17,168.51,,0.0,168.51
O0003858,O0003858-1,SKU00199,1,60.64,60.64,P0046,12.13,48.51
O0003859,O0003859-1,SKU00218,3,16.49,49.47,,0.0,49.47
O0003859,O0003859-2,SKU00187,1,39.15,39.15,,0.0,39.15
O0003860,O0003860-1,SKU00163,3,29.45,88.35,,0.0,88.35
O0003861,O0003861-1,SKU00232,1,34.95,34.95,,0.0,34.95
O0003861,O0003861-2,SKU00188,1,58.74,58.74,,0.0,58.74
O0003861,O0003861-3,SKU00187,1,39.15,39.15,,0.0,39.15
O0003862,O0003862-1,SKU00058,1,55.01,55.01,,0.0,55.01
O0003862,O0003862-2,SKU00250,1,32.56,32.56,,0.0,32.56
O0003863,O0003863-1,SKU00162,2,65.18,130.36,,0.0,130.36
O0003863,O0003863-2,SKU00163,1,29.45,29.45,,0.0,29.45
O0003864,O0003864-1,SKU00158,1,19.54,19.54,,0.0,19.54
O0003865,O0003865-1,SKU00008,1,26.23,26.23,,0.0,26.23
O0003866,O0003866-1,SKU00161,2,12.51,25.02,,0.0,25.02
O0003867,O0003867-1,SKU00021,2,49.41,98.82,,0.0,98.82
O0003867,O0003867-2,SKU00323,1,39.02,39.02,,0.0,39.02
O0003868,O0003868-1,SKU00078,1,17.22,17.22,,0.0,17.22
O0003869,O0003869-1,SKU00175,1,44.19,44.19,P0021,6.63,37.56
O0003869,O0003869-2,SKU00386,1,42.93,42.93,,0.0,42.93
O0003870,O0003870-1,SKU00165,1,18.9,18.9,,0.0,18.9
O0003870,O0003870-2,SKU00263,1,21.58,21.58,,0.0,21.58
O0003871,O0003871-1,SKU00348,1,64.96,64.96,P0046,12.99,51.97
O0003871,O0003871-2,SKU00392,1,45.36,45.36,P0046,9.07,36.29
O0003872,O0003872-1,SKU00332,1,104.52,104.52,,0.0,104.52
O0003872,O0003872-2,SKU00383,1,37.66,37.66,,0.0,37.66
O0003872,O0003872-3,SKU00385,1,57.12,57.12,,0.0,57.12
O0003872,O0003872-4,SKU00010,2,32.93,65.86,P0046,13.17,52.69
O0003873,O0003873-1,SKU00022,1,28.83,28.83,,0.0,28.83
O0003873,O0003873-2,SKU00162,1,65.18,65.18,,0.0,65.18
O0003874,O0003874-1,SKU00211,1,88.68,88.68,,0.0,88.68
O0003874,O0003874-2,SKU00327,1,44.41,44.41,,0.0,44.41
O0003874,O0003874-3,SKU00255,1,82.33,82.33,,0.0,82.33
O0003875,O0003875-1,SKU00335,1,18.97,18.97,,0.0,18.97
O0003875,O0003875-2,SKU00282,1,46.15,46.15,,0.0,46.15
O0003876,O0003876-1,SKU00049,1,49.27,49.27,,0.0,49.27
O0003876,O0003876-2,SKU00011,1,31.25,31.25,,0.0,31.25
O0003876,O0003876-3,SKU00166,1,65.47,65.47,,0.0,65.47
O0003877,O0003877-1,SKU00205,2,35.8,71.6,,0.0,71.6
O0003877,O0003877-2,SKU00267,2,82.59,165.18,,0.0,165.18
O0003878,O0003878-1,SKU00352,1,37.11,37.11,,0.0,37.11
O0003878,O0003878-2,SKU00233,1,21.18,21.18,,0.0,21.18
O0003878,O0003878-3,SKU00089,1,49.77,49.77,,0.0,49.77
O0003879,O0003879-1,SKU00216,1,68.72,68.72,,0.0,68.72
O0003879,O0003879-2,SKU00108,1,19.31,19.31,P0021,2.9,16.41
O0003880,O0003880-1,SKU00318,1,30.41,30.41,P0021,4.56,25.85
O0003881,O0003881-1,SKU00378,1,38.51,38.51,,0.0,38.51
O0003881,O0003881-2,SKU00387,1,38.08,38.08,,0.0,38.08
O0003882,O0003882-1,SKU00391,1,57.23,57.23,,0.0,57.23
O0003882,O0003882-2,SKU00326,1,34.94,34.94,,0.0,34.94
O0003883,O0003883-1,SKU00049,1,49.27,49.27,,0.0,49.27
O0003883,O0003883-2,SKU00179,2,14.26,28.52,,0.0,28.52
O0003884,O0003884-1,SKU00003,1,28.95,28.95,,0.0,28.95
O0003884,O0003884-2,SKU00368,1,19.96,19.96,,0.0,19.96
O0003885,O0003885-1,SKU00225,1,25.36,25.36,,0.0,25.36
O0003886,O0003886-1,SKU00037,1,30.33,30.33,,0.0,30.33
O0003886,O0003886-2,SKU00053,1,49.62,49.62,,0.0,49.62
O0003886,O0003886-3,SKU00328,1,35.12,35.12,,0.0,35.12
O0003887,O0003887-1,SKU00206,1,31.05,31.05,P0021,4.66,26.39
O0003887,O0003887-2,SKU00333,1,45.51,45.51,P0046,9.1,36.41
O0003888,O0003888-1,SKU00223,1,22.77,22.77,,0.0,22.77
O0003888,O0003888-2,SKU00165,1,18.9,18.9,,0.0,18.9
O0003889,O0003889-1,SKU00323,1,39.02,39.02,P0046,7.8,31.22
O0003889,O0003889-2,SKU00005,3,8.67,26.01,,0.0,26.01
O0003889,O0003889-3,SKU00245,1,49.62,49.62,,0.0,49.62
O0003890,O0003890-1,SKU00158,1,19.54,19.54,,0.0,19.54
O0003890,O0003890-2,SKU00399,1,38.17,38.17,,0.0,38.17
O0003891,O0003891-1,SKU00356,1,12.98,12.98,,0.0,12.98
O0003892,O0003892-1,SKU00189,1,53.14,53.14,,0.0,53.14
O0003893,O0003893-1,SKU00175,1,44.19,44.19,,0.0,44.19
O0003894,O0003894-1,SKU00339,1,36.52,36.52,,0.0,36.52
O0003894,O0003894-2,SKU00041,1,31.32,31.32,,0.0,31.32
O0003895,O0003895-1,SKU00004,1,22.35,22.35,,0.0,22.35
O0003896,O0003896-1,SKU00232,1,34.95,34.95,P0046,6.99,27.96
O0003896,O0003896-2,SKU00361,1,44.18,44.18,,0.0,44.18
O0003896,O0003896-3,SKU00100,1,17.02,17.02,,0.0,17.02
O0003897,O0003897-1,SKU00190,1,45.12,45.12,P0021,6.77,38.35
O0003897,O0003897-2,SKU00219,1,65.58,65.58,,0.0,65.58
O0003897,O0003897-3,SKU00107,2,64.03,128.06,,0.0,128.06
O0003898,O0003898-1,SKU00211,1,88.68,88.68,,0.0,88.68
O0003898,O0003898-2,SKU00332,3,104.52,313.56,,0.0,313.56
O0003898,O0003898-3,SKU00215,1,33.08,33.08,P0046,6.62,26.46
O0003899,O0003899-1,SKU00239,2,15.42,30.84,,0.0,30.84
O0003899,O0003899-2,SKU00123,1,28.95,28.95,,0.0,28.95
O0003900,O0003900-1,SKU00012,1,9.88,9.88,,0.0,9.88
O0003901,O0003901-1,SKU00224,1,53.56,53.56,,0.0,53.56
O0003902,O0003902-1,SKU00385,3,57.12,171.36,,0.0,171.36
O0003902,O0003902-2,SKU00325,1,27.6,27.6,P0021,4.14,23.46
O0003902,O0003902-3,SKU00217,1,31.07,31.07,,0.0,31.07
O0003903,O0003903-1,SKU00126,1,40.15,40.15,,0.0,40.15
O0003903,O0003903-2,SKU00187,1,39.15,39.15,,0.0,39.15
O0003903,O0003903-3,SKU00176,1,24.92,24.92,,0.0,24.92
O0003904,O0003904-1,SKU00126,1,40.15,40.15,,0.0,40.15
O0003905,O0003905-1,SKU00352,2,37.11,74.22,,0.0,74.22
O0003905,O0003905-2,SKU00222,2,30.96,61.92,,0.0,61.92
O0003905,O0003905-3,SKU00311,3,60.22,180.66,,0.0,180.66
O0003906,O0003906-1,SKU00005,2,8.67,17.34,,0.0,17.34
O0003907,O0003907-1,SKU00179,1,14.26,14.26,,0.0,14.26
O0003907,O0003907-2,SKU00090,2,36.81,73.62,,0.0,73.62
O0003908,O0003908-1,SKU00013,1,31.04,31.04,P0046,6.21,24.83
O0003909,O0003909-1,SKU00178,1,55.23,55.23,,0.0,55.23
O0003909,O0003909-2,SKU00197,1,32.23,32.23,,0.0,32.23
O0003910,O0003910-1,SKU00364,1,45.23,45.23,P0021,6.78,38.45
O0003910,O0003910-2,SKU00180,1,37.89,37.89,P0046,7.58,30.31
O0003910,O0003910-3,SKU00229,3,74.74,224.22,,0.0,224.22
O0003911,O0003911-1,SKU00121,1,58.38,58.38,,0.0,58.38
O0003911,O0003911-2,SKU00108,1,19.31,19.31,P0021,2.9,16.41
O0003912,O0003912-1,SKU00209,2,102.17,204.34,,0.0,204.34
O0003912,O0003912-2,SKU00007,1,32.91,32.91,,0.0,32.91
O0003913,O0003913-1,SKU00312,1,39.88,39.88,,0.0,39.88
O0003914,O0003914-1,SKU00085,1,51.96,51.96,P0046,10.39,41.57
O0003915,O0003915-1,SKU00042,1,72.45,72.45,,0.0,72.45
O0003915,O0003915-2,SKU00167,1,22.6,22.6,,0.0,22.6
O0003915,O0003915-3,SKU00295,1,42.42,42.42,,0.0,42.42
O0003915,O0003915-4,SKU00109,1,88.61,88.61,,0.0,88.61
O0003916,O0003916-1,SKU00141,1,78.13,78.13,,0.0,78.13
O0003917,O0003917-1,SKU00129,2,38.65,77.3,,0.0,77.3
O0003917,O0003917-2,SKU00144,2,27.92,55.84,,0.0,55.84
O0003918,O0003918-1,SKU00294,1,47.23,47.23,,0.0,47.23
O0003918,O0003918-2,SKU00264,2,27.04,54.08,,0.0,54.08
O0003918,O0003918-3,SKU00219,1,65.58,65.58,,0.0,65.58
O0003918,O0003918-4,SKU00235,1,46.43,46.43,,0.0,46.43
O0003919,O0003919-1,SKU00123,3,28.95,86.85,,0.0,86.85
O0003919,O0003919-2,SKU00098,1,54.0,54.0,,0.0,54.0
O0003919,O0003919-3,SKU00357,1,23.0,23.0,,0.0,23.0
O0003920,O0003920-1,SKU00063,3,26.13,78.39,,0.0,78.39
O0003920,O0003920-2,SKU00013,1,31.04,31.04,,0.0,31.04
O0003921,O0003921-1,SKU00227,1,105.48,105.48,,0.0,105.48
O0003922,O0003922-1,SKU00213,3,45.05,135.15,,0.0,135.15
O0003922,O0003922-2,SKU00249,1,31.28,31.28,,0.0,31.28
O0003923,O0003923-1,SKU00276,1,22.08,22.08,,0.0,22.08
O0003924,O0003924-1,SKU00300,1,29.05,29.05,,0.0,29.05
O0003925,O0003925-1,SKU00316,1,21.03,21.03,,0.0,21.03
O0003925,O0003925-2,SKU00124,1,29.76,29.76,,0.0,29.76
O0003925,O0003925-3,SKU00236,1,32.17,32.17,,0.0,32.17
O0003926,O0003926-1,SKU00311,1,60.22,60.22,,0.0,60.22
O0003927,O0003927-1,SKU00377,1,39.6,39.6,,0.0,39.6
O0003928,O0003928-1,SKU00383,3,37.66,112.98,,0.0,112.98
O0003928,O0003928-2,SKU00001,1,32.38,32.38,P0021,4.86,27.52
O0003929,O0003929-1,SKU00163,2,29.45,58.9,,0.0,58.9
O0003930,O0003930-1,SKU00088,1,49.61,49.61,,0.0,49.61
O0003930,O0003930-2,SKU00231,1,34.06,34.06,,0.0,34.06
O0003930,O0003930-3,SKU00378,1,38.51,38.51,,0.0,38.51
O0003931,O0003931-1,SKU00174,1,57.96,57.96,,0.0,57.96
O0003932,O0003932-1,SKU00188,1,58.74,58.74,P0046,11.75,46.99
O0003932,O0003932-2,SKU00267,1,82.59,82.59,,0.0,82.59
O0003932,O0003932-3,SKU00099,1,22.33,22.33,P0021,3.35,18.98
O0003932,O0003932-4,SKU00279,1,31.74,31.74,P0046,6.35,25.39
O0003933,O0003933-1,SKU00355,1,41.61,41.61,,0.0,41.61
O0003934,O0003934-1,SKU00248,1,48.06,48.06,,0.0,48.06
O0003934,O0003934-2,SKU00021,1,49.41,49.41,,0.0,49.41
O0003935,O0003935-1,SKU00079,1,43.31,43.31,,0.0,43.31
O0003935,O0003935-2,SKU00026,1,45.44,45.44,,0.0,45.44
O0003935,O0003935-3,SKU00376,1,37.84,37.84,,0.0,37.84
O0003936,O0003936-1,SKU00097,1,30.01,30.01,,0.0,30.01
O0003936,O0003936-2,SKU00071,1,50.63,50.63,,0.0,50.63
O0003937,O0003937-1,SKU00040,2,46.34,92.68,,0.0,92.68
O0003937,O0003937-2,SKU00389,2,51.94,103.88,,0.0,103.88
O0003938,O0003938-1,SKU00306,1,36.9,36.9,,0.0,36.9
O0003938,O0003938-2,SKU00161,2,12.51,25.02,,0.0,25.02
O0003939,O0003939-1,SKU00169,1,38.7,38.7,,0.0,38.7
O0003939,O0003939-2,SKU00174,1,57.96,57.96,,0.0,57.96
O0003939,O0003939-3,SKU00285,1,40.54,40.54,,0.0,40.54
O0003939,O0003939-4,SKU00348,1,64.96,64.96,,0.0,64.96
O0003940,O0003940-1,SKU00131,1,34.39,34.39,,0.0,34.39
O0003940,O0003940-2,SKU00058,2,55.01,110.02,,0.0,110.02
O0003940,O0003940-3,SKU00046,1,23.8,23.8,,0.0,23.8
O0003940,O0003940-4,SKU00154,2,62.36,124.72,,0.0,124.72
O0003941,O0003941-1,SKU00262,1,10.7,10.7,,0.0,10.7
O0003941,O0003941-2,SKU00275,1,50.32,50.32,,0.0,50.32
O0003941,O0003941-3,SKU00151,1,20.05,20.05,,0.0,20.05
O0003942,O0003942-1,SKU00179,2,14.26,28.52,,0.0,28.52
O0003942,O0003942-2,SKU00169,1,38.7,38.7,,0.0,38.7
O0003942,O0003942-3,SKU00309,2,39.31,78.62,,0.0,78.62
O0003943,O0003943-1,SKU00243,1,34.82,34.82,,0.0,34.82
O0003944,O0003944-1,SKU00175,1,44.19,44.19,,0.0,44.19
O0003944,O0003944-2,SKU00104,1,73.97,73.97,P0021,11.1,62.87
O0003945,O0003945-1,SKU00344,1,9.99,9.99,,0.0,9.99
O0003945,O0003945-2,SKU00251,1,23.58,23.58,,0.0,23.58
O0003945,O0003945-3,SKU00312,1,39.88,39.88,,0.0,39.88
O0003946,O0003946-1,SKU00111,2,50.04,100.08,,0.0,100.08
O0003947,O0003947-1,SKU00188,1,58.74,58.74,,0.0,58.74
O0003947,O0003947-2,SKU00232,1,34.95,34.95,P0046,6.99,27.96
O0003948,O0003948-1,SKU00275,1,50.32,50.32,,0.0,50.32
O0003948,O0003948-2,SKU00362,1,26.77,26.77,,0.0,26.77
O0003948,O0003948-3,SKU00108,1,19.31,19.31,P0021,2.9,16.41
O0003949,O0003949-1,SKU00363,1,45.39,45.39,P0021,6.81,38.58
O0003949,O0003949-2,SKU00208,1,15.73,15.73,,0.0,15.73
O0003949,O0003949-3,SKU00400,2,33.96,67.92,,0.0,67.92
O0003950,O0003950-1,SKU00085,1,51.96,51.96,P0046,10.39,41.57
O0003951,O0003951-1,SKU00390,1,38.26,38.26,,0.0,38.26
O0003951,O0003951-2,SKU00350,1,53.2,53.2,,0.0,53.2
O0003952,O0003952-1,SKU00303,1,66.84,66.84,,0.0,66.84
O0003953,O0003953-1,SKU00371,1,48.42,48.42,,0.0,48.42
O0003953,O0003953-2,SKU00326,1,34.94,34.94,,0.0,34.94
O0003953,O0003953-3,SKU00082,1,35.63,35.63,,0.0,35.63
O0003954,O0003954-1,SKU00378,1,38.51,38.51,,0.0,38.51
O0003955,O0003955-1,SKU00180,2,37.89,75.78,,0.0,75.78
O0003956,O0003956-1,SKU00270,1,46.55,46.55,,0.0,46.55
O0003956,O0003956-2,SKU00033,1,24.44,24.44,,0.0,24.44
O0003957,O0003957-1,SKU00295,1,42.42,42.42,,0.0,42.42
O0003958,O0003958-1,SKU00344,1,9.99,9.99,,0.0,9.99
O0003959,O0003959-1,SKU00260,1,38.96,38.96,,0.0,38.96
O0003960,O0003960-1,SKU00346,3,102.61,307.83,,0.0,307.83
O0003960,O0003960-2,SKU00312,2,39.88,79.76,,0.0,79.76
O0003961,O0003961-1,SKU00289,1,47.79,47.79,,0.0,47.79
O0003962,O0003962-1,SKU00221,1,31.0,31.0,,0.0,31.0
O0003963,O0003963-1,SKU00042,1,72.45,72.45,,0.0,72.45
O0003963,O0003963-2,SKU00317,1,32.85,32.85,,0.0,32.85
O0003964,O0003964-1,SKU00196,1,36.14,36.14,,0.0,36.14
O0003964,O0003964-2,SKU00197,1,32.23,32.23,,0.0,32.23
O0003964,O0003964-3,SKU00050,1,25.95,25.95,,0.0,25.95
O0003964,O0003964-4,SKU00202,1,80.2,80.2,,0.0,80.2
O0003965,O0003965-1,SKU00367,2,50.59,101.18,,0.0,101.18
O0003965,O0003965-2,SKU00039,1,59.8,59.8,,0.0,59.8
O0003966,O0003966-1,SKU00279,1,31.74,31.74,P0046,6.35,25.39
O0003967,O0003967-1,SKU00197,1,32.23,32.23,,0.0,32.23
O0003968,O0003968-1,SKU00336,2,54.95,109.9,,0.0,109.9
O0003968,O0003968-2,SKU00316,2,21.03,42.06,,0.0,42.06
O0003968,O0003968-3,SKU00212,1,20.15,20.15,,0.0,20.15
O0003968,O0003968-4,SKU00161,1,12.51,12.51,,0.0,12.51
O0003969,O0003969-1,SKU00382,1,19.75,19.75,,0.0,19.75
O0003970,O0003970-1,SKU00126,2,40.15,80.3,,0.0,80.3
O0003970,O0003970-2,SKU00287,2,61.4,122.8,,0.0,122.8
O0003971,O0003971-1,SKU00040,1,46.34,46.34,,0.0,46.34
O0003971,O0003971-2,SKU00356,2,12.98,25.96,,0.0,25.96
O0003972,O0003972-1,SKU00267,1,82.59,82.59,P0046,16.52,66.07
O0003972,O0003972-2,SKU00197,1,32.23,32.23,,0.0,32.23
O0003972,O0003972-3,SKU00090,1,36.81,36.81,,0.0,36.81
O0003973,O0003973-1,SKU00269,1,28.75,28.75,,0.0,28.75
O0003974,O0003974-1,SKU00248,1,48.06,48.06,,0.0,48.06
O0003974,O0003974-2,SKU00196,2,36.14,72.28,,0.0,72.28
O0003974,O0003974-3,SKU00323,3,39.02,117.06,,0.0,117.06
O0003974,O0003974-4,SKU00383,1,37.66,37.66,,0.0,37.66
O0003975,O0003975-1,SKU00049,1,49.27,49.27,,0.0,49.27
O0003976,O0003976-1,SKU00291,1,33.52,33.52,,0.0,33.52
O0003977,O0003977-1,SKU00174,3,57.96,173.88,,0.0,173.88
O0003977,O0003977-2,SKU00195,1,41.24,41.24,,0.0,41.24
O0003977,O0003977-3,SKU00074,1,76.62,76.62,,0.0,76.62
O0003978,O0003978-1,SKU00360,1,93.89,93.89,,0.0,93.89
O0003978,O0003978-2,SKU00119,1,37.15,37.15,,0.0,37.15
O0003979,O0003979-1,SKU00330,1,61.47,61.47,,0.0,61.47
O0003979,O0003979-2,SKU00203,1,71.32,71.32,,0.0,71.32
O0003979,O0003979-3,SKU00324,3,70.29,210.87,,0.0,210.87
O0003980,O0003980-1,SKU00260,1,38.96,38.96,,0.0,38.96
O0003980,O0003980-2,SKU00321,2,13.85,27.7,,0.0,27.7
O0003980,O0003980-3,SKU00119,1,37.15,37.15,,0.0,37.15
O0003980,O0003980-4,SKU00286,1,54.7,54.7,,0.0,54.7
O0003981,O0003981-1,SKU00089,1,49.77,49.77,,0.0,49.77
O0003982,O0003982-1,SKU00163,1,29.45,29.45,,0.0,29.45
O0003983,O0003983-1,SKU00102,1,12.21,12.21,,0.0,12.21
O0003983,O0003983-2,SKU00187,1,39.15,39.15,,0.0,39.15
O0003983,O0003983-3,SKU00245,1,49.62,49.62,P0021,7.44,42.18
O0003984,O0003984-1,SKU00154,1,62.36,62.36,,0.0,62.36
O0003984,O0003984-2,SKU00127,1,44.81,44.81,,0.0,44.81
O0003984,O0003984-3,SKU00263,1,21.58,21.58,,0.0,21.58
O0003985,O0003985-1,SKU00075,1,53.82,53.82,,0.0,53.82
O0003985,O0003985-2,SKU00122,1,22.77,22.77,,0.0,22.77
O0003985,O0003985-3,SKU00140,1,56.17,56.17,,0.0,56.17
O0003986,O0003986-1,SKU00036,2,42.54,85.08,,0.0,85.08
O0003986,O0003986-2,SKU00120,1,19.69,19.69,,0.0,19.69
O0003986,O0003986-3,SKU00090,2,36.81,73.62,P0046,14.72,58.9
O0003986,O0003986-4,SKU00036,2,42.54,85.08,,0.0,85.08
O0003987,O0003987-1,SKU00038,1,50.53,50.53,,0.0,50.53
O0003987,O0003987-2,SKU00392,1,45.36,45.36,,0.0,45.36
O0003988,O0003988-1,SKU00075,1,53.82,53.82,,0.0,53.82
O0003989,O0003989-1,SKU00388,1,37.93,37.93,,0.0,37.93
O0003989,O0003989-2,SKU00318,2,30.41,60.82,P0021,9.12,51.7
O0003989,O0003989-3,SKU00107,1,64.03,64.03,,0.0,64.03
O0003990,O0003990-1,SKU00358,1,36.52,36.52,,0.0,36.52
O0003990,O0003990-2,SKU00073,1,61.83,61.83,,0.0,61.83
O0003990,O0003990-3,SKU00314,2,39.09,78.18,,0.0,78.18
O0003990,O0003990-4,SKU00332,1,104.52,104.52,,0.0,104.52
O0003991,O0003991-1,SKU00160,1,42.59,42.59,,0.0,42.59
O0003991,O0003991-2,SKU00097,1,30.01,30.01,,0.0,30.01
O0003991,O0003991-3,SKU00046,1,23.8,23.8,,0.0,23.8
O0003992,O0003992-1,SKU00155,1,44.19,44.19,,0.0,44.19
O0003993,O0003993-1,SKU00076,1,31.8,31.8,,0.0,31.8
O0003993,O0003993-2,SKU00026,1,45.44,45.44,,0.0,45.44
O0003994,O0003994-1,SKU00320,2,20.06,40.12,,0.0,40.12
O0003995,O0003995-1,SKU00359,1,26.27,26.27,,0.0,26.27
O0003995,O0003995-2,SKU00077,1,17.01,17.01,,0.0,17.01
O0003995,O0003995-3,SKU00001,1,32.38,32.38,,0.0,32.38
O0003996,O0003996-1,SKU00274,3,14.47,43.41,,0.0,43.41
O0003996,O0003996-2,SKU00132,1,44.43,44.43,P0021,6.66,37.77
O0003996,O0003996-3,SKU00131,1,34.39,34.39,,0.0,34.39
O0003997,O0003997-1,SKU00250,1,32.56,32.56,,0.0,32.56
O0003998,O0003998-1,SKU00122,2,22.77,45.54,,0.0,45.54
O0003998,O0003998-2,SKU00218,2,16.49,32.98,,0.0,32.98
O0003998,O0003998-3,SKU00348,1,64.96,64.96,,0.0,64.96
O0003999,O0003999-1,SKU00299,1,33.57,33.57,,0.0,33.57
O0004000,O0004000-1,SKU00158,1,19.54,19.54,,0.0,19.54
O0004000,O0004000-2,SKU00089,1,49.77,49.77,,0.0,49.77
O0004001,O0004001-1,SKU00100,1,17.02,17.02,,0.0,17.02
O0004002,O0004002-1,SKU00335,1,18.97,18.97,,0.0,18.97
O0004002,O0004002-2,SKU00156,1,25.39,25.39,,0.0,25.39
O0004002,O0004002-3,SKU00249,1,31.28,31.28,,0.0,31.28
O0004002,O0004002-4,SKU00238,1,69.04,69.04,,0.0,69.04
O0004003,O0004003-1,SKU00215,1,33.08,33.08,,0.0,33.08
O0004004,O0004004-1,SKU00046,1,23.8,23.8,,0.0,23.8
O0004004,O0004004-2,SKU00158,1,19.54,19.54,,0.0,19.54
O0004005,O0004005-1,SKU00004,1,22.35,22.35,,0.0,22.35
O0004005,O0004005-2,SKU00238,1,69.04,69.04,,0.0,69.04
O0004005,O0004005-3,SKU00187,2,39.15,78.3,,0.0,78.3
O0004006,O0004006-1,SKU00345,2,60.26,120.52,,0.0,120.52
O0004006,O0004006-2,SKU00322,1,22.71,22.71,,0.0,22.71
O0004006,O0004006-3,SKU00235,3,46.43,139.29,,0.0,139.29
O0004007,O0004007-1,SKU00045,1,35.31,35.31,,0.0,35.31
O0004007,O0004007-2,SKU00161,2,12.51,25.02,,0.0,25.02
O0004007,O0004007-3,SKU00027,1,11.75,11.75,,0.0,11.75
O0004008,O0004008-1,SKU00181,1,47.26,47.26,,0.0,47.26
O0004008,O0004008-2,SKU00113,1,49.01,49.01,,0.0,49.01
O0004009,O0004009-1,SKU00021,1,49.41,49.41,,0.0,49.41
O0004010,O0004010-1,SKU00342,1,38.94,38.94,,0.0,38.94
O0004011,O0004011-1,SKU00137,3,60.17,180.51,,0.0,180.51
O0004011,O0004011-2,SKU00320,1,20.06,20.06,,0.0,20.06
O0004012,O0004012-1,SKU00168,2,26.49,52.98,,0.0,52.98
O0004013,O0004013-1,SKU00359,1,26.27,26.27,,0.0,26.27
O0004014,O0004014-1,SKU00114,1,29.46,29.46,,0.0,29.46
O0004014,O0004014-2,SKU00169,1,38.7,38.7,,0.0,38.7
O0004015,O0004015-1,SKU00324,1,70.29,70.29,P0046,14.06,56.23
O0004015,O0004015-2,SKU00045,1,35.31,35.31,,0.0,35.31
O0004015,O0004015-3,SKU00022,1,28.83,28.83,P0021,4.32,24.51
O0004016,O0004016-1,SKU00313,3,49.13,147.39,,0.0,147.39
O0004016,O0004016-2,SKU00311,1,60.22,60.22,,0.0,60.22
O0004016,O0004016-3,SKU00005,1,8.67,8.67,,0.0,8.67
O0004017,O0004017-1,SKU00360,1,93.89,93.89,,0.0,93.89
O0004018,O0004018-1,SKU00203,1,71.32,71.32,,0.0,71.32
O0004018,O0004018-2,SKU00019,2,23.04,46.08,,0.0,46.08
O0004018,O0004018-3,SKU00253,1,51.01,51.01,,0.0,51.01
O0004018,O0004018-4,SKU00041,1,31.32,31.32,,0.0,31.32
O0004019,O0004019-1,SKU00100,3,17.02,51.06,,0.0,51.06
O0004019,O0004019-2,SKU00217,1,31.07,31.07,,0.0,31.07
O0004019,O0004019-3,SKU00300,1,29.05,29.05,,0.0,29.05
O0004019,O0004019-4,SKU00237,1,54.4,54.4,,0.0,54.4
O0004020,O0004020-1,SKU00392,2,45.36,90.72,,0.0,90.72
O0004020,O0004020-2,SKU00066,2,52.48,104.96,,0.0,104.96
O0004021,O0004021-1,SKU00285,1,40.54,40.54,,0.0,40.54
O0004021,O0004021-2,SKU00368,1,19.96,19.96,,0.0,19.96
O0004021,O0004021-3,SKU00070,3,44.51,133.53,,0.0,133.53
O0004022,O0004022-1,SKU00350,1,53.2,53.2,,0.0,53.2
O0004023,O0004023-1,SKU00001,2,32.38,64.76,P0021,9.71,55.05
O0004024,O0004024-1,SKU00157,1,70.71,70.71,,0.0,70.71
O0004024,O0004024-2,SKU00335,1,18.97,18.97,,0.0,18.97
O0004025,O0004025-1,SKU00379,1,36.36,36.36,,0.0,36.36
O0004025,O0004025-2,SKU00017,1,37.58,37.58,,0.0,37.58
O0004026,O0004026-1,SKU00246,1,38.15,38.15,,0.0,38.15
O0004026,O0004026-2,SKU00356,2,12.98,25.96,,0.0,25.96
O0004026,O0004026-3,SKU00190,1,45.12,45.12,P0021,6.77,38.35
O0004027,O0004027-1,SKU00219,1,65.58,65.58,,0.0,65.58
O0004027,O0004027-2,SKU00101,1,33.02,33.02,,0.0,33.02
O0004028,O0004028-1,SKU00276,1,22.08,22.08,,0.0,22.08
O0004029,O0004029-1,SKU00357,1,23.0,23.0,,0.0,23.0
O0004030,O0004030-1,SKU00153,1,61.1,61.1,,0.0,61.1
O0004031,O0004031-1,SKU00314,1,39.09,39.09,P0046,7.82,31.27
O0004031,O0004031-2,SKU00165,2,18.9,37.8,,0.0,37.8
O0004032,O0004032-1,SKU00002,1,57.3,57.3,,0.0,57.3
O0004032,O0004032-2,SKU00367,1,50.59,50.59,,0.0,50.59
O0004033,O0004033-1,SKU00142,1,61.52,61.52,,0.0,61.52
O0004033,O0004033-2,SKU00178,1,55.23,55.23,,0.0,55.23
O0004034,O0004034-1,SKU00378,1,38.51,38.51,,0.0,38.51
O0004034,O0004034-2,SKU00354,3,27.28,81.84,,0.0,81.84
O0004034,O0004034-3,SKU00160,1,42.59,42.59,,0.0,42.59
O0004035,O0004035-1,SKU00330,1,61.47,61.47,,0.0,61.47
O0004036,O0004036-1,SKU00134,1,31.13,31.13,,0.0,31.13
O0004037,O0004037-1,SKU00035,1,57.12,57.12,,0.0,57.12
O0004037,O0004037-2,SKU00099,1,22.33,22.33,,0.0,22.33
O0004038,O0004038-1,SKU00251,1,23.58,23.58,,0.0,23.58
O0004038,O0004038-2,SKU00200,2,61.25,122.5,,0.0,122.5
O0004039,O0004039-1,SKU00195,1,41.24,41.24,,0.0,41.24
O0004039,O0004039-2,SKU00143,1,18.48,18.48,P0046,3.7,14.78
O0004039,O0004039-3,SKU00017,1,37.58,37.58,,0.0,37.58
O0004040,O0004040-1,SKU00313,1,49.13,49.13,P0021,7.37,41.76
O0004040,O0004040-2,SKU00262,3,10.7,32.1,,0.0,32.1
O0004041,O0004041-1,SKU00393,1,14.38,14.38,,0.0,14.38
O0004041,O0004041-2,SKU00152,1,57.95,57.95,,0.0,57.95
O0004042,O0004042-1,SKU00069,2,19.77,39.54,,0.0,39.54
O0004042,O0004042-2,SKU00011,1,31.25,31.25,,0.0,31.25
O0004043,O0004043-1,SKU00219,1,65.58,65.58,,0.0,65.58
O0004044,O0004044-1,SKU00242,1,41.5,41.5,,0.0,41.5
O0004045,O0004045-1,SKU00110,2,38.93,77.86,,0.0,77.86
O0004045,O0004045-2,SKU00249,1,31.28,31.28,,0.0,31.28
O0004045,O0004045-3,SKU00224,1,53.56,53.56,,0.0,53.56
O0004046,O0004046-1,SKU00063,1,26.13,26.13,,0.0,26.13
O0004046,O0004046-2,SKU00294,1,47.23,47.23,,0.0,47.23
O0004047,O0004047-1,SKU00259,2,40.89,81.78,,0.0,81.78
O0004047,O0004047-2,SKU00155,1,44.19,44.19,,0.0,44.19
O0004048,O0004048-1,SKU00028,2,35.88,71.76,,0.0,71.76
O0004049,O0004049-1,SKU00101,1,33.02,33.02,,0.0,33.02
O0004049,O0004049-2,SKU00291,1,33.52,33.52,P0046,6.7,26.82
O0004050,O0004050-1,SKU00240,1,78.86,78.86,,0.0,78.86
O0004050,O0004050-2,SKU00018,1,20.66,20.66,,0.0,20.66
O0004050,O0004050-3,SKU00086,2,72.82,145.64,,0.0,145.64
O0004051,O0004051-1,SKU00057,2,34.63,69.26,,0.0,69.26
O0004052,O0004052-1,SKU00327,1,44.41,44.41,,0.0,44.41
O0004052,O0004052-2,SKU00109,1,88.61,88.61,,0.0,88.61
O0004053,O0004053-1,SKU00180,1,37.89,37.89,,0.0,37.89
O0004053,O0004053-2,SKU00233,3,21.18,63.54,P0046,12.71,50.83
O0004054,O0004054-1,SKU00197,1,32.23,32.23,,0.0,32.23
O0004055,O0004055-1,SKU00295,1,42.42,42.42,,0.0,42.42
O0004055,O0004055-2,SKU00011,2,31.25,62.5,,0.0,62.5
O0004056,O0004056-1,SKU00151,1,20.05,20.05,,0.0,20.05
O0004057,O0004057-1,SKU00389,1,51.94,51.94,,0.0,51.94
O0004057,O0004057-2,SKU00290,1,42.67,42.67,P0046,8.53,34.14
O0004058,O0004058-1,SKU00084,1,33.92,33.92,,0.0,33.92
O0004058,O0004058-2,SKU00105,1,52.33,52.33,,0.0,52.33
O0004058,O0004058-3,SKU00037,1,30.33,30.33,,0.0,30.33
O0004059,O0004059-1,SKU00259,2,40.89,81.78,,0.0,81.78
O0004059,O0004059-2,SKU00309,2,39.31,78.62,,0.0,78.62
O0004060,O0004060-1,SKU00073,1,61.83,61.83,,0.0,61.83
O0004060,O0004060-2,SKU00098,1,54.0,54.0,,0.0,54.0
O0004060,O0004060-3,SKU00188,1,58.74,58.74,,0.0,58.74
O0004061,O0004061-1,SKU00400,1,33.96,33.96,,0.0,33.96
O0004061,O0004061-2,SKU00075,1,53.82,53.82,,0.0,53.82
O0004062,O0004062-1,SKU00079,1,43.31,43.31,,0.0,43.31
O0004063,O0004063-1,SKU00368,1,19.96,19.96,P0046,3.99,15.97
O0004063,O0004063-2,SKU00301,2,30.77,61.54,,0.0,61.54
O0004064,O0004064-1,SKU00042,3,72.45,217.35,,0.0,217.35
O0004064,O0004064-2,SKU00318,1,30.41,30.41,P0021,4.56,25.85
O0004064,O0004064-3,SKU00255,1,82.33,82.33,,0.0,82.33
O0004065,O0004065-1,SKU00169,1,38.7,38.7,,0.0,38.7
O0004065,O0004065-2,SKU00123,1,28.95,28.95,,0.0,28.95
O0004065,O0004065-3,SKU00020,1,42.57,42.57,,0.0,42.57
O0004066,O0004066-1,SKU00199,2,60.64,121.28,,0.0,121.28
O0004066,O0004066-2,SKU00110,1,38.93,38.93,,0.0,38.93
O0004066,O0004066-3,SKU00356,1,12.98,12.98,,0.0,12.98
O0004067,O0004067-1,SKU00307,1,36.83,36.83,,0.0,36.83
O0004068,O0004068-1,SKU00282,1,46.15,46.15,,0.0,46.15
O0004068,O0004068-2,SKU00238,1,69.04,69.04,,0.0,69.04
O0004069,O0004069-1,SKU00139,1,52.17,52.17,,0.0,52.17
O0004069,O0004069-2,SKU00265,1,26.72,26.72,,0.0,26.72
O0004070,O0004070-1,SKU00307,1,36.83,36.83,,0.0,36.83
O0004070,O0004070-2,SKU00270,1,46.55,46.55,,0.0,46.55
O0004071,O0004071-1,SKU00339,2,36.52,73.04,,0.0,73.04
O0004072,O0004072-1,SKU00298,1,21.47,21.47,,0.0,21.47
O0004072,O0004072-2,SKU00187,3,39.15,117.45,,0.0,117.45
O0004072,O0004072-3,SKU00154,1,62.36,62.36,,0.0,62.36
O0004072,O0004072-4,SKU00052,2,57.74,115.48,,0.0,115.48
O0004073,O0004073-1,SKU00261,1,86.51,86.51,P0046,17.3,69.21
O0004074,O0004074-1,SKU00122,1,22.77,22.77,,0.0,22.77
O0004074,O0004074-2,SKU00106,1,24.61,24.61,,0.0,24.61
O0004074,O0004074-3,SKU00157,1,70.71,70.71,,0.0,70.71
O0004074,O0004074-4,SKU00387,3,38.08,114.24,,0.0,114.24
O0004075,O0004075-1,SKU00040,1,46.34,46.34,,0.0,46.34
O0004075,O0004075-2,SKU00301,1,30.77,30.77,,0.0,30.77
O0004076,O0004076-1,SKU00248,1,48.06,48.06,,0.0,48.06
O0004077,O0004077-1,SKU00252,1,57.03,57.03,,0.0,57.03
O0004077,O0004077-2,SKU00273,1,56.47,56.47,,0.0,56.47
O0004078,O0004078-1,SKU00232,1,34.95,34.95,P0046,6.99,27.96
O0004079,O0004079-1,SKU00016,1,33.83,33.83,,0.0,33.83
O0004079,O0004079-2,SKU00180,1,37.89,37.89,,0.0,37.89
O0004079,O0004079-3,SKU00344,1,9.99,9.99,,0.0,9.99
O0004079,O0004079-4,SKU00360,1,93.89,93.89,,0.0,93.89
O0004080,O0004080-1,SKU00102,3,12.21,36.63,,0.0,36.63
O0004080,O0004080-2,SKU00118,3,21.46,64.38,,0.0,64.38
O0004081,O0004081-1,SKU00005,1,8.67,8.67,,0.0,8.67
O0004081,O0004081-2,SKU00030,1,17.63,17.63,,0.0,17.63
O0004081,O0004081-3,SKU00245,3,49.62,148.86,P0021,22.33,126.53
O0004082,O0004082-1,SKU00238,1,69.04,69.04,,0.0,69.04
O0004082,O0004082-2,SKU00120,1,19.69,19.69,,0.0,19.69
O0004082,O0004082-3,SKU00198,3,39.26,117.78,,0.0,117.78
O0004082,O0004082-4,SKU00279,1,31.74,31.74,P0046,6.35,25.39
O0004083,O0004083-1,SKU00325,1,27.6,27.6,,0.0,27.6
O0004084,O0004084-1,SKU00270,1,46.55,46.55,,0.0,46.55
O0004084,O0004084-2,SKU00364,1,45.23,45.23,,0.0,45.23
O0004084,O0004084-3,SKU00232,1,34.95,34.95,P0046,6.99,27.96
O0004085,O0004085-1,SKU00217,1,31.07,31.07,,0.0,31.07
O0004086,O0004086-1,SKU00341,1,47.08,47.08,,0.0,47.08
O0004086,O0004086-2,SKU00336,1,54.95,54.95,P0021,8.24,46.71
O0004087,O0004087-1,SKU00259,1,40.89,40.89,,0.0,40.89
O0004087,O0004087-2,SKU00141,1,78.13,78.13,,0.0,78.13
O0004087,O0004087-3,SKU00084,1,33.92,33.92,,0.0,33.92
O0004088,O0004088-1,SKU00228,1,106.95,106.95,,0.0,106.95
O0004089,O0004089-1,SKU00208,1,15.73,15.73,,0.0,15.73
O0004090,O0004090-1,SKU00154,1,62.36,62.36,,0.0,62.36
O0004090,O0004090-2,SKU00038,1,50.53,50.53,,0.0,50.53
O0004091,O0004091-1,SKU00074,1,76.62,76.62,,0.0,76.62
O0004091,O0004091-2,SKU00276,1,22.08,22.08,,0.0,22.08
O0004091,O0004091-3,SKU00129,1,38.65,38.65,,0.0,38.65
O0004092,O0004092-1,SKU00340,1,30.34,30.34,,0.0,30.34
O0004092,O0004092-2,SKU00297,2,39.78,79.56,,0.0,79.56
O0004092,O0004092-3,SKU00291,1,33.52,33.52,,0.0,33.52
O0004093,O0004093-1,SKU00114,1,29.46,29.46,,0.0,29.46
O0004093,O0004093-2,SKU00246,1,38.15,38.15,,0.0,38.15
O0004094,O0004094-1,SKU00030,1,17.63,17.63,,0.0,17.63
O0004094,O0004094-2,SKU00298,2,21.47,42.94,,0.0,42.94
O0004095,O0004095-1,SKU00391,2,57.23,114.46,,0.0,114.46
O0004095,O0004095-2,SKU00364,2,45.23,90.46,,0.0,90.46
O0004096,O0004096-1,SKU00078,3,17.22,51.66,,0.0,51.66
O0004096,O0004096-2,SKU00026,1,45.44,45.44,,0.0,45.44
O0004096,O0004096-3,SKU00347,2,61.23,122.46,,0.0,122.46
O0004096,O0004096-4,SKU00053,1,49.62,49.62,,0.0,49.62
O0004097,O0004097-1,SKU00217,2,31.07,62.14,P0046,12.43,49.71
O0004097,O0004097-2,SKU00215,1,33.08,33.08,,0.0,33.08
O0004097,O0004097-3,SKU00180,1,37.89,37.89,,0.0,37.89
O0004097,O0004097-4,SKU00390,1,38.26,38.26,,0.0,38.26
O0004098,O0004098-1,SKU00289,1,47.79,47.79,,0.0,47.79
O0004099,O0004099-1,SKU00083,1,54.82,54.82,,0.0,54.82
O0004099,O0004099-2,SKU00213,1,45.05,45.05,,0.0,45.05
O0004100,O0004100-1,SKU00063,1,26.13,26.13,P0046,5.23,20.9
O0004101,O0004101-1,SKU00310,1,44.67,44.67,,0.0,44.67
O0004101,O0004101-2,SKU00127,1,44.81,44.81,,0.0,44.81
O0004102,O0004102-1,SKU00285,1,40.54,40.54,,0.0,40.54
O0004103,O0004103-1,SKU00089,1,49.77,49.77,,0.0,49.77
O0004103,O0004103-2,SKU00070,1,44.51,44.51,P0046,8.9,35.61
O0004103,O0004103-3,SKU00187,1,39.15,39.15,,0.0,39.15
O0004104,O0004104-1,SKU00113,1,49.01,49.01,,0.0,49.01
O0004104,O0004104-2,SKU00267,1,82.59,82.59,,0.0,82.59
O0004105,O0004105-1,SKU00160,1,42.59,42.59,,0.0,42.59
O0004105,O0004105-2,SKU00183,1,17.38,17.38,,0.0,17.38
O0004106,O0004106-1,SKU00276,2,22.08,44.16,,0.0,44.16
O0004107,O0004107-1,SKU00089,1,49.77,49.77,,0.0,49.77
O0004108,O0004108-1,SKU00345,1,60.26,60.26,,0.0,60.26
O0004109,O0004109-1,SKU00325,2,27.6,55.2,P0021,8.28,46.92
O0004109,O0004109-2,SKU00157,2,70.71,141.42,,0.0,141.42
O0004110,O0004110-1,SKU00193,1,64.21,64.21,,0.0,64.21
O0004110,O0004110-2,SKU00077,1,17.01,17.01,,0.0,17.01
O0004111,O0004111-1,SKU00035,1,57.12,57.12,,0.0,57.12
O0004112,O0004112-1,SKU00079,1,43.31,43.31,,0.0,43.31
O0004113,O0004113-1,SKU00224,1,53.56,53.56,,0.0,53.56
O0004113,O0004113-2,SKU00311,1,60.22,60.22,,0.0,60.22
O0004113,O0004113-3,SKU00171,2,60.15,120.3,,0.0,120.3
O0004113,O0004113-4,SKU00184,2,34.06,68.12,P0060,6.81,61.31
O0004114,O0004114-1,SKU00386,3,42.93,128.79,,0.0,128.79
O0004114,O0004114-2,SKU00030,1,17.63,17.63,,0.0,17.63
O0004115,O0004115-1,SKU00356,1,12.98,12.98,,0.0,12.98
O0004116,O0004116-1,SKU00233,1,21.18,21.18,,0.0,21.18
O0004116,O0004116-2,SKU00324,1,70.29,70.29,,0.0,70.29
O0004117,O0004117-1,SKU00050,1,25.95,25.95,,0.0,25.95
O0004117,O0004117-2,SKU00049,1,49.27,49.27,,0.0,49.27
O0004117,O0004117-3,SKU00167,1,22.6,22.6,,0.0,22.6
O0004118,O0004118-1,SKU00127,1,44.81,44.81,,0.0,44.81
O0004118,O0004118-2,SKU00327,1,44.41,44.41,,0.0,44.41
O0004118,O0004118-3,SKU00101,1,33.02,33.02,,0.0,33.02
O0004119,O0004119-1,SKU00104,2,73.97,147.94,P0021,22.19,125.75
O0004119,O0004119-2,SKU00199,1,60.64,60.64,,0.0,60.64
O0004120,O0004120-1,SKU00023,1,57.22,57.22,,0.0,57.22
O0004120,O0004120-2,SKU00090,1,36.81,36.81,,0.0,36.81
O0004120,O0004120-3,SKU00332,2,104.52,209.04,,0.0,209.04
O0004121,O0004121-1,SKU00010,1,32.93,32.93,,0.0,32.93
O0004121,O0004121-2,SKU00134,1,31.13,31.13,,0.0,31.13
O0004121,O0004121-3,SKU00134,2,31.13,62.26,,0.0,62.26
O0004121,O0004121-4,SKU00339,3,36.52,109.56,,0.0,109.56
O0004122,O0004122-1,SKU00153,1,61.1,61.1,,0.0,61.1
O0004122,O0004122-2,SKU00365,1,26.67,26.67,,0.0,26.67
O0004123,O0004123-1,SKU00195,2,41.24,82.48,,0.0,82.48
O0004123,O0004123-2,SKU00003,1,28.95,28.95,P0060,2.9,26.05
O0004123,O0004123-3,SKU00067,1,20.67,20.67,,0.0,20.67
O0004123,O0004123-4,SKU00289,1,47.79,47.79,,0.0,47.79
O0004124,O0004124-1,SKU00386,1,42.93,42.93,,0.0,42.93
O0004124,O0004124-2,SKU00228,1,106.95,106.95,,0.0,106.95
O0004124,O0004124-3,SKU00196,1,36.14,36.14,,0.0,36.14
O0004125,O0004125-1,SKU00278,3,54.54,163.62,,0.0,163.62
O0004126,O0004126-1,SKU00187,1,39.15,39.15,,0.0,39.15
O0004127,O0004127-1,SKU00263,1,21.58,21.58,,0.0,21.58
O0004128,O0004128-1,SKU00031,1,49.75,49.75,,0.0,49.75
O0004128,O0004128-2,SKU00383,1,37.66,37.66,,0.0,37.66
O0004129,O0004129-1,SKU00306,1,36.9,36.9,,0.0,36.9
O0004129,O0004129-2,SKU00266,1,28.62,28.62,,0.0,28.62
O0004130,O0004130-1,SKU00164,2,38.71,77.42,,0.0,77.42
O0004130,O0004130-2,SKU00253,3,51.01,153.03,,0.0,153.03
O0004131,O0004131-1,SKU00198,1,39.26,39.26,,0.0,39.26
O0004131,O0004131-2,SKU00355,1,41.61,41.61,,0.0,41.61
O0004132,O0004132-1,SKU00231,1,34.06,34.06,,0.0,34.06
O0004132,O0004132-2,SKU00360,1,93.89,93.89,,0.0,93.89
O0004133,O0004133-1,SKU00195,1,41.24,41.24,,0.0,41.24
O0004134,O0004134-1,SKU00209,1,102.17,102.17,,0.0,102.17
O0004135,O0004135-1,SKU00215,1,33.08,33.08,,0.0,33.08
O0004135,O0004135-2,SKU00191,1,45.24,45.24,,0.0,45.24
O0004136,O0004136-1,SKU00093,1,55.17,55.17,,0.0,55.17
O0004136,O0004136-2,SKU00075,1,53.82,53.82,,0.0,53.82
O0004137,O0004137-1,SKU00119,1,37.15,37.15,,0.0,37.15
O0004138,O0004138-1,SKU00374,1,34.49,34.49,,0.0,34.49
O0004138,O0004138-2,SKU00262,1,10.7,10.7,,0.0,10.7
O0004139,O0004139-1,SKU00145,1,34.93,34.93,,0.0,34.93
O0004139,O0004139-2,SKU00299,1,33.57,33.57,,0.0,33.57
O0004139,O0004139-3,SKU00099,1,22.33,22.33,,0.0,22.33
O0004139,O0004139-4,SKU00108,1,19.31,19.31,P0021,2.9,16.41
O0004140,O0004140-1,SKU00145,1,34.93,34.93,,0.0,34.93
O0004141,O0004141-1,SKU00097,1,30.01,30.01,,0.0,30.01
O0004141,O0004141-2,SKU00069,1,19.77,19.77,P0060,1.98,17.79
O0004141,O0004141-3,SKU00038,1,50.53,50.53,,0.0,50.53
O0004142,O0004142-1,SKU00132,2,44.43,88.86,,0.0,88.86
O0004143,O0004143-1,SKU00360,1,93.89,93.89,,0.0,93.89
O0004144,O0004144-1,SKU00379,1,36.36,36.36,,0.0,36.36
O0004144,O0004144-2,SKU00012,1,9.88,9.88,,0.0,9.88
O0004145,O0004145-1,SKU00171,1,60.15,60.15,,0.0,60.15
O0004145,O0004145-2,SKU00300,1,29.05,29.05,,0.0,29.05
O0004146,O0004146-1,SKU00250,3,32.56,97.68,,0.0,97.68
O0004146,O0004146-2,SKU00217,1,31.07,31.07,,0.0,31.07
O0004146,O0004146-3,SKU00285,1,40.54,40.54,,0.0,40.54
O0004147,O0004147-1,SKU00235,1,46.43,46.43,,0.0,46.43
O0004147,O0004147-2,SKU00073,1,61.83,61.83,,0.0,61.83
O0004148,O0004148-1,SKU00108,1,19.31,19.31,,0.0,19.31
O0004149,O0004149-1,SKU00120,1,19.69,19.69,,0.0,19.69
O0004149,O0004149-2,SKU00063,1,26.13,26.13,,0.0,26.13
O0004150,O0004150-1,SKU00135,1,42.96,42.96,,0.0,42.96
O0004150,O0004150-2,SKU00329,1,37.64,37.64,,0.0,37.64
O0004151,O0004151-1,SKU00152,1,57.95,57.95,,0.0,57.95
O0004151,O0004151-2,SKU00350,1,53.2,53.2,,0.0,53.2
O0004152,O0004152-1,SKU00250,1,32.56,32.56,,0.0,32.56
O0004153,O0004153-1,SKU00126,1,40.15,40.15,,0.0,40.15
O0004153,O0004153-2,SKU00311,1,60.22,60.22,,0.0,60.22
O0004153,O0004153-3,SKU00178,1,55.23,55.23,,0.0,55.23
O0004154,O0004154-1,SKU00240,1,78.86,78.86,,0.0,78.86
O0004154,O0004154-2,SKU00204,2,59.25,118.5,,0.0,118.5
O0004155,O0004155-1,SKU00281,1,52.93,52.93,,0.0,52.93
O0004155,O0004155-2,SKU00050,2,25.95,51.9,,0.0,51.9
O0004156,O0004156-1,SKU00219,1,65.58,65.58,,0.0,65.58
O0004156,O0004156-2,SKU00292,1,51.63,51.63,,0.0,51.63
O0004156,O0004156-3,SKU00043,1,50.54,50.54,,0.0,50.54
O0004157,O0004157-1,SKU00293,2,70.96,141.92,,0.0,141.92
O0004157,O0004157-2,SKU00017,1,37.58,37.58,,0.0,37.58
O0004158,O0004158-1,SKU00223,1,22.77,22.77,,0.0,22.77
O0004159,O0004159-1,SKU00259,1,40.89,40.89,,0.0,40.89
O0004159,O0004159-2,SKU00159,1,47.62,47.62,,0.0,47.62
O0004159,O0004159-3,SKU00164,1,38.71,38.71,,0.0,38.71
O0004160,O0004160-1,SKU00399,1,38.17,38.17,,0.0,38.17
O0004161,O0004161-1,SKU00275,1,50.32,50.32,,0.0,50.32
O0004161,O0004161-2,SKU00184,2,34.06,68.12,P0060,6.81,61.31
O0004161,O0004161-3,SKU00269,1,28.75,28.75,,0.0,28.75
O0004161,O0004161-4,SKU00111,1,50.04,50.04,,0.0,50.04
O0004162,O0004162-1,SKU00309,1,39.31,39.31,,0.0,39.31
O0004162,O0004162-2,SKU00170,1,29.26,29.26,,0.0,29.26
O0004163,O0004163-1,SKU00149,1,26.89,26.89,,0.0,26.89
O0004163,O0004163-2,SKU00397,1,66.5,66.5,,0.0,66.5
O0004164,O0004164-1,SKU00085,1,51.96,51.96,,0.0,51.96
O0004165,O0004165-1,SKU00127,1,44.81,44.81,,0.0,44.81
O0004166,O0004166-1,SKU00382,1,19.75,19.75,,0.0,19.75
O0004166,O0004166-2,SKU00044,1,26.97,26.97,,0.0,26.97
O0004167,O0004167-1,SKU00070,1,44.51,44.51,,0.0,44.51
O0004167,O0004167-2,SKU00247,1,43.87,43.87,,0.0,43.87
O0004167,O0004167-3,SKU00100,3,17.02,51.06,,0.0,51.06
O0004167,O0004167-4,SKU00098,2,54.0,108.0,,0.0,108.0
O0004168,O0004168-1,SKU00209,1,102.17,102.17,,0.0,102.17
O0004169,O0004169-1,SKU00223,1,22.77,22.77,,0.0,22.77
O0004169,O0004169-2,SKU00118,1,21.46,21.46,,0.0,21.46
O0004170,O0004170-1,SKU00212,1,20.15,20.15,,0.0,20.15
O0004171,O0004171-1,SKU00349,1,18.05,18.05,,0.0,18.05
O0004171,O0004171-2,SKU00309,1,39.31,39.31,,0.0,39.31
O0004171,O0004171-3,SKU00050,2,25.95,51.9,,0.0,51.9
O0004172,O0004172-1,SKU00102,1,12.21,12.21,,0.0,12.21
O0004172,O0004172-2,SKU00294,1,47.23,47.23,,0.0,47.23
O0004173,O0004173-1,SKU00377,1,39.6,39.6,,0.0,39.6
O0004173,O0004173-2,SKU00267,1,82.59,82.59,,0.0,82.59
O0004174,O0004174-1,SKU00260,3,38.96,116.88,,0.0,116.88
O0004174,O0004174-2,SKU00124,1,29.76,29.76,,0.0,29.76
O0004174,O0004174-3,SKU00100,1,17.02,17.02,,0.0,17.02
O0004175,O0004175-1,SKU00264,3,27.04,81.12,P0060,8.11,73.01
O0004175,O0004175-2,SKU00107,1,64.03,64.03,,0.0,64.03
O0004176,O0004176-1,SKU00179,1,14.26,14.26,,0.0,14.26
O0004176,O0004176-2,SKU00017,1,37.58,37.58,,0.0,37.58
O0004177,O0004177-1,SKU00205,1,35.8,35.8,,0.0,35.8
O0004177,O0004177-2,SKU00279,1,31.74,31.74,,0.0,31.74
O0004177,O0004177-3,SKU00078,1,17.22,17.22,,0.0,17.22
O0004177,O0004177-4,SKU00140,1,56.17,56.17,,0.0,56.17
O0004178,O0004178-1,SKU00147,1,41.64,41.64,,0.0,41.64
O0004178,O0004178-2,SKU00212,2,20.15,40.3,,0.0,40.3
O0004179,O0004179-1,SKU00398,1,85.14,85.14,,0.0,85.14
O0004179,O0004179-2,SKU00147,1,41.64,41.64,,0.0,41.64
O0004180,O0004180-1,SKU00022,1,28.83,28.83,,0.0,28.83
O0004180,O0004180-2,SKU00233,1,21.18,21.18,,0.0,21.18
O0004181,O0004181-1,SKU00290,1,42.67,42.67,,0.0,42.67
O0004181,O0004181-2,SKU00023,1,57.22,57.22,,0.0,57.22
O0004182,O0004182-1,SKU00273,1,56.47,56.47,,0.0,56.47
O0004182,O0004182-2,SKU00349,1,18.05,18.05,,0.0,18.05
O0004183,O0004183-1,SKU00017,1,37.58,37.58,,0.0,37.58
O0004183,O0004183-2,SKU00225,1,25.36,25.36,,0.0,25.36
O0004183,O0004183-3,SKU00181,1,47.26,47.26,,0.0,47.26
O0004184,O0004184-1,SKU00259,3,40.89,122.67,,0.0,122.67
O0004185,O0004185-1,SKU00273,1,56.47,56.47,,0.0,56.47
O0004186,O0004186-1,SKU00026,2,45.44,90.88,,0.0,90.88
O0004187,O0004187-1,SKU00250,1,32.56,32.56,,0.0,32.56
O0004187,O0004187-2,SKU00102,2,12.21,24.42,,0.0,24.42
O0004188,O0004188-1,SKU00085,1,51.96,51.96,,0.0,51.96
O0004188,O0004188-2,SKU00278,1,54.54,54.54,,0.0,54.54
O0004189,O0004189-1,SKU00023,1,57.22,57.22,,0.0,57.22
O0004190,O0004190-1,SKU00368,1,19.96,19.96,,0.0,19.96
O0004190,O0004190-2,SKU00379,1,36.36,36.36,,0.0,36.36
O0004191,O0004191-1,SKU00347,1,61.23,61.23,,0.0,61.23
O0004191,O0004191-2,SKU00106,1,24.61,24.61,,0.0,24.61
O0004192,O0004192-1,SKU00398,1,85.14,85.14,,0.0,85.14
O0004192,O0004192-2,SKU00157,1,70.71,70.71,,0.0,70.71
O0004193,O0004193-1,SKU00036,1,42.54,42.54,,0.0,42.54
O0004193,O0004193-2,SKU00352,1,37.11,37.11,,0.0,37.11
O0004194,O0004194-1,SKU00297,2,39.78,79.56,,0.0,79.56
O0004194,O0004194-2,SKU00036,1,42.54,42.54,,0.0,42.54
O0004195,O0004195-1,SKU00364,1,45.23,45.23,,0.0,45.23
O0004195,O0004195-2,SKU00381,3,81.55,244.65,,0.0,244.65
O0004196,O0004196-1,SKU00120,1,19.69,19.69,,0.0,19.69
O0004196,O0004196-2,SKU00183,1,17.38,17.38,,0.0,17.38
O0004197,O0004197-1,SKU00174,1,57.96,57.96,,0.0,57.96
O0004198,O0004198-1,SKU00286,1,54.7,54.7,,0.0,54.7
O0004199,O0004199-1,SKU00159,1,47.62,47.62,,0.0,47.62
O0004200,O0004200-1,SKU00010,1,32.93,32.93,,0.0,32.93
O0004200,O0004200-2,SKU00314,1,39.09,39.09,,0.0,39.09
O0004201,O0004201-1,SKU00303,1,66.84,66.84,,0.0,66.84
O0004201,O0004201-2,SKU00266,1,28.62,28.62,,0.0,28.62
O0004202,O0004202-1,SKU00144,1,27.92,27.92,,0.0,27.92
O0004203,O0004203-1,SKU00167,1,22.6,22.6,,0.0,22.6
O0004203,O0004203-2,SKU00287,1,61.4,61.4,,0.0,61.4
O0004203,O0004203-3,SKU00176,2,24.92,49.84,P0060,4.98,44.86
O0004203,O0004203-4,SKU00259,1,40.89,40.89,,0.0,40.89
O0004204,O0004204-1,SKU00389,1,51.94,51.94,,0.0,51.94
O0004204,O0004204-2,SKU00215,2,33.08,66.16,,0.0,66.16
O0004205,O0004205-1,SKU00212,1,20.15,20.15,,0.0,20.15
O0004205,O0004205-2,SKU00109,1,88.61,88.61,,0.0,88.61
O0004205,O0004205-3,SKU00261,1,86.51,86.51,,0.0,86.51
O0004206,O0004206-1,SKU00399,1,38.17,38.17,,0.0,38.17
O0004206,O0004206-2,SKU00295,1,42.42,42.42,,0.0,42.42
O0004207,O0004207-1,SKU00093,1,55.17,55.17,,0.0,55.17
O0004207,O0004207-2,SKU00363,1,45.39,45.39,,0.0,45.39
O0004208,O0004208-1,SKU00199,1,60.64,60.64,,0.0,60.64
O0004208,O0004208-2,SKU00040,1,46.34,46.34,,0.0,46.34
O0004209,O0004209-1,SKU00111,1,50.04,50.04,,0.0,50.04
O0004210,O0004210-1,SKU00219,1,65.58,65.58,,0.0,65.58
O0004211,O0004211-1,SKU00013,1,31.04,31.04,,0.0,31.04
O0004211,O0004211-2,SKU00042,3,72.45,217.35,,0.0,217.35
O0004211,O0004211-3,SKU00230,1,49.13,49.13,,0.0,49.13
O0004212,O0004212-1,SKU00208,1,15.73,15.73,,0.0,15.73
O0004212,O0004212-2,SKU00145,1,34.93,34.93,,0.0,34.93
O0004213,O0004213-1,SKU00130,1,66.52,66.52,,0.0,66.52
O0004214,O0004214-1,SKU00147,1,41.64,41.64,,0.0,41.64
O0004214,O0004214-2,SKU00010,1,32.93,32.93,,0.0,32.93
O0004214,O0004214-3,SKU00377,1,39.6,39.6,,0.0,39.6
O0004215,O0004215-1,SKU00291,1,33.52,33.52,,0.0,33.52
O0004216,O0004216-1,SKU00251,1,23.58,23.58,,0.0,23.58
O0004216,O0004216-2,SKU00203,2,71.32,142.64,,0.0,142.64
O0004217,O0004217-1,SKU00113,1,49.01,49.01,,0.0,49.01
O0004217,O0004217-2,SKU00351,1,52.83,52.83,,0.0,52.83
O0004217,O0004217-3,SKU00397,2,66.5,133.0,,0.0,133.0
O0004218,O0004218-1,SKU00080,1,45.12,45.12,,0.0,45.12
O0004219,O0004219-1,SKU00120,1,19.69,19.69,,0.0,19.69
O0004220,O0004220-1,SKU00362,1,26.77,26.77,,0.0,26.77
O0004220,O0004220-2,SKU00238,1,69.04,69.04,,0.0,69.04
O0004221,O0004221-1,SKU00190,1,45.12,45.12,,0.0,45.12
O0004221,O0004221-2,SKU00218,1,16.49,16.49,,0.0,16.49
O0004222,O0004222-1,SKU00351,1,52.83,52.83,,0.0,52.83
O0004222,O0004222-2,SKU00253,1,51.01,51.01,,0.0,51.01
O0004222,O0004222-3,SKU00049,1,49.27,49.27,,0.0,49.27
O0004223,O0004223-1,SKU00223,1,22.77,22.77,,0.0,22.77
O0004223,O0004223-2,SKU00155,1,44.19,44.19,,0.0,44.19
O0004224,O0004224-1,SKU00189,1,53.14,53.14,,0.0,53.14
O0004224,O0004224-2,SKU00018,1,20.66,20.66,,0.0,20.66
O0004224,O0004224-3,SKU00287,1,61.4,61.4,,0.0,61.4
O0004224,O0004224-4,SKU00235,2,46.43,92.86,,0.0,92.86
O0004225,O0004225-1,SKU00376,1,37.84,37.84,P0060,3.78,34.06
O0004226,O0004226-1,SKU00316,1,21.03,21.03,,0.0,21.03
O0004226,O0004226-2,SKU00387,1,38.08,38.08,,0.0,38.08
O0004227,O0004227-1,SKU00081,2,30.86,61.72,,0.0,61.72
O0004227,O0004227-2,SKU00390,1,38.26,38.26,,0.0,38.26
O0004228,O0004228-1,SKU00359,1,26.27,26.27,,0.0,26.27
O0004228,O0004228-2,SKU00020,1,42.57,42.57,,0.0,42.57
O0004228,O0004228-3,SKU00371,1,48.42,48.42,,0.0,48.42
O0004229,O0004229-1,SKU00348,1,64.96,64.96,,0.0,64.96
O0004230,O0004230-1,SKU00263,1,21.58,21.58,,0.0,21.58
O0004231,O0004231-1,SKU00351,1,52.83,52.83,,0.0,52.83
O0004232,O0004232-1,SKU00301,1,30.77,30.77,,0.0,30.77
O0004232,O0004232-2,SKU00056,1,38.71,38.71,,0.0,38.71
O0004233,O0004233-1,SKU00237,1,54.4,54.4,,0.0,54.4
O0004233,O0004233-2,SKU00085,1,51.96,51.96,,0.0,51.96
O0004233,O0004233-3,SKU00183,1,17.38,17.38,,0.0,17.38
O0004234,O0004234-1,SKU00145,1,34.93,34.93,,0.0,34.93
O0004235,O0004235-1,SKU00100,2,17.02,34.04,,0.0,34.04
O0004235,O0004235-2,SKU00297,1,39.78,39.78,,0.0,39.78
O0004235,O0004235-3,SKU00368,1,19.96,19.96,,0.0,19.96
O0004236,O0004236-1,SKU00368,1,19.96,19.96,,0.0,19.96
O0004236,O0004236-2,SKU00357,1,23.0,23.0,,0.0,23.0
O0004237,O0004237-1,SKU00004,2,22.35,44.7,P0060,4.47,40.23
O0004237,O0004237-2,SKU00100,3,17.02,51.06,,0.0,51.06
O0004238,O0004238-1,SKU00011,1,31.25,31.25,,0.0,31.25
O0004238,O0004238-2,SKU00278,1,54.54,54.54,P0060,5.45,49.09
O0004238,O0004238-3,SKU00153,1,61.1,61.1,,0.0,61.1
O0004238,O0004238-4,SKU00262,1,10.7,10.7,,0.0,10.7
O0004239,O0004239-1,SKU00140,1,56.17,56.17,,0.0,56.17
O0004239,O0004239-2,SKU00386,3,42.93,128.79,,0.0,128.79
O0004239,O0004239-3,SKU00006,1,31.28,31.28,,0.0,31.28
O0004239,O0004239-4,SKU00051,1,57.83,57.83,,0.0,57.83
O0004240,O0004240-1,SKU00122,1,22.77,22.77,,0.0,22.77
O0004240,O0004240-2,SKU00382,2,19.75,39.5,,0.0,39.5
O0004240,O0004240-3,SKU00286,2,54.7,109.4,,0.0,109.4
O0004241,O0004241-1,SKU00115,1,25.28,25.28,,0.0,25.28
O0004242,O0004242-1,SKU00250,1,32.56,32.56,,0.0,32.56
O0004242,O0004242-2,SKU00006,1,31.28,31.28,,0.0,31.28
O0004242,O0004242-3,SKU00036,2,42.54,85.08,,0.0,85.08
O0004243,O0004243-1,SKU00339,1,36.52,36.52,,0.0,36.52
O0004243,O0004243-2,SKU00383,2,37.66,75.32,,0.0,75.32
O0004244,O0004244-1,SKU00023,1,57.22,57.22,,0.0,57.22
O0004245,O0004245-1,SKU00304,1,28.55,28.55,,0.0,28.55
O0004246,O0004246-1,SKU00318,1,30.41,30.41,,0.0,30.41
O0004246,O0004246-2,SKU00326,1,34.94,34.94,,0.0,34.94
O0004247,O0004247-1,SKU00123,1,28.95,28.95,,0.0,28.95
O0004248,O0004248-1,SKU00400,1,33.96,33.96,,0.0,33.96
O0004248,O0004248-2,SKU00102,1,12.21,12.21,,0.0,12.21
O0004249,O0004249-1,SKU00258,1,50.85,50.85,,0.0,50.85
O0004249,O0004249-2,SKU00134,1,31.13,31.13,,0.0,31.13
O0004249,O0004249-3,SKU00286,2,54.7,109.4,,0.0,109.4
O0004249,O0004249-4,SKU00230,1,49.13,49.13,,0.0,49.13
O0004250,O0004250-1,SKU00147,2,41.64,83.28,,0.0,83.28
O0004250,O0004250-2,SKU00393,1,14.38,14.38,,0.0,14.38
O0004250,O0004250-3,SKU00177,1,41.83,41.83,,0.0,41.83
O0004251,O0004251-1,SKU00186,1,34.13,34.13,,0.0,34.13
O0004251,O0004251-2,SKU00041,2,31.32,62.64,,0.0,62.64
O0004252,O0004252-1,SKU00189,2,53.14,106.28,,0.0,106.28
O0004253,O0004253-1,SKU00400,1,33.96,33.96,,0.0,33.96
O0004254,O0004254-1,SKU00026,1,45.44,45.44,,0.0,45.44
O0004255,O0004255-1,SKU00103,2,32.28,64.56,,0.0,64.56
O0004255,O0004255-2,SKU00098,1,54.0,54.0,,0.0,54.0
O0004256,O0004256-1,SKU00175,1,44.19,44.19,,0.0,44.19
O0004256,O0004256-2,SKU00161,1,12.51,12.51,,0.0,12.51
O0004256,O0004256-3,SKU00332,1,104.52,104.52,,0.0,104.52
O0004256,O0004256-4,SKU00083,1,54.82,54.82,,0.0,54.82
O0004257,O0004257-1,SKU00181,1,47.26,47.26,,0.0,47.26
O0004257,O0004257-2,SKU00034,1,45.57,45.57,,0.0,45.57
O0004258,O0004258-1,SKU00362,1,26.77,26.77,,0.0,26.77
O0004258,O0004258-2,SKU00287,1,61.4,61.4,,0.0,61.4
O0004258,O0004258-3,SKU00213,1,45.05,45.05,,0.0,45.05
O0004259,O0004259-1,SKU00247,1,43.87,43.87,,0.0,43.87
O0004260,O0004260-1,SKU00225,2,25.36,50.72,,0.0,50.72
O0004260,O0004260-2,SKU00094,1,56.4,56.4,,0.0,56.4
O0004260,O0004260-3,SKU00368,2,19.96,39.92,,0.0,39.92
O0004261,O0004261-1,SKU00186,1,34.13,34.13,,0.0,34.13
O0004262,O0004262-1,SKU00331,1,21.15,21.15,,0.0,21.15
O0004263,O0004263-1,SKU00290,3,42.67,128.01,,0.0,128.01
O0004263,O0004263-2,SKU00289,1,47.79,47.79,,0.0,47.79
O0004263,O0004263-3,SKU00247,1,43.87,43.87,,0.0,43.87
O0004264,O0004264-1,SKU00287,1,61.4,61.4,,0.0,61.4
O0004264,O0004264-2,SKU00071,1,50.63,50.63,,0.0,50.63
O0004264,O0004264-3,SKU00393,1,14.38,14.38,,0.0,14.38
O0004264,O0004264-4,SKU00381,1,81.55,81.55,,0.0,81.55
O0004265,O0004265-1,SKU00102,2,12.21,24.42,,0.0,24.42
O0004265,O0004265-2,SKU00160,1,42.59,42.59,,0.0,42.59
O0004265,O0004265-3,SKU00377,1,39.6,39.6,,0.0,39.6
O0004265,O0004265-4,SKU00233,1,21.18,21.18,,0.0,21.18
O0004266,O0004266-1,SKU00248,1,48.06,48.06,,0.0,48.06
O0004266,O0004266-2,SKU00390,2,38.26,76.52,,0.0,76.52
O0004266,O0004266-3,SKU00186,1,34.13,34.13,,0.0,34.13
O0004267,O0004267-1,SKU00151,1,20.05,20.05,,0.0,20.05
O0004267,O0004267-2,SKU00328,1,35.12,35.12,,0.0,35.12
O0004268,O0004268-1,SKU00122,1,22.77,22.77,,0.0,22.77
O0004268,O0004268-2,SKU00101,1,33.02,33.02,,0.0,33.02
O0004269,O0004269-1,SKU00203,1,71.32,71.32,,0.0,71.32
O0004269,O0004269-2,SKU00168,1,26.49,26.49,,0.0,26.49
O0004269,O0004269-3,SKU00017,1,37.58,37.58,,0.0,37.58
O0004270,O0004270-1,SKU00224,1,53.56,53.56,,0.0,53.56
O0004270,O0004270-2,SKU00119,1,37.15,37.15,,0.0,37.15
O0004270,O0004270-3,SKU00082,1,35.63,35.63,,0.0,35.63
O0004271,O0004271-1,SKU00334,1,17.99,17.99,,0.0,17.99
O0004272,O0004272-1,SKU00006,3,31.28,93.84,,0.0,93.84
O0004272,O0004272-2,SKU00372,1,19.15,19.15,,0.0,19.15
O0004272,O0004272-3,SKU00296,1,48.03,48.03,,0.0,48.03
O0004272,O0004272-4,SKU00232,1,34.95,34.95,,0.0,34.95
O0004273,O0004273-1,SKU00155,1,44.19,44.19,,0.0,44.19
O0004274,O0004274-1,SKU00037,1,30.33,30.33,,0.0,30.33
O0004275,O0004275-1,SKU00218,1,16.49,16.49,,0.0,16.49
O0004275,O0004275-2,SKU00156,1,25.39,25.39,,0.0,25.39
O0004276,O0004276-1,SKU00279,3,31.74,95.22,,0.0,95.22
O0004276,O0004276-2,SKU00253,2,51.01,102.02,,0.0,102.02
O0004276,O0004276-3,SKU00324,1,70.29,70.29,,0.0,70.29
O0004277,O0004277-1,SKU00075,1,53.82,53.82,,0.0,53.82
O0004277,O0004277-2,SKU00081,1,30.86,30.86,,0.0,30.86
O0004277,O0004277-3,SKU00388,1,37.93,37.93,,0.0,37.93
O0004278,O0004278-1,SKU00025,2,42.44,84.88,,0.0,84.88
O0004278,O0004278-2,SKU00213,1,45.05,45.05,,0.0,45.05
O0004279,O0004279-1,SKU00348,1,64.96,64.96,,0.0,64.96
O0004280,O0004280-1,SKU00309,1,39.31,39.31,,0.0,39.31
O0004281,O0004281-1,SKU00341,1,47.08,47.08,,0.0,47.08
O0004281,O0004281-2,SKU00137,1,60.17,60.17,,0.0,60.17
O0004282,O0004282-1,SKU00021,1,49.41,49.41,,0.0,49.41
O0004283,O0004283-1,SKU00238,1,69.04,69.04,,0.0,69.04
O0004284,O0004284-1,SKU00139,1,52.17,52.17,,0.0,52.17
O0004284,O0004284-2,SKU00273,1,56.47,56.47,,0.0,56.47
O0004284,O0004284-3,SKU00010,1,32.93,32.93,,0.0,32.93
O0004285,O0004285-1,SKU00102,2,12.21,24.42,,0.0,24.42
O0004285,O0004285-2,SKU00355,1,41.61,41.61,P0060,4.16,37.45
O0004286,O0004286-1,SKU00205,1,35.8,35.8,,0.0,35.8
O0004286,O0004286-2,SKU00319,1,45.64,45.64,,0.0,45.64
O0004286,O0004286-3,SKU00268,1,43.83,43.83,,0.0,43.83
O0004287,O0004287-1,SKU00147,3,41.64,124.92,,0.0,124.92
O0004287,O0004287-2,SKU00327,1,44.41,44.41,,0.0,44.41
O0004288,O0004288-1,SKU00061,1,23.77,23.77,,0.0,23.77
O0004289,O0004289-1,SKU00158,1,19.54,19.54,,0.0,19.54
O0004290,O0004290-1,SKU00140,1,56.17,56.17,,0.0,56.17
O0004290,O0004290-2,SKU00128,2,24.13,48.26,,0.0,48.26
O0004290,O0004290-3,SKU00041,1,31.32,31.32,,0.0,31.32
O0004291,O0004291-1,SKU00348,1,64.96,64.96,,0.0,64.96
O0004291,O0004291-2,SKU00069,1,19.77,19.77,,0.0,19.77
O0004292,O0004292-1,SKU00203,1,71.32,71.32,,0.0,71.32
O0004292,O0004292-2,SKU00219,1,65.58,65.58,,0.0,65.58
O0004292,O0004292-3,SKU00004,1,22.35,22.35,,0.0,22.35
O0004292,O0004292-4,SKU00304,1,28.55,28.55,,0.0,28.55
O0004293,O0004293-1,SKU00050,1,25.95,25.95,,0.0,25.95
O0004293,O0004293-2,SKU00137,1,60.17,60.17,,0.0,60.17
O0004294,O0004294-1,SKU00385,1,57.12,57.12,,0.0,57.12
O0004294,O0004294-2,SKU00387,1,38.08,38.08,,0.0,38.08
O0004295,O0004295-1,SKU00278,1,54.54,54.54,,0.0,54.54
O0004295,O0004295-2,SKU00009,1,52.68,52.68,,0.0,52.68
O0004295,O0004295-3,SKU00010,1,32.93,32.93,,0.0,32.93
O0004295,O0004295-4,SKU00369,1,42.23,42.23,,0.0,42.23
O0004296,O0004296-1,SKU00125,2,30.05,60.1,,0.0,60.1
O0004296,O0004296-2,SKU00334,1,17.99,17.99,,0.0,17.99
O0004297,O0004297-1,SKU00057,1,34.63,34.63,,0.0,34.63
O0004297,O0004297-2,SKU00060,1,76.86,76.86,,0.0,76.86
O0004297,O0004297-3,SKU00026,1,45.44,45.44,,0.0,45.44
O0004298,O0004298-1,SKU00255,1,82.33,82.33,,0.0,82.33
O0004298,O0004298-2,SKU00099,1,22.33,22.33,,0.0,22.33
O0004299,O0004299-1,SKU00037,1,30.33,30.33,,0.0,30.33
O0004299,O0004299-2,SKU00247,1,43.87,43.87,,0.0,43.87
O0004300,O0004300-1,SKU00131,2,34.39,68.78,,0.0,68.78
O0004300,O0004300-2,SKU00388,1,37.93,37.93,,0.0,37.93
O0004300,O0004300-3,SKU00043,1,50.54,50.54,,0.0,50.54
O0004301,O0004301-1,SKU00345,1,60.26,60.26,,0.0,60.26
O0004302,O0004302-1,SKU00090,1,36.81,36.81,,0.0,36.81
O0004303,O0004303-1,SKU00399,3,38.17,114.51,,0.0,114.51
O0004303,O0004303-2,SKU00229,3,74.74,224.22,,0.0,224.22
O0004303,O0004303-3,SKU00093,1,55.17,55.17,,0.0,55.17
O0004303,O0004303-4,SKU00300,1,29.05,29.05,,0.0,29.05
O0004304,O0004304-1,SKU00083,1,54.82,54.82,,0.0,54.82
O0004304,O0004304-2,SKU00066,1,52.48,52.48,,0.0,52.48
O0004304,O0004304-3,SKU00286,1,54.7,54.7,,0.0,54.7
O0004304,O0004304-4,SKU00205,1,35.8,35.8,,0.0,35.8
O0004305,O0004305-1,SKU00095,1,53.11,53.11,,0.0,53.11
O0004306,O0004306-1,SKU00193,2,64.21,128.42,,0.0,128.42
O0004307,O0004307-1,SKU00033,1,24.44,24.44,,0.0,24.44
O0004308,O0004308-1,SKU00097,1,30.01,30.01,,0.0,30.01
O0004308,O0004308-2,SKU00296,1,48.03,48.03,,0.0,48.03
O0004308,O0004308-3,SKU00038,1,50.53,50.53,,0.0,50.53
O0004309,O0004309-1,SKU00355,1,41.61,41.61,,0.0,41.61
O0004310,O0004310-1,SKU00154,1,62.36,62.36,,0.0,62.36
O0004310,O0004310-2,SKU00366,1,33.09,33.09,,0.0,33.09
O0004311,O0004311-1,SKU00374,1,34.49,34.49,,0.0,34.49
O0004311,O0004311-2,SKU00357,1,23.0,23.0,,0.0,23.0
O0004312,O0004312-1,SKU00123,1,28.95,28.95,,0.0,28.95
O0004313,O0004313-1,SKU00390,1,38.26,38.26,,0.0,38.26
O0004313,O0004313-2,SKU00125,2,30.05,60.1,,0.0,60.1
O0004313,O0004313-3,SKU00248,1,48.06,48.06,,0.0,48.06
O0004314,O0004314-1,SKU00216,1,68.72,68.72,,0.0,68.72
O0004314,O0004314-2,SKU00087,3,22.83,68.49,,0.0,68.49
O0004314,O0004314-3,SKU00126,2,40.15,80.3,,0.0,80.3
O0004315,O0004315-1,SKU00156,1,25.39,25.39,,0.0,25.39
O0004315,O0004315-2,SKU00035,1,57.12,57.12,,0.0,57.12
O0004316,O0004316-1,SKU00264,1,27.04,27.04,,0.0,27.04
O0004316,O0004316-2,SKU00103,1,32.28,32.28,,0.0,32.28
O0004317,O0004317-1,SKU00017,1,37.58,37.58,,0.0,37.58
O0004317,O0004317-2,SKU00073,1,61.83,61.83,,0.0,61.83
O0004317,O0004317-3,SKU00044,1,26.97,26.97,,0.0,26.97
O0004318,O0004318-1,SKU00263,1,21.58,21.58,,0.0,21.58
O0004318,O0004318-2,SKU00312,1,39.88,39.88,,0.0,39.88
O0004319,O0004319-1,SKU00301,1,30.77,30.77,,0.0,30.77
O0004319,O0004319-2,SKU00057,1,34.63,34.63,,0.0,34.63
O0004320,O0004320-1,SKU00213,1,45.05,45.05,,0.0,45.05
O0004320,O0004320-2,SKU00086,1,72.82,72.82,,0.0,72.82
O0004320,O0004320-3,SKU00151,1,20.05,20.05,,0.0,20.05
O0004320,O0004320-4,SKU00382,1,19.75,19.75,,0.0,19.75
O0004321,O0004321-1,SKU00098,1,54.0,54.0,,0.0,54.0
O0004321,O0004321-2,SKU00080,1,45.12,45.12,,0.0,45.12
O0004322,O0004322-1,SKU00160,1,42.59,42.59,,0.0,42.59
O0004322,O0004322-2,SKU00217,2,31.07,62.14,,0.0,62.14
O0004323,O0004323-1,SKU00260,1,38.96,38.96,,0.0,38.96
O0004323,O0004323-2,SKU00046,1,23.8,23.8,,0.0,23.8
O0004323,O0004323-3,SKU00215,1,33.08,33.08,,0.0,33.08
O0004324,O0004324-1,SKU00056,1,38.71,38.71,,0.0,38.71
O0004325,O0004325-1,SKU00235,1,46.43,46.43,,0.0,46.43
O0004326,O0004326-1,SKU00063,2,26.13,52.26,,0.0,52.26
O0004326,O0004326-2,SKU00355,1,41.61,41.61,,0.0,41.61
O0004327,O0004327-1,SKU00340,1,30.34,30.34,,0.0,30.34
O0004328,O0004328-1,SKU00326,1,34.94,34.94,,0.0,34.94
O0004328,O0004328-2,SKU00189,1,53.14,53.14,,0.0,53.14
O0004328,O0004328-3,SKU00049,1,49.27,49.27,,0.0,49.27
O0004329,O0004329-1,SKU00308,1,57.22,57.22,,0.0,57.22
O0004330,O0004330-1,SKU00006,1,31.28,31.28,,0.0,31.28
O0004330,O0004330-2,SKU00021,2,49.41,98.82,,0.0,98.82
O0004331,O0004331-1,SKU00285,1,40.54,40.54,P0060,4.05,36.49
O0004331,O0004331-2,SKU00035,1,57.12,57.12,,0.0,57.12
O0004332,O0004332-1,SKU00161,1,12.51,12.51,,0.0,12.51
O0004333,O0004333-1,SKU00205,1,35.8,35.8,,0.0,35.8
O0004333,O0004333-2,SKU00050,1,25.95,25.95,,0.0,25.95
O0004334,O0004334-1,SKU00023,1,57.22,57.22,,0.0,57.22
O0004334,O0004334-2,SKU00017,1,37.58,37.58,,0.0,37.58
O0004335,O0004335-1,SKU00130,1,66.52,66.52,,0.0,66.52
O0004336,O0004336-1,SKU00057,1,34.63,34.63,,0.0,34.63
O0004337,O0004337-1,SKU00290,1,42.67,42.67,,0.0,42.67
O0004337,O0004337-2,SKU00220,3,42.7,128.1,P0060,12.81,115.29
O0004338,O0004338-1,SKU00029,1,36.29,36.29,,0.0,36.29
O0004338,O0004338-2,SKU00343,1,45.56,45.56,,0.0,45.56
O0004338,O0004338-3,SKU00094,1,56.4,56.4,,0.0,56.4
O0004339,O0004339-1,SKU00053,2,49.62,99.24,,0.0,99.24
O0004339,O0004339-2,SKU00033,1,24.44,24.44,P0060,2.44,22.0
O0004340,O0004340-1,SKU00212,1,20.15,20.15,,0.0,20.15
O0004341,O0004341-1,SKU00038,2,50.53,101.06,,0.0,101.06
O0004342,O0004342-1,SKU00203,1,71.32,71.32,,0.0,71.32
O0004342,O0004342-2,SKU00066,1,52.48,52.48,P0060,5.25,47.23
O0004342,O0004342-3,SKU00307,1,36.83,36.83,,0.0,36.83
O0004343,O0004343-1,SKU00238,1,69.04,69.04,,0.0,69.04
O0004343,O0004343-2,SKU00258,1,50.85,50.85,,0.0,50.85
O0004344,O0004344-1,SKU00360,1,93.89,93.89,,0.0,93.89
O0004345,O0004345-1,SKU00151,3,20.05,60.15,,0.0,60.15
O0004346,O0004346-1,SKU00121,1,58.38,58.38,,0.0,58.38
O0004346,O0004346-2,SKU00079,1,43.31,43.31,,0.0,43.31
O0004347,O0004347-1,SKU00354,1,27.28,27.28,,0.0,27.28
O0004348,O0004348-1,SKU00307,1,36.83,36.83,,0.0,36.83
O0004348,O0004348-2,SKU00393,1,14.38,14.38,,0.0,14.38
O0004348,O0004348-3,SKU00184,1,34.06,34.06,P0060,3.41,30.65
O0004349,O0004349-1,SKU00361,1,44.18,44.18,,0.0,44.18
O0004349,O0004349-2,SKU00101,1,33.02,33.02,,0.0,33.02
O0004349,O0004349-3,SKU00234,1,20.16,20.16,,0.0,20.16
O0004350,O0004350-1,SKU00097,1,30.01,30.01,,0.0,30.01
O0004351,O0004351-1,SKU00007,1,32.91,32.91,,0.0,32.91
O0004351,O0004351-2,SKU00377,1,39.6,39.6,,0.0,39.6
O0004352,O0004352-1,SKU00147,3,41.64,124.92,,0.0,124.92
O0004353,O0004353-1,SKU00006,1,31.28,31.28,,0.0,31.28
O0004353,O0004353-2,SKU00289,1,47.79,47.79,,0.0,47.79
O0004354,O0004354-1,SKU00206,1,31.05,31.05,,0.0,31.05
O0004354,O0004354-2,SKU00251,2,23.58,47.16,,0.0,47.16
O0004354,O0004354-3,SKU00391,1,57.23,57.23,,0.0,57.23
O0004355,O0004355-1,SKU00129,1,38.65,38.65,,0.0,38.65
O0004355,O0004355-2,SKU00178,1,55.23,55.23,,0.0,55.23
O0004356,O0004356-1,SKU00274,2,14.47,28.94,,0.0,28.94
O0004356,O0004356-2,SKU00144,1,27.92,27.92,,0.0,27.92
O0004357,O0004357-1,SKU00046,1,23.8,23.8,,0.0,23.8
O0004357,O0004357-2,SKU00081,1,30.86,30.86,,0.0,30.86
O0004357,O0004357-3,SKU00127,1,44.81,44.81,,0.0,44.81
O0004358,O0004358-1,SKU00321,1,13.85,13.85,,0.0,13.85
O0004358,O0004358-2,SKU00208,1,15.73,15.73,,0.0,15.73
O0004359,O0004359-1,SKU00159,1,47.62,47.62,,0.0,47.62
O0004360,O0004360-1,SKU00238,3,69.04,207.12,,0.0,207.12
O0004360,O0004360-2,SKU00269,2,28.75,57.5,,0.0,57.5
O0004361,O0004361-1,SKU00015,2,66.48,132.96,,0.0,132.96
O0004361,O0004361-2,SKU00126,1,40.15,40.15,P0060,4.01,36.14
O0004361,O0004361-3,SKU00252,1,57.03,57.03,,0.0,57.03
O0004362,O0004362-1,SKU00196,1,36.14,36.14,,0.0,36.14
O0004362,O0004362-2,SKU00038,1,50.53,50.53,,0.0,50.53
O0004362,O0004362-3,SKU00268,1,43.83,43.83,,0.0,43.83
O0004363,O0004363-1,SKU00219,1,65.58,65.58,,0.0,65.58
O0004363,O0004363-2,SKU00320,1,20.06,20.06,,0.0,20.06
O0004363,O0004363-3,SKU00158,1,19.54,19.54,,0.0,19.54
O0004364,O0004364-1,SKU00103,1,32.28,32.28,,0.0,32.28
O0004365,O0004365-1,SKU00200,2,61.25,122.5,,0.0,122.5
O0004365,O0004365-2,SKU00265,1,26.72,26.72,P0060,2.67,24.05
O0004366,O0004366-1,SKU00255,1,82.33,82.33,,0.0,82.33
O0004366,O0004366-2,SKU00279,1,31.74,31.74,,0.0,31.74
O0004366,O0004366-3,SKU00079,1,43.31,43.31,,0.0,43.31
O0004366,O0004366-4,SKU00010,1,32.93,32.93,,0.0,32.93
O0004367,O0004367-1,SKU00392,1,45.36,45.36,,0.0,45.36
O0004367,O0004367-2,SKU00349,3,18.05,54.15,,0.0,54.15
O0004367,O0004367-3,SKU00268,1,43.83,43.83,,0.0,43.83
O0004367,O0004367-4,SKU00216,1,68.72,68.72,,0.0,68.72
O0004368,O0004368-1,SKU00348,1,64.96,64.96,,0.0,64.96
O0004369,O0004369-1,SKU00009,2,52.68,105.36,,0.0,105.36
O0004369,O0004369-2,SKU00212,1,20.15,20.15,,0.0,20.15
O0004370,O0004370-1,SKU00298,1,21.47,21.47,,0.0,21.47
O0004370,O0004370-2,SKU00111,1,50.04,50.04,,0.0,50.04
O0004371,O0004371-1,SKU00196,1,36.14,36.14,,0.0,36.14
O0004372,O0004372-1,SKU00136,1,52.74,52.74,,0.0,52.74
O0004372,O0004372-2,SKU00389,1,51.94,51.94,,0.0,51.94
O0004373,O0004373-1,SKU00355,1,41.61,41.61,,0.0,41.61
O0004373,O0004373-2,SKU00289,1,47.79,47.79,,0.0,47.79
O0004373,O0004373-3,SKU00146,1,60.33,60.33,P0060,6.03,54.3
O0004374,O0004374-1,SKU00346,1,102.61,102.61,,0.0,102.61
O0004374,O0004374-2,SKU00232,1,34.95,34.95,,0.0,34.95
O0004375,O0004375-1,SKU00081,1,30.86,30.86,,0.0,30.86
O0004375,O0004375-2,SKU00037,1,30.33,30.33,,0.0,30.33
O0004375,O0004375-3,SKU00347,1,61.23,61.23,,0.0,61.23
O0004376,O0004376-1,SKU00371,2,48.42,96.84,,0.0,96.84
O0004376,O0004376-2,SKU00179,1,14.26,14.26,,0.0,14.26
O0004377,O0004377-1,SKU00251,1,23.58,23.58,,0.0,23.58
O0004378,O0004378-1,SKU00109,1,88.61,88.61,,0.0,88.61
O0004379,O0004379-1,SKU00241,1,46.38,46.38,,0.0,46.38
O0004379,O0004379-2,SKU00249,1,31.28,31.28,,0.0,31.28
O0004380,O0004380-1,SKU00150,1,41.46,41.46,,0.0,41.46
O0004381,O0004381-1,SKU00181,1,47.26,47.26,,0.0,47.26
O0004381,O0004381-2,SKU00093,2,55.17,110.34,,0.0,110.34
O0004382,O0004382-1,SKU00013,1,31.04,31.04,,0.0,31.04
O0004382,O0004382-2,SKU00017,1,37.58,37.58,,0.0,37.58
O0004383,O0004383-1,SKU00279,1,31.74,31.74,,0.0,31.74
O0004383,O0004383-2,SKU00222,2,30.96,61.92,,0.0,61.92
O0004383,O0004383-3,SKU00049,1,49.27,49.27,,0.0,49.27
O0004384,O0004384-1,SKU00052,3,57.74,173.22,,0.0,173.22
O0004384,O0004384-2,SKU00313,1,49.13,49.13,,0.0,49.13
O0004385,O0004385-1,SKU00183,1,17.38,17.38,,0.0,17.38
O0004386,O0004386-1,SKU00285,1,40.54,40.54,,0.0,40.54
O0004387,O0004387-1,SKU00268,1,43.83,43.83,,0.0,43.83
O0004387,O0004387-2,SKU00086,1,72.82,72.82,,0.0,72.82
O0004388,O0004388-1,SKU00334,1,17.99,17.99,,0.0,17.99
O0004389,O0004389-1,SKU00363,1,45.39,45.39,,0.0,45.39
O0004390,O0004390-1,SKU00037,1,30.33,30.33,,0.0,30.33
O0004390,O0004390-2,SKU00221,1,31.0,31.0,,0.0,31.0
O0004391,O0004391-1,SKU00023,1,57.22,57.22,,0.0,57.22
O0004391,O0004391-2,SKU00001,2,32.38,64.76,,0.0,64.76
O0004392,O0004392-1,SKU00287,1,61.4,61.4,,0.0,61.4
O0004392,O0004392-2,SKU00307,1,36.83,36.83,,0.0,36.83
O0004393,O0004393-1,SKU00381,1,81.55,81.55,,0.0,81.55
O0004393,O0004393-2,SKU00275,2,50.32,100.64,,0.0,100.64
O0004394,O0004394-1,SKU00075,1,53.82,53.82,,0.0,53.82
O0004395,O0004395-1,SKU00212,2,20.15,40.3,,0.0,40.3
O0004396,O0004396-1,SKU00039,1,59.8,59.8,,0.0,59.8
O0004396,O0004396-2,SKU00174,1,57.96,57.96,,0.0,57.96
O0004396,O0004396-3,SKU00147,1,41.64,41.64,,0.0,41.64
O0004396,O0004396-4,SKU00204,1,59.25,59.25,,0.0,59.25
O0004397,O0004397-1,SKU00069,2,19.77,39.54,,0.0,39.54
O0004397,O0004397-2,SKU00161,2,12.51,25.02,,0.0,25.02
O0004398,O0004398-1,SKU00128,1,24.13,24.13,,0.0,24.13
O0004399,O0004399-1,SKU00390,1,38.26,38.26,,0.0,38.26
O0004399,O0004399-2,SKU00198,1,39.26,39.26,,0.0,39.26
O0004400,O0004400-1,SKU00130,1,66.52,66.52,,0.0,66.52
O0004401,O0004401-1,SKU00017,1,37.58,37.58,,0.0,37.58
O0004401,O0004401-2,SKU00290,3,42.67,128.01,,0.0,128.01
O0004401,O0004401-3,SKU00105,1,52.33,52.33,,0.0,52.33
O0004402,O0004402-1,SKU00132,1,44.43,44.43,,0.0,44.43
O0004402,O0004402-2,SKU00050,1,25.95,25.95,,0.0,25.95
O0004403,O0004403-1,SKU00001,1,32.38,32.38,,0.0,32.38
O0004403,O0004403-2,SKU00355,1,41.61,41.61,,0.0,41.61
O0004403,O0004403-3,SKU00217,1,31.07,31.07,,0.0,31.07
O0004403,O0004403-4,SKU00172,1,17.17,17.17,,0.0,17.17
O0004404,O0004404-1,SKU00170,1,29.26,29.26,,0.0,29.26
O0004404,O0004404-2,SKU00041,2,31.32,62.64,P0001,18.79,43.85
O0004404,O0004404-3,SKU00178,2,55.23,110.46,,0.0,110.46
O0004404,O0004404-4,SKU00041,1,31.32,31.32,,0.0,31.32
O0004405,O0004405-1,SKU00121,1,58.38,58.38,P0001,17.51,40.87
O0004405,O0004405-2,SKU00335,1,18.97,18.97,,0.0,18.97
O0004405,O0004405-3,SKU00029,1,36.29,36.29,,0.0,36.29
O0004406,O0004406-1,SKU00101,1,33.02,33.02,,0.0,33.02
O0004406,O0004406-2,SKU00218,1,16.49,16.49,,0.0,16.49
O0004406,O0004406-3,SKU00268,1,43.83,43.83,,0.0,43.83
O0004406,O0004406-4,SKU00119,1,37.15,37.15,,0.0,37.15
O0004407,O0004407-1,SKU00177,1,41.83,41.83,,0.0,41.83
O0004407,O0004407-2,SKU00196,1,36.14,36.14,,0.0,36.14
O0004407,O0004407-3,SKU00282,1,46.15,46.15,,0.0,46.15
O0004408,O0004408-1,SKU00360,1,93.89,93.89,,0.0,93.89
O0004408,O0004408-2,SKU00085,2,51.96,103.92,,0.0,103.92
O0004409,O0004409-1,SKU00203,1,71.32,71.32,,0.0,71.32
O0004409,O0004409-2,SKU00400,1,33.96,33.96,,0.0,33.96
O0004410,O0004410-1,SKU00156,3,25.39,76.17,,0.0,76.17
O0004411,O0004411-1,SKU00344,1,9.99,9.99,,0.0,9.99
O0004411,O0004411-2,SKU00235,1,46.43,46.43,,0.0,46.43
O0004412,O0004412-1,SKU00081,1,30.86,30.86,,0.0,30.86
O0004412,O0004412-2,SKU00296,1,48.03,48.03,,0.0,48.03
O0004413,O0004413-1,SKU00255,1,82.33,82.33,,0.0,82.33
O0004413,O0004413-2,SKU00060,1,76.86,76.86,,0.0,76.86
O0004413,O0004413-3,SKU00400,3,33.96,101.88,,0.0,101.88
O0004414,O0004414-1,SKU00079,1,43.31,43.31,,0.0,43.31
O0004415,O0004415-1,SKU00220,2,42.7,85.4,,0.0,85.4
O0004415,O0004415-2,SKU00202,3,80.2,240.6,,0.0,240.6
O0004415,O0004415-3,SKU00042,1,72.45,72.45,,0.0,72.45
O0004415,O0004415-4,SKU00307,1,36.83,36.83,,0.0,36.83
O0004416,O0004416-1,SKU00390,1,38.26,38.26,,0.0,38.26
O0004417,O0004417-1,SKU00175,3,44.19,132.57,P0001,39.77,92.8
O0004418,O0004418-1,SKU00154,1,62.36,62.36,P0001,18.71,43.65
O0004418,O0004418-2,SKU00293,2,70.96,141.92,,0.0,141.92
O0004419,O0004419-1,SKU00038,1,50.53,50.53,P0001,15.16,35.37
O0004419,O0004419-2,SKU00211,1,88.68,88.68,P0001,26.6,62.08
O0004420,O0004420-1,SKU00088,1,49.61,49.61,,0.0,49.61
O0004421,O0004421-1,SKU00383,1,37.66,37.66,,0.0,37.66
O0004422,O0004422-1,SKU00278,2,54.54,109.08,,0.0,109.08
O0004422,O0004422-2,SKU00397,1,66.5,66.5,,0.0,66.5
O0004423,O0004423-1,SKU00123,1,28.95,28.95,,0.0,28.95
O0004424,O0004424-1,SKU00331,1,21.15,21.15,,0.0,21.15
O0004424,O0004424-2,SKU00266,1,28.62,28.62,,0.0,28.62
O0004425,O0004425-1,SKU00046,1,23.8,23.8,,0.0,23.8
O0004425,O0004425-2,SKU00029,1,36.29,36.29,,0.0,36.29
O0004426,O0004426-1,SKU00196,1,36.14,36.14,,0.0,36.14
O0004426,O0004426-2,SKU00399,1,38.17,38.17,,0.0,38.17
O0004427,O0004427-1,SKU00050,1,25.95,25.95,,0.0,25.95
O0004428,O0004428-1,SKU00328,1,35.12,35.12,,0.0,35.12
O0004428,O0004428-2,SKU00138,1,17.97,17.97,,0.0,17.97
O0004428,O0004428-3,SKU00198,2,39.26,78.52,,0.0,78.52
O0004428,O0004428-4,SKU00307,1,36.83,36.83,,0.0,36.83
O0004429,O0004429-1,SKU00071,2,50.63,101.26,,0.0,101.26
O0004430,O0004430-1,SKU00204,1,59.25,59.25,,0.0,59.25
O0004431,O0004431-1,SKU00392,1,45.36,45.36,,0.0,45.36
O0004431,O0004431-2,SKU00255,1,82.33,82.33,,0.0,82.33
O0004432,O0004432-1,SKU00343,2,45.56,91.12,,0.0,91.12
O0004432,O0004432-2,SKU00020,1,42.57,42.57,,0.0,42.57
O0004433,O0004433-1,SKU00395,1,26.26,26.26,,0.0,26.26
O0004433,O0004433-2,SKU00069,1,19.77,19.77,,0.0,19.77
O0004434,O0004434-1,SKU00309,1,39.31,39.31,P0001,11.79,27.52
O0004435,O0004435-1,SKU00018,3,20.66,61.98,,0.0,61.98
O0004436,O0004436-1,SKU00003,1,28.95,28.95,,0.0,28.95
O0004437,O0004437-1,SKU00299,1,33.57,33.57,,0.0,33.57
O0004437,O0004437-2,SKU00019,1,23.04,23.04,,0.0,23.04
O0004438,O0004438-1,SKU00146,1,60.33,60.33,,0.0,60.33
O0004438,O0004438-2,SKU00351,1,52.83,52.83,,0.0,52.83
O0004438,O0004438-3,SKU00056,1,38.71,38.71,,0.0,38.71
O0004439,O0004439-1,SKU00355,1,41.61,41.61,,0.0,41.61
O0004439,O0004439-2,SKU00385,1,57.12,57.12,P0001,17.14,39.98
O0004439,O0004439-3,SKU00038,1,50.53,50.53,,0.0,50.53
O0004440,O0004440-1,SKU00042,1,72.45,72.45,,0.0,72.45
O0004441,O0004441-1,SKU00229,1,74.74,74.74,,0.0,74.74
O0004441,O0004441-2,SKU00348,3,64.96,194.88,,0.0,194.88
O0004442,O0004442-1,SKU00313,1,49.13,49.13,P0001,14.74,34.39
O0004442,O0004442-2,SKU00229,1,74.74,74.74,,0.0,74.74
O0004442,O0004442-3,SKU00099,1,22.33,22.33,,0.0,22.33
O0004443,O0004443-1,SKU00194,1,40.96,40.96,,0.0,40.96
O0004443,O0004443-2,SKU00369,1,42.23,42.23,,0.0,42.23
O0004444,O0004444-1,SKU00276,1,22.08,22.08,,0.0,22.08
O0004444,O0004444-2,SKU00209,3,102.17,306.51,,0.0,306.51
O0004445,O0004445-1,SKU00316,1,21.03,21.03,,0.0,21.03
O0004445,O0004445-2,SKU00031,1,49.75,49.75,,0.0,49.75
O0004446,O0004446-1,SKU00318,1,30.41,30.41,,0.0,30.41
O0004447,O0004447-1,SKU00031,1,49.75,49.75,,0.0,49.75
O0004447,O0004447-2,SKU00010,1,32.93,32.93,,0.0,32.93
O0004447,O0004447-3,SKU00127,1,44.81,44.81,,0.0,44.81
O0004448,O0004448-1,SKU00082,1,35.63,35.63,,0.0,35.63
O0004449,O0004449-1,SKU00238,1,69.04,69.04,,0.0,69.04
O0004449,O0004449-2,SKU00298,1,21.47,21.47,,0.0,21.47
O0004450,O0004450-1,SKU00155,1,44.19,44.19,,0.0,44.19
O0004450,O0004450-2,SKU00052,1,57.74,57.74,,0.0,57.74
O0004450,O0004450-3,SKU00172,1,17.17,17.17,,0.0,17.17
O0004450,O0004450-4,SKU00035,1,57.12,57.12,,0.0,57.12
O0004451,O0004451-1,SKU00326,1,34.94,34.94,,0.0,34.94
O0004451,O0004451-2,SKU00255,1,82.33,82.33,,0.0,82.33
O0004451,O0004451-3,SKU00141,1,78.13,78.13,P0060,7.81,70.32
O0004452,O0004452-1,SKU00360,1,93.89,93.89,,0.0,93.89
O0004452,O0004452-2,SKU00223,1,22.77,22.77,,0.0,22.77
O0004453,O0004453-1,SKU00331,1,21.15,21.15,,0.0,21.15
O0004454,O0004454-1,SKU00372,1,19.15,19.15,,0.0,19.15
O0004454,O0004454-2,SKU00275,1,50.32,50.32,P0060,5.03,45.29
O0004455,O0004455-1,SKU00095,1,53.11,53.11,,0.0,53.11
O0004455,O0004455-2,SKU00369,1,42.23,42.23,,0.0,42.23
O0004456,O0004456-1,SKU00169,1,38.7,38.7,,0.0,38.7
O0004456,O0004456-2,SKU00238,1,69.04,69.04,,0.0,69.04
O0004457,O0004457-1,SKU00229,1,74.74,74.74,,0.0,74.74
O0004457,O0004457-2,SKU00396,1,15.54,15.54,,0.0,15.54
O0004458,O0004458-1,SKU00258,1,50.85,50.85,,0.0,50.85
O0004458,O0004458-2,SKU00018,1,20.66,20.66,,0.0,20.66
O0004459,O0004459-1,SKU00330,1,61.47,61.47,,0.0,61.47
O0004460,O0004460-1,SKU00052,1,57.74,57.74,,0.0,57.74
O0004461,O0004461-1,SKU00179,1,14.26,14.26,,0.0,14.26
O0004461,O0004461-2,SKU00252,1,57.03,57.03,,0.0,57.03
O0004462,O0004462-1,SKU00294,1,47.23,47.23,,0.0,47.23
O0004462,O0004462-2,SKU00299,2,33.57,67.14,P0001,20.14,47.0
O0004462,O0004462-3,SKU00176,1,24.92,24.92,,0.0,24.92
O0004463,O0004463-1,SKU00326,3,34.94,104.82,,0.0,104.82
O0004463,O0004463-2,SKU00161,1,12.51,12.51,,0.0,12.51
O0004463,O0004463-3,SKU00010,1,32.93,32.93,,0.0,32.93
O0004463,O0004463-4,SKU00106,1,24.61,24.61,,0.0,24.61
O0004464,O0004464-1,SKU00018,2,20.66,41.32,,0.0,41.32
O0004464,O0004464-2,SKU00158,1,19.54,19.54,,0.0,19.54
O0004464,O0004464-3,SKU00052,2,57.74,115.48,,0.0,115.48
O0004465,O0004465-1,SKU00019,1,23.04,23.04,,0.0,23.04
O0004465,O0004465-2,SKU00122,1,22.77,22.77,,0.0,22.77
O0004465,O0004465-3,SKU00147,1,41.64,41.64,,0.0,41.64
O0004465,O0004465-4,SKU00233,2,21.18,42.36,,0.0,42.36
O0004466,O0004466-1,SKU00320,1,20.06,20.06,,0.0,20.06
O0004466,O0004466-2,SKU00354,1,27.28,27.28,,0.0,27.28
O0004467,O0004467-1,SKU00368,1,19.96,19.96,,0.0,19.96
O0004467,O0004467-2,SKU00224,1,53.56,53.56,,0.0,53.56
O0004467,O0004467-3,SKU00130,1,66.52,66.52,,0.0,66.52
O0004468,O0004468-1,SKU00292,1,51.63,51.63,,0.0,51.63
O0004468,O0004468-2,SKU00051,1,57.83,57.83,P0001,17.35,40.48
O0004468,O0004468-3,SKU00150,1,41.46,41.46,,0.0,41.46
O0004468,O0004468-4,SKU00176,1,24.92,24.92,,0.0,24.92
O0004469,O0004469-1,SKU00387,1,38.08,38.08,,0.0,38.08
O0004469,O0004469-2,SKU00090,1,36.81,36.81,,0.0,36.81
O0004470,O0004470-1,SKU00260,1,38.96,38.96,,0.0,38.96
O0004470,O0004470-2,SKU00055,1,66.78,66.78,,0.0,66.78
O0004470,O0004470-3,SKU00322,1,22.71,22.71,,0.0,22.71
O0004471,O0004471-1,SKU00357,1,23.0,23.0,,0.0,23.0
O0004472,O0004472-1,SKU00111,2,50.04,100.08,,0.0,100.08
O0004473,O0004473-1,SKU00108,1,19.31,19.31,,0.0,19.31
O0004473,O0004473-2,SKU00036,1,42.54,42.54,,0.0,42.54
O0004473,O0004473-3,SKU00044,1,26.97,26.97,,0.0,26.97
O0004474,O0004474-1,SKU00080,1,45.12,45.12,P0001,13.54,31.58
O0004474,O0004474-2,SKU00377,1,39.6,39.6,,0.0,39.6
O0004475,O0004475-1,SKU00178,1,55.23,55.23,,0.0,55.23
O0004475,O0004475-2,SKU00099,1,22.33,22.33,,0.0,22.33
O0004476,O0004476-1,SKU00355,1,41.61,41.61,,0.0,41.61
O0004476,O0004476-2,SKU00003,2,28.95,57.9,,0.0,57.9
O0004476,O0004476-3,SKU00067,1,20.67,20.67,,0.0,20.67
O0004476,O0004476-4,SKU00198,1,39.26,39.26,,0.0,39.26
O0004477,O0004477-1,SKU00108,1,19.31,19.31,,0.0,19.31
O0004477,O0004477-2,SKU00221,3,31.0,93.0,,0.0,93.0
O0004477,O0004477-3,SKU00166,2,65.47,130.94,,0.0,130.94
O0004477,O0004477-4,SKU00339,1,36.52,36.52,,0.0,36.52
O0004478,O0004478-1,SKU00098,2,54.0,108.0,,0.0,108.0
O0004478,O0004478-2,SKU00083,1,54.82,54.82,,0.0,54.82
O0004478,O0004478-3,SKU00073,1,61.83,61.83,,0.0,61.83
O0004479,O0004479-1,SKU00143,2,18.48,36.96,,0.0,36.96
O0004480,O0004480-1,SKU00195,1,41.24,41.24,,0.0,41.24
O0004481,O0004481-1,SKU00174,1,57.96,57.96,,0.0,57.96
O0004482,O0004482-1,SKU00177,2,41.83,83.66,,0.0,83.66
O0004483,O0004483-1,SKU00134,1,31.13,31.13,,0.0,31.13
O0004483,O0004483-2,SKU00073,1,61.83,61.83,P0001,18.55,43.28
O0004484,O0004484-1,SKU00314,1,39.09,39.09,,0.0,39.09
O0004484,O0004484-2,SKU00086,1,72.82,72.82,,0.0,72.82
O0004485,O0004485-1,SKU00186,1,34.13,34.13,,0.0,34.13
O0004485,O0004485-2,SKU00046,1,23.8,23.8,,0.0,23.8
O0004486,O0004486-1,SKU00018,1,20.66,20.66,,0.0,20.66
O0004486,O0004486-2,SKU00204,3,59.25,177.75,P0001,53.32,124.43
O0004487,O0004487-1,SKU00019,1,23.04,23.04,,0.0,23.04
O0004487,O0004487-2,SKU00141,1,78.13,78.13,,0.0,78.13
O0004488,O0004488-1,SKU00265,1,26.72,26.72,P0060,2.67,24.05
O0004488,O0004488-2,SKU00190,1,45.12,45.12,,0.0,45.12
O0004489,O0004489-1,SKU00010,1,32.93,32.93,,0.0,32.93
O0004490,O0004490-1,SKU00143,2,18.48,36.96,,0.0,36.96
O0004490,O0004490-2,SKU00311,1,60.22,60.22,,0.0,60.22
O0004491,O0004491-1,SKU00061,1,23.77,23.77,,0.0,23.77
O0004491,O0004491-2,SKU00354,1,27.28,27.28,,0.0,27.28
O0004492,O0004492-1,SKU00204,1,59.25,59.25,P0060,5.93,53.32
O0004493,O0004493-1,SKU00041,1,31.32,31.32,,0.0,31.32
O0004493,O0004493-2,SKU00362,1,26.77,26.77,,0.0,26.77
O0004493,O0004493-3,SKU00365,1,26.67,26.67,,0.0,26.67
O0004494,O0004494-1,SKU00203,2,71.32,142.64,,0.0,142.64
O0004494,O0004494-2,SKU00130,1,66.52,66.52,,0.0,66.52
O0004494,O0004494-3,SKU00043,1,50.54,50.54,,0.0,50.54
O0004495,O0004495-1,SKU00090,1,36.81,36.81,,0.0,36.81
O0004495,O0004495-2,SKU00082,2,35.63,71.26,,0.0,71.26
O0004495,O0004495-3,SKU00356,3,12.98,38.94,,0.0,38.94
O0004495,O0004495-4,SKU00139,2,52.17,104.34,P0001,31.3,73.04
O0004496,O0004496-1,SKU00300,1,29.05,29.05,,0.0,29.05
O0004497,O0004497-1,SKU00318,1,30.41,30.41,,0.0,30.41
O0004497,O0004497-2,SKU00365,1,26.67,26.67,,0.0,26.67
O0004498,O0004498-1,SKU00258,2,50.85,101.7,,0.0,101.7
O0004499,O0004499-1,SKU00086,2,72.82,145.64,P0001,43.69,101.95
O0004499,O0004499-2,SKU00023,1,57.22,57.22,,0.0,57.22
O0004500,O0004500-1,SKU00314,2,39.09,78.18,,0.0,78.18
O0004501,O0004501-1,SKU00243,1,34.82,34.82,,0.0,34.82
O0004502,O0004502-1,SKU00078,1,17.22,17.22,,0.0,17.22
O0004502,O0004502-2,SKU00255,1,82.33,82.33,,0.0,82.33
O0004502,O0004502-3,SKU00266,1,28.62,28.62,,0.0,28.62
O0004503,O0004503-1,SKU00159,1,47.62,47.62,,0.0,47.62
O0004504,O0004504-1,SKU00123,1,28.95,28.95,,0.0,28.95
O0004505,O0004505-1,SKU00286,1,54.7,54.7,,0.0,54.7
O0004505,O0004505-2,SKU00007,2,32.91,65.82,,0.0,65.82
O0004506,O0004506-1,SKU00023,1,57.22,57.22,,0.0,57.22
O0004506,O0004506-2,SKU00191,1,45.24,45.24,,0.0,45.24
O0004506,O0004506-3,SKU00110,1,38.93,38.93,,0.0,38.93
O0004506,O0004506-4,SKU00153,1,61.1,61.1,,0.0,61.1
O0004507,O0004507-1,SKU00189,1,53.14,53.14,,0.0,53.14
O0004507,O0004507-2,SKU00084,1,33.92,33.92,,0.0,33.92
O0004508,O0004508-1,SKU00117,1,30.62,30.62,,0.0,30.62
O0004508,O0004508-2,SKU00224,1,53.56,53.56,,0.0,53.56
O0004509,O0004509-1,SKU00365,1,26.67,26.67,,0.0,26.67
O0004509,O0004509-2,SKU00321,3,13.85,41.55,,0.0,41.55
O0004510,O0004510-1,SKU00314,1,39.09,39.09,,0.0,39.09
O0004510,O0004510-2,SKU00389,2,51.94,103.88,,0.0,103.88
O0004511,O0004511-1,SKU00268,1,43.83,43.83,,0.0,43.83
O0004512,O0004512-1,SKU00390,2,38.26,76.52,,0.0,76.52
O0004512,O0004512-2,SKU00063,3,26.13,78.39,,0.0,78.39
O0004513,O0004513-1,SKU00144,1,27.92,27.92,,0.0,27.92
O0004514,O0004514-1,SKU00303,1,66.84,66.84,P0001,20.05,46.79
O0004514,O0004514-2,SKU00107,1,64.03,64.03,,0.0,64.03
O0004515,O0004515-1,SKU00088,1,49.61,49.61,,0.0,49.61
O0004516,O0004516-1,SKU00196,1,36.14,36.14,,0.0,36.14
O0004516,O0004516-2,SKU00246,2,38.15,76.3,,0.0,76.3
O0004517,O0004517-1,SKU00081,2,30.86,61.72,,0.0,61.72
O0004518,O0004518-1,SKU00311,1,60.22,60.22,,0.0,60.22
O0004518,O0004518-2,SKU00108,1,19.31,19.31,,0.0,19.31
O0004519,O0004519-1,SKU00151,2,20.05,40.1,,0.0,40.1
O0004520,O0004520-1,SKU00128,1,24.13,24.13,,0.0,24.13
O0004521,O0004521-1,SKU00251,3,23.58,70.74,,0.0,70.74
O0004521,O0004521-2,SKU00047,1,79.17,79.17,,0.0,79.17
O0004522,O0004522-1,SKU00119,2,37.15,74.3,,0.0,74.3
O0004523,O0004523-1,SKU00348,1,64.96,64.96,,0.0,64.96
O0004523,O0004523-2,SKU00296,1,48.03,48.03,,0.0,48.03
O0004523,O0004523-3,SKU00391,1,57.23,57.23,,0.0,57.23
O0004523,O0004523-4,SKU00289,1,47.79,47.79,,0.0,47.79
O0004524,O0004524-1,SKU00107,1,64.03,64.03,,0.0,64.03
O0004525,O0004525-1,SKU00106,1,24.61,24.61,,0.0,24.61
O0004526,O0004526-1,SKU00228,1,106.95,106.95,,0.0,106.95
O0004526,O0004526-2,SKU00255,2,82.33,164.66,,0.0,164.66
O0004527,O0004527-1,SKU00062,1,38.63,38.63,P0001,11.59,27.04
O0004527,O0004527-2,SKU00040,1,46.34,46.34,,0.0,46.34
O0004528,O0004528-1,SKU00367,2,50.59,101.18,,0.0,101.18
O0004528,O0004528-2,SKU00040,3,46.34,139.02,,0.0,139.02
O0004528,O0004528-3,SKU00335,1,18.97,18.97,,0.0,18.97
O0004529,O0004529-1,SKU00100,1,17.02,17.02,,0.0,17.02
O0004530,O0004530-1,SKU00312,1,39.88,39.88,P0001,11.96,27.92
O0004530,O0004530-2,SKU00151,2,20.05,40.1,P0060,4.01,36.09
O0004531,O0004531-1,SKU00399,1,38.17,38.17,,0.0,38.17
O0004532,O0004532-1,SKU00034,1,45.57,45.57,,0.0,45.57
O0004532,O0004532-2,SKU00001,1,32.38,32.38,,0.0,32.38
O0004533,O0004533-1,SKU00317,1,32.85,32.85,,0.0,32.85
O0004534,O0004534-1,SKU00300,1,29.05,29.05,,0.0,29.05
O0004534,O0004534-2,SKU00020,1,42.57,42.57,,0.0,42.57
O0004535,O0004535-1,SKU00391,1,57.23,57.23,,0.0,57.23
O0004535,O0004535-2,SKU00179,1,14.26,14.26,,0.0,14.26
O0004536,O0004536-1,SKU00138,2,17.97,35.94,,0.0,35.94
O0004537,O0004537-1,SKU00291,2,33.52,67.04,,0.0,67.04
O0004537,O0004537-2,SKU00263,1,21.58,21.58,,0.0,21.58
O0004537,O0004537-3,SKU00376,1,37.84,37.84,P0060,3.78,34.06
O0004538,O0004538-1,SKU00017,1,37.58,37.58,,0.0,37.58
O0004539,O0004539-1,SKU00098,1,54.0,54.0,,0.0,54.0
O0004539,O0004539-2,SKU00322,1,22.71,22.71,,0.0,22.71
O0004540,O0004540-1,SKU00258,2,50.85,101.7,,0.0,101.7
O0004541,O0004541-1,SKU00279,2,31.74,63.48,,0.0,63.48
O0004541,O0004541-2,SKU00153,3,61.1,183.3,,0.0,183.3
O0004541,O0004541-3,SKU00400,1,33.96,33.96,,0.0,33.96
O0004542,O0004542-1,SKU00348,1,64.96,64.96,,0.0,64.96
O0004543,O0004543-1,SKU00176,1,24.92,24.92,,0.0,24.92
O0004544,O0004544-1,SKU00361,1,44.18,44.18,,0.0,44.18
O0004544,O0004544-2,SKU00325,1,27.6,27.6,,0.0,27.6
O0004545,O0004545-1,SKU00083,1,54.82,54.82,,0.0,54.82
O0004546,O0004546-1,SKU00222,1,30.96,30.96,,0.0,30.96
O0004547,O0004547-1,SKU00233,2,21.18,42.36,,0.0,42.36
O0004547,O0004547-2,SKU00290,1,42.67,42.67,,0.0,42.67
O0004548,O0004548-1,SKU00046,1,23.8,23.8,,0.0,23.8
O0004548,O0004548-2,SKU00294,2,47.23,94.46,,0.0,94.46
O0004548,O0004548-3,SKU00365,1,26.67,26.67,,0.0,26.67
O0004548,O0004548-4,SKU00118,1,21.46,21.46,,0.0,21.46
O0004549,O0004549-1,SKU00081,1,30.86,30.86,,0.0,30.86
O0004549,O0004549-2,SKU00328,1,35.12,35.12,,0.0,35.12
O0004550,O0004550-1,SKU00220,1,42.7,42.7,,0.0,42.7
O0004551,O0004551-1,SKU00175,1,44.19,44.19,,0.0,44.19
O0004552,O0004552-1,SKU00047,2,79.17,158.34,,0.0,158.34
O0004552,O0004552-2,SKU00343,3,45.56,136.68,,0.0,136.68
O0004553,O0004553-1,SKU00205,1,35.8,35.8,,0.0,35.8
O0004553,O0004553-2,SKU00208,1,15.73,15.73,,0.0,15.73
O0004554,O0004554-1,SKU00051,1,57.83,57.83,P0001,17.35,40.48
O0004555,O0004555-1,SKU00015,1,66.48,66.48,P0001,19.94,46.54
O0004556,O0004556-1,SKU00236,1,32.17,32.17,,0.0,32.17
O0004557,O0004557-1,SKU00140,3,56.17,168.51,,0.0,168.51
O0004558,O0004558-1,SKU00222,1,30.96,30.96,,0.0,30.96
O0004559,O0004559-1,SKU00073,1,61.83,61.83,,0.0,61.83
O0004559,O0004559-2,SKU00400,1,33.96,33.96,,0.0,33.96
O0004559,O0004559-3,SKU00172,1,17.17,17.17,,0.0,17.17
O0004560,O0004560-1,SKU00346,1,102.61,102.61,,0.0,102.61
O0004560,O0004560-2,SKU00232,1,34.95,34.95,,0.0,34.95
O0004560,O0004560-3,SKU00385,1,57.12,57.12,,0.0,57.12
O0004561,O0004561-1,SKU00259,1,40.89,40.89,,0.0,40.89
O0004561,O0004561-2,SKU00312,1,39.88,39.88,,0.0,39.88
O0004562,O0004562-1,SKU00101,1,33.02,33.02,,0.0,33.02
O0004563,O0004563-1,SKU00241,1,46.38,46.38,P0001,13.91,32.47
O0004564,O0004564-1,SKU00384,1,16.39,16.39,,0.0,16.39
O0004564,O0004564-2,SKU00248,2,48.06,96.12,,0.0,96.12
O0004564,O0004564-3,SKU00130,2,66.52,133.04,,0.0,133.04
O0004565,O0004565-1,SKU00291,1,33.52,33.52,,0.0,33.52
O0004565,O0004565-2,SKU00069,1,19.77,19.77,,0.0,19.77
O0004565,O0004565-3,SKU00213,3,45.05,135.15,,0.0,135.15
O0004566,O0004566-1,SKU00075,1,53.82,53.82,,0.0,53.82
O0004567,O0004567-1,SKU00077,1,17.01,17.01,,0.0,17.01
O0004568,O0004568-1,SKU00012,3,9.88,29.64,,0.0,29.64
O0004569,O0004569-1,SKU00074,1,76.62,76.62,,0.0,76.62
O0004569,O0004569-2,SKU00160,1,42.59,42.59,,0.0,42.59
O0004570,O0004570-1,SKU00351,1,52.83,52.83,P0001,15.85,36.98
O0004571,O0004571-1,SKU00174,1,57.96,57.96,,0.0,57.96
O0004571,O0004571-2,SKU00167,1,22.6,22.6,,0.0,22.6
O0004571,O0004571-3,SKU00178,2,55.23,110.46,,0.0,110.46
O0004572,O0004572-1,SKU00388,1,37.93,37.93,,0.0,37.93
O0004572,O0004572-2,SKU00269,3,28.75,86.25,,0.0,86.25
O0004573,O0004573-1,SKU00367,2,50.59,101.18,,0.0,101.18
O0004574,O0004574-1,SKU00034,1,45.57,45.57,,0.0,45.57
O0004575,O0004575-1,SKU00217,1,31.07,31.07,,0.0,31.07
O0004575,O0004575-2,SKU00241,1,46.38,46.38,P0001,13.91,32.47
O0004576,O0004576-1,SKU00242,1,41.5,41.5,,0.0,41.5
O0004577,O0004577-1,SKU00011,1,31.25,31.25,,0.0,31.25
O0004577,O0004577-2,SKU00314,1,39.09,39.09,,0.0,39.09
O0004578,O0004578-1,SKU00211,2,88.68,177.36,P0001,53.21,124.15
O0004578,O0004578-2,SKU00179,3,14.26,42.78,,0.0,42.78
O0004578,O0004578-3,SKU00141,1,78.13,78.13,,0.0,78.13
O0004578,O0004578-4,SKU00381,1,81.55,81.55,,0.0,81.55
O0004579,O0004579-1,SKU00041,2,31.32,62.64,,0.0,62.64
O0004579,O0004579-2,SKU00358,1,36.52,36.52,P0001,10.96,25.56
O0004579,O0004579-3,SKU00304,1,28.55,28.55,,0.0,28.55
O0004579,O0004579-4,SKU00343,1,45.56,45.56,,0.0,45.56
O0004580,O0004580-1,SKU00138,2,17.97,35.94,,0.0,35.94
O0004580,O0004580-2,SKU00328,1,35.12,35.12,,0.0,35.12
O0004581,O0004581-1,SKU00325,1,27.6,27.6,,0.0,27.6
O0004581,O0004581-2,SKU00097,1,30.01,30.01,,0.0,30.01
O0004581,O0004581-3,SKU00075,1,53.82,53.82,,0.0,53.82
O0004582,O0004582-1,SKU00145,1,34.93,34.93,,0.0,34.93
O0004583,O0004583-1,SKU00033,1,24.44,24.44,,0.0,24.44
O0004583,O0004583-2,SKU00206,1,31.05,31.05,,0.0,31.05
O0004584,O0004584-1,SKU00281,1,52.93,52.93,,0.0,52.93
O0004584,O0004584-2,SKU00231,3,34.06,102.18,,0.0,102.18
O0004584,O0004584-3,SKU00074,1,76.62,76.62,,0.0,76.62
O0004585,O0004585-1,SKU00127,1,44.81,44.81,,0.0,44.81
O0004586,O0004586-1,SKU00316,1,21.03,21.03,P0001,6.31,14.72
O0004587,O0004587-1,SKU00263,1,21.58,21.58,,0.0,21.58
O0004588,O0004588-1,SKU00234,1,20.16,20.16,,0.0,20.16
O0004588,O0004588-2,SKU00044,1,26.97,26.97,,0.0,26.97
O0004588,O0004588-3,SKU00028,1,35.88,35.88,,0.0,35.88
O0004589,O0004589-1,SKU00136,1,52.74,52.74,P0001,15.82,36.92
O0004589,O0004589-2,SKU00211,1,88.68,88.68,,0.0,88.68
O0004589,O0004589-3,SKU00102,1,12.21,12.21,,0.0,12.21
O0004590,O0004590-1,SKU00190,2,45.12,90.24,,0.0,90.24
O0004591,O0004591-1,SKU00356,1,12.98,12.98,,0.0,12.98
O0004592,O0004592-1,SKU00090,1,36.81,36.81,,0.0,36.81
O0004592,O0004592-2,SKU00152,1,57.95,57.95,,0.0,57.95
O0004593,O0004593-1,SKU00163,1,29.45,29.45,,0.0,29.45
O0004593,O0004593-2,SKU00250,1,32.56,32.56,,0.0,32.56
O0004594,O0004594-1,SKU00233,1,21.18,21.18,,0.0,21.18
O0004594,O0004594-2,SKU00286,1,54.7,54.7,,0.0,54.7
O0004595,O0004595-1,SKU00104,3,73.97,221.91,,0.0,221.91
O0004596,O0004596-1,SKU00205,1,35.8,35.8,,0.0,35.8
O0004596,O0004596-2,SKU00366,1,33.09,33.09,,0.0,33.09
O0004596,O0004596-3,SKU00088,1,49.61,49.61,,0.0,49.61
O0004596,O0004596-4,SKU00228,2,106.95,213.9,,0.0,213.9
O0004597,O0004597-1,SKU00132,1,44.43,44.43,,0.0,44.43
O0004597,O0004597-2,SKU00387,3,38.08,114.24,,0.0,114.24
O0004598,O0004598-1,SKU00395,2,26.26,52.52,,0.0,52.52
O0004598,O0004598-2,SKU00041,2,31.32,62.64,P0001,18.79,43.85
O0004598,O0004598-3,SKU00194,1,40.96,40.96,,0.0,40.96
O0004599,O0004599-1,SKU00348,1,64.96,64.96,,0.0,64.96
O0004599,O0004599-2,SKU00134,1,31.13,31.13,,0.0,31.13
O0004600,O0004600-1,SKU00347,1,61.23,61.23,,0.0,61.23
O0004600,O0004600-2,SKU00071,1,50.63,50.63,,0.0,50.63
O0004600,O0004600-3,SKU00225,1,25.36,25.36,,0.0,25.36
O0004601,O0004601-1,SKU00154,1,62.36,62.36,,0.0,62.36
O0004601,O0004601-2,SKU00330,2,61.47,122.94,,0.0,122.94
O0004601,O0004601-3,SKU00328,2,35.12,70.24,,0.0,70.24
O0004602,O0004602-1,SKU00156,1,25.39,25.39,,0.0,25.39
O0004602,O0004602-2,SKU00063,1,26.13,26.13,,0.0,26.13
O0004602,O0004602-3,SKU00197,1,32.23,32.23,,0.0,32.23
O0004603,O0004603-1,SKU00027,1,11.75,11.75,,0.0,11.75
O0004604,O0004604-1,SKU00107,2,64.03,128.06,,0.0,128.06
O0004604,O0004604-2,SKU00167,1,22.6,22.6,,0.0,22.6
O0004605,O0004605-1,SKU00128,1,24.13,24.13,,0.0,24.13
O0004605,O0004605-2,SKU00083,3,54.82,164.46,,0.0,164.46
O0004605,O0004605-3,SKU00299,1,33.57,33.57,P0001,10.07,23.5
O0004606,O0004606-1,SKU00357,3,23.0,69.0,,0.0,69.0
O0004607,O0004607-1,SKU00169,1,38.7,38.7,,0.0,38.7
O0004608,O0004608-1,SKU00036,1,42.54,42.54,,0.0,42.54
O0004608,O0004608-2,SKU00358,1,36.52,36.52,P0001,10.96,25.56
O0004609,O0004609-1,SKU00347,1,61.23,61.23,,0.0,61.23
O0004609,O0004609-2,SKU00358,1,36.52,36.52,P0001,10.96,25.56
O0004610,O0004610-1,SKU00340,1,30.34,30.34,,0.0,30.34
O0004611,O0004611-1,SKU00371,1,48.42,48.42,,0.0,48.42
O0004611,O0004611-2,SKU00113,1,49.01,49.01,,0.0,49.01
O0004612,O0004612-1,SKU00071,2,50.63,101.26,,0.0,101.26
O0004612,O0004612-2,SKU00099,1,22.33,22.33,,0.0,22.33
O0004612,O0004612-3,SKU00314,1,39.09,39.09,,0.0,39.09
O0004613,O0004613-1,SKU00008,1,26.23,26.23,,0.0,26.23
O0004614,O0004614-1,SKU00081,1,30.86,30.86,,0.0,30.86
O0004614,O0004614-2,SKU00016,1,33.83,33.83,,0.0,33.83
O0004615,O0004615-1,SKU00175,1,44.19,44.19,P0001,13.26,30.93
O0004615,O0004615-2,SKU00049,1,49.27,49.27,,0.0,49.27
O0004615,O0004615-3,SKU00084,1,33.92,33.92,,0.0,33.92
O0004616,O0004616-1,SKU00076,1,31.8,31.8,,0.0,31.8
O0004616,O0004616-2,SKU00378,1,38.51,38.51,,0.0,38.51
O0004617,O0004617-1,SKU00389,1,51.94,51.94,,0.0,51.94
O0004617,O0004617-2,SKU00276,1,22.08,22.08,,0.0,22.08
O0004617,O0004617-3,SKU00115,1,25.28,25.28,,0.0,25.28
O0004618,O0004618-1,SKU00125,1,30.05,30.05,,0.0,30.05
O0004618,O0004618-2,SKU00108,1,19.31,19.31,,0.0,19.31
O0004618,O0004618-3,SKU00345,1,60.26,60.26,,0.0,60.26
O0004619,O0004619-1,SKU00309,1,39.31,39.31,P0001,11.79,27.52
O0004619,O0004619-2,SKU00053,1,49.62,49.62,P0001,14.89,34.73
O0004619,O0004619-3,SKU00276,1,22.08,22.08,P0001,6.62,15.46
O0004620,O0004620-1,SKU00371,1,48.42,48.42,,0.0,48.42
O0004620,O0004620-2,SKU00289,1,47.79,47.79,,0.0,47.79
O0004621,O0004621-1,SKU00294,2,47.23,94.46,,0.0,94.46
O0004621,O0004621-2,SKU00393,1,14.38,14.38,,0.0,14.38
O0004621,O0004621-3,SKU00200,1,61.25,61.25,,0.0,61.25
O0004622,O0004622-1,SKU00030,1,17.63,17.63,,0.0,17.63
O0004622,O0004622-2,SKU00329,1,37.64,37.64,,0.0,37.64
O0004623,O0004623-1,SKU00135,1,42.96,42.96,,0.0,42.96
O0004624,O0004624-1,SKU00399,1,38.17,38.17,,0.0,38.17
O0004625,O0004625-1,SKU00050,1,25.95,25.95,,0.0,25.95
O0004625,O0004625-2,SKU00376,2,37.84,75.68,,0.0,75.68
O0004625,O0004625-3,SKU00324,1,70.29,70.29,,0.0,70.29
O0004626,O0004626-1,SKU00250,1,32.56,32.56,,0.0,32.56
O0004627,O0004627-1,SKU00051,2,57.83,115.66,,0.0,115.66
O0004627,O0004627-2,SKU00080,2,45.12,90.24,P0001,27.07,63.17
O0004627,O0004627-3,SKU00385,2,57.12,114.24,,0.0,114.24
O0004628,O0004628-1,SKU00142,1,61.52,61.52,,0.0,61.52
O0004629,O0004629-1,SKU00039,2,59.8,119.6,P0001,35.88,83.72
O0004630,O0004630-1,SKU00017,1,37.58,37.58,,0.0,37.58
O0004630,O0004630-2,SKU00311,2,60.22,120.44,P0001,36.13,84.31
O0004631,O0004631-1,SKU00372,2,19.15,38.3,,0.0,38.3
O0004631,O0004631-2,SKU00021,2,49.41,98.82,,0.0,98.82
O0004632,O0004632-1,SKU00190,1,45.12,45.12,,0.0,45.12
O0004633,O0004633-1,SKU00400,2,33.96,67.92,,0.0,67.92
O0004634,O0004634-1,SKU00130,2,66.52,133.04,,0.0,133.04
O0004635,O0004635-1,SKU00387,1,38.08,38.08,,0.0,38.08
O0004636,O0004636-1,SKU00345,1,60.26,60.26,,0.0,60.26
O0004636,O0004636-2,SKU00385,2,57.12,114.24,,0.0,114.24
O0004637,O0004637-1,SKU00226,1,84.67,84.67,P0001,25.4,59.27
O0004638,O0004638-1,SKU00315,1,65.19,65.19,,0.0,65.19
O0004638,O0004638-2,SKU00225,1,25.36,25.36,,0.0,25.36
O0004639,O0004639-1,SKU00377,2,39.6,79.2,,0.0,79.2
O0004640,O0004640-1,SKU00329,1,37.64,37.64,,0.0,37.64
O0004640,O0004640-2,SKU00217,1,31.07,31.07,,0.0,31.07
O0004641,O0004641-1,SKU00326,1,34.94,34.94,,0.0,34.94
O0004641,O0004641-2,SKU00243,1,34.82,34.82,,0.0,34.82
O0004641,O0004641-3,SKU00101,1,33.02,33.02,,0.0,33.02
O0004642,O0004642-1,SKU00189,2,53.14,106.28,,0.0,106.28
O0004642,O0004642-2,SKU00155,2,44.19,88.38,,0.0,88.38
O0004642,O0004642-3,SKU00251,1,23.58,23.58,,0.0,23.58
O0004642,O0004642-4,SKU00140,1,56.17,56.17,,0.0,56.17
O0004643,O0004643-1,SKU00223,1,22.77,22.77,,0.0,22.77
O0004644,O0004644-1,SKU00215,2,33.08,66.16,,0.0,66.16
O0004645,O0004645-1,SKU00102,3,12.21,36.63,,0.0,36.63
O0004645,O0004645-2,SKU00299,1,33.57,33.57,P0001,10.07,23.5
O0004646,O0004646-1,SKU00293,3,70.96,212.88,,0.0,212.88
O0004647,O0004647-1,SKU00209,1,102.17,102.17,,0.0,102.17
O0004647,O0004647-2,SKU00175,2,44.19,88.38,,0.0,88.38
O0004647,O0004647-3,SKU00264,1,27.04,27.04,,0.0,27.04
O0004648,O0004648-1,SKU00389,1,51.94,51.94,,0.0,51.94
O0004649,O0004649-1,SKU00151,3,20.05,60.15,,0.0,60.15
O0004649,O0004649-2,SKU00345,1,60.26,60.26,,0.0,60.26
O0004649,O0004649-3,SKU00203,1,71.32,71.32,,0.0,71.32
O0004650,O0004650-1,SKU00031,3,49.75,149.25,,0.0,149.25
O0004651,O0004651-1,SKU00058,1,55.01,55.01,,0.0,55.01
O0004651,O0004651-2,SKU00074,1,76.62,76.62,,0.0,76.62
O0004651,O0004651-3,SKU00302,1,26.48,26.48,,0.0,26.48
O0004652,O0004652-1,SKU00077,3,17.01,51.03,,0.0,51.03
O0004653,O0004653-1,SKU00395,1,26.26,26.26,,0.0,26.26
O0004653,O0004653-2,SKU00085,1,51.96,51.96,,0.0,51.96
O0004654,O0004654-1,SKU00163,2,29.45,58.9,,0.0,58.9
O0004655,O0004655-1,SKU00011,2,31.25,62.5,,0.0,62.5
O0004655,O0004655-2,SKU00067,1,20.67,20.67,,0.0,20.67
O0004656,O0004656-1,SKU00011,1,31.25,31.25,,0.0,31.25
O0004656,O0004656-2,SKU00071,1,50.63,50.63,,0.0,50.63
O0004657,O0004657-1,SKU00269,1,28.75,28.75,,0.0,28.75
O0004658,O0004658-1,SKU00018,1,20.66,20.66,,0.0,20.66
O0004658,O0004658-2,SKU00302,1,26.48,26.48,,0.0,26.48
O0004658,O0004658-3,SKU00360,1,93.89,93.89,,0.0,93.89
O0004659,O0004659-1,SKU00320,1,20.06,20.06,,0.0,20.06
O0004660,O0004660-1,SKU00307,1,36.83,36.83,,0.0,36.83
O0004660,O0004660-2,SKU00193,1,64.21,64.21,,0.0,64.21
O0004660,O0004660-3,SKU00195,1,41.24,41.24,,0.0,41.24
O0004661,O0004661-1,SKU00106,2,24.61,49.22,,0.0,49.22
O0004661,O0004661-2,SKU00341,1,47.08,47.08,,0.0,47.08
O0004662,O0004662-1,SKU00002,1,57.3,57.3,,0.0,57.3
O0004663,O0004663-1,SKU00087,1,22.83,22.83,,0.0,22.83
O0004664,O0004664-1,SKU00351,1,52.83,52.83,,0.0,52.83
O0004664,O0004664-2,SKU00250,1,32.56,32.56,,0.0,32.56
O0004664,O0004664-3,SKU00063,1,26.13,26.13,,0.0,26.13
O0004665,O0004665-1,SKU00276,1,22.08,22.08,,0.0,22.08
O0004665,O0004665-2,SKU00300,2,29.05,58.1,,0.0,58.1
O0004665,O0004665-3,SKU00303,1,66.84,66.84,P0001,20.05,46.79
O0004666,O0004666-1,SKU00051,1,57.83,57.83,,0.0,57.83
O0004666,O0004666-2,SKU00079,1,43.31,43.31,,0.0,43.31
O0004667,O0004667-1,SKU00012,1,9.88,9.88,,0.0,9.88
O0004668,O0004668-1,SKU00017,1,37.58,37.58,,0.0,37.58
O0004668,O0004668-2,SKU00251,1,23.58,23.58,,0.0,23.58
O0004669,O0004669-1,SKU00197,2,32.23,64.46,,0.0,64.46
O0004670,O0004670-1,SKU00049,1,49.27,49.27,,0.0,49.27
O0004670,O0004670-2,SKU00379,1,36.36,36.36,,0.0,36.36
O0004670,O0004670-3,SKU00109,1,88.61,88.61,,0.0,88.61
O0004670,O0004670-4,SKU00018,1,20.66,20.66,,0.0,20.66
O0004671,O0004671-1,SKU00314,1,39.09,39.09,,0.0,39.09
O0004671,O0004671-2,SKU00135,1,42.96,42.96,,0.0,42.96
O0004672,O0004672-1,SKU00310,1,44.67,44.67,,0.0,44.67
O0004672,O0004672-2,SKU00270,1,46.55,46.55,,0.0,46.55
O0004673,O0004673-1,SKU00137,1,60.17,60.17,,0.0,60.17
O0004674,O0004674-1,SKU00391,1,57.23,57.23,,0.0,57.23
O0004675,O0004675-1,SKU00099,1,22.33,22.33,,0.0,22.33
O0004676,O0004676-1,SKU00327,1,44.41,44.41,,0.0,44.41
O0004677,O0004677-1,SKU00053,1,49.62,49.62,,0.0,49.62
O0004678,O0004678-1,SKU00051,2,57.83,115.66,,0.0,115.66
O0004679,O0004679-1,SKU00268,1,43.83,43.83,,0.0,43.83
O0004679,O0004679-2,SKU00100,2,17.02,34.04,,0.0,34.04
O0004679,O0004679-3,SKU00160,1,42.59,42.59,,0.0,42.59
O0004679,O0004679-4,SKU00237,1,54.4,54.4,,0.0,54.4
O0004680,O0004680-1,SKU00129,1,38.65,38.65,,0.0,38.65
O0004681,O0004681-1,SKU00144,1,27.92,27.92,,0.0,27.92
O0004681,O0004681-2,SKU00265,1,26.72,26.72,,0.0,26.72
O0004682,O0004682-1,SKU00281,1,52.93,52.93,,0.0,52.93
O0004683,O0004683-1,SKU00270,1,46.55,46.55,,0.0,46.55
O0004683,O0004683-2,SKU00219,1,65.58,65.58,,0.0,65.58
O0004683,O0004683-3,SKU00205,1,35.8,35.8,,0.0,35.8
O0004683,O0004683-4,SKU00270,1,46.55,46.55,,0.0,46.55
O0004684,O0004684-1,SKU00324,1,70.29,70.29,,0.0,70.29
O0004684,O0004684-2,SKU00033,1,24.44,24.44,,0.0,24.44
O0004685,O0004685-1,SKU00374,1,34.49,34.49,,0.0,34.49
O0004685,O0004685-2,SKU00350,1,53.2,53.2,,0.0,53.2
O0004685,O0004685-3,SKU00035,1,57.12,57.12,,0.0,57.12
O0004686,O0004686-1,SKU00180,1,37.89,37.89,,0.0,37.89
O0004686,O0004686-2,SKU00289,1,47.79,47.79,,0.0,47.79
O0004687,O0004687-1,SKU00003,1,28.95,28.95,,0.0,28.95
O0004687,O0004687-2,SKU00174,1,57.96,57.96,,0.0,57.96
O0004687,O0004687-3,SKU00162,1,65.18,65.18,,0.0,65.18
O0004688,O0004688-1,SKU00251,2,23.58,47.16,,0.0,47.16
O0004688,O0004688-2,SKU00035,1,57.12,57.12,,0.0,57.12
O0004689,O0004689-1,SKU00342,2,38.94,77.88,,0.0,77.88
O0004690,O0004690-1,SKU00228,1,106.95,106.95,,0.0,106.95
O0004690,O0004690-2,SKU00218,3,16.49,49.47,,0.0,49.47
O0004691,O0004691-1,SKU00144,2,27.92,55.84,,0.0,55.84
O0004691,O0004691-2,SKU00352,1,37.11,37.11,,0.0,37.11
O0004691,O0004691-3,SKU00167,1,22.6,22.6,,0.0,22.6
O0004691,O0004691-4,SKU00047,1,79.17,79.17,,0.0,79.17
O0004692,O0004692-1,SKU00364,2,45.23,90.46,,0.0,90.46
O0004692,O0004692-2,SKU00099,1,22.33,22.33,,0.0,22.33
O0004693,O0004693-1,SKU00331,1,21.15,21.15,,0.0,21.15
O0004693,O0004693-2,SKU00138,1,17.97,17.97,,0.0,17.97
O0004693,O0004693-3,SKU00179,1,14.26,14.26,,0.0,14.26
O0004693,O0004693-4,SKU00216,1,68.72,68.72,,0.0,68.72
O0004694,O0004694-1,SKU00075,3,53.82,161.46,,0.0,161.46
O0004695,O0004695-1,SKU00388,3,37.93,113.79,,0.0,113.79
O0004695,O0004695-2,SKU00361,1,44.18,44.18,,0.0,44.18
O0004696,O0004696-1,SKU00109,1,88.61,88.61,,0.0,88.61
O0004696,O0004696-2,SKU00124,1,29.76,29.76,,0.0,29.76
O0004696,O0004696-3,SKU00028,1,35.88,35.88,,0.0,35.88
O0004697,O0004697-1,SKU00308,1,57.22,57.22,,0.0,57.22
O0004698,O0004698-1,SKU00134,1,31.13,31.13,,0.0,31.13
O0004699,O0004699-1,SKU00233,1,21.18,21.18,,0.0,21.18
O0004699,O0004699-2,SKU00294,1,47.23,47.23,,0.0,47.23
O0004699,O0004699-3,SKU00350,2,53.2,106.4,,0.0,106.4
O0004700,O0004700-1,SKU00306,1,36.9,36.9,,0.0,36.9
O0004701,O0004701-1,SKU00176,1,24.92,24.92,,0.0,24.92
O0004701,O0004701-2,SKU00249,1,31.28,31.28,,0.0,31.28
O0004701,O0004701-3,SKU00290,1,42.67,42.67,,0.0,42.67
O0004701,O0004701-4,SKU00293,2,70.96,141.92,,0.0,141.92
O0004702,O0004702-1,SKU00219,1,65.58,65.58,,0.0,65.58
O0004702,O0004702-2,SKU00320,1,20.06,20.06,,0.0,20.06
O0004703,O0004703-1,SKU00042,1,72.45,72.45,,0.0,72.45
O0004703,O0004703-2,SKU00190,1,45.12,45.12,,0.0,45.12
O0004704,O0004704-1,SKU00017,1,37.58,37.58,,0.0,37.58
O0004704,O0004704-2,SKU00336,1,54.95,54.95,,0.0,54.95
O0004705,O0004705-1,SKU00399,1,38.17,38.17,,0.0,38.17
O0004706,O0004706-1,SKU00327,1,44.41,44.41,,0.0,44.41
O0004707,O0004707-1,SKU00008,1,26.23,26.23,,0.0,26.23
O0004707,O0004707-2,SKU00066,1,52.48,52.48,,0.0,52.48
O0004708,O0004708-1,SKU00140,1,56.17,56.17,,0.0,56.17
O0004708,O0004708-2,SKU00379,1,36.36,36.36,,0.0,36.36
O0004709,O0004709-1,SKU00060,1,76.86,76.86,,0.0,76.86
O0004709,O0004709-2,SKU00169,1,38.7,38.7,,0.0,38.7
O0004710,O0004710-1,SKU00174,1,57.96,57.96,P0001,17.39,40.57
O0004710,O0004710-2,SKU00075,1,53.82,53.82,,0.0,53.82
O0004711,O0004711-1,SKU00144,1,27.92,27.92,,0.0,27.92
O0004712,O0004712-1,SKU00366,1,33.09,33.09,,0.0,33.09
O0004712,O0004712-2,SKU00041,1,31.32,31.32,,0.0,31.32
O0004713,O0004713-1,SKU00217,1,31.07,31.07,,0.0,31.07
O0004713,O0004713-2,SKU00137,1,60.17,60.17,P0001,18.05,42.12
O0004713,O0004713-3,SKU00377,1,39.6,39.6,,0.0,39.6
O0004714,O0004714-1,SKU00147,1,41.64,41.64,,0.0,41.64
O0004714,O0004714-2,SKU00139,1,52.17,52.17,,0.0,52.17
O0004714,O0004714-3,SKU00395,1,26.26,26.26,,0.0,26.26
O0004714,O0004714-4,SKU00219,1,65.58,65.58,,0.0,65.58
O0004715,O0004715-1,SKU00155,1,44.19,44.19,,0.0,44.19
O0004716,O0004716-1,SKU00396,2,15.54,31.08,,0.0,31.08
O0004716,O0004716-2,SKU00012,1,9.88,9.88,,0.0,9.88
O0004716,O0004716-3,SKU00189,1,53.14,53.14,,0.0,53.14
O0004717,O0004717-1,SKU00395,1,26.26,26.26,,0.0,26.26
O0004717,O0004717-2,SKU00174,1,57.96,57.96,,0.0,57.96
O0004718,O0004718-1,SKU00073,1,61.83,61.83,,0.0,61.83
O0004718,O0004718-2,SKU00226,1,84.67,84.67,P0001,25.4,59.27
O0004718,O0004718-3,SKU00354,1,27.28,27.28,,0.0,27.28
O0004718,O0004718-4,SKU00152,2,57.95,115.9,,0.0,115.9
O0004719,O0004719-1,SKU00114,3,29.46,88.38,,0.0,88.38
O0004719,O0004719-2,SKU00111,1,50.04,50.04,,0.0,50.04
O0004719,O0004719-3,SKU00199,1,60.64,60.64,,0.0,60.64
O0004720,O0004720-1,SKU00066,1,52.48,52.48,,0.0,52.48
O0004721,O0004721-1,SKU00260,1,38.96,38.96,,0.0,38.96
O0004721,O0004721-2,SKU00386,2,42.93,85.86,P0001,25.76,60.1
O0004722,O0004722-1,SKU00044,1,26.97,26.97,,0.0,26.97
O0004723,O0004723-1,SKU00016,1,33.83,33.83,,0.0,33.83
O0004723,O0004723-2,SKU00312,1,39.88,39.88,P0001,11.96,27.92
O0004723,O0004723-3,SKU00322,1,22.71,22.71,,0.0,22.71
O0004724,O0004724-1,SKU00186,1,34.13,34.13,,0.0,34.13
O0004724,O0004724-2,SKU00400,1,33.96,33.96,,0.0,33.96
O0004725,O0004725-1,SKU00030,1,17.63,17.63,,0.0,17.63
O0004725,O0004725-2,SKU00102,1,12.21,12.21,,0.0,12.21
O0004725,O0004725-3,SKU00043,1,50.54,50.54,,0.0,50.54
O0004726,O0004726-1,SKU00194,1,40.96,40.96,,0.0,40.96
O0004726,O0004726-2,SKU00171,1,60.15,60.15,P0001,18.04,42.11
O0004726,O0004726-3,SKU00094,1,56.4,56.4,P0001,16.92,39.48
O0004726,O0004726-4,SKU00062,1,38.63,38.63,,0.0,38.63
O0004727,O0004727-1,SKU00066,1,52.48,52.48,,0.0,52.48
O0004728,O0004728-1,SKU00245,1,49.62,49.62,,0.0,49.62
O0004728,O0004728-2,SKU00056,1,38.71,38.71,,0.0,38.71
O0004729,O0004729-1,SKU00016,1,33.83,33.83,,0.0,33.83
O0004729,O0004729-2,SKU00295,1,42.42,42.42,,0.0,42.42
O0004730,O0004730-1,SKU00066,2,52.48,104.96,,0.0,104.96
O0004731,O0004731-1,SKU00089,1,49.77,49.77,,0.0,49.77
O0004731,O0004731-2,SKU00160,2,42.59,85.18,,0.0,85.18
O0004731,O0004731-3,SKU00164,1,38.71,38.71,,0.0,38.71
O0004732,O0004732-1,SKU00350,2,53.2,106.4,,0.0,106.4
O0004732,O0004732-2,SKU00073,1,61.83,61.83,,0.0,61.83
O0004732,O0004732-3,SKU00274,1,14.47,14.47,,0.0,14.47
O0004732,O0004732-4,SKU00193,2,64.21,128.42,,0.0,128.42
O0004733,O0004733-1,SKU00343,1,45.56,45.56,,0.0,45.56
O0004733,O0004733-2,SKU00328,1,35.12,35.12,,0.0,35.12
O0004734,O0004734-1,SKU00190,1,45.12,45.12,,0.0,45.12
O0004735,O0004735-1,SKU00229,1,74.74,74.74,,0.0,74.74
O0004735,O0004735-2,SKU00327,1,44.41,44.41,,0.0,44.41
O0004736,O0004736-1,SKU00173,1,61.04,61.04,,0.0,61.04
O0004737,O0004737-1,SKU00146,2,60.33,120.66,,0.0,120.66
O0004738,O0004738-1,SKU00078,1,17.22,17.22,,0.0,17.22
O0004738,O0004738-2,SKU00286,1,54.7,54.7,,0.0,54.7
O0004739,O0004739-1,SKU00326,2,34.94,69.88,,0.0,69.88
O0004740,O0004740-1,SKU00162,1,65.18,65.18,,0.0,65.18
O0004740,O0004740-2,SKU00170,1,29.26,29.26,,0.0,29.26
O0004740,O0004740-3,SKU00359,1,26.27,26.27,,0.0,26.27
O0004740,O0004740-4,SKU00114,1,29.46,29.46,,0.0,29.46
O0004741,O0004741-1,SKU00377,1,39.6,39.6,,0.0,39.6
O0004742,O0004742-1,SKU00346,1,102.61,102.61,,0.0,102.61
O0004742,O0004742-2,SKU00066,1,52.48,52.48,,0.0,52.48
O0004743,O0004743-1,SKU00330,1,61.47,61.47,,0.0,61.47
O0004743,O0004743-2,SKU00354,1,27.28,27.28,,0.0,27.28
O0004744,O0004744-1,SKU00111,2,50.04,100.08,,0.0,100.08
O0004744,O0004744-2,SKU00324,1,70.29,70.29,,0.0,70.29
O0004744,O0004744-3,SKU00255,2,82.33,164.66,,0.0,164.66
O0004745,O0004745-1,SKU00249,2,31.28,62.56,,0.0,62.56
O0004745,O0004745-2,SKU00290,2,42.67,85.34,,0.0,85.34
O0004746,O0004746-1,SKU00229,1,74.74,74.74,,0.0,74.74
O0004746,O0004746-2,SKU00313,1,49.13,49.13,P0001,14.74,34.39
O0004746,O0004746-3,SKU00328,1,35.12,35.12,,0.0,35.12
O0004747,O0004747-1,SKU00152,1,57.95,57.95,,0.0,57.95
O0004748,O0004748-1,SKU00173,1,61.04,61.04,,0.0,61.04
O0004749,O0004749-1,SKU00132,1,44.43,44.43,,0.0,44.43
O0004749,O0004749-2,SKU00186,2,34.13,68.26,,0.0,68.26
O0004750,O0004750-1,SKU00279,1,31.74,31.74,,0.0,31.74
O0004750,O0004750-2,SKU00399,1,38.17,38.17,,0.0,38.17
O0004751,O0004751-1,SKU00340,1,30.34,30.34,,0.0,30.34
O0004752,O0004752-1,SKU00168,2,26.49,52.98,,0.0,52.98
O0004752,O0004752-2,SKU00265,1,26.72,26.72,,0.0,26.72
O0004753,O0004753-1,SKU00320,1,20.06,20.06,,0.0,20.06
O0004754,O0004754-1,SKU00312,1,39.88,39.88,P0001,11.96,27.92
O0004755,O0004755-1,SKU00174,1,57.96,57.96,,0.0,57.96
O0004756,O0004756-1,SKU00129,1,38.65,38.65,,0.0,38.65
O0004757,O0004757-1,SKU00219,1,65.58,65.58,,0.0,65.58
O0004758,O0004758-1,SKU00099,1,22.33,22.33,,0.0,22.33
O0004759,O0004759-1,SKU00109,3,88.61,265.83,,0.0,265.83
O0004759,O0004759-2,SKU00289,1,47.79,47.79,,0.0,47.79
O0004759,O0004759-3,SKU00264,1,27.04,27.04,,0.0,27.04
O0004760,O0004760-1,SKU00150,1,41.46,41.46,,0.0,41.46
O0004761,O0004761-1,SKU00379,1,36.36,36.36,,0.0,36.36
O0004761,O0004761-2,SKU00369,1,42.23,42.23,,0.0,42.23
O0004762,O0004762-1,SKU00225,1,25.36,25.36,,0.0,25.36
O0004763,O0004763-1,SKU00306,2,36.9,73.8,,0.0,73.8
O0004764,O0004764-1,SKU00292,3,51.63,154.89,,0.0,154.89
O0004765,O0004765-1,SKU00350,2,53.2,106.4,,0.0,106.4
O0004765,O0004765-2,SKU00290,1,42.67,42.67,,0.0,42.67
O0004766,O0004766-1,SKU00384,1,16.39,16.39,,0.0,16.39
O0004766,O0004766-2,SKU00081,3,30.86,92.58,,0.0,92.58
O0004766,O0004766-3,SKU00140,2,56.17,112.34,,0.0,112.34
O0004767,O0004767-1,SKU00362,2,26.77,53.54,,0.0,53.54
O0004767,O0004767-2,SKU00137,2,60.17,120.34,P0001,36.1,84.24
O0004768,O0004768-1,SKU00222,3,30.96,92.88,,0.0,92.88
O0004769,O0004769-1,SKU00268,1,43.83,43.83,,0.0,43.83
O0004769,O0004769-2,SKU00303,1,66.84,66.84,,0.0,66.84
O0004770,O0004770-1,SKU00041,3,31.32,93.96,,0.0,93.96
O0004771,O0004771-1,SKU00372,1,19.15,19.15,,0.0,19.15
O0004772,O0004772-1,SKU00227,2,105.48,210.96,,0.0,210.96
O0004772,O0004772-2,SKU00187,1,39.15,39.15,,0.0,39.15
O0004772,O0004772-3,SKU00071,1,50.63,50.63,,0.0,50.63
O0004773,O0004773-1,SKU00122,1,22.77,22.77,,0.0,22.77
O0004773,O0004773-2,SKU00191,1,45.24,45.24,,0.0,45.24
O0004774,O0004774-1,SKU00364,2,45.23,90.46,,0.0,90.46
O0004774,O0004774-2,SKU00329,3,37.64,112.92,,0.0,112.92
O0004775,O0004775-1,SKU00188,1,58.74,58.74,,0.0,58.74
O0004776,O0004776-1,SKU00118,1,21.46,21.46,,0.0,21.46
O0004776,O0004776-2,SKU00069,1,19.77,19.77,,0.0,19.77
O0004777,O0004777-1,SKU00155,1,44.19,44.19,,0.0,44.19
O0004778,O0004778-1,SKU00250,1,32.56,32.56,,0.0,32.56
O0004778,O0004778-2,SKU00093,1,55.17,55.17,,0.0,55.17
O0004779,O0004779-1,SKU00323,1,39.02,39.02,,0.0,39.02
O0004780,O0004780-1,SKU00218,1,16.49,16.49,,0.0,16.49
O0004780,O0004780-2,SKU00233,1,21.18,21.18,,0.0,21.18
O0004781,O0004781-1,SKU00336,1,54.95,54.95,,0.0,54.95
O0004781,O0004781-2,SKU00125,1,30.05,30.05,,0.0,30.05
O0004781,O0004781-3,SKU00157,1,70.71,70.71,,0.0,70.71
O0004782,O0004782-1,SKU00283,1,85.39,85.39,,0.0,85.39
O0004783,O0004783-1,SKU00023,1,57.22,57.22,,0.0,57.22
O0004783,O0004783-2,SKU00025,3,42.44,127.32,,0.0,127.32
O0004783,O0004783-3,SKU00231,1,34.06,34.06,,0.0,34.06
O0004784,O0004784-1,SKU00230,1,49.13,49.13,,0.0,49.13
O0004785,O0004785-1,SKU00295,3,42.42,127.26,P0001,38.18,89.08
O0004785,O0004785-2,SKU00351,1,52.83,52.83,,0.0,52.83
O0004785,O0004785-3,SKU00238,1,69.04,69.04,,0.0,69.04
O0004786,O0004786-1,SKU00139,1,52.17,52.17,,0.0,52.17
O0004786,O0004786-2,SKU00123,1,28.95,28.95,,0.0,28.95
O0004786,O0004786-3,SKU00296,1,48.03,48.03,,0.0,48.03
O0004787,O0004787-1,SKU00025,1,42.44,42.44,,0.0,42.44
O0004787,O0004787-2,SKU00129,1,38.65,38.65,,0.0,38.65
O0004788,O0004788-1,SKU00215,1,33.08,33.08,,0.0,33.08
O0004788,O0004788-2,SKU00372,1,19.15,19.15,,0.0,19.15
O0004789,O0004789-1,SKU00136,1,52.74,52.74,,0.0,52.74
O0004790,O0004790-1,SKU00227,1,105.48,105.48,,0.0,105.48
O0004791,O0004791-1,SKU00250,1,32.56,32.56,,0.0,32.56
O0004792,O0004792-1,SKU00198,2,39.26,78.52,,0.0,78.52
O0004792,O0004792-2,SKU00098,1,54.0,54.0,,0.0,54.0
O0004792,O0004792-3,SKU00343,1,45.56,45.56,P0001,13.67,31.89
O0004793,O0004793-1,SKU00209,1,102.17,102.17,,0.0,102.17
O0004794,O0004794-1,SKU00036,1,42.54,42.54,,0.0,42.54
O0004795,O0004795-1,SKU00385,1,57.12,57.12,,0.0,57.12
O0004795,O0004795-2,SKU00200,1,61.25,61.25,,0.0,61.25
O0004796,O0004796-1,SKU00045,1,35.31,35.31,,0.0,35.31
O0004796,O0004796-2,SKU00260,1,38.96,38.96,,0.0,38.96
O0004797,O0004797-1,SKU00058,1,55.01,55.01,,0.0,55.01
O0004797,O0004797-2,SKU00087,1,22.83,22.83,,0.0,22.83
O0004798,O0004798-1,SKU00196,1,36.14,36.14,,0.0,36.14
O0004798,O0004798-2,SKU00323,1,39.02,39.02,,0.0,39.02
O0004798,O0004798-3,SKU00336,1,54.95,54.95,,0.0,54.95
O0004799,O0004799-1,SKU00150,1,41.46,41.46,,0.0,41.46
O0004800,O0004800-1,SKU00008,1,26.23,26.23,,0.0,26.23
O0004800,O0004800-2,SKU00177,2,41.83,83.66,,0.0,83.66
O0004801,O0004801-1,SKU00306,1,36.9,36.9,,0.0,36.9
O0004801,O0004801-2,SKU00046,2,23.8,47.6,,0.0,47.6
O0004802,O0004802-1,SKU00317,1,32.85,32.85,,0.0,32.85
O0004802,O0004802-2,SKU00286,1,54.7,54.7,,0.0,54.7
O0004803,O0004803-1,SKU00006,2,31.28,62.56,,0.0,62.56
O0004804,O0004804-1,SKU00025,1,42.44,42.44,,0.0,42.44
O0004805,O0004805-1,SKU00371,1,48.42,48.42,,0.0,48.42
O0004806,O0004806-1,SKU00053,2,49.62,99.24,,0.0,99.24
O0004806,O0004806-2,SKU00264,2,27.04,54.08,,0.0,54.08
O0004807,O0004807-1,SKU00239,1,15.42,15.42,,0.0,15.42
O0004807,O0004807-2,SKU00100,1,17.02,17.02,,0.0,17.02
O0004808,O0004808-1,SKU00251,1,23.58,23.58,,0.0,23.58
O0004809,O0004809-1,SKU00086,1,72.82,72.82,,0.0,72.82
O0004810,O0004810-1,SKU00078,1,17.22,17.22,,0.0,17.22
O0004810,O0004810-2,SKU00165,1,18.9,18.9,,0.0,18.9
O0004811,O0004811-1,SKU00361,2,44.18,88.36,,0.0,88.36
O0004812,O0004812-1,SKU00203,1,71.32,71.32,,0.0,71.32
O0004812,O0004812-2,SKU00188,1,58.74,58.74,,0.0,58.74
O0004812,O0004812-3,SKU00148,1,39.39,39.39,,0.0,39.39
O0004813,O0004813-1,SKU00358,2,36.52,73.04,P0001,21.91,51.13
O0004813,O0004813-2,SKU00324,1,70.29,70.29,,0.0,70.29
O0004814,O0004814-1,SKU00114,1,29.46,29.46,,0.0,29.46
O0004814,O0004814-2,SKU00107,1,64.03,64.03,,0.0,64.03
O0004814,O0004814-3,SKU00379,1,36.36,36.36,,0.0,36.36
O0004815,O0004815-1,SKU00132,1,44.43,44.43,,0.0,44.43
O0004816,O0004816-1,SKU00270,1,46.55,46.55,,0.0,46.55
O0004816,O0004816-2,SKU00062,1,38.63,38.63,P0001,11.59,27.04
O0004817,O0004817-1,SKU00020,1,42.57,42.57,,0.0,42.57
O0004817,O0004817-2,SKU00166,1,65.47,65.47,,0.0,65.47
O0004817,O0004817-3,SKU00026,1,45.44,45.44,,0.0,45.44
O0004817,O0004817-4,SKU00331,1,21.15,21.15,,0.0,21.15
O0004818,O0004818-1,SKU00115,2,25.28,50.56,,0.0,50.56
O0004818,O0004818-2,SKU00384,1,16.39,16.39,,0.0,16.39
O0004819,O0004819-1,SKU00226,1,84.67,84.67,P0001,25.4,59.27
O0004820,O0004820-1,SKU00086,1,72.82,72.82,,0.0,72.82
O0004821,O0004821-1,SKU00044,3,26.97,80.91,,0.0,80.91
O0004821,O0004821-2,SKU00119,2,37.15,74.3,,0.0,74.3
O0004822,O0004822-1,SKU00400,1,33.96,33.96,,0.0,33.96
O0004822,O0004822-2,SKU00115,1,25.28,25.28,,0.0,25.28
O0004823,O0004823-1,SKU00144,1,27.92,27.92,,0.0,27.92
O0004823,O0004823-2,SKU00358,2,36.52,73.04,,0.0,73.04
O0004824,O0004824-1,SKU00188,1,58.74,58.74,,0.0,58.74
O0004824,O0004824-2,SKU00242,1,41.5,41.5,,0.0,41.5
O0004825,O0004825-1,SKU00218,2,16.49,32.98,,0.0,32.98
O0004825,O0004825-2,SKU00260,3,38.96,116.88,,0.0,116.88
O0004825,O0004825-3,SKU00188,1,58.74,58.74,,0.0,58.74
O0004826,O0004826-1,SKU00097,1,30.01,30.01,,0.0,30.01
O0004826,O0004826-2,SKU00052,1,57.74,57.74,,0.0,57.74
O0004826,O0004826-3,SKU00196,2,36.14,72.28,,0.0,72.28
O0004827,O0004827-1,SKU00304,1,28.55,28.55,,0.0,28.55
O0004828,O0004828-1,SKU00183,1,17.38,17.38,,0.0,17.38
O0004828,O0004828-2,SKU00276,1,22.08,22.08,,0.0,22.08
O0004829,O0004829-1,SKU00236,1,32.17,32.17,,0.0,32.17
O0004830,O0004830-1,SKU00361,1,44.18,44.18,,0.0,44.18
O0004830,O0004830-2,SKU00164,1,38.71,38.71,,0.0,38.71
O0004830,O0004830-3,SKU00224,1,53.56,53.56,,0.0,53.56
O0004831,O0004831-1,SKU00046,1,23.8,23.8,,0.0,23.8
O0004832,O0004832-1,SKU00170,1,29.26,29.26,,0.0,29.26
O0004832,O0004832-2,SKU00140,1,56.17,56.17,,0.0,56.17
O0004832,O0004832-3,SKU00056,1,38.71,38.71,,0.0,38.71
O0004833,O0004833-1,SKU00086,1,72.82,72.82,,0.0,72.82
O0004833,O0004833-2,SKU00198,1,39.26,39.26,,0.0,39.26
O0004834,O0004834-1,SKU00010,1,32.93,32.93,,0.0,32.93
O0004834,O0004834-2,SKU00196,1,36.14,36.14,,0.0,36.14
O0004834,O0004834-3,SKU00285,1,40.54,40.54,,0.0,40.54
O0004834,O0004834-4,SKU00247,1,43.87,43.87,,0.0,43.87
O0004835,O0004835-1,SKU00297,1,39.78,39.78,,0.0,39.78
O0004836,O0004836-1,SKU00140,1,56.17,56.17,,0.0,56.17
O0004837,O0004837-1,SKU00140,1,56.17,56.17,,0.0,56.17
O0004837,O0004837-2,SKU00197,2,32.23,64.46,,0.0,64.46
O0004837,O0004837-3,SKU00146,1,60.33,60.33,,0.0,60.33
O0004838,O0004838-1,SKU00177,1,41.83,41.83,,0.0,41.83
O0004838,O0004838-2,SKU00384,1,16.39,16.39,,0.0,16.39
O0004839,O0004839-1,SKU00042,1,72.45,72.45,,0.0,72.45
O0004840,O0004840-1,SKU00129,1,38.65,38.65,,0.0,38.65
O0004841,O0004841-1,SKU00147,1,41.64,41.64,,0.0,41.64
O0004842,O0004842-1,SKU00378,1,38.51,38.51,,0.0,38.51
O0004842,O0004842-2,SKU00270,1,46.55,46.55,,0.0,46.55
O0004843,O0004843-1,SKU00310,2,44.67,89.34,,0.0,89.34
O0004843,O0004843-2,SKU00017,1,37.58,37.58,,0.0,37.58
O0004843,O0004843-3,SKU00235,1,46.43,46.43,,0.0,46.43
O0004844,O0004844-1,SKU00361,1,44.18,44.18,,0.0,44.18
O0004844,O0004844-2,SKU00058,1,55.01,55.01,,0.0,55.01
O0004844,O0004844-3,SKU00383,2,37.66,75.32,,0.0,75.32
O0004845,O0004845-1,SKU00209,1,102.17,102.17,,0.0,102.17
O0004845,O0004845-2,SKU00123,1,28.95,28.95,,0.0,28.95
O0004846,O0004846-1,SKU00106,2,24.61,49.22,,0.0,49.22
O0004846,O0004846-2,SKU00297,3,39.78,119.34,,0.0,119.34
O0004846,O0004846-3,SKU00171,1,60.15,60.15,,0.0,60.15
O0004846,O0004846-4,SKU00124,2,29.76,59.52,,0.0,59.52
O0004847,O0004847-1,SKU00017,2,37.58,75.16,,0.0,75.16
O0004847,O0004847-2,SKU00396,1,15.54,15.54,,0.0,15.54
O0004847,O0004847-3,SKU00070,1,44.51,44.51,,0.0,44.51
O0004847,O0004847-4,SKU00102,1,12.21,12.21,,0.0,12.21
O0004848,O0004848-1,SKU00172,1,17.17,17.17,,0.0,17.17
O0004848,O0004848-2,SKU00042,2,72.45,144.9,,0.0,144.9
O0004849,O0004849-1,SKU00316,3,21.03,63.09,,0.0,63.09
O0004849,O0004849-2,SKU00001,1,32.38,32.38,,0.0,32.38
O0004850,O0004850-1,SKU00319,3,45.64,136.92,,0.0,136.92
O0004850,O0004850-2,SKU00381,1,81.55,81.55,,0.0,81.55
O0004851,O0004851-1,SKU00361,1,44.18,44.18,,0.0,44.18
O0004851,O0004851-2,SKU00007,1,32.91,32.91,,0.0,32.91
O0004851,O0004851-3,SKU00251,1,23.58,23.58,,0.0,23.58
O0004852,O0004852-1,SKU00136,3,52.74,158.22,,0.0,158.22
O0004853,O0004853-1,SKU00122,1,22.77,22.77,,0.0,22.77
O0004853,O0004853-2,SKU00120,2,19.69,39.38,,0.0,39.38
O0004854,O0004854-1,SKU00161,1,12.51,12.51,,0.0,12.51
O0004854,O0004854-2,SKU00302,1,26.48,26.48,,0.0,26.48
O0004854,O0004854-3,SKU00170,1,29.26,29.26,,0.0,29.26
O0004855,O0004855-1,SKU00203,1,71.32,71.32,,0.0,71.32
O0004856,O0004856-1,SKU00179,1,14.26,14.26,,0.0,14.26
O0004856,O0004856-2,SKU00008,1,26.23,26.23,P0001,7.87,18.36
O0004857,O0004857-1,SKU00374,1,34.49,34.49,,0.0,34.49
O0004858,O0004858-1,SKU00356,1,12.98,12.98,,0.0,12.98
O0004859,O0004859-1,SKU00208,1,15.73,15.73,,0.0,15.73
O0004859,O0004859-2,SKU00169,1,38.7,38.7,,0.0,38.7
O0004859,O0004859-3,SKU00119,1,37.15,37.15,,0.0,37.15
O0004859,O0004859-4,SKU00117,1,30.62,30.62,,0.0,30.62
O0004860,O0004860-1,SKU00152,1,57.95,57.95,,0.0,57.95
O0004860,O0004860-2,SKU00240,1,78.86,78.86,P0001,23.66,55.2
O0004861,O0004861-1,SKU00174,1,57.96,57.96,P0001,17.39,40.57
O0004861,O0004861-2,SKU00220,1,42.7,42.7,P0001,12.81,29.89
O0004861,O0004861-3,SKU00078,1,17.22,17.22,,0.0,17.22
O0004862,O0004862-1,SKU00228,1,106.95,106.95,,0.0,106.95
O0004862,O0004862-2,SKU00386,1,42.93,42.93,,0.0,42.93
O0004863,O0004863-1,SKU00067,1,20.67,20.67,,0.0,20.67
O0004863,O0004863-2,SKU00123,2,28.95,57.9,,0.0,57.9
O0004864,O0004864-1,SKU00225,1,25.36,25.36,,0.0,25.36
O0004864,O0004864-2,SKU00109,1,88.61,88.61,,0.0,88.61
O0004864,O0004864-3,SKU00299,2,33.57,67.14,,0.0,67.14
O0004865,O0004865-1,SKU00095,1,53.11,53.11,,0.0,53.11
O0004866,O0004866-1,SKU00263,3,21.58,64.74,,0.0,64.74
O0004866,O0004866-2,SKU00387,1,38.08,38.08,,0.0,38.08
O0004866,O0004866-3,SKU00371,1,48.42,48.42,,0.0,48.42
O0004867,O0004867-1,SKU00111,2,50.04,100.08,,0.0,100.08
O0004867,O0004867-2,SKU00140,1,56.17,56.17,,0.0,56.17
O0004867,O0004867-3,SKU00387,1,38.08,38.08,,0.0,38.08
O0004867,O0004867-4,SKU00321,1,13.85,13.85,,0.0,13.85
O0004868,O0004868-1,SKU00113,1,49.01,49.01,,0.0,49.01
O0004869,O0004869-1,SKU00258,1,50.85,50.85,,0.0,50.85
O0004869,O0004869-2,SKU00051,1,57.83,57.83,,0.0,57.83
O0004870,O0004870-1,SKU00212,1,20.15,20.15,,0.0,20.15
O0004870,O0004870-2,SKU00113,1,49.01,49.01,,0.0,49.01
O0004870,O0004870-3,SKU00167,2,22.6,45.2,,0.0,45.2
O0004871,O0004871-1,SKU00233,1,21.18,21.18,,0.0,21.18
O0004871,O0004871-2,SKU00343,1,45.56,45.56,P0001,13.67,31.89
O0004872,O0004872-1,SKU00378,1,38.51,38.51,,0.0,38.51
O0004873,O0004873-1,SKU00175,1,44.19,44.19,,0.0,44.19
O0004873,O0004873-2,SKU00324,1,70.29,70.29,,0.0,70.29
O0004873,O0004873-3,SKU00254,1,18.56,18.56,,0.0,18.56
O0004874,O0004874-1,SKU00231,1,34.06,34.06,,0.0,34.06
O0004874,O0004874-2,SKU00202,1,80.2,80.2,,0.0,80.2
O0004874,O0004874-3,SKU00348,1,64.96,64.96,,0.0,64.96
O0004875,O0004875-1,SKU00070,1,44.51,44.51,,0.0,44.51
O0004875,O0004875-2,SKU00283,1,85.39,85.39,,0.0,85.39
O0004875,O0004875-3,SKU00327,1,44.41,44.41,,0.0,44.41
O0004875,O0004875-4,SKU00187,1,39.15,39.15,P0001,11.74,27.41
O0004876,O0004876-1,SKU00148,1,39.39,39.39,,0.0,39.39
O0004876,O0004876-2,SKU00289,1,47.79,47.79,,0.0,47.79
O0004876,O0004876-3,SKU00155,1,44.19,44.19,,0.0,44.19
O0004877,O0004877-1,SKU00150,1,41.46,41.46,,0.0,41.46
O0004877,O0004877-2,SKU00323,1,39.02,39.02,,0.0,39.02
O0004878,O0004878-1,SKU00121,1,58.38,58.38,,0.0,58.38
O0004878,O0004878-2,SKU00366,2,33.09,66.18,,0.0,66.18
O0004878,O0004878-3,SKU00109,1,88.61,88.61,,0.0,88.61
O0004878,O0004878-4,SKU00241,3,46.38,139.14,,0.0,139.14
O0004879,O0004879-1,SKU00016,1,33.83,33.83,,0.0,33.83
O0004880,O0004880-1,SKU00222,2,30.96,61.92,,0.0,61.92
O0004881,O0004881-1,SKU00275,1,50.32,50.32,,0.0,50.32
O0004881,O0004881-2,SKU00005,1,8.67,8.67,,0.0,8.67
O0004881,O0004881-3,SKU00313,1,49.13,49.13,P0001,14.74,34.39
O0004882,O0004882-1,SKU00255,1,82.33,82.33,,0.0,82.33
O0004883,O0004883-1,SKU00263,1,21.58,21.58,,0.0,21.58
O0004883,O0004883-2,SKU00100,1,17.02,17.02,,0.0,17.02
O0004884,O0004884-1,SKU00010,3,32.93,98.79,,0.0,98.79
O0004884,O0004884-2,SKU00060,1,76.86,76.86,,0.0,76.86
O0004885,O0004885-1,SKU00220,1,42.7,42.7,,0.0,42.7
O0004885,O0004885-2,SKU00172,2,17.17,34.34,,0.0,34.34
O0004886,O0004886-1,SKU00070,1,44.51,44.51,,0.0,44.51
O0004887,O0004887-1,SKU00198,1,39.26,39.26,,0.0,39.26
O0004887,O0004887-2,SKU00378,1,38.51,38.51,,0.0,38.51
O0004888,O0004888-1,SKU00267,1,82.59,82.59,,0.0,82.59
O0004888,O0004888-2,SKU00349,1,18.05,18.05,,0.0,18.05
O0004889,O0004889-1,SKU00231,1,34.06,34.06,,0.0,34.06
O0004889,O0004889-2,SKU00082,1,35.63,35.63,,0.0,35.63
O0004890,O0004890-1,SKU00231,1,34.06,34.06,,0.0,34.06
O0004890,O0004890-2,SKU00309,1,39.31,39.31,,0.0,39.31
O0004891,O0004891-1,SKU00383,1,37.66,37.66,,0.0,37.66
O0004891,O0004891-2,SKU00223,1,22.77,22.77,,0.0,22.77
O0004891,O0004891-3,SKU00260,1,38.96,38.96,,0.0,38.96
O0004892,O0004892-1,SKU00327,1,44.41,44.41,,0.0,44.41
O0004892,O0004892-2,SKU00084,1,33.92,33.92,,0.0,33.92
O0004893,O0004893-1,SKU00010,1,32.93,32.93,,0.0,32.93
O0004893,O0004893-2,SKU00379,3,36.36,109.08,,0.0,109.08
O0004894,O0004894-1,SKU00128,1,24.13,24.13,,0.0,24.13
O0004894,O0004894-2,SKU00029,1,36.29,36.29,,0.0,36.29
O0004894,O0004894-3,SKU00128,1,24.13,24.13,,0.0,24.13
O0004894,O0004894-4,SKU00130,1,66.52,66.52,,0.0,66.52
O0004895,O0004895-1,SKU00261,1,86.51,86.51,,0.0,86.51
O0004895,O0004895-2,SKU00355,1,41.61,41.61,,0.0,41.61
O0004896,O0004896-1,SKU00090,1,36.81,36.81,,0.0,36.81
O0004897,O0004897-1,SKU00253,2,51.01,102.02,,0.0,102.02
O0004897,O0004897-2,SKU00167,1,22.6,22.6,,0.0,22.6
O0004897,O0004897-3,SKU00122,1,22.77,22.77,,0.0,22.77
O0004898,O0004898-1,SKU00035,1,57.12,57.12,,0.0,57.12
O0004898,O0004898-2,SKU00334,2,17.99,35.98,,0.0,35.98
O0004899,O0004899-1,SKU00248,1,48.06,48.06,,0.0,48.06
O0004899,O0004899-2,SKU00378,1,38.51,38.51,,0.0,38.51
O0004900,O0004900-1,SKU00152,3,57.95,173.85,,0.0,173.85
O0004900,O0004900-2,SKU00306,1,36.9,36.9,,0.0,36.9
O0004900,O0004900-3,SKU00252,3,57.03,171.09,,0.0,171.09
O0004900,O0004900-4,SKU00322,1,22.71,22.71,,0.0,22.71
O0004901,O0004901-1,SKU00333,1,45.51,45.51,,0.0,45.51
O0004901,O0004901-2,SKU00220,1,42.7,42.7,,0.0,42.7
O0004902,O0004902-1,SKU00100,2,17.02,34.04,P0001,10.21,23.83
O0004902,O0004902-2,SKU00333,1,45.51,45.51,,0.0,45.51
O0004902,O0004902-3,SKU00371,1,48.42,48.42,,0.0,48.42
O0004903,O0004903-1,SKU00126,2,40.15,80.3,,0.0,80.3
O0004904,O0004904-1,SKU00153,3,61.1,183.3,,0.0,183.3
O0004904,O0004904-2,SKU00144,1,27.92,27.92,,0.0,27.92
O0004904,O0004904-3,SKU00168,1,26.49,26.49,,0.0,26.49
O0004905,O0004905-1,SKU00306,1,36.9,36.9,,0.0,36.9
O0004905,O0004905-2,SKU00302,1,26.48,26.48,,0.0,26.48
O0004905,O0004905-3,SKU00004,1,22.35,22.35,,0.0,22.35
O0004906,O0004906-1,SKU00149,1,26.89,26.89,,0.0,26.89
O0004906,O0004906-2,SKU00161,2,12.51,25.02,,0.0,25.02
O0004906,O0004906-3,SKU00195,1,41.24,41.24,,0.0,41.24
O0004907,O0004907-1,SKU00243,1,34.82,34.82,,0.0,34.82
O0004907,O0004907-2,SKU00085,1,51.96,51.96,,0.0,51.96
O0004907,O0004907-3,SKU00347,1,61.23,61.23,P0001,18.37,42.86
O0004908,O0004908-1,SKU00279,1,31.74,31.74,,0.0,31.74
O0004908,O0004908-2,SKU00157,1,70.71,70.71,,0.0,70.71
O0004909,O0004909-1,SKU00191,2,45.24,90.48,,0.0,90.48
O0004910,O0004910-1,SKU00246,1,38.15,38.15,,0.0,38.15
O0004911,O0004911-1,SKU00333,2,45.51,91.02,,0.0,91.02
O0004911,O0004911-2,SKU00125,1,30.05,30.05,,0.0,30.05
O0004911,O0004911-3,SKU00267,1,82.59,82.59,,0.0,82.59
O0004912,O0004912-1,SKU00075,1,53.82,53.82,,0.0,53.82
O0004912,O0004912-2,SKU00227,1,105.48,105.48,,0.0,105.48
O0004912,O0004912-3,SKU00043,3,50.54,151.62,,0.0,151.62
O0004913,O0004913-1,SKU00372,1,19.15,19.15,,0.0,19.15
O0004914,O0004914-1,SKU00108,1,19.31,19.31,,0.0,19.31
O0004915,O0004915-1,SKU00025,1,42.44,42.44,,0.0,42.44
O0004915,O0004915-2,SKU00056,2,38.71,77.42,,0.0,77.42
O0004915,O0004915-3,SKU00389,2,51.94,103.88,,0.0,103.88
O0004916,O0004916-1,SKU00157,1,70.71,70.71,,0.0,70.71
O0004916,O0004916-2,SKU00298,1,21.47,21.47,,0.0,21.47
O0004917,O0004917-1,SKU00372,2,19.15,38.3,,0.0,38.3
O0004917,O0004917-2,SKU00312,1,39.88,39.88,P0001,11.96,27.92
O0004917,O0004917-3,SKU00385,1,57.12,57.12,,0.0,57.12
O0004917,O0004917-4,SKU00238,1,69.04,69.04,,0.0,69.04
O0004918,O0004918-1,SKU00097,1,30.01,30.01,,0.0,30.01
O0004918,O0004918-2,SKU00172,1,17.17,17.17,,0.0,17.17
O0004919,O0004919-1,SKU00228,1,106.95,106.95,,0.0,106.95
O0004919,O0004919-2,SKU00049,1,49.27,49.27,,0.0,49.27
O0004919,O0004919-3,SKU00259,1,40.89,40.89,,0.0,40.89
O0004920,O0004920-1,SKU00358,1,36.52,36.52,P0001,10.96,25.56
O0004921,O0004921-1,SKU00122,1,22.77,22.77,,0.0,22.77
O0004921,O0004921-2,SKU00285,1,40.54,40.54,,0.0,40.54
O0004922,O0004922-1,SKU00160,1,42.59,42.59,,0.0,42.59
O0004922,O0004922-2,SKU00152,2,57.95,115.9,,0.0,115.9
O0004922,O0004922-3,SKU00151,1,20.05,20.05,,0.0,20.05
O0004922,O0004922-4,SKU00283,1,85.39,85.39,,0.0,85.39
O0004923,O0004923-1,SKU00137,1,60.17,60.17,P0001,18.05,42.12
O0004924,O0004924-1,SKU00261,1,86.51,86.51,,0.0,86.51
O0004925,O0004925-1,SKU00177,2,41.83,83.66,,0.0,83.66
O0004925,O0004925-2,SKU00113,1,49.01,49.01,P0001,14.7,34.31
O0004926,O0004926-1,SKU00198,1,39.26,39.26,,0.0,39.26
O0004927,O0004927-1,SKU00265,1,26.72,26.72,,0.0,26.72
O0004927,O0004927-2,SKU00075,1,53.82,53.82,,0.0,53.82
O0004927,O0004927-3,SKU00187,2,39.15,78.3,,0.0,78.3
O0004928,O0004928-1,SKU00376,1,37.84,37.84,,0.0,37.84
O0004928,O0004928-2,SKU00260,2,38.96,77.92,,0.0,77.92
O0004929,O0004929-1,SKU00088,1,49.61,49.61,,0.0,49.61
O0004929,O0004929-2,SKU00163,2,29.45,58.9,P0001,17.67,41.23
O0004929,O0004929-3,SKU00087,1,22.83,22.83,,0.0,22.83
O0004930,O0004930-1,SKU00224,1,53.56,53.56,,0.0,53.56
O0004930,O0004930-2,SKU00292,1,51.63,51.63,,0.0,51.63
O0004930,O0004930-3,SKU00126,2,40.15,80.3,,0.0,80.3
O0004931,O0004931-1,SKU00090,1,36.81,36.81,,0.0,36.81
O0004931,O0004931-2,SKU00106,1,24.61,24.61,,0.0,24.61
O0004931,O0004931-3,SKU00113,1,49.01,49.01,,0.0,49.01
O0004932,O0004932-1,SKU00322,1,22.71,22.71,,0.0,22.71
O0004933,O0004933-1,SKU00379,2,36.36,72.72,,0.0,72.72
O0004934,O0004934-1,SKU00195,1,41.24,41.24,,0.0,41.24
O0004935,O0004935-1,SKU00062,1,38.63,38.63,,0.0,38.63
O0004935,O0004935-2,SKU00315,1,65.19,65.19,,0.0,65.19
O0004936,O0004936-1,SKU00170,1,29.26,29.26,,0.0,29.26
O0004936,O0004936-2,SKU00336,1,54.95,54.95,,0.0,54.95
O0004937,O0004937-1,SKU00035,1,57.12,57.12,,0.0,57.12
O0004937,O0004937-2,SKU00024,1,39.92,39.92,,0.0,39.92
O0004937,O0004937-3,SKU00156,1,25.39,25.39,,0.0,25.39
O0004938,O0004938-1,SKU00251,1,23.58,23.58,,0.0,23.58
O0004938,O0004938-2,SKU00291,1,33.52,33.52,,0.0,33.52
O0004939,O0004939-1,SKU00324,1,70.29,70.29,,0.0,70.29
O0004939,O0004939-2,SKU00232,2,34.95,69.9,,0.0,69.9
O0004940,O0004940-1,SKU00216,1,68.72,68.72,,0.0,68.72
O0004940,O0004940-2,SKU00042,1,72.45,72.45,,0.0,72.45
O0004941,O0004941-1,SKU00131,3,34.39,103.17,,0.0,103.17
O0004941,O0004941-2,SKU00031,1,49.75,49.75,,0.0,49.75
O0004941,O0004941-3,SKU00017,3,37.58,112.74,,0.0,112.74
O0004941,O0004941-4,SKU00039,1,59.8,59.8,P0001,17.94,41.86
O0004942,O0004942-1,SKU00040,1,46.34,46.34,,0.0,46.34
O0004943,O0004943-1,SKU00279,1,31.74,31.74,,0.0,31.74
O0004943,O0004943-2,SKU00108,1,19.31,19.31,,0.0,19.31
O0004944,O0004944-1,SKU00325,1,27.6,27.6,,0.0,27.6
O0004944,O0004944-2,SKU00342,1,38.94,38.94,,0.0,38.94
O0004944,O0004944-3,SKU00029,1,36.29,36.29,,0.0,36.29
O0004944,O0004944-4,SKU00167,1,22.6,22.6,,0.0,22.6
O0004945,O0004945-1,SKU00345,2,60.26,120.52,,0.0,120.52
O0004945,O0004945-2,SKU00291,2,33.52,67.04,,0.0,67.04
O0004945,O0004945-3,SKU00320,1,20.06,20.06,,0.0,20.06
O0004946,O0004946-1,SKU00343,1,45.56,45.56,P0001,13.67,31.89
O0004947,O0004947-1,SKU00374,1,34.49,34.49,,0.0,34.49
O0004947,O0004947-2,SKU00315,2,65.19,130.38,,0.0,130.38
O0004948,O0004948-1,SKU00371,2,48.42,96.84,,0.0,96.84
O0004949,O0004949-1,SKU00044,2,26.97,53.94,,0.0,53.94
O0004949,O0004949-2,SKU00204,2,59.25,118.5,,0.0,118.5
O0004950,O0004950-1,SKU00097,1,30.01,30.01,,0.0,30.01
O0004950,O0004950-2,SKU00243,1,34.82,34.82,P0001,10.45,24.37
O0004951,O0004951-1,SKU00157,1,70.71,70.71,,0.0,70.71
O0004952,O0004952-1,SKU00105,1,52.33,52.33,,0.0,52.33
O0004952,O0004952-2,SKU00163,1,29.45,29.45,,0.0,29.45
O0004953,O0004953-1,SKU00255,1,82.33,82.33,P0001,24.7,57.63
O0004954,O0004954-1,SKU00232,2,34.95,69.9,,0.0,69.9
O0004955,O0004955-1,SKU00044,2,26.97,53.94,,0.0,53.94
O0004956,O0004956-1,SKU00049,2,49.27,98.54,,0.0,98.54
O0004957,O0004957-1,SKU00200,2,61.25,122.5,,0.0,122.5
O0004957,O0004957-2,SKU00137,2,60.17,120.34,,0.0,120.34
O0004957,O0004957-3,SKU00249,2,31.28,62.56,,0.0,62.56
O0004958,O0004958-1,SKU00218,1,16.49,16.49,,0.0,16.49
O0004958,O0004958-2,SKU00046,2,23.8,47.6,,0.0,47.6
O0004959,O0004959-1,SKU00371,1,48.42,48.42,,0.0,48.42
O0004960,O0004960-1,SKU00399,1,38.17,38.17,,0.0,38.17
O0004961,O0004961-1,SKU00274,1,14.47,14.47,,0.0,14.47
O0004961,O0004961-2,SKU00347,1,61.23,61.23,,0.0,61.23
O0004962,O0004962-1,SKU00319,2,45.64,91.28,,0.0,91.28
O0004962,O0004962-2,SKU00149,1,26.89,26.89,,0.0,26.89
O0004962,O0004962-3,SKU00018,1,20.66,20.66,,0.0,20.66
O0004962,O0004962-4,SKU00243,1,34.82,34.82,,0.0,34.82
O0004963,O0004963-1,SKU00155,2,44.19,88.38,,0.0,88.38
O0004963,O0004963-2,SKU00118,1,21.46,21.46,,0.0,21.46
O0004964,O0004964-1,SKU00003,1,28.95,28.95,,0.0,28.95
O0004964,O0004964-2,SKU00224,1,53.56,53.56,,0.0,53.56
O0004964,O0004964-3,SKU00093,1,55.17,55.17,,0.0,55.17
O0004965,O0004965-1,SKU00108,1,19.31,19.31,,0.0,19.31
O0004965,O0004965-2,SKU00102,2,12.21,24.42,,0.0,24.42
O0004966,O0004966-1,SKU00168,1,26.49,26.49,,0.0,26.49
O0004966,O0004966-2,SKU00060,2,76.86,153.72,,0.0,153.72
O0004966,O0004966-3,SKU00177,1,41.83,41.83,,0.0,41.83
O0004967,O0004967-1,SKU00398,1,85.14,85.14,,0.0,85.14
O0004967,O0004967-2,SKU00226,1,84.67,84.67,,0.0,84.67
O0004967,O0004967-3,SKU00300,1,29.05,29.05,,0.0,29.05
O0004968,O0004968-1,SKU00303,2,66.84,133.68,,0.0,133.68
O0004969,O0004969-1,SKU00389,3,51.94,155.82,,0.0,155.82
O0004969,O0004969-2,SKU00024,1,39.92,39.92,,0.0,39.92
O0004969,O0004969-3,SKU00351,1,52.83,52.83,,0.0,52.83
O0004969,O0004969-4,SKU00189,1,53.14,53.14,,0.0,53.14
O0004970,O0004970-1,SKU00074,1,76.62,76.62,,0.0,76.62
O0004970,O0004970-2,SKU00251,1,23.58,23.58,,0.0,23.58
O0004970,O0004970-3,SKU00013,1,31.04,31.04,,0.0,31.04
O0004970,O0004970-4,SKU00382,1,19.75,19.75,,0.0,19.75
O0004971,O0004971-1,SKU00340,1,30.34,30.34,,0.0,30.34
O0004972,O0004972-1,SKU00324,1,70.29,70.29,,0.0,70.29
O0004972,O0004972-2,SKU00385,1,57.12,57.12,,0.0,57.12
O0004973,O0004973-1,SKU00262,2,10.7,21.4,,0.0,21.4
O0004973,O0004973-2,SKU00316,1,21.03,21.03,,0.0,21.03
O0004974,O0004974-1,SKU00301,1,30.77,30.77,,0.0,30.77
O0004974,O0004974-2,SKU00321,1,13.85,13.85,,0.0,13.85
O0004975,O0004975-1,SKU00374,1,34.49,34.49,,0.0,34.49
O0004975,O0004975-2,SKU00202,1,80.2,80.2,,0.0,80.2
O0004976,O0004976-1,SKU00383,1,37.66,37.66,P0001,11.3,26.36
O0004976,O0004976-2,SKU00110,1,38.93,38.93,,0.0,38.93
O0004977,O0004977-1,SKU00002,3,57.3,171.9,,0.0,171.9
O0004977,O0004977-2,SKU00369,1,42.23,42.23,,0.0,42.23
O0004978,O0004978-1,SKU00281,1,52.93,52.93,,0.0,52.93
O0004979,O0004979-1,SKU00040,1,46.34,46.34,,0.0,46.34
O0004979,O0004979-2,SKU00344,1,9.99,9.99,,0.0,9.99
O0004979,O0004979-3,SKU00227,1,105.48,105.48,,0.0,105.48
O0004980,O0004980-1,SKU00222,1,30.96,30.96,P0001,9.29,21.67
O0004981,O0004981-1,SKU00247,1,43.87,43.87,,0.0,43.87
O0004981,O0004981-2,SKU00359,1,26.27,26.27,,0.0,26.27
O0004982,O0004982-1,SKU00218,1,16.49,16.49,,0.0,16.49
O0004983,O0004983-1,SKU00216,3,68.72,206.16,,0.0,206.16
O0004984,O0004984-1,SKU00111,1,50.04,50.04,,0.0,50.04
O0004984,O0004984-2,SKU00018,1,20.66,20.66,,0.0,20.66
O0004984,O0004984-3,SKU00074,2,76.62,153.24,,0.0,153.24
O0004985,O0004985-1,SKU00393,1,14.38,14.38,,0.0,14.38
O0004985,O0004985-2,SKU00367,1,50.59,50.59,,0.0,50.59
O0004985,O0004985-3,SKU00158,1,19.54,19.54,,0.0,19.54
O0004985,O0004985-4,SKU00299,1,33.57,33.57,,0.0,33.57
O0004986,O0004986-1,SKU00153,1,61.1,61.1,,0.0,61.1
O0004987,O0004987-1,SKU00253,1,51.01,51.01,,0.0,51.01
O0004987,O0004987-2,SKU00137,1,60.17,60.17,,0.0,60.17
O0004987,O0004987-3,SKU00351,1,52.83,52.83,P0001,15.85,36.98
O0004988,O0004988-1,SKU00263,1,21.58,21.58,,0.0,21.58
O0004988,O0004988-2,SKU00148,1,39.39,39.39,,0.0,39.39
O0004989,O0004989-1,SKU00241,1,46.38,46.38,,0.0,46.38
O0004989,O0004989-2,SKU00387,1,38.08,38.08,,0.0,38.08
O0004989,O0004989-3,SKU00169,1,38.7,38.7,,0.0,38.7
O0004990,O0004990-1,SKU00138,1,17.97,17.97,,0.0,17.97
O0004990,O0004990-2,SKU00281,1,52.93,52.93,,0.0,52.93
O0004990,O0004990-3,SKU00354,1,27.28,27.28,,0.0,27.28
O0004990,O0004990-4,SKU00387,1,38.08,38.08,,0.0,38.08
O0004991,O0004991-1,SKU00086,1,72.82,72.82,P0001,21.85,50.97
O0004991,O0004991-2,SKU00155,1,44.19,44.19,,0.0,44.19
O0004991,O0004991-3,SKU00315,2,65.19,130.38,P0001,39.11,91.27
O0004991,O0004991-4,SKU00145,1,34.93,34.93,,0.0,34.93
O0004992,O0004992-1,SKU00326,1,34.94,34.94,,0.0,34.94
O0004992,O0004992-2,SKU00152,1,57.95,57.95,,0.0,57.95
O0004993,O0004993-1,SKU00158,1,19.54,19.54,,0.0,19.54
O0004993,O0004993-2,SKU00145,1,34.93,34.93,,0.0,34.93
O0004994,O0004994-1,SKU00118,1,21.46,21.46,,0.0,21.46
O0004994,O0004994-2,SKU00043,1,50.54,50.54,,0.0,50.54
O0004995,O0004995-1,SKU00385,1,57.12,57.12,,0.0,57.12
O0004995,O0004995-2,SKU00108,1,19.31,19.31,,0.0,19.31
O0004996,O0004996-1,SKU00152,1,57.95,57.95,,0.0,57.95
O0004997,O0004997-1,SKU00278,1,54.54,54.54,,0.0,54.54
O0004997,O0004997-2,SKU00126,2,40.15,80.3,,0.0,80.3
O0004998,O0004998-1,SKU00047,1,79.17,79.17,,0.0,79.17
O0004999,O0004999-1,SKU00162,1,65.18,65.18,,0.0,65.18
O0005000,O0005000-1,SKU00225,1,25.36,25.36,,0.0,25.36
O0005001,O0005001-1,SKU00254,1,18.56,18.56,,0.0,18.56
O0005002,O0005002-1,SKU00052,1,57.74,57.74,,0.0,57.74
O0005002,O0005002-2,SKU00262,2,10.7,21.4,,0.0,21.4
O0005003,O0005003-1,SKU00295,1,42.42,42.42,,0.0,42.42
O0005003,O0005003-2,SKU00081,1,30.86,30.86,,0.0,30.86
O0005004,O0005004-1,SKU00002,2,57.3,114.6,,0.0,114.6
O0005005,O0005005-1,SKU00232,1,34.95,34.95,,0.0,34.95
O0005006,O0005006-1,SKU00006,2,31.28,62.56,P0001,18.77,43.79
O0005007,O0005007-1,SKU00343,2,45.56,91.12,P0001,27.34,63.78
O0005007,O0005007-2,SKU00308,1,57.22,57.22,,0.0,57.22
O0005007,O0005007-3,SKU00132,1,44.43,44.43,,0.0,44.43
O0005008,O0005008-1,SKU00165,1,18.9,18.9,,0.0,18.9
O0005008,O0005008-2,SKU00388,1,37.93,37.93,,0.0,37.93
O0005008,O0005008-3,SKU00276,1,22.08,22.08,,0.0,22.08
O0005009,O0005009-1,SKU00382,2,19.75,39.5,,0.0,39.5
O0005010,O0005010-1,SKU00022,1,28.83,28.83,,0.0,28.83
O0005011,O0005011-1,SKU00015,1,66.48,66.48,,0.0,66.48
O0005011,O0005011-2,SKU00232,2,34.95,69.9,,0.0,69.9
O0005011,O0005011-3,SKU00323,1,39.02,39.02,,0.0,39.02
O0005011,O0005011-4,SKU00076,1,31.8,31.8,,0.0,31.8
O0005012,O0005012-1,SKU00053,1,49.62,49.62,,0.0,49.62
O0005013,O0005013-1,SKU00108,1,19.31,19.31,,0.0,19.31
O0005013,O0005013-2,SKU00082,1,35.63,35.63,,0.0,35.63
O0005013,O0005013-3,SKU00331,1,21.15,21.15,,0.0,21.15
O0005014,O0005014-1,SKU00173,1,61.04,61.04,,0.0,61.04
O0005014,O0005014-2,SKU00176,1,24.92,24.92,,0.0,24.92
O0005015,O0005015-1,SKU00399,1,38.17,38.17,,0.0,38.17
O0005015,O0005015-2,SKU00041,1,31.32,31.32,P0001,9.4,21.92
O0005016,O0005016-1,SKU00372,1,19.15,19.15,,0.0,19.15
O0005016,O0005016-2,SKU00388,3,37.93,113.79,,0.0,113.79
O0005016,O0005016-3,SKU00396,1,15.54,15.54,,0.0,15.54
O0005017,O0005017-1,SKU00283,2,85.39,170.78,,0.0,170.78
O0005018,O0005018-1,SKU00291,1,33.52,33.52,,0.0,33.52
O0005018,O0005018-2,SKU00383,1,37.66,37.66,,0.0,37.66
O0005019,O0005019-1,SKU00079,1,43.31,43.31,,0.0,43.31
O0005020,O0005020-1,SKU00310,1,44.67,44.67,,0.0,44.67
O0005021,O0005021-1,SKU00231,1,34.06,34.06,,0.0,34.06
O0005021,O0005021-2,SKU00126,1,40.15,40.15,,0.0,40.15
O0005021,O0005021-3,SKU00294,1,47.23,47.23,,0.0,47.23
O0005022,O0005022-1,SKU00125,1,30.05,30.05,,0.0,30.05
O0005023,O0005023-1,SKU00331,1,21.15,21.15,P0001,6.34,14.81
O0005023,O0005023-2,SKU00227,1,105.48,105.48,,0.0,105.48
O0005024,O0005024-1,SKU00245,1,49.62,49.62,,0.0,49.62
O0005024,O0005024-2,SKU00071,2,50.63,101.26,,0.0,101.26
O0005024,O0005024-3,SKU00063,2,26.13,52.26,,0.0,52.26
O0005025,O0005025-1,SKU00026,1,45.44,45.44,,0.0,45.44
O0005026,O0005026-1,SKU00172,1,17.17,17.17,,0.0,17.17
O0005026,O0005026-2,SKU00292,2,51.63,103.26,,0.0,103.26
O0005027,O0005027-1,SKU00399,1,38.17,38.17,,0.0,38.17
O0005027,O0005027-2,SKU00004,1,22.35,22.35,,0.0,22.35
O0005028,O0005028-1,SKU00007,1,32.91,32.91,,0.0,32.91
O0005028,O0005028-2,SKU00391,1,57.23,57.23,,0.0,57.23
O0005028,O0005028-3,SKU00290,1,42.67,42.67,,0.0,42.67
O0005029,O0005029-1,SKU00247,1,43.87,43.87,,0.0,43.87
O0005029,O0005029-2,SKU00087,1,22.83,22.83,,0.0,22.83
O0005029,O0005029-3,SKU00330,1,61.47,61.47,,0.0,61.47
O0005030,O0005030-1,SKU00367,1,50.59,50.59,,0.0,50.59
O0005030,O0005030-2,SKU00139,3,52.17,156.51,,0.0,156.51
O0005031,O0005031-1,SKU00170,1,29.26,29.26,,0.0,29.26
O0005031,O0005031-2,SKU00335,1,18.97,18.97,,0.0,18.97
O0005031,O0005031-3,SKU00221,1,31.0,31.0,,0.0,31.0
O0005031,O0005031-4,SKU00003,1,28.95,28.95,,0.0,28.95
O0005032,O0005032-1,SKU00152,1,57.95,57.95,,0.0,57.95
O0005032,O0005032-2,SKU00221,1,31.0,31.0,,0.0,31.0
O0005033,O0005033-1,SKU00022,1,28.83,28.83,,0.0,28.83
O0005033,O0005033-2,SKU00196,1,36.14,36.14,,0.0,36.14
O0005033,O0005033-3,SKU00395,1,26.26,26.26,,0.0,26.26
O0005033,O0005033-4,SKU00367,2,50.59,101.18,,0.0,101.18
O0005034,O0005034-1,SKU00087,1,22.83,22.83,,0.0,22.83
O0005035,O0005035-1,SKU00183,2,17.38,34.76,,0.0,34.76
O0005036,O0005036-1,SKU00227,1,105.48,105.48,,0.0,105.48
O0005036,O0005036-2,SKU00151,2,20.05,40.1,P0001,12.03,28.07
O0005037,O0005037-1,SKU00388,1,37.93,37.93,,0.0,37.93
O0005037,O0005037-2,SKU00314,1,39.09,39.09,,0.0,39.09
O0005038,O0005038-1,SKU00043,1,50.54,50.54,,0.0,50.54
O0005038,O0005038-2,SKU00028,1,35.88,35.88,,0.0,35.88
O0005039,O0005039-1,SKU00155,1,44.19,44.19,,0.0,44.19
O0005040,O0005040-1,SKU00160,1,42.59,42.59,,0.0,42.59
O0005041,O0005041-1,SKU00355,2,41.61,83.22,,0.0,83.22
O0005041,O0005041-2,SKU00232,1,34.95,34.95,,0.0,34.95
O0005042,O0005042-1,SKU00231,1,34.06,34.06,,0.0,34.06
O0005043,O0005043-1,SKU00042,1,72.45,72.45,,0.0,72.45
O0005043,O0005043-2,SKU00388,1,37.93,37.93,,0.0,37.93
O0005043,O0005043-3,SKU00318,1,30.41,30.41,,0.0,30.41
O0005044,O0005044-1,SKU00084,2,33.92,67.84,,0.0,67.84
O0005044,O0005044-2,SKU00055,1,66.78,66.78,,0.0,66.78
O0005044,O0005044-3,SKU00229,1,74.74,74.74,,0.0,74.74
O0005044,O0005044-4,SKU00322,1,22.71,22.71,,0.0,22.71
O0005045,O0005045-1,SKU00211,1,88.68,88.68,,0.0,88.68
O0005045,O0005045-2,SKU00019,1,23.04,23.04,,0.0,23.04
O0005045,O0005045-3,SKU00354,1,27.28,27.28,,0.0,27.28
O0005046,O0005046-1,SKU00006,2,31.28,62.56,P0001,18.77,43.79
O0005047,O0005047-1,SKU00156,1,25.39,25.39,,0.0,25.39
O0005047,O0005047-2,SKU00168,1,26.49,26.49,P0001,7.95,18.54
O0005048,O0005048-1,SKU00131,1,34.39,34.39,,0.0,34.39
O0005048,O0005048-2,SKU00215,1,33.08,33.08,,0.0,33.08
O0005048,O0005048-3,SKU00132,1,44.43,44.43,,0.0,44.43
O0005049,O0005049-1,SKU00205,2,35.8,71.6,,0.0,71.6
O0005049,O0005049-2,SKU00051,1,57.83,57.83,,0.0,57.83
O0005049,O0005049-3,SKU00399,1,38.17,38.17,,0.0,38.17
O0005049,O0005049-4,SKU00260,1,38.96,38.96,,0.0,38.96
O0005050,O0005050-1,SKU00316,1,21.03,21.03,,0.0,21.03
O0005051,O0005051-1,SKU00008,1,26.23,26.23,,0.0,26.23
O0005051,O0005051-2,SKU00181,1,47.26,47.26,,0.0,47.26
O0005051,O0005051-3,SKU00393,1,14.38,14.38,,0.0,14.38
O0005052,O0005052-1,SKU00379,1,36.36,36.36,,0.0,36.36
O0005053,O0005053-1,SKU00160,1,42.59,42.59,,0.0,42.59
O0005054,O0005054-1,SKU00286,3,54.7,164.1,,0.0,164.1
O0005054,O0005054-2,SKU00026,1,45.44,45.44,,0.0,45.44
O0005055,O0005055-1,SKU00396,2,15.54,31.08,,0.0,31.08
O0005055,O0005055-2,SKU00249,1,31.28,31.28,,0.0,31.28
O0005055,O0005055-3,SKU00178,1,55.23,55.23,,0.0,55.23
O0005056,O0005056-1,SKU00050,1,25.95,25.95,,0.0,25.95
O0005056,O0005056-2,SKU00166,1,65.47,65.47,,0.0,65.47
O0005057,O0005057-1,SKU00204,1,59.25,59.25,,0.0,59.25
O0005057,O0005057-2,SKU00177,2,41.83,83.66,,0.0,83.66
O0005058,O0005058-1,SKU00306,1,36.9,36.9,,0.0,36.9
O0005058,O0005058-2,SKU00312,1,39.88,39.88,P0001,11.96,27.92
O0005059,O0005059-1,SKU00312,1,39.88,39.88,P0001,11.96,27.92
O0005059,O0005059-2,SKU00291,1,33.52,33.52,,0.0,33.52
O0005059,O0005059-3,SKU00383,2,37.66,75.32,,0.0,75.32
O0005059,O0005059-4,SKU00359,1,26.27,26.27,,0.0,26.27
O0005060,O0005060-1,SKU00366,2,33.09,66.18,,0.0,66.18
O0005060,O0005060-2,SKU00130,1,66.52,66.52,,0.0,66.52
O0005060,O0005060-3,SKU00195,1,41.24,41.24,,0.0,41.24
O0005060,O0005060-4,SKU00376,3,37.84,113.52,,0.0,113.52
O0005061,O0005061-1,SKU00131,1,34.39,34.39,,0.0,34.39
O0005062,O0005062-1,SKU00230,1,49.13,49.13,,0.0,49.13
O0005062,O0005062-2,SKU00018,3,20.66,61.98,,0.0,61.98
O0005063,O0005063-1,SKU00130,1,66.52,66.52,,0.0,66.52
O0005063,O0005063-2,SKU00368,1,19.96,19.96,,0.0,19.96
O0005063,O0005063-3,SKU00313,2,49.13,98.26,,0.0,98.26
O0005064,O0005064-1,SKU00334,1,17.99,17.99,,0.0,17.99
O0005064,O0005064-2,SKU00332,1,104.52,104.52,,0.0,104.52
O0005064,O0005064-3,SKU00055,1,66.78,66.78,,0.0,66.78
O0005065,O0005065-1,SKU00362,1,26.77,26.77,,0.0,26.77
O0005065,O0005065-2,SKU00121,1,58.38,58.38,,0.0,58.38
O0005065,O0005065-3,SKU00344,1,9.99,9.99,,0.0,9.99
O0005066,O0005066-1,SKU00212,1,20.15,20.15,,0.0,20.15
O0005067,O0005067-1,SKU00015,1,66.48,66.48,,0.0,66.48
O0005067,O0005067-2,SKU00040,1,46.34,46.34,,0.0,46.34
O0005067,O0005067-3,SKU00136,1,52.74,52.74,,0.0,52.74
O0005067,O0005067-4,SKU00066,1,52.48,52.48,,0.0,52.48
O0005068,O0005068-1,SKU00224,1,53.56,53.56,,0.0,53.56
O0005068,O0005068-2,SKU00071,1,50.63,50.63,,0.0,50.63
O0005068,O0005068-3,SKU00382,1,19.75,19.75,,0.0,19.75
O0005069,O0005069-1,SKU00121,1,58.38,58.38,P0001,17.51,40.87
O0005070,O0005070-1,SKU00132,1,44.43,44.43,,0.0,44.43
O0005071,O0005071-1,SKU00395,1,26.26,26.26,,0.0,26.26
O0005072,O0005072-1,SKU00319,1,45.64,45.64,,0.0,45.64
O0005073,O0005073-1,SKU00011,1,31.25,31.25,,0.0,31.25
O0005074,O0005074-1,SKU00387,1,38.08,38.08,,0.0,38.08
O0005075,O0005075-1,SKU00113,3,49.01,147.03,,0.0,147.03
O0005075,O0005075-2,SKU00188,1,58.74,58.74,,0.0,58.74
O0005075,O0005075-3,SKU00232,3,34.95,104.85,,0.0,104.85
O0005075,O0005075-4,SKU00331,1,21.15,21.15,,0.0,21.15
O0005076,O0005076-1,SKU00213,1,45.05,45.05,,0.0,45.05
O0005076,O0005076-2,SKU00077,1,17.01,17.01,,0.0,17.01
O0005076,O0005076-3,SKU00152,1,57.95,57.95,,0.0,57.95
O0005077,O0005077-1,SKU00388,1,37.93,37.93,,0.0,37.93
O0005078,O0005078-1,SKU00128,1,24.13,24.13,,0.0,24.13
O0005079,O0005079-1,SKU00137,1,60.17,60.17,,0.0,60.17
O0005079,O0005079-2,SKU00203,1,71.32,71.32,,0.0,71.32
O0005080,O0005080-1,SKU00400,1,33.96,33.96,,0.0,33.96
O0005080,O0005080-2,SKU00242,1,41.5,41.5,,0.0,41.5
O0005080,O0005080-3,SKU00204,1,59.25,59.25,,0.0,59.25
O0005081,O0005081-1,SKU00303,1,66.84,66.84,P0001,20.05,46.79
O0005082,O0005082-1,SKU00189,2,53.14,106.28,,0.0,106.28
O0005083,O0005083-1,SKU00049,1,49.27,49.27,,0.0,49.27
O0005083,O0005083-2,SKU00101,2,33.02,66.04,,0.0,66.04
O0005083,O0005083-3,SKU00167,2,22.6,45.2,,0.0,45.2
O0005084,O0005084-1,SKU00043,1,50.54,50.54,,0.0,50.54
O0005085,O0005085-1,SKU00395,1,26.26,26.26,,0.0,26.26
O0005085,O0005085-2,SKU00052,1,57.74,57.74,,0.0,57.74
O0005085,O0005085-3,SKU00282,1,46.15,46.15,,0.0,46.15
O0005086,O0005086-1,SKU00310,1,44.67,44.67,,0.0,44.67
O0005086,O0005086-2,SKU00333,1,45.51,45.51,,0.0,45.51
O0005086,O0005086-3,SKU00248,1,48.06,48.06,,0.0,48.06
O0005087,O0005087-1,SKU00300,1,29.05,29.05,,0.0,29.05
O0005087,O0005087-2,SKU00047,1,79.17,79.17,,0.0,79.17
O0005088,O0005088-1,SKU00108,1,19.31,19.31,,0.0,19.31
O0005088,O0005088-2,SKU00067,1,20.67,20.67,,0.0,20.67
O0005088,O0005088-3,SKU00229,1,74.74,74.74,,0.0,74.74
O0005088,O0005088-4,SKU00145,1,34.93,34.93,,0.0,34.93
O0005089,O0005089-1,SKU00183,1,17.38,17.38,,0.0,17.38
O0005089,O0005089-2,SKU00186,1,34.13,34.13,,0.0,34.13
O0005089,O0005089-3,SKU00002,2,57.3,114.6,,0.0,114.6
O0005090,O0005090-1,SKU00247,1,43.87,43.87,P0001,13.16,30.71
O0005090,O0005090-2,SKU00082,3,35.63,106.89,,0.0,106.89
O0005091,O0005091-1,SKU00260,2,38.96,77.92,,0.0,77.92
O0005091,O0005091-2,SKU00113,2,49.01,98.02,,0.0,98.02
O0005092,O0005092-1,SKU00263,1,21.58,21.58,,0.0,21.58
O0005093,O0005093-1,SKU00141,1,78.13,78.13,,0.0,78.13
O0005094,O0005094-1,SKU00007,2,32.91,65.82,,0.0,65.82
O0005094,O0005094-2,SKU00083,1,54.82,54.82,,0.0,54.82
O0005094,O0005094-3,SKU00030,1,17.63,17.63,,0.0,17.63
O0005095,O0005095-1,SKU00102,1,12.21,12.21,,0.0,12.21
O0005096,O0005096-1,SKU00258,1,50.85,50.85,,0.0,50.85
O0005096,O0005096-2,SKU00233,2,21.18,42.36,,0.0,42.36
O0005097,O0005097-1,SKU00216,1,68.72,68.72,,0.0,68.72
O0005098,O0005098-1,SKU00010,1,32.93,32.93,,0.0,32.93
O0005099,O0005099-1,SKU00120,1,19.69,19.69,,0.0,19.69
O0005099,O0005099-2,SKU00154,1,62.36,62.36,,0.0,62.36
O0005099,O0005099-3,SKU00160,1,42.59,42.59,,0.0,42.59
O0005100,O0005100-1,SKU00217,1,31.07,31.07,,0.0,31.07
O0005101,O0005101-1,SKU00039,1,59.8,59.8,P0001,17.94,41.86
O0005102,O0005102-1,SKU00263,1,21.58,21.58,,0.0,21.58
O0005102,O0005102-2,SKU00254,1,18.56,18.56,,0.0,18.56
O0005103,O0005103-1,SKU00085,1,51.96,51.96,,0.0,51.96
O0005103,O0005103-2,SKU00186,1,34.13,34.13,,0.0,34.13
O0005104,O0005104-1,SKU00296,1,48.03,48.03,,0.0,48.03
O0005104,O0005104-2,SKU00331,2,21.15,42.3,,0.0,42.3
O0005104,O0005104-3,SKU00254,1,18.56,18.56,,0.0,18.56
O0005105,O0005105-1,SKU00235,2,46.43,92.86,,0.0,92.86
O0005106,O0005106-1,SKU00396,1,15.54,15.54,,0.0,15.54
O0005107,O0005107-1,SKU00397,2,66.5,133.0,,0.0,133.0
O0005108,O0005108-1,SKU00026,1,45.44,45.44,,0.0,45.44
O0005108,O0005108-2,SKU00314,1,39.09,39.09,,0.0,39.09
O0005108,O0005108-3,SKU00327,1,44.41,44.41,,0.0,44.41
O0005109,O0005109-1,SKU00240,1,78.86,78.86,,0.0,78.86
O0005109,O0005109-2,SKU00268,1,43.83,43.83,,0.0,43.83
O0005110,O0005110-1,SKU00018,1,20.66,20.66,,0.0,20.66
O0005110,O0005110-2,SKU00217,1,31.07,31.07,,0.0,31.07
O0005110,O0005110-3,SKU00232,1,34.95,34.95,,0.0,34.95
O0005111,O0005111-1,SKU00229,3,74.74,224.22,,0.0,224.22
O0005111,O0005111-2,SKU00055,1,66.78,66.78,,0.0,66.78
O0005112,O0005112-1,SKU00388,2,37.93,75.86,,0.0,75.86
O0005112,O0005112-2,SKU00304,1,28.55,28.55,,0.0,28.55
O0005113,O0005113-1,SKU00028,1,35.88,35.88,,0.0,35.88
O0005113,O0005113-2,SKU00242,1,41.5,41.5,,0.0,41.5
O0005113,O0005113-3,SKU00205,1,35.8,35.8,,0.0,35.8
O0005113,O0005113-4,SKU00078,1,17.22,17.22,,0.0,17.22
O0005114,O0005114-1,SKU00069,1,19.77,19.77,,0.0,19.77
O0005114,O0005114-2,SKU00196,1,36.14,36.14,,0.0,36.14
O0005114,O0005114-3,SKU00250,1,32.56,32.56,,0.0,32.56
O0005115,O0005115-1,SKU00165,1,18.9,18.9,,0.0,18.9
O0005116,O0005116-1,SKU00176,1,24.92,24.92,,0.0,24.92
O0005116,O0005116-2,SKU00016,1,33.83,33.83,,0.0,33.83
O0005116,O0005116-3,SKU00119,1,37.15,37.15,,0.0,37.15
O0005117,O0005117-1,SKU00120,1,19.69,19.69,,0.0,19.69
O0005117,O0005117-2,SKU00015,3,66.48,199.44,,0.0,199.44
O0005117,O0005117-3,SKU00295,1,42.42,42.42,P0001,12.73,29.69
O0005118,O0005118-1,SKU00142,2,61.52,123.04,,0.0,123.04
O0005119,O0005119-1,SKU00387,1,38.08,38.08,,0.0,38.08
O0005120,O0005120-1,SKU00129,2,38.65,77.3,,0.0,77.3
O0005120,O0005120-2,SKU00371,1,48.42,48.42,,0.0,48.42
O0005121,O0005121-1,SKU00158,3,19.54,58.62,,0.0,58.62
O0005122,O0005122-1,SKU00067,1,20.67,20.67,,0.0,20.67
O0005123,O0005123-1,SKU00180,1,37.89,37.89,,0.0,37.89
O0005123,O0005123-2,SKU00130,1,66.52,66.52,,0.0,66.52
O0005123,O0005123-3,SKU00027,3,11.75,35.25,,0.0,35.25
O0005123,O0005123-4,SKU00128,1,24.13,24.13,,0.0,24.13
O0005124,O0005124-1,SKU00249,1,31.28,31.28,,0.0,31.28
O0005124,O0005124-2,SKU00290,1,42.67,42.67,,0.0,42.67
O0005125,O0005125-1,SKU00302,1,26.48,26.48,,0.0,26.48
O0005126,O0005126-1,SKU00231,1,34.06,34.06,,0.0,34.06
O0005127,O0005127-1,SKU00314,1,39.09,39.09,,0.0,39.09
O0005127,O0005127-2,SKU00155,1,44.19,44.19,,0.0,44.19
O0005128,O0005128-1,SKU00236,1,32.17,32.17,,0.0,32.17
O0005129,O0005129-1,SKU00243,3,34.82,104.46,,0.0,104.46
O0005130,O0005130-1,SKU00085,1,51.96,51.96,,0.0,51.96
O0005130,O0005130-2,SKU00113,1,49.01,49.01,,0.0,49.01
O0005130,O0005130-3,SKU00281,2,52.93,105.86,,0.0,105.86
O0005131,O0005131-1,SKU00155,1,44.19,44.19,P0001,13.26,30.93
O0005132,O0005132-1,SKU00167,2,22.6,45.2,,0.0,45.2
O0005133,O0005133-1,SKU00303,1,66.84,66.84,,0.0,66.84
O0005134,O0005134-1,SKU00173,1,61.04,61.04,,0.0,61.04
O0005135,O0005135-1,SKU00345,1,60.26,60.26,,0.0,60.26
O0005136,O0005136-1,SKU00360,1,93.89,93.89,,0.0,93.89
O0005136,O0005136-2,SKU00318,1,30.41,30.41,,0.0,30.41
O0005136,O0005136-3,SKU00246,1,38.15,38.15,,0.0,38.15
O0005137,O0005137-1,SKU00147,1,41.64,41.64,,0.0,41.64
O0005138,O0005138-1,SKU00222,1,30.96,30.96,,0.0,30.96
O0005138,O0005138-2,SKU00355,1,41.61,41.61,,0.0,41.61
O0005139,O0005139-1,SKU00352,1,37.11,37.11,,0.0,37.11
O0005140,O0005140-1,SKU00329,2,37.64,75.28,,0.0,75.28
O0005140,O0005140-2,SKU00312,1,39.88,39.88,,0.0,39.88
O0005140,O0005140-3,SKU00245,1,49.62,49.62,,0.0,49.62
O0005141,O0005141-1,SKU00030,1,17.63,17.63,,0.0,17.63
O0005141,O0005141-2,SKU00344,1,9.99,9.99,,0.0,9.99
O0005142,O0005142-1,SKU00150,1,41.46,41.46,,0.0,41.46
O0005143,O0005143-1,SKU00039,1,59.8,59.8,P0001,17.94,41.86
O0005143,O0005143-2,SKU00386,1,42.93,42.93,,0.0,42.93
O0005144,O0005144-1,SKU00095,1,53.11,53.11,,0.0,53.11
O0005144,O0005144-2,SKU00099,1,22.33,22.33,,0.0,22.33
O0005144,O0005144-3,SKU00287,1,61.4,61.4,,0.0,61.4
O0005145,O0005145-1,SKU00264,1,27.04,27.04,,0.0,27.04
O0005145,O0005145-2,SKU00139,1,52.17,52.17,,0.0,52.17
O0005145,O0005145-3,SKU00249,1,31.28,31.28,,0.0,31.28
O0005146,O0005146-1,SKU00335,2,18.97,37.94,,0.0,37.94
O0005146,O0005146-2,SKU00342,1,38.94,38.94,,0.0,38.94
O0005147,O0005147-1,SKU00350,1,53.2,53.2,,0.0,53.2
O0005147,O0005147-2,SKU00200,1,61.25,61.25,,0.0,61.25
O0005148,O0005148-1,SKU00309,1,39.31,39.31,,0.0,39.31
O0005148,O0005148-2,SKU00365,3,26.67,80.01,,0.0,80.01
O0005149,O0005149-1,SKU00019,1,23.04,23.04,P0001,6.91,16.13
O0005150,O0005150-1,SKU00003,1,28.95,28.95,,0.0,28.95
O0005150,O0005150-2,SKU00383,1,37.66,37.66,,0.0,37.66
O0005151,O0005151-1,SKU00104,1,73.97,73.97,,0.0,73.97
O0005151,O0005151-2,SKU00222,1,30.96,30.96,P0001,9.29,21.67
O0005151,O0005151-3,SKU00231,1,34.06,34.06,,0.0,34.06
O0005151,O0005151-4,SKU00350,1,53.2,53.2,,0.0,53.2
O0005152,O0005152-1,SKU00251,1,23.58,23.58,,0.0,23.58
O0005152,O0005152-2,SKU00126,1,40.15,40.15,,0.0,40.15
O0005153,O0005153-1,SKU00349,1,18.05,18.05,,0.0,18.05
O0005154,O0005154-1,SKU00388,1,37.93,37.93,,0.0,37.93
O0005154,O0005154-2,SKU00131,2,34.39,68.78,,0.0,68.78
O0005155,O0005155-1,SKU00334,1,17.99,17.99,,0.0,17.99
O0005155,O0005155-2,SKU00129,1,38.65,38.65,,0.0,38.65
O0005155,O0005155-3,SKU00392,1,45.36,45.36,,0.0,45.36
O0005156,O0005156-1,SKU00383,1,37.66,37.66,,0.0,37.66
O0005156,O0005156-2,SKU00050,1,25.95,25.95,,0.0,25.95
O0005156,O0005156-3,SKU00120,2,19.69,39.38,,0.0,39.38
O0005156,O0005156-4,SKU00270,1,46.55,46.55,,0.0,46.55
O0005157,O0005157-1,SKU00333,1,45.51,45.51,,0.0,45.51
O0005158,O0005158-1,SKU00188,1,58.74,58.74,,0.0,58.74
O0005159,O0005159-1,SKU00324,1,70.29,70.29,,0.0,70.29
O0005160,O0005160-1,SKU00028,1,35.88,35.88,,0.0,35.88
O0005160,O0005160-2,SKU00110,1,38.93,38.93,,0.0,38.93
O0005160,O0005160-3,SKU00070,1,44.51,44.51,P0001,13.35,31.16
O0005161,O0005161-1,SKU00275,1,50.32,50.32,,0.0,50.32
O0005162,O0005162-1,SKU00081,1,30.86,30.86,,0.0,30.86
O0005163,O0005163-1,SKU00291,1,33.52,33.52,,0.0,33.52
O0005163,O0005163-2,SKU00184,1,34.06,34.06,,0.0,34.06
O0005164,O0005164-1,SKU00097,1,30.01,30.01,,0.0,30.01
O0005164,O0005164-2,SKU00171,1,60.15,60.15,,0.0,60.15
O0005164,O0005164-3,SKU00251,1,23.58,23.58,,0.0,23.58
O0005165,O0005165-1,SKU00192,1,37.74,37.74,,0.0,37.74
O0005165,O0005165-2,SKU00063,1,26.13,26.13,,0.0,26.13
O0005165,O0005165-3,SKU00105,1,52.33,52.33,,0.0,52.33
O0005166,O0005166-1,SKU00231,1,34.06,34.06,,0.0,34.06
O0005167,O0005167-1,SKU00119,1,37.15,37.15,,0.0,37.15
O0005167,O0005167-2,SKU00200,1,61.25,61.25,,0.0,61.25
O0005167,O0005167-3,SKU00038,1,50.53,50.53,,0.0,50.53
O0005167,O0005167-4,SKU00298,2,21.47,42.94,,0.0,42.94
O0005168,O0005168-1,SKU00162,1,65.18,65.18,,0.0,65.18
O0005168,O0005168-2,SKU00285,1,40.54,40.54,,0.0,40.54
O0005168,O0005168-3,SKU00100,1,17.02,17.02,,0.0,17.02
O0005168,O0005168-4,SKU00039,1,59.8,59.8,,0.0,59.8
O0005169,O0005169-1,SKU00286,1,54.7,54.7,,0.0,54.7
O0005170,O0005170-1,SKU00084,1,33.92,33.92,,0.0,33.92
O0005170,O0005170-2,SKU00349,1,18.05,18.05,,0.0,18.05
O0005171,O0005171-1,SKU00293,1,70.96,70.96,,0.0,70.96
O0005171,O0005171-2,SKU00098,1,54.0,54.0,,0.0,54.0
O0005172,O0005172-1,SKU00089,2,49.77,99.54,,0.0,99.54
O0005173,O0005173-1,SKU00399,1,38.17,38.17,,0.0,38.17
O0005173,O0005173-2,SKU00293,1,70.96,70.96,,0.0,70.96
O0005173,O0005173-3,SKU00389,1,51.94,51.94,,0.0,51.94
O0005173,O0005173-4,SKU00287,2,61.4,122.8,,0.0,122.8
O0005174,O0005174-1,SKU00080,3,45.12,135.36,,0.0,135.36
O0005175,O0005175-1,SKU00252,2,57.03,114.06,,0.0,114.06
O0005175,O0005175-2,SKU00046,1,23.8,23.8,,0.0,23.8
O0005175,O0005175-3,SKU00030,1,17.63,17.63,,0.0,17.63
O0005176,O0005176-1,SKU00152,1,57.95,57.95,,0.0,57.95
O0005176,O0005176-2,SKU00170,1,29.26,29.26,,0.0,29.26
O0005176,O0005176-3,SKU00192,2,37.74,75.48,,0.0,75.48
O0005176,O0005176-4,SKU00047,1,79.17,79.17,,0.0,79.17
O0005177,O0005177-1,SKU00042,1,72.45,72.45,,0.0,72.45
O0005177,O0005177-2,SKU00200,1,61.25,61.25,P0001,18.38,42.87
O0005178,O0005178-1,SKU00215,1,33.08,33.08,,0.0,33.08
O0005179,O0005179-1,SKU00248,1,48.06,48.06,,0.0,48.06
O0005179,O0005179-2,SKU00197,1,32.23,32.23,,0.0,32.23
O0005179,O0005179-3,SKU00299,1,33.57,33.57,,0.0,33.57
O0005180,O0005180-1,SKU00066,1,52.48,52.48,,0.0,52.48
O0005180,O0005180-2,SKU00211,1,88.68,88.68,,0.0,88.68
O0005181,O0005181-1,SKU00259,1,40.89,40.89,,0.0,40.89
O0005182,O0005182-1,SKU00004,1,22.35,22.35,,0.0,22.35
O0005182,O0005182-2,SKU00093,1,55.17,55.17,,0.0,55.17
O0005182,O0005182-3,SKU00039,2,59.8,119.6,,0.0,119.6
O0005183,O0005183-1,SKU00002,1,57.3,57.3,,0.0,57.3
O0005184,O0005184-1,SKU00117,1,30.62,30.62,,0.0,30.62
O0005185,O0005185-1,SKU00326,1,34.94,34.94,,0.0,34.94
O0005185,O0005185-2,SKU00183,1,17.38,17.38,,0.0,17.38
O0005186,O0005186-1,SKU00104,1,73.97,73.97,,0.0,73.97
O0005186,O0005186-2,SKU00400,1,33.96,33.96,,0.0,33.96
O0005186,O0005186-3,SKU00132,1,44.43,44.43,,0.0,44.43
O0005187,O0005187-1,SKU00220,1,42.7,42.7,P0001,12.81,29.89
O0005187,O0005187-2,SKU00004,1,22.35,22.35,,0.0,22.35
O0005188,O0005188-1,SKU00037,3,30.33,90.99,,0.0,90.99
O0005188,O0005188-2,SKU00118,1,21.46,21.46,,0.0,21.46
O0005189,O0005189-1,SKU00085,1,51.96,51.96,,0.0,51.96
O0005189,O0005189-2,SKU00253,1,51.01,51.01,,0.0,51.01
O0005190,O0005190-1,SKU00178,1,55.23,55.23,P0001,16.57,38.66
O0005191,O0005191-1,SKU00258,1,50.85,50.85,,0.0,50.85
O0005192,O0005192-1,SKU00296,1,48.03,48.03,,0.0,48.03
O0005192,O0005192-2,SKU00313,1,49.13,49.13,P0001,14.74,34.39
O0005192,O0005192-3,SKU00016,1,33.83,33.83,,0.0,33.83
O0005192,O0005192-4,SKU00039,1,59.8,59.8,P0001,17.94,41.86
O0005193,O0005193-1,SKU00203,1,71.32,71.32,,0.0,71.32
O0005194,O0005194-1,SKU00090,1,36.81,36.81,,0.0,36.81
O0005194,O0005194-2,SKU00179,1,14.26,14.26,,0.0,14.26
O0005195,O0005195-1,SKU00290,1,42.67,42.67,,0.0,42.67
O0005195,O0005195-2,SKU00300,1,29.05,29.05,,0.0,29.05
O0005196,O0005196-1,SKU00232,1,34.95,34.95,,0.0,34.95
O0005196,O0005196-2,SKU00155,1,44.19,44.19,,0.0,44.19
O0005196,O0005196-3,SKU00005,1,8.67,8.67,,0.0,8.67
O0005197,O0005197-1,SKU00041,1,31.32,31.32,,0.0,31.32
O0005198,O0005198-1,SKU00299,1,33.57,33.57,P0001,10.07,23.5
O0005198,O0005198-2,SKU00078,2,17.22,34.44,,0.0,34.44
O0005199,O0005199-1,SKU00034,1,45.57,45.57,,0.0,45.57
O0005200,O0005200-1,SKU00152,1,57.95,57.95,,0.0,57.95
O0005200,O0005200-2,SKU00397,1,66.5,66.5,,0.0,66.5
O0005200,O0005200-3,SKU00010,1,32.93,32.93,,0.0,32.93
O0005201,O0005201-1,SKU00087,1,22.83,22.83,,0.0,22.83
O0005201,O0005201-2,SKU00247,2,43.87,87.74,P0001,26.32,61.42
O0005202,O0005202-1,SKU00365,1,26.67,26.67,,0.0,26.67
O0005202,O0005202-2,SKU00289,1,47.79,47.79,,0.0,47.79
O0005203,O0005203-1,SKU00366,1,33.09,33.09,,0.0,33.09
O0005203,O0005203-2,SKU00122,1,22.77,22.77,,0.0,22.77
O0005203,O0005203-3,SKU00103,1,32.28,32.28,,0.0,32.28
O0005203,O0005203-4,SKU00156,1,25.39,25.39,,0.0,25.39
O0005204,O0005204-1,SKU00206,2,31.05,62.1,,0.0,62.1
O0005205,O0005205-1,SKU00248,1,48.06,48.06,,0.0,48.06
O0005205,O0005205-2,SKU00194,1,40.96,40.96,,0.0,40.96
O0005206,O0005206-1,SKU00123,1,28.95,28.95,,0.0,28.95
O0005206,O0005206-2,SKU00136,1,52.74,52.74,,0.0,52.74
O0005206,O0005206-3,SKU00359,1,26.27,26.27,,0.0,26.27
O0005207,O0005207-1,SKU00008,3,26.23,78.69,,0.0,78.69
O0005207,O0005207-2,SKU00260,1,38.96,38.96,,0.0,38.96
O0005208,O0005208-1,SKU00348,1,64.96,64.96,,0.0,64.96
O0005208,O0005208-2,SKU00313,2,49.13,98.26,,0.0,98.26
O0005209,O0005209-1,SKU00196,1,36.14,36.14,,0.0,36.14
O0005210,O0005210-1,SKU00343,1,45.56,45.56,,0.0,45.56
O0005210,O0005210-2,SKU00021,1,49.41,49.41,,0.0,49.41
O0005211,O0005211-1,SKU00177,2,41.83,83.66,,0.0,83.66
O0005211,O0005211-2,SKU00061,1,23.77,23.77,,0.0,23.77
O0005212,O0005212-1,SKU00388,1,37.93,37.93,,0.0,37.93
O0005212,O0005212-2,SKU00324,1,70.29,70.29,,0.0,70.29
O0005213,O0005213-1,SKU00044,1,26.97,26.97,,0.0,26.97
O0005214,O0005214-1,SKU00161,2,12.51,25.02,P0001,7.51,17.51
O0005214,O0005214-2,SKU00034,1,45.57,45.57,,0.0,45.57
O0005215,O0005215-1,SKU00320,1,20.06,20.06,,0.0,20.06
O0005215,O0005215-2,SKU00161,1,12.51,12.51,,0.0,12.51
O0005215,O0005215-3,SKU00158,1,19.54,19.54,,0.0,19.54
O0005215,O0005215-4,SKU00316,1,21.03,21.03,,0.0,21.03
O0005216,O0005216-1,SKU00309,2,39.31,78.62,,0.0,78.62
O0005216,O0005216-2,SKU00391,1,57.23,57.23,,0.0,57.23
O0005216,O0005216-3,SKU00234,1,20.16,20.16,,0.0,20.16
O0005217,O0005217-1,SKU00138,3,17.97,53.91,,0.0,53.91
O0005218,O0005218-1,SKU00286,1,54.7,54.7,P0001,16.41,38.29
O0005218,O0005218-2,SKU00282,1,46.15,46.15,,0.0,46.15
O0005218,O0005218-3,SKU00300,1,29.05,29.05,,0.0,29.05
O0005218,O0005218-4,SKU00082,1,35.63,35.63,,0.0,35.63
O0005219,O0005219-1,SKU00372,1,19.15,19.15,,0.0,19.15
O0005220,O0005220-1,SKU00390,1,38.26,38.26,,0.0,38.26
O0005221,O0005221-1,SKU00173,1,61.04,61.04,,0.0,61.04
O0005221,O0005221-2,SKU00392,1,45.36,45.36,,0.0,45.36
O0005221,O0005221-3,SKU00289,2,47.79,95.58,P0001,28.67,66.91
O0005222,O0005222-1,SKU00058,2,55.01,110.02,,0.0,110.02
O0005222,O0005222-2,SKU00365,2,26.67,53.34,,0.0,53.34
O0005222,O0005222-3,SKU00181,3,47.26,141.78,,0.0,141.78
O0005223,O0005223-1,SKU00056,1,38.71,38.71,,0.0,38.71
O0005223,O0005223-2,SKU00261,1,86.51,86.51,,0.0,86.51
O0005224,O0005224-1,SKU00108,1,19.31,19.31,,0.0,19.31
O0005224,O0005224-2,SKU00325,1,27.6,27.6,,0.0,27.6
O0005225,O0005225-1,SKU00140,1,56.17,56.17,,0.0,56.17
O0005225,O0005225-2,SKU00225,1,25.36,25.36,,0.0,25.36
O0005225,O0005225-3,SKU00369,1,42.23,42.23,,0.0,42.23
O0005225,O0005225-4,SKU00094,1,56.4,56.4,,0.0,56.4
O0005226,O0005226-1,SKU00191,1,45.24,45.24,,0.0,45.24
O0005227,O0005227-1,SKU00226,1,84.67,84.67,,0.0,84.67
O0005227,O0005227-2,SKU00055,1,66.78,66.78,,0.0,66.78
O0005228,O0005228-1,SKU00159,1,47.62,47.62,,0.0,47.62
O0005229,O0005229-1,SKU00356,1,12.98,12.98,,0.0,12.98
O0005230,O0005230-1,SKU00082,1,35.63,35.63,,0.0,35.63
O0005231,O0005231-1,SKU00270,1,46.55,46.55,,0.0,46.55
O0005231,O0005231-2,SKU00135,1,42.96,42.96,,0.0,42.96
O0005231,O0005231-3,SKU00365,1,26.67,26.67,,0.0,26.67
O0005232,O0005232-1,SKU00203,1,71.32,71.32,,0.0,71.32
O0005233,O0005233-1,SKU00083,2,54.82,109.64,,0.0,109.64
O0005233,O0005233-2,SKU00140,2,56.17,112.34,,0.0,112.34
O0005234,O0005234-1,SKU00117,1,30.62,30.62,,0.0,30.62
O0005234,O0005234-2,SKU00007,1,32.91,32.91,,0.0,32.91
O0005234,O0005234-3,SKU00322,1,22.71,22.71,,0.0,22.71
O0005235,O0005235-1,SKU00119,1,37.15,37.15,,0.0,37.15
O0005235,O0005235-2,SKU00292,2,51.63,103.26,,0.0,103.26
O0005236,O0005236-1,SKU00294,1,47.23,47.23,,0.0,47.23
O0005237,O0005237-1,SKU00037,2,30.33,60.66,,0.0,60.66
O0005237,O0005237-2,SKU00295,1,42.42,42.42,,0.0,42.42
O0005237,O0005237-3,SKU00381,1,81.55,81.55,P0001,24.46,57.09
O0005238,O0005238-1,SKU00038,1,50.53,50.53,,0.0,50.53
O0005238,O0005238-2,SKU00382,2,19.75,39.5,,0.0,39.5
O0005239,O0005239-1,SKU00326,1,34.94,34.94,,0.0,34.94
O0005240,O0005240-1,SKU00218,1,16.49,16.49,,0.0,16.49
O0005241,O0005241-1,SKU00367,1,50.59,50.59,,0.0,50.59
O0005241,O0005241-2,SKU00123,1,28.95,28.95,,0.0,28.95
O0005242,O0005242-1,SKU00211,2,88.68,177.36,,0.0,177.36
O0005242,O0005242-2,SKU00196,1,36.14,36.14,,0.0,36.14
O0005243,O0005243-1,SKU00136,2,52.74,105.48,,0.0,105.48
O0005243,O0005243-2,SKU00216,1,68.72,68.72,P0001,20.62,48.1
O0005244,O0005244-1,SKU00382,1,19.75,19.75,,0.0,19.75
O0005245,O0005245-1,SKU00169,1,38.7,38.7,,0.0,38.7
O0005245,O0005245-2,SKU00387,1,38.08,38.08,,0.0,38.08
O0005246,O0005246-1,SKU00228,3,106.95,320.85,,0.0,320.85
O0005247,O0005247-1,SKU00329,1,37.64,37.64,,0.0,37.64
O0005247,O0005247-2,SKU00273,3,56.47,169.41,,0.0,169.41
O0005248,O0005248-1,SKU00395,1,26.26,26.26,,0.0,26.26
O0005248,O0005248-2,SKU00021,1,49.41,49.41,,0.0,49.41
O0005248,O0005248-3,SKU00095,1,53.11,53.11,P0001,15.93,37.18
O0005249,O0005249-1,SKU00229,1,74.74,74.74,,0.0,74.74
O0005249,O0005249-2,SKU00159,2,47.62,95.24,,0.0,95.24
O0005250,O0005250-1,SKU00358,1,36.52,36.52,,0.0,36.52
O0005251,O0005251-1,SKU00267,1,82.59,82.59,,0.0,82.59
O0005251,O0005251-2,SKU00190,2,45.12,90.24,,0.0,90.24
O0005252,O0005252-1,SKU00025,1,42.44,42.44,,0.0,42.44
O0005252,O0005252-2,SKU00147,1,41.64,41.64,,0.0,41.64
O0005252,O0005252-3,SKU00386,1,42.93,42.93,,0.0,42.93
O0005253,O0005253-1,SKU00282,1,46.15,46.15,,0.0,46.15
O0005253,O0005253-2,SKU00357,2,23.0,46.0,,0.0,46.0
O0005254,O0005254-1,SKU00122,1,22.77,22.77,,0.0,22.77
O0005254,O0005254-2,SKU00364,2,45.23,90.46,,0.0,90.46
O0005255,O0005255-1,SKU00120,1,19.69,19.69,,0.0,19.69
O0005256,O0005256-1,SKU00127,2,44.81,89.62,,0.0,89.62
O0005256,O0005256-2,SKU00022,1,28.83,28.83,,0.0,28.83
O0005256,O0005256-3,SKU00086,2,72.82,145.64,,0.0,145.64
O0005256,O0005256-4,SKU00174,2,57.96,115.92,,0.0,115.92
O0005257,O0005257-1,SKU00314,2,39.09,78.18,,0.0,78.18
O0005257,O0005257-2,SKU00247,1,43.87,43.87,,0.0,43.87
O0005257,O0005257-3,SKU00153,1,61.1,61.1,,0.0,61.1
O0005258,O0005258-1,SKU00383,1,37.66,37.66,,0.0,37.66
O0005259,O0005259-1,SKU00015,1,66.48,66.48,,0.0,66.48
O0005259,O0005259-2,SKU00258,1,50.85,50.85,,0.0,50.85
O0005260,O0005260-1,SKU00095,1,53.11,53.11,,0.0,53.11
O0005260,O0005260-2,SKU00159,1,47.62,47.62,P0001,14.29,33.33
O0005260,O0005260-3,SKU00239,1,15.42,15.42,,0.0,15.42
O0005260,O0005260-4,SKU00374,1,34.49,34.49,,0.0,34.49
O0005261,O0005261-1,SKU00113,2,49.01,98.02,,0.0,98.02
O0005261,O0005261-2,SKU00265,1,26.72,26.72,,0.0,26.72
O0005261,O0005261-3,SKU00344,1,9.99,9.99,,0.0,9.99
O0005262,O0005262-1,SKU00119,2,37.15,74.3,,0.0,74.3
O0005262,O0005262-2,SKU00087,1,22.83,22.83,,0.0,22.83
O0005263,O0005263-1,SKU00186,1,34.13,34.13,,0.0,34.13
O0005263,O0005263-2,SKU00355,1,41.61,41.61,,0.0,41.61
O0005263,O0005263-3,SKU00223,1,22.77,22.77,,0.0,22.77
O0005264,O0005264-1,SKU00323,2,39.02,78.04,,0.0,78.04
O0005264,O0005264-2,SKU00228,1,106.95,106.95,,0.0,106.95
O0005265,O0005265-1,SKU00249,1,31.28,31.28,,0.0,31.28
O0005265,O0005265-2,SKU00281,1,52.93,52.93,,0.0,52.93
O0005265,O0005265-3,SKU00184,1,34.06,34.06,,0.0,34.06
O0005266,O0005266-1,SKU00020,1,42.57,42.57,,0.0,42.57
O0005267,O0005267-1,SKU00275,2,50.32,100.64,,0.0,100.64
O0005268,O0005268-1,SKU00062,3,38.63,115.89,,0.0,115.89
O0005268,O0005268-2,SKU00147,1,41.64,41.64,,0.0,41.64
O0005269,O0005269-1,SKU00028,1,35.88,35.88,,0.0,35.88
O0005269,O0005269-2,SKU00290,1,42.67,42.67,,0.0,42.67
O0005269,O0005269-3,SKU00278,1,54.54,54.54,,0.0,54.54
O0005270,O0005270-1,SKU00181,1,47.26,47.26,,0.0,47.26
O0005270,O0005270-2,SKU00339,1,36.52,36.52,,0.0,36.52
O0005270,O0005270-3,SKU00343,1,45.56,45.56,P0001,13.67,31.89
O0005270,O0005270-4,SKU00206,2,31.05,62.1,,0.0,62.1
O0005271,O0005271-1,SKU00044,2,26.97,53.94,,0.0,53.94
O0005271,O0005271-2,SKU00018,1,20.66,20.66,,0.0,20.66
O0005272,O0005272-1,SKU00197,1,32.23,32.23,,0.0,32.23
O0005272,O0005272-2,SKU00254,1,18.56,18.56,,0.0,18.56
O0005273,O0005273-1,SKU00349,1,18.05,18.05,,0.0,18.05
O0005274,O0005274-1,SKU00013,1,31.04,31.04,,0.0,31.04
O0005274,O0005274-2,SKU00140,1,56.17,56.17,,0.0,56.17
O0005275,O0005275-1,SKU00119,1,37.15,37.15,,0.0,37.15
O0005276,O0005276-1,SKU00124,1,29.76,29.76,,0.0,29.76
O0005276,O0005276-2,SKU00295,1,42.42,42.42,,0.0,42.42
O0005277,O0005277-1,SKU00342,1,38.94,38.94,,0.0,38.94
O0005277,O0005277-2,SKU00145,1,34.93,34.93,,0.0,34.93
O0005278,O0005278-1,SKU00290,2,42.67,85.34,,0.0,85.34
O0005279,O0005279-1,SKU00164,1,38.71,38.71,,0.0,38.71
O0005279,O0005279-2,SKU00061,1,23.77,23.77,,0.0,23.77
O0005280,O0005280-1,SKU00079,2,43.31,86.62,,0.0,86.62
O0005281,O0005281-1,SKU00082,1,35.63,35.63,,0.0,35.63
O0005282,O0005282-1,SKU00302,1,26.48,26.48,,0.0,26.48
O0005282,O0005282-2,SKU00245,1,49.62,49.62,,0.0,49.62
O0005283,O0005283-1,SKU00339,1,36.52,36.52,,0.0,36.52
O0005283,O0005283-2,SKU00027,1,11.75,11.75,,0.0,11.75
O0005283,O0005283-3,SKU00011,1,31.25,31.25,,0.0,31.25
O0005283,O0005283-4,SKU00022,1,28.83,28.83,,0.0,28.83
O0005284,O0005284-1,SKU00120,1,19.69,19.69,,0.0,19.69
O0005284,O0005284-2,SKU00123,1,28.95,28.95,,0.0,28.95
O0005284,O0005284-3,SKU00135,1,42.96,42.96,,0.0,42.96
O0005284,O0005284-4,SKU00080,1,45.12,45.12,,0.0,45.12
O0005285,O0005285-1,SKU00246,1,38.15,38.15,,0.0,38.15
O0005286,O0005286-1,SKU00205,1,35.8,35.8,,0.0,35.8
O0005286,O0005286-2,SKU00363,1,45.39,45.39,,0.0,45.39
O0005287,O0005287-1,SKU00184,1,34.06,34.06,,0.0,34.06
O0005288,O0005288-1,SKU00264,1,27.04,27.04,,0.0,27.04
O0005289,O0005289-1,SKU00109,1,88.61,88.61,,0.0,88.61
O0005289,O0005289-2,SKU00070,1,44.51,44.51,,0.0,44.51
O0005289,O0005289-3,SKU00197,1,32.23,32.23,,0.0,32.23
O0005290,O0005290-1,SKU00386,2,42.93,85.86,,0.0,85.86
O0005291,O0005291-1,SKU00313,1,49.13,49.13,P0001,14.74,34.39
O0005292,O0005292-1,SKU00217,1,31.07,31.07,,0.0,31.07
O0005292,O0005292-2,SKU00198,1,39.26,39.26,,0.0,39.26
O0005292,O0005292-3,SKU00095,1,53.11,53.11,P0001,15.93,37.18
O0005292,O0005292-4,SKU00360,1,93.89,93.89,,0.0,93.89
O0005293,O0005293-1,SKU00160,2,42.59,85.18,,0.0,85.18
O0005293,O0005293-2,SKU00226,2,84.67,169.34,P0001,50.8,118.54
O0005293,O0005293-3,SKU00392,1,45.36,45.36,,0.0,45.36
O0005293,O0005293-4,SKU00364,1,45.23,45.23,,0.0,45.23
O0005294,O0005294-1,SKU00189,1,53.14,53.14,,0.0,53.14
O0005295,O0005295-1,SKU00304,1,28.55,28.55,,0.0,28.55
O0005295,O0005295-2,SKU00296,1,48.03,48.03,,0.0,48.03
O0005296,O0005296-1,SKU00326,1,34.94,34.94,,0.0,34.94
O0005296,O0005296-2,SKU00058,1,55.01,55.01,,0.0,55.01
O0005297,O0005297-1,SKU00245,1,49.62,49.62,,0.0,49.62
O0005297,O0005297-2,SKU00359,2,26.27,52.54,,0.0,52.54
O0005298,O0005298-1,SKU00384,1,16.39,16.39,,0.0,16.39
O0005298,O0005298-2,SKU00313,1,49.13,49.13,,0.0,49.13
O0005298,O0005298-3,SKU00313,1,49.13,49.13,,0.0,49.13
O0005298,O0005298-4,SKU00344,1,9.99,9.99,,0.0,9.99
O0005299,O0005299-1,SKU00349,1,18.05,18.05,,0.0,18.05
O0005300,O0005300-1,SKU00249,1,31.28,31.28,,0.0,31.28
O0005300,O0005300-2,SKU00254,1,18.56,18.56,,0.0,18.56
O0005300,O0005300-3,SKU00262,1,10.7,10.7,,0.0,10.7
O0005301,O0005301-1,SKU00211,1,88.68,88.68,P0001,26.6,62.08
O0005302,O0005302-1,SKU00350,1,53.2,53.2,,0.0,53.2
O0005302,O0005302-2,SKU00285,2,40.54,81.08,,0.0,81.08
O0005303,O0005303-1,SKU00206,1,31.05,31.05,,0.0,31.05
O0005304,O0005304-1,SKU00117,1,30.62,30.62,,0.0,30.62
O0005305,O0005305-1,SKU00270,1,46.55,46.55,,0.0,46.55
O0005306,O0005306-1,SKU00081,1,30.86,30.86,,0.0,30.86
O0005306,O0005306-2,SKU00115,1,25.28,25.28,,0.0,25.28
O0005307,O0005307-1,SKU00316,1,21.03,21.03,,0.0,21.03
O0005307,O0005307-2,SKU00100,1,17.02,17.02,,0.0,17.02
O0005308,O0005308-1,SKU00171,2,60.15,120.3,P0001,36.09,84.21
O0005309,O0005309-1,SKU00102,1,12.21,12.21,,0.0,12.21
O0005309,O0005309-2,SKU00276,1,22.08,22.08,,0.0,22.08
O0005309,O0005309-3,SKU00063,3,26.13,78.39,,0.0,78.39
O0005310,O0005310-1,SKU00269,2,28.75,57.5,,0.0,57.5
O0005310,O0005310-2,SKU00212,1,20.15,20.15,,0.0,20.15
O0005310,O0005310-3,SKU00044,1,26.97,26.97,,0.0,26.97
O0005311,O0005311-1,SKU00358,2,36.52,73.04,P0001,21.91,51.13
O0005311,O0005311-2,SKU00302,1,26.48,26.48,,0.0,26.48
O0005311,O0005311-3,SKU00180,1,37.89,37.89,,0.0,37.89
O0005311,O0005311-4,SKU00028,1,35.88,35.88,,0.0,35.88
O0005312,O0005312-1,SKU00229,1,74.74,74.74,,0.0,74.74
O0005312,O0005312-2,SKU00245,1,49.62,49.62,,0.0,49.62
O0005312,O0005312-3,SKU00176,1,24.92,24.92,,0.0,24.92
O0005312,O0005312-4,SKU00141,1,78.13,78.13,,0.0,78.13
O0005313,O0005313-1,SKU00218,2,16.49,32.98,,0.0,32.98
O0005313,O0005313-2,SKU00295,1,42.42,42.42,P0001,12.73,29.69
O0005314,O0005314-1,SKU00031,2,49.75,99.5,,0.0,99.5
O0005315,O0005315-1,SKU00267,1,82.59,82.59,,0.0,82.59
O0005316,O0005316-1,SKU00290,1,42.67,42.67,,0.0,42.67
O0005317,O0005317-1,SKU00105,1,52.33,52.33,,0.0,52.33
O0005317,O0005317-2,SKU00184,1,34.06,34.06,,0.0,34.06
O0005318,O0005318-1,SKU00368,1,19.96,19.96,,0.0,19.96
O0005318,O0005318-2,SKU00249,1,31.28,31.28,,0.0,31.28
O0005319,O0005319-1,SKU00138,1,17.97,17.97,,0.0,17.97
O0005319,O0005319-2,SKU00079,2,43.31,86.62,,0.0,86.62
O0005319,O0005319-3,SKU00180,1,37.89,37.89,,0.0,37.89
O0005320,O0005320-1,SKU00002,1,57.3,57.3,,0.0,57.3
O0005320,O0005320-2,SKU00143,1,18.48,18.48,,0.0,18.48
O0005320,O0005320-3,SKU00175,2,44.19,88.38,,0.0,88.38
O0005321,O0005321-1,SKU00166,1,65.47,65.47,,0.0,65.47
O0005322,O0005322-1,SKU00024,2,39.92,79.84,,0.0,79.84
O0005323,O0005323-1,SKU00029,1,36.29,36.29,,0.0,36.29
O0005323,O0005323-2,SKU00192,1,37.74,37.74,,0.0,37.74
O0005323,O0005323-3,SKU00377,1,39.6,39.6,,0.0,39.6
O0005324,O0005324-1,SKU00378,1,38.51,38.51,,0.0,38.51
O0005325,O0005325-1,SKU00262,1,10.7,10.7,,0.0,10.7
O0005326,O0005326-1,SKU00107,1,64.03,64.03,,0.0,64.03
O0005327,O0005327-1,SKU00118,1,21.46,21.46,,0.0,21.46
O0005327,O0005327-2,SKU00161,1,12.51,12.51,,0.0,12.51
O0005328,O0005328-1,SKU00327,1,44.41,44.41,,0.0,44.41
O0005329,O0005329-1,SKU00215,1,33.08,33.08,,0.0,33.08
O0005330,O0005330-1,SKU00111,1,50.04,50.04,,0.0,50.04
O0005331,O0005331-1,SKU00281,3,52.93,158.79,,0.0,158.79
O0005332,O0005332-1,SKU00195,1,41.24,41.24,,0.0,41.24
O0005332,O0005332-2,SKU00077,2,17.01,34.02,,0.0,34.02
O0005332,O0005332-3,SKU00242,1,41.5,41.5,,0.0,41.5
O0005332,O0005332-4,SKU00052,3,57.74,173.22,,0.0,173.22
O0005333,O0005333-1,SKU00062,1,38.63,38.63,,0.0,38.63
O0005333,O0005333-2,SKU00360,1,93.89,93.89,,0.0,93.89
O0005333,O0005333-3,SKU00344,1,9.99,9.99,,0.0,9.99
O0005333,O0005333-4,SKU00292,1,51.63,51.63,,0.0,51.63
O0005334,O0005334-1,SKU00107,1,64.03,64.03,,0.0,64.03
O0005334,O0005334-2,SKU00265,1,26.72,26.72,,0.0,26.72
O0005334,O0005334-3,SKU00389,1,51.94,51.94,,0.0,51.94
O0005335,O0005335-1,SKU00089,1,49.77,49.77,,0.0,49.77
O0005335,O0005335-2,SKU00153,3,61.1,183.3,,0.0,183.3
O0005336,O0005336-1,SKU00172,2,17.17,34.34,,0.0,34.34
O0005336,O0005336-2,SKU00386,1,42.93,42.93,,0.0,42.93
O0005337,O0005337-1,SKU00286,2,54.7,109.4,,0.0,109.4
O0005337,O0005337-2,SKU00168,1,26.49,26.49,,0.0,26.49
O0005337,O0005337-3,SKU00211,1,88.68,88.68,P0001,26.6,62.08
O0005337,O0005337-4,SKU00325,3,27.6,82.8,,0.0,82.8
O0005338,O0005338-1,SKU00286,1,54.7,54.7,,0.0,54.7
O0005339,O0005339-1,SKU00052,1,57.74,57.74,,0.0,57.74
O0005339,O0005339-2,SKU00008,2,26.23,52.46,,0.0,52.46
O0005340,O0005340-1,SKU00278,1,54.54,54.54,,0.0,54.54
O0005340,O0005340-2,SKU00145,1,34.93,34.93,,0.0,34.93
O0005340,O0005340-3,SKU00387,1,38.08,38.08,,0.0,38.08
O0005340,O0005340-4,SKU00034,1,45.57,45.57,,0.0,45.57
O0005341,O0005341-1,SKU00084,1,33.92,33.92,,0.0,33.92
O0005342,O0005342-1,SKU00239,2,15.42,30.84,,0.0,30.84
O0005342,O0005342-2,SKU00095,2,53.11,106.22,,0.0,106.22
O0005343,O0005343-1,SKU00299,1,33.57,33.57,,0.0,33.57
O0005343,O0005343-2,SKU00158,1,19.54,19.54,P0001,5.86,13.68
O0005344,O0005344-1,SKU00060,1,76.86,76.86,,0.0,76.86
O0005345,O0005345-1,SKU00021,1,49.41,49.41,,0.0,49.41
O0005345,O0005345-2,SKU00221,2,31.0,62.0,,0.0,62.0
O0005346,O0005346-1,SKU00232,1,34.95,34.95,,0.0,34.95
O0005346,O0005346-2,SKU00238,1,69.04,69.04,,0.0,69.04
O0005346,O0005346-3,SKU00047,1,79.17,79.17,,0.0,79.17
O0005347,O0005347-1,SKU00038,1,50.53,50.53,,0.0,50.53
O0005348,O0005348-1,SKU00275,1,50.32,50.32,,0.0,50.32
O0005349,O0005349-1,SKU00020,1,42.57,42.57,,0.0,42.57
O0005350,O0005350-1,SKU00051,1,57.83,57.83,,0.0,57.83
O0005350,O0005350-2,SKU00176,2,24.92,49.84,,0.0,49.84
O0005350,O0005350-3,SKU00343,2,45.56,91.12,,0.0,91.12
O0005351,O0005351-1,SKU00377,2,39.6,79.2,,0.0,79.2
O0005351,O0005351-2,SKU00055,1,66.78,66.78,,0.0,66.78
O0005351,O0005351-3,SKU00174,1,57.96,57.96,,0.0,57.96
O0005351,O0005351-4,SKU00166,1,65.47,65.47,,0.0,65.47
O0005352,O0005352-1,SKU00038,1,50.53,50.53,,0.0,50.53
O0005353,O0005353-1,SKU00084,2,33.92,67.84,,0.0,67.84
O0005354,O0005354-1,SKU00076,1,31.8,31.8,,0.0,31.8
O0005354,O0005354-2,SKU00396,1,15.54,15.54,,0.0,15.54
O0005355,O0005355-1,SKU00367,1,50.59,50.59,,0.0,50.59
O0005356,O0005356-1,SKU00263,1,21.58,21.58,,0.0,21.58
O0005356,O0005356-2,SKU00067,2,20.67,41.34,,0.0,41.34
O0005357,O0005357-1,SKU00128,1,24.13,24.13,,0.0,24.13
O0005358,O0005358-1,SKU00038,1,50.53,50.53,P0001,15.16,35.37
O0005359,O0005359-1,SKU00253,1,51.01,51.01,,0.0,51.01
O0005360,O0005360-1,SKU00339,1,36.52,36.52,,0.0,36.52
O0005360,O0005360-2,SKU00012,1,9.88,9.88,,0.0,9.88
O0005361,O0005361-1,SKU00234,1,20.16,20.16,,0.0,20.16
O0005362,O0005362-1,SKU00082,1,35.63,35.63,,0.0,35.63
O0005362,O0005362-2,SKU00396,1,15.54,15.54,,0.0,15.54
O0005362,O0005362-3,SKU00035,2,57.12,114.24,,0.0,114.24
O0005362,O0005362-4,SKU00228,1,106.95,106.95,,0.0,106.95
O0005363,O0005363-1,SKU00393,1,14.38,14.38,,0.0,14.38
O0005363,O0005363-2,SKU00343,1,45.56,45.56,P0001,13.67,31.89
O0005364,O0005364-1,SKU00385,1,57.12,57.12,,0.0,57.12
O0005364,O0005364-2,SKU00084,1,33.92,33.92,,0.0,33.92
O0005365,O0005365-1,SKU00364,1,45.23,45.23,,0.0,45.23
O0005366,O0005366-1,SKU00206,1,31.05,31.05,,0.0,31.05
O0005366,O0005366-2,SKU00073,1,61.83,61.83,P0001,18.55,43.28
O0005366,O0005366-3,SKU00395,3,26.26,78.78,,0.0,78.78
O0005366,O0005366-4,SKU00356,1,12.98,12.98,,0.0,12.98
O0005367,O0005367-1,SKU00094,2,56.4,112.8,,0.0,112.8
O0005367,O0005367-2,SKU00275,1,50.32,50.32,,0.0,50.32
O0005367,O0005367-3,SKU00364,1,45.23,45.23,,0.0,45.23
O0005367,O0005367-4,SKU00301,1,30.77,30.77,,0.0,30.77
O0005368,O0005368-1,SKU00049,1,49.27,49.27,,0.0,49.27
O0005368,O0005368-2,SKU00102,1,12.21,12.21,,0.0,12.21
O0005369,O0005369-1,SKU00217,1,31.07,31.07,,0.0,31.07
O0005369,O0005369-2,SKU00041,1,31.32,31.32,,0.0,31.32
O0005370,O0005370-1,SKU00117,2,30.62,61.24,,0.0,61.24
O0005370,O0005370-2,SKU00099,1,22.33,22.33,,0.0,22.33
O0005370,O0005370-3,SKU00181,1,47.26,47.26,,0.0,47.26
O0005371,O0005371-1,SKU00031,3,49.75,149.25,,0.0,149.25
O0005372,O0005372-1,SKU00291,1,33.52,33.52,,0.0,33.52
O0005372,O0005372-2,SKU00113,2,49.01,98.02,,0.0,98.02
O0005373,O0005373-1,SKU00374,1,34.49,34.49,,0.0,34.49
O0005374,O0005374-1,SKU00093,1,55.17,55.17,,0.0,55.17
O0005374,O0005374-2,SKU00005,1,8.67,8.67,,0.0,8.67
O0005374,O0005374-3,SKU00190,1,45.12,45.12,,0.0,45.12
O0005375,O0005375-1,SKU00229,2,74.74,149.48,,0.0,149.48
O0005375,O0005375-2,SKU00067,1,20.67,20.67,,0.0,20.67
O0005375,O0005375-3,SKU00395,3,26.26,78.78,,0.0,78.78
O0005375,O0005375-4,SKU00158,1,19.54,19.54,,0.0,19.54
O0005376,O0005376-1,SKU00278,1,54.54,54.54,,0.0,54.54
O0005377,O0005377-1,SKU00131,1,34.39,34.39,,0.0,34.39
O0005377,O0005377-2,SKU00311,2,60.22,120.44,,0.0,120.44
O0005377,O0005377-3,SKU00115,1,25.28,25.28,,0.0,25.28
O0005378,O0005378-1,SKU00376,1,37.84,37.84,,0.0,37.84
O0005379,O0005379-1,SKU00181,1,47.26,47.26,,0.0,47.26
O0005379,O0005379-2,SKU00229,2,74.74,149.48,,0.0,149.48
O0005379,O0005379-3,SKU00038,1,50.53,50.53,,0.0,50.53
O0005379,O0005379-4,SKU00259,2,40.89,81.78,,0.0,81.78
O0005380,O0005380-1,SKU00152,1,57.95,57.95,,0.0,57.95
O0005381,O0005381-1,SKU00196,1,36.14,36.14,P0001,10.84,25.3
O0005382,O0005382-1,SKU00382,1,19.75,19.75,,0.0,19.75
O0005382,O0005382-2,SKU00153,3,61.1,183.3,,0.0,183.3
O0005383,O0005383-1,SKU00241,1,46.38,46.38,P0001,13.91,32.47
O0005383,O0005383-2,SKU00275,1,50.32,50.32,,0.0,50.32
O0005383,O0005383-3,SKU00071,1,50.63,50.63,,0.0,50.63
O0005384,O0005384-1,SKU00268,1,43.83,43.83,,0.0,43.83
O0005384,O0005384-2,SKU00122,1,22.77,22.77,,0.0,22.77
O0005384,O0005384-3,SKU00158,1,19.54,19.54,,0.0,19.54
O0005384,O0005384-4,SKU00382,1,19.75,19.75,,0.0,19.75
O0005385,O0005385-1,SKU00008,1,26.23,26.23,,0.0,26.23
O0005385,O0005385-2,SKU00362,1,26.77,26.77,,0.0,26.77
O0005386,O0005386-1,SKU00167,1,22.6,22.6,,0.0,22.6
O0005387,O0005387-1,SKU00005,1,8.67,8.67,,0.0,8.67
O0005388,O0005388-1,SKU00254,1,18.56,18.56,,0.0,18.56
O0005388,O0005388-2,SKU00222,1,30.96,30.96,P0001,9.29,21.67
O0005388,O0005388-3,SKU00212,1,20.15,20.15,,0.0,20.15
O0005389,O0005389-1,SKU00360,1,93.89,93.89,,0.0,93.89
O0005389,O0005389-2,SKU00134,1,31.13,31.13,,0.0,31.13
O0005389,O0005389-3,SKU00323,1,39.02,39.02,,0.0,39.02
O0005389,O0005389-4,SKU00253,1,51.01,51.01,,0.0,51.01
O0005390,O0005390-1,SKU00342,3,38.94,116.82,,0.0,116.82
O0005390,O0005390-2,SKU00297,1,39.78,39.78,,0.0,39.78
O0005391,O0005391-1,SKU00097,1,30.01,30.01,,0.0,30.01
O0005391,O0005391-2,SKU00259,1,40.89,40.89,,0.0,40.89
O0005392,O0005392-1,SKU00364,1,45.23,45.23,,0.0,45.23
O0005392,O0005392-2,SKU00186,1,34.13,34.13,,0.0,34.13
O0005393,O0005393-1,SKU00146,1,60.33,60.33,,0.0,60.33
O0005394,O0005394-1,SKU00139,2,52.17,104.34,,0.0,104.34
O0005394,O0005394-2,SKU00190,1,45.12,45.12,,0.0,45.12
O0005394,O0005394-3,SKU00307,3,36.83,110.49,,0.0,110.49
O0005395,O0005395-1,SKU00154,1,62.36,62.36,,0.0,62.36
O0005396,O0005396-1,SKU00229,1,74.74,74.74,,0.0,74.74
O0005396,O0005396-2,SKU00118,1,21.46,21.46,,0.0,21.46
O0005397,O0005397-1,SKU00268,1,43.83,43.83,,0.0,43.83
O0005398,O0005398-1,SKU00307,1,36.83,36.83,,0.0,36.83
O0005399,O0005399-1,SKU00362,1,26.77,26.77,,0.0,26.77
O0005399,O0005399-2,SKU00227,1,105.48,105.48,,0.0,105.48
O0005399,O0005399-3,SKU00045,1,35.31,35.31,,0.0,35.31
O0005400,O0005400-1,SKU00303,1,66.84,66.84,,0.0,66.84
O0005400,O0005400-2,SKU00050,1,25.95,25.95,,0.0,25.95
O0005401,O0005401-1,SKU00026,1,45.44,45.44,,0.0,45.44
O0005401,O0005401-2,SKU00062,1,38.63,38.63,,0.0,38.63
O0005402,O0005402-1,SKU00269,1,28.75,28.75,,0.0,28.75
O0005403,O0005403-1,SKU00044,1,26.97,26.97,,0.0,26.97
O0005403,O0005403-2,SKU00262,1,10.7,10.7,,0.0,10.7
O0005404,O0005404-1,SKU00292,2,51.63,103.26,,0.0,103.26
O0005405,O0005405-1,SKU00043,1,50.54,50.54,,0.0,50.54
O0005406,O0005406-1,SKU00120,1,19.69,19.69,,0.0,19.69
O0005406,O0005406-2,SKU00292,2,51.63,103.26,,0.0,103.26
O0005406,O0005406-3,SKU00208,1,15.73,15.73,,0.0,15.73
O0005407,O0005407-1,SKU00238,1,69.04,69.04,,0.0,69.04
O0005407,O0005407-2,SKU00095,1,53.11,53.11,,0.0,53.11
O0005407,O0005407-3,SKU00237,1,54.4,54.4,,0.0,54.4
O0005408,O0005408-1,SKU00347,2,61.23,122.46,,0.0,122.46
O0005408,O0005408-2,SKU00155,1,44.19,44.19,,0.0,44.19
O0005409,O0005409-1,SKU00007,1,32.91,32.91,,0.0,32.91
O0005409,O0005409-2,SKU00003,1,28.95,28.95,,0.0,28.95
O0005410,O0005410-1,SKU00261,1,86.51,86.51,,0.0,86.51
O0005411,O0005411-1,SKU00121,1,58.38,58.38,P0001,17.51,40.87
O0005411,O0005411-2,SKU00033,1,24.44,24.44,,0.0,24.44
O0005411,O0005411-3,SKU00309,1,39.31,39.31,,0.0,39.31
O0005412,O0005412-1,SKU00307,3,36.83,110.49,,0.0,110.49
O0005413,O0005413-1,SKU00245,3,49.62,148.86,,0.0,148.86
O0005413,O0005413-2,SKU00125,2,30.05,60.1,,0.0,60.1
O0005414,O0005414-1,SKU00263,1,21.58,21.58,,0.0,21.58
O0005415,O0005415-1,SKU00315,1,65.19,65.19,,0.0,65.19
O0005415,O0005415-2,SKU00250,1,32.56,32.56,,0.0,32.56
O0005415,O0005415-3,SKU00023,1,57.22,57.22,,0.0,57.22
O0005416,O0005416-1,SKU00101,1,33.02,33.02,,0.0,33.02
O0005417,O0005417-1,SKU00240,1,78.86,78.86,,0.0,78.86
O0005417,O0005417-2,SKU00142,1,61.52,61.52,,0.0,61.52
O0005417,O0005417-3,SKU00178,1,55.23,55.23,P0001,16.57,38.66
O0005417,O0005417-4,SKU00077,3,17.01,51.03,,0.0,51.03
O0005418,O0005418-1,SKU00258,1,50.85,50.85,,0.0,50.85
O0005418,O0005418-2,SKU00175,1,44.19,44.19,,0.0,44.19
O0005418,O0005418-3,SKU00038,1,50.53,50.53,,0.0,50.53
O0005418,O0005418-4,SKU00204,2,59.25,118.5,,0.0,118.5
O0005419,O0005419-1,SKU00227,1,105.48,105.48,,0.0,105.48
O0005420,O0005420-1,SKU00135,2,42.96,85.92,,0.0,85.92
O0005420,O0005420-2,SKU00045,2,35.31,70.62,,0.0,70.62
O0005421,O0005421-1,SKU00265,1,26.72,26.72,,0.0,26.72
O0005422,O0005422-1,SKU00360,2,93.89,187.78,,0.0,187.78
O0005423,O0005423-1,SKU00102,1,12.21,12.21,,0.0,12.21
O0005423,O0005423-2,SKU00149,1,26.89,26.89,,0.0,26.89
O0005423,O0005423-3,SKU00383,1,37.66,37.66,P0001,11.3,26.36
O0005424,O0005424-1,SKU00140,1,56.17,56.17,,0.0,56.17
O0005425,O0005425-1,SKU00295,1,42.42,42.42,,0.0,42.42
O0005425,O0005425-2,SKU00327,3,44.41,133.23,,0.0,133.23
O0005426,O0005426-1,SKU00331,1,21.15,21.15,,0.0,21.15
O0005427,O0005427-1,SKU00118,1,21.46,21.46,,0.0,21.46
O0005428,O0005428-1,SKU00327,2,44.41,88.82,,0.0,88.82
O0005429,O0005429-1,SKU00227,1,105.48,105.48,,0.0,105.48
O0005429,O0005429-2,SKU00392,1,45.36,45.36,,0.0,45.36
O0005430,O0005430-1,SKU00125,1,30.05,30.05,,0.0,30.05
O0005431,O0005431-1,SKU00357,2,23.0,46.0,,0.0,46.0
O0005431,O0005431-2,SKU00002,2,57.3,114.6,P0001,34.38,80.22
O0005432,O0005432-1,SKU00231,1,34.06,34.06,,0.0,34.06
O0005432,O0005432-2,SKU00258,1,50.85,50.85,,0.0,50.85
O0005432,O0005432-3,SKU00321,1,13.85,13.85,,0.0,13.85
O0005433,O0005433-1,SKU00213,1,45.05,45.05,,0.0,45.05
O0005433,O0005433-2,SKU00372,1,19.15,19.15,,0.0,19.15
O0005433,O0005433-3,SKU00347,1,61.23,61.23,,0.0,61.23
O0005434,O0005434-1,SKU00339,1,36.52,36.52,,0.0,36.52
O0005434,O0005434-2,SKU00045,1,35.31,35.31,,0.0,35.31
O0005435,O0005435-1,SKU00097,1,30.01,30.01,,0.0,30.01
O0005436,O0005436-1,SKU00157,1,70.71,70.71,,0.0,70.71
O0005437,O0005437-1,SKU00200,3,61.25,183.75,,0.0,183.75
O0005438,O0005438-1,SKU00196,3,36.14,108.42,,0.0,108.42
O0005438,O0005438-2,SKU00371,1,48.42,48.42,,0.0,48.42
O0005438,O0005438-3,SKU00334,1,17.99,17.99,,0.0,17.99
O0005439,O0005439-1,SKU00191,1,45.24,45.24,,0.0,45.24
O0005439,O0005439-2,SKU00170,1,29.26,29.26,,0.0,29.26
O0005439,O0005439-3,SKU00103,2,32.28,64.56,,0.0,64.56
O0005439,O0005439-4,SKU00158,1,19.54,19.54,,0.0,19.54
O0005440,O0005440-1,SKU00189,1,53.14,53.14,,0.0,53.14
O0005441,O0005441-1,SKU00102,2,12.21,24.42,,0.0,24.42
O0005441,O0005441-2,SKU00382,1,19.75,19.75,,0.0,19.75
O0005441,O0005441-3,SKU00066,1,52.48,52.48,,0.0,52.48
O0005442,O0005442-1,SKU00395,1,26.26,26.26,,0.0,26.26
O0005442,O0005442-2,SKU00349,1,18.05,18.05,,0.0,18.05
O0005443,O0005443-1,SKU00113,2,49.01,98.02,,0.0,98.02
O0005444,O0005444-1,SKU00223,1,22.77,22.77,,0.0,22.77
O0005445,O0005445-1,SKU00223,1,22.77,22.77,,0.0,22.77
O0005446,O0005446-1,SKU00340,2,30.34,60.68,,0.0,60.68
O0005447,O0005447-1,SKU00279,1,31.74,31.74,,0.0,31.74
O0005447,O0005447-2,SKU00132,3,44.43,133.29,,0.0,133.29
O0005448,O0005448-1,SKU00348,1,64.96,64.96,,0.0,64.96
O0005448,O0005448-2,SKU00190,1,45.12,45.12,,0.0,45.12
O0005448,O0005448-3,SKU00190,1,45.12,45.12,,0.0,45.12
O0005449,O0005449-1,SKU00086,1,72.82,72.82,P0001,21.85,50.97
O0005449,O0005449-2,SKU00296,1,48.03,48.03,,0.0,48.03
O0005449,O0005449-3,SKU00265,1,26.72,26.72,,0.0,26.72
O0005449,O0005449-4,SKU00310,1,44.67,44.67,,0.0,44.67
O0005450,O0005450-1,SKU00111,1,50.04,50.04,,0.0,50.04
O0005450,O0005450-2,SKU00140,1,56.17,56.17,,0.0,56.17
O0005450,O0005450-3,SKU00155,1,44.19,44.19,,0.0,44.19
O0005451,O0005451-1,SKU00099,3,22.33,66.99,,0.0,66.99
O0005451,O0005451-2,SKU00322,1,22.71,22.71,,0.0,22.71
O0005451,O0005451-3,SKU00052,1,57.74,57.74,,0.0,57.74
O0005452,O0005452-1,SKU00192,1,37.74,37.74,,0.0,37.74
O0005452,O0005452-2,SKU00149,1,26.89,26.89,,0.0,26.89
O0005453,O0005453-1,SKU00033,1,24.44,24.44,,0.0,24.44
O0005453,O0005453-2,SKU00368,1,19.96,19.96,,0.0,19.96
O0005454,O0005454-1,SKU00078,1,17.22,17.22,,0.0,17.22
O0005454,O0005454-2,SKU00005,1,8.67,8.67,,0.0,8.67
O0005454,O0005454-3,SKU00255,1,82.33,82.33,,0.0,82.33
O0005455,O0005455-1,SKU00003,3,28.95,86.85,,0.0,86.85
O0005455,O0005455-2,SKU00134,2,31.13,62.26,,0.0,62.26
O0005455,O0005455-3,SKU00287,2,61.4,122.8,,0.0,122.8
O0005456,O0005456-1,SKU00147,1,41.64,41.64,,0.0,41.64
O0005456,O0005456-2,SKU00001,1,32.38,32.38,,0.0,32.38
O0005456,O0005456-3,SKU00195,1,41.24,41.24,P0055,8.25,32.99
O0005457,O0005457-1,SKU00351,1,52.83,52.83,P0001,15.85,36.98
O0005457,O0005457-2,SKU00099,1,22.33,22.33,,0.0,22.33
O0005457,O0005457-3,SKU00389,1,51.94,51.94,,0.0,51.94
O0005458,O0005458-1,SKU00083,1,54.82,54.82,,0.0,54.82
O0005458,O0005458-2,SKU00076,1,31.8,31.8,,0.0,31.8
O0005459,O0005459-1,SKU00304,1,28.55,28.55,,0.0,28.55
O0005460,O0005460-1,SKU00187,1,39.15,39.15,,0.0,39.15
O0005461,O0005461-1,SKU00261,1,86.51,86.51,,0.0,86.51
O0005462,O0005462-1,SKU00187,1,39.15,39.15,P0001,11.74,27.41
O0005463,O0005463-1,SKU00212,1,20.15,20.15,,0.0,20.15
O0005463,O0005463-2,SKU00211,1,88.68,88.68,P0001,26.6,62.08
O0005464,O0005464-1,SKU00265,1,26.72,26.72,P0001,8.02,18.7
O0005465,O0005465-1,SKU00391,1,57.23,57.23,,0.0,57.23
O0005465,O0005465-2,SKU00074,1,76.62,76.62,,0.0,76.62
O0005466,O0005466-1,SKU00255,1,82.33,82.33,,0.0,82.33
O0005467,O0005467-1,SKU00021,1,49.41,49.41,,0.0,49.41
O0005467,O0005467-2,SKU00372,1,19.15,19.15,,0.0,19.15
O0005468,O0005468-1,SKU00203,2,71.32,142.64,,0.0,142.64
O0005468,O0005468-2,SKU00163,1,29.45,29.45,,0.0,29.45
O0005469,O0005469-1,SKU00206,1,31.05,31.05,,0.0,31.05
O0005469,O0005469-2,SKU00267,1,82.59,82.59,,0.0,82.59
O0005470,O0005470-1,SKU00057,1,34.63,34.63,,0.0,34.63
O0005471,O0005471-1,SKU00250,3,32.56,97.68,,0.0,97.68
O0005472,O0005472-1,SKU00113,1,49.01,49.01,,0.0,49.01
O0005472,O0005472-2,SKU00097,1,30.01,30.01,,0.0,30.01
O0005473,O0005473-1,SKU00047,2,79.17,158.34,,0.0,158.34
O0005473,O0005473-2,SKU00057,1,34.63,34.63,,0.0,34.63
O0005474,O0005474-1,SKU00023,3,57.22,171.66,,0.0,171.66
O0005474,O0005474-2,SKU00108,1,19.31,19.31,,0.0,19.31
O0005474,O0005474-3,SKU00012,1,9.88,9.88,,0.0,9.88
O0005474,O0005474-4,SKU00395,2,26.26,52.52,,0.0,52.52
O0005475,O0005475-1,SKU00346,1,102.61,102.61,,0.0,102.61
O0005475,O0005475-2,SKU00286,1,54.7,54.7,,0.0,54.7
O0005476,O0005476-1,SKU00010,1,32.93,32.93,,0.0,32.93
O0005476,O0005476-2,SKU00325,1,27.6,27.6,,0.0,27.6
O0005477,O0005477-1,SKU00400,1,33.96,33.96,,0.0,33.96
O0005477,O0005477-2,SKU00378,1,38.51,38.51,,0.0,38.51
O0005478,O0005478-1,SKU00066,1,52.48,52.48,,0.0,52.48
O0005478,O0005478-2,SKU00188,2,58.74,117.48,,0.0,117.48
O0005479,O0005479-1,SKU00134,1,31.13,31.13,,0.0,31.13
O0005480,O0005480-1,SKU00324,1,70.29,70.29,,0.0,70.29
O0005480,O0005480-2,SKU00190,2,45.12,90.24,,0.0,90.24
O0005480,O0005480-3,SKU00047,1,79.17,79.17,,0.0,79.17
O0005481,O0005481-1,SKU00178,1,55.23,55.23,,0.0,55.23
O0005481,O0005481-2,SKU00004,2,22.35,44.7,,0.0,44.7
O0005481,O0005481-3,SKU00232,1,34.95,34.95,,0.0,34.95
O0005482,O0005482-1,SKU00148,1,39.39,39.39,,0.0,39.39
O0005482,O0005482-2,SKU00108,1,19.31,19.31,,0.0,19.31
O0005483,O0005483-1,SKU00184,2,34.06,68.12,,0.0,68.12
O0005483,O0005483-2,SKU00369,3,42.23,126.69,,0.0,126.69
O0005483,O0005483-3,SKU00122,2,22.77,45.54,P0043,5.0,40.54
O0005484,O0005484-1,SKU00225,1,25.36,25.36,,0.0,25.36
O0005484,O0005484-2,SKU00397,2,66.5,133.0,,0.0,133.0
O0005484,O0005484-3,SKU00005,1,8.67,8.67,,0.0,8.67
O0005485,O0005485-1,SKU00030,2,17.63,35.26,,0.0,35.26
O0005485,O0005485-2,SKU00208,1,15.73,15.73,,0.0,15.73
O0005486,O0005486-1,SKU00224,1,53.56,53.56,,0.0,53.56
O0005486,O0005486-2,SKU00095,2,53.11,106.22,,0.0,106.22
O0005486,O0005486-3,SKU00053,1,49.62,49.62,P0043,5.0,44.62
O0005487,O0005487-1,SKU00226,2,84.67,169.34,,0.0,169.34
O0005487,O0005487-2,SKU00061,1,23.77,23.77,,0.0,23.77
O0005487,O0005487-3,SKU00346,1,102.61,102.61,,0.0,102.61
O0005487,O0005487-4,SKU00378,1,38.51,38.51,,0.0,38.51
O0005488,O0005488-1,SKU00379,1,36.36,36.36,,0.0,36.36
O0005489,O0005489-1,SKU00229,1,74.74,74.74,,0.0,74.74
O0005489,O0005489-2,SKU00225,1,25.36,25.36,P0043,5.0,20.36
O0005490,O0005490-1,SKU00141,1,78.13,78.13,,0.0,78.13
O0005490,O0005490-2,SKU00080,1,45.12,45.12,,0.0,45.12
O0005490,O0005490-3,SKU00388,3,37.93,113.79,,0.0,113.79
O0005490,O0005490-4,SKU00310,1,44.67,44.67,P0043,5.0,39.67
O0005491,O0005491-1,SKU00269,2,28.75,57.5,,0.0,57.5
O0005491,O0005491-2,SKU00179,1,14.26,14.26,P0043,5.0,9.26
O0005492,O0005492-1,SKU00037,1,30.33,30.33,,0.0,30.33
O0005493,O0005493-1,SKU00303,1,66.84,66.84,,0.0,66.84
O0005493,O0005493-2,SKU00074,1,76.62,76.62,,0.0,76.62
O0005493,O0005493-3,SKU00258,1,50.85,50.85,,0.0,50.85
O0005494,O0005494-1,SKU00255,1,82.33,82.33,,0.0,82.33
O0005495,O0005495-1,SKU00015,1,66.48,66.48,,0.0,66.48
O0005495,O0005495-2,SKU00397,2,66.5,133.0,,0.0,133.0
O0005496,O0005496-1,SKU00386,1,42.93,42.93,,0.0,42.93
O0005496,O0005496-2,SKU00139,2,52.17,104.34,,0.0,104.34
O0005496,O0005496-3,SKU00208,1,15.73,15.73,P0043,5.0,10.73
O0005497,O0005497-1,SKU00233,2,21.18,42.36,,0.0,42.36
O0005497,O0005497-2,SKU00168,1,26.49,26.49,,0.0,26.49
O0005497,O0005497-3,SKU00212,1,20.15,20.15,,0.0,20.15
O0005498,O0005498-1,SKU00294,1,47.23,47.23,,0.0,47.23
O0005498,O0005498-2,SKU00232,1,34.95,34.95,,0.0,34.95
O0005499,O0005499-1,SKU00218,1,16.49,16.49,,0.0,16.49
O0005500,O0005500-1,SKU00349,1,18.05,18.05,,0.0,18.05
O0005500,O0005500-2,SKU00344,3,9.99,29.97,,0.0,29.97
O0005501,O0005501-1,SKU00026,1,45.44,45.44,,0.0,45.44
O0005502,O0005502-1,SKU00089,1,49.77,49.77,,0.0,49.77
O0005502,O0005502-2,SKU00332,1,104.52,104.52,,0.0,104.52
O0005502,O0005502-3,SKU00143,1,18.48,18.48,P0043,5.0,13.48
O0005503,O0005503-1,SKU00158,1,19.54,19.54,,0.0,19.54
O0005504,O0005504-1,SKU00307,1,36.83,36.83,,0.0,36.83
O0005504,O0005504-2,SKU00318,1,30.41,30.41,,0.0,30.41
O0005505,O0005505-1,SKU00224,1,53.56,53.56,,0.0,53.56
O0005505,O0005505-2,SKU00365,2,26.67,53.34,,0.0,53.34
O0005506,O0005506-1,SKU00190,2,45.12,90.24,,0.0,90.24
O0005507,O0005507-1,SKU00033,1,24.44,24.44,P0043,5.0,19.44
O0005507,O0005507-2,SKU00333,2,45.51,91.02,,0.0,91.02
O0005508,O0005508-1,SKU00164,1,38.71,38.71,,0.0,38.71
O0005508,O0005508-2,SKU00294,1,47.23,47.23,,0.0,47.23
O0005509,O0005509-1,SKU00211,1,88.68,88.68,P0043,5.0,83.68
O0005510,O0005510-1,SKU00051,2,57.83,115.66,,0.0,115.66
O0005511,O0005511-1,SKU00094,1,56.4,56.4,,0.0,56.4
O0005511,O0005511-2,SKU00043,1,50.54,50.54,,0.0,50.54
O0005512,O0005512-1,SKU00114,1,29.46,29.46,P0043,5.0,24.46
O0005512,O0005512-2,SKU00079,1,43.31,43.31,,0.0,43.31
O0005513,O0005513-1,SKU00313,1,49.13,49.13,P0055,9.83,39.3
O0005514,O0005514-1,SKU00267,1,82.59,82.59,,0.0,82.59
O0005514,O0005514-2,SKU00292,1,51.63,51.63,,0.0,51.63
O0005514,O0005514-3,SKU00085,1,51.96,51.96,,0.0,51.96
O0005514,O0005514-4,SKU00379,1,36.36,36.36,,0.0,36.36
O0005515,O0005515-1,SKU00163,1,29.45,29.45,,0.0,29.45
O0005516,O0005516-1,SKU00036,1,42.54,42.54,,0.0,42.54
O0005517,O0005517-1,SKU00049,1,49.27,49.27,,0.0,49.27
O0005517,O0005517-2,SKU00069,1,19.77,19.77,,0.0,19.77
O0005517,O0005517-3,SKU00200,1,61.25,61.25,,0.0,61.25
O0005518,O0005518-1,SKU00074,1,76.62,76.62,,0.0,76.62
O0005518,O0005518-2,SKU00399,1,38.17,38.17,,0.0,38.17
O0005519,O0005519-1,SKU00395,1,26.26,26.26,,0.0,26.26
O0005519,O0005519-2,SKU00162,3,65.18,195.54,,0.0,195.54
O0005519,O0005519-3,SKU00356,2,12.98,25.96,,0.0,25.96
O0005520,O0005520-1,SKU00045,1,35.31,35.31,,0.0,35.31
O0005520,O0005520-2,SKU00139,1,52.17,52.17,,0.0,52.17
O0005521,O0005521-1,SKU00108,1,19.31,19.31,,0.0,19.31
O0005521,O0005521-2,SKU00177,1,41.83,41.83,,0.0,41.83
O0005521,O0005521-3,SKU00155,1,44.19,44.19,,0.0,44.19
O0005522,O0005522-1,SKU00248,1,48.06,48.06,,0.0,48.06
O0005522,O0005522-2,SKU00383,1,37.66,37.66,,0.0,37.66
O0005523,O0005523-1,SKU00397,2,66.5,133.0,,0.0,133.0
O0005523,O0005523-2,SKU00289,1,47.79,47.79,,0.0,47.79
O0005523,O0005523-3,SKU00358,1,36.52,36.52,,0.0,36.52
O0005523,O0005523-4,SKU00158,1,19.54,19.54,P0043,5.0,14.54
O0005524,O0005524-1,SKU00208,1,15.73,15.73,,0.0,15.73
O0005524,O0005524-2,SKU00358,1,36.52,36.52,,0.0,36.52
O0005524,O0005524-3,SKU00056,2,38.71,77.42,P0043,5.0,72.42
O0005525,O0005525-1,SKU00087,1,22.83,22.83,,0.0,22.83
O0005526,O0005526-1,SKU00232,1,34.95,34.95,,0.0,34.95
O0005527,O0005527-1,SKU00146,1,60.33,60.33,,0.0,60.33
O0005527,O0005527-2,SKU00024,1,39.92,39.92,,0.0,39.92
O0005527,O0005527-3,SKU00129,1,38.65,38.65,,0.0,38.65
O0005527,O0005527-4,SKU00392,1,45.36,45.36,,0.0,45.36
O0005528,O0005528-1,SKU00008,1,26.23,26.23,,0.0,26.23
O0005528,O0005528-2,SKU00218,2,16.49,32.98,,0.0,32.98
O0005529,O0005529-1,SKU00191,1,45.24,45.24,,0.0,45.24
O0005529,O0005529-2,SKU00381,1,81.55,81.55,,0.0,81.55
O0005530,O0005530-1,SKU00152,1,57.95,57.95,,0.0,57.95
O0005530,O0005530-2,SKU00190,1,45.12,45.12,,0.0,45.12
O0005530,O0005530-3,SKU00103,1,32.28,32.28,,0.0,32.28
O0005530,O0005530-4,SKU00336,1,54.95,54.95,,0.0,54.95
O0005531,O0005531-1,SKU00149,1,26.89,26.89,,0.0,26.89
O0005531,O0005531-2,SKU00335,1,18.97,18.97,,0.0,18.97
O0005532,O0005532-1,SKU00022,1,28.83,28.83,,0.0,28.83
O0005533,O0005533-1,SKU00150,1,41.46,41.46,,0.0,41.46
O0005533,O0005533-2,SKU00222,1,30.96,30.96,,0.0,30.96
O0005534,O0005534-1,SKU00151,1,20.05,20.05,,0.0,20.05
O0005534,O0005534-2,SKU00024,1,39.92,39.92,,0.0,39.92
O0005535,O0005535-1,SKU00357,1,23.0,23.0,P0043,5.0,18.0
O0005535,O0005535-2,SKU00230,1,49.13,49.13,,0.0,49.13
O0005535,O0005535-3,SKU00029,1,36.29,36.29,,0.0,36.29
O0005535,O0005535-4,SKU00395,3,26.26,78.78,,0.0,78.78
O0005536,O0005536-1,SKU00196,2,36.14,72.28,,0.0,72.28
O0005536,O0005536-2,SKU00104,1,73.97,73.97,,0.0,73.97
O0005537,O0005537-1,SKU00308,1,57.22,57.22,,0.0,57.22
O0005537,O0005537-2,SKU00262,1,10.7,10.7,,0.0,10.7
O0005537,O0005537-3,SKU00329,1,37.64,37.64,,0.0,37.64
O0005538,O0005538-1,SKU00356,1,12.98,12.98,,0.0,12.98
O0005538,O0005538-2,SKU00150,1,41.46,41.46,,0.0,41.46
O0005539,O0005539-1,SKU00028,1,35.88,35.88,,0.0,35.88
O0005539,O0005539-2,SKU00296,1,48.03,48.03,,0.0,48.03
O0005539,O0005539-3,SKU00217,1,31.07,31.07,,0.0,31.07
O0005540,O0005540-1,SKU00319,1,45.64,45.64,,0.0,45.64
O0005540,O0005540-2,SKU00248,1,48.06,48.06,,0.0,48.06
O0005540,O0005540-3,SKU00326,2,34.94,69.88,,0.0,69.88
O0005540,O0005540-4,SKU00153,1,61.1,61.1,P0043,5.0,56.1
O0005541,O0005541-1,SKU00359,1,26.27,26.27,,0.0,26.27
O0005541,O0005541-2,SKU00168,1,26.49,26.49,,0.0,26.49
O0005542,O0005542-1,SKU00384,1,16.39,16.39,,0.0,16.39
O0005543,O0005543-1,SKU00238,2,69.04,138.08,,0.0,138.08
O0005543,O0005543-2,SKU00217,1,31.07,31.07,,0.0,31.07
O0005543,O0005543-3,SKU00273,1,56.47,56.47,,0.0,56.47
O0005543,O0005543-4,SKU00306,1,36.9,36.9,,0.0,36.9
O0005544,O0005544-1,SKU00194,1,40.96,40.96,,0.0,40.96
O0005545,O0005545-1,SKU00070,1,44.51,44.51,,0.0,44.51
O0005545,O0005545-2,SKU00071,1,50.63,50.63,,0.0,50.63
O0005545,O0005545-3,SKU00141,1,78.13,78.13,,0.0,78.13
O0005546,O0005546-1,SKU00296,1,48.03,48.03,,0.0,48.03
O0005546,O0005546-2,SKU00040,1,46.34,46.34,,0.0,46.34
O0005547,O0005547-1,SKU00037,1,30.33,30.33,,0.0,30.33
O0005547,O0005547-2,SKU00266,2,28.62,57.24,P0043,5.0,52.24
O0005548,O0005548-1,SKU00163,1,29.45,29.45,,0.0,29.45
O0005548,O0005548-2,SKU00342,1,38.94,38.94,,0.0,38.94
O0005548,O0005548-3,SKU00290,1,42.67,42.67,,0.0,42.67
O0005549,O0005549-1,SKU00218,1,16.49,16.49,,0.0,16.49
O0005550,O0005550-1,SKU00003,1,28.95,28.95,,0.0,28.95
O0005550,O0005550-2,SKU00134,1,31.13,31.13,P0043,5.0,26.13
O0005551,O0005551-1,SKU00327,1,44.41,44.41,,0.0,44.41
O0005552,O0005552-1,SKU00360,1,93.89,93.89,,0.0,93.89
O0005553,O0005553-1,SKU00168,1,26.49,26.49,,0.0,26.49
O0005553,O0005553-2,SKU00245,1,49.62,49.62,,0.0,49.62
O0005554,O0005554-1,SKU00328,1,35.12,35.12,,0.0,35.12
O0005554,O0005554-2,SKU00134,3,31.13,93.39,,0.0,93.39
O0005554,O0005554-3,SKU00335,1,18.97,18.97,,0.0,18.97
O0005555,O0005555-1,SKU00300,1,29.05,29.05,,0.0,29.05
O0005555,O0005555-2,SKU00024,1,39.92,39.92,,0.0,39.92
O0005555,O0005555-3,SKU00148,2,39.39,78.78,,0.0,78.78
O0005556,O0005556-1,SKU00228,1,106.95,106.95,,0.0,106.95
O0005557,O0005557-1,SKU00123,1,28.95,28.95,,0.0,28.95
O0005557,O0005557-2,SKU00184,3,34.06,102.18,,0.0,102.18
O0005557,O0005557-3,SKU00076,2,31.8,63.6,,0.0,63.6
O0005557,O0005557-4,SKU00024,1,39.92,39.92,,0.0,39.92
O0005558,O0005558-1,SKU00086,1,72.82,72.82,,0.0,72.82
O0005558,O0005558-2,SKU00097,2,30.01,60.02,,0.0,60.02
O0005559,O0005559-1,SKU00235,1,46.43,46.43,,0.0,46.43
O0005559,O0005559-2,SKU00343,2,45.56,91.12,,0.0,91.12
O0005560,O0005560-1,SKU00371,3,48.42,145.26,,0.0,145.26
O0005560,O0005560-2,SKU00267,1,82.59,82.59,,0.0,82.59
O0005560,O0005560-3,SKU00155,1,44.19,44.19,,0.0,44.19
O0005560,O0005560-4,SKU00097,2,30.01,60.02,,0.0,60.02
O0005561,O0005561-1,SKU00236,1,32.17,32.17,,0.0,32.17
O0005562,O0005562-1,SKU00232,1,34.95,34.95,,0.0,34.95
O0005562,O0005562-2,SKU00283,1,85.39,85.39,,0.0,85.39
O0005562,O0005562-3,SKU00118,2,21.46,42.92,,0.0,42.92
O0005562,O0005562-4,SKU00039,1,59.8,59.8,,0.0,59.8
O0005563,O0005563-1,SKU00264,1,27.04,27.04,,0.0,27.04
O0005563,O0005563-2,SKU00010,1,32.93,32.93,,0.0,32.93
O0005564,O0005564-1,SKU00285,1,40.54,40.54,,0.0,40.54
O0005564,O0005564-2,SKU00149,1,26.89,26.89,,0.0,26.89
O0005564,O0005564-3,SKU00105,2,52.33,104.66,,0.0,104.66
O0005565,O0005565-1,SKU00293,1,70.96,70.96,,0.0,70.96
O0005565,O0005565-2,SKU00367,1,50.59,50.59,,0.0,50.59
O0005566,O0005566-1,SKU00204,3,59.25,177.75,,0.0,177.75
O0005566,O0005566-2,SKU00381,1,81.55,81.55,,0.0,81.55
O0005567,O0005567-1,SKU00326,1,34.94,34.94,,0.0,34.94
O0005567,O0005567-2,SKU00157,1,70.71,70.71,,0.0,70.71
O0005567,O0005567-3,SKU00290,1,42.67,42.67,,0.0,42.67
O0005567,O0005567-4,SKU00173,1,61.04,61.04,,0.0,61.04
O0005568,O0005568-1,SKU00372,1,19.15,19.15,,0.0,19.15
O0005569,O0005569-1,SKU00285,2,40.54,81.08,,0.0,81.08
O0005569,O0005569-2,SKU00316,2,21.03,42.06,,0.0,42.06
O0005570,O0005570-1,SKU00007,1,32.91,32.91,P0043,5.0,27.91
O0005570,O0005570-2,SKU00331,3,21.15,63.45,,0.0,63.45
O0005570,O0005570-3,SKU00041,1,31.32,31.32,,0.0,31.32
O0005571,O0005571-1,SKU00238,1,69.04,69.04,,0.0,69.04
O0005572,O0005572-1,SKU00219,2,65.58,131.16,,0.0,131.16
O0005572,O0005572-2,SKU00346,1,102.61,102.61,,0.0,102.61
O0005573,O0005573-1,SKU00018,3,20.66,61.98,,0.0,61.98
O0005574,O0005574-1,SKU00261,1,86.51,86.51,,0.0,86.51
O0005575,O0005575-1,SKU00237,3,54.4,163.2,,0.0,163.2
O0005575,O0005575-2,SKU00206,1,31.05,31.05,,0.0,31.05
O0005576,O0005576-1,SKU00154,2,62.36,124.72,,0.0,124.72
O0005576,O0005576-2,SKU00366,1,33.09,33.09,,0.0,33.09
O0005577,O0005577-1,SKU00113,1,49.01,49.01,P0043,5.0,44.01
O0005577,O0005577-2,SKU00176,2,24.92,49.84,,0.0,49.84
O0005577,O0005577-3,SKU00166,1,65.47,65.47,,0.0,65.47
O0005578,O0005578-1,SKU00227,2,105.48,210.96,,0.0,210.96
O0005578,O0005578-2,SKU00319,1,45.64,45.64,,0.0,45.64
O0005579,O0005579-1,SKU00388,1,37.93,37.93,P0043,5.0,32.93
O0005580,O0005580-1,SKU00106,1,24.61,24.61,P0043,5.0,19.61
O0005580,O0005580-2,SKU00124,1,29.76,29.76,,0.0,29.76
O0005580,O0005580-3,SKU00289,1,47.79,47.79,,0.0,47.79
O0005580,O0005580-4,SKU00181,1,47.26,47.26,,0.0,47.26
O0005581,O0005581-1,SKU00211,1,88.68,88.68,,0.0,88.68
O0005581,O0005581-2,SKU00016,1,33.83,33.83,,0.0,33.83
O0005582,O0005582-1,SKU00350,1,53.2,53.2,,0.0,53.2
O0005583,O0005583-1,SKU00058,1,55.01,55.01,,0.0,55.01
O0005583,O0005583-2,SKU00129,1,38.65,38.65,,0.0,38.65
O0005583,O0005583-3,SKU00292,1,51.63,51.63,,0.0,51.63
O0005584,O0005584-1,SKU00203,1,71.32,71.32,,0.0,71.32
O0005584,O0005584-2,SKU00249,1,31.28,31.28,,0.0,31.28
O0005584,O0005584-3,SKU00024,1,39.92,39.92,,0.0,39.92
O0005584,O0005584-4,SKU00270,1,46.55,46.55,,0.0,46.55
O0005585,O0005585-1,SKU00297,1,39.78,39.78,,0.0,39.78
O0005586,O0005586-1,SKU00143,1,18.48,18.48,,0.0,18.48
O0005587,O0005587-1,SKU00166,1,65.47,65.47,,0.0,65.47
O0005587,O0005587-2,SKU00289,1,47.79,47.79,,0.0,47.79
O0005587,O0005587-3,SKU00267,1,82.59,82.59,,0.0,82.59
O0005588,O0005588-1,SKU00021,1,49.41,49.41,,0.0,49.41
O0005589,O0005589-1,SKU00050,1,25.95,25.95,,0.0,25.95
O0005590,O0005590-1,SKU00008,1,26.23,26.23,,0.0,26.23
O0005590,O0005590-2,SKU00396,1,15.54,15.54,,0.0,15.54
O0005590,O0005590-3,SKU00388,1,37.93,37.93,P0043,5.0,32.93
O0005591,O0005591-1,SKU00366,1,33.09,33.09,,0.0,33.09
O0005591,O0005591-2,SKU00291,1,33.52,33.52,,0.0,33.52
O0005592,O0005592-1,SKU00084,1,33.92,33.92,,0.0,33.92
O0005593,O0005593-1,SKU00209,1,102.17,102.17,,0.0,102.17
O0005594,O0005594-1,SKU00180,1,37.89,37.89,,0.0,37.89
O0005594,O0005594-2,SKU00345,1,60.26,60.26,,0.0,60.26
O0005595,O0005595-1,SKU00102,1,12.21,12.21,,0.0,12.21
O0005595,O0005595-2,SKU00367,1,50.59,50.59,,0.0,50.59
O0005596,O0005596-1,SKU00002,2,57.3,114.6,,0.0,114.6
O0005597,O0005597-1,SKU00169,1,38.7,38.7,,0.0,38.7
O0005598,O0005598-1,SKU00150,3,41.46,124.38,,0.0,124.38
O0005599,O0005599-1,SKU00153,1,61.1,61.1,,0.0,61.1
O0005599,O0005599-2,SKU00329,2,37.64,75.28,,0.0,75.28
O0005600,O0005600-1,SKU00385,1,57.12,57.12,,0.0,57.12
O0005600,O0005600-2,SKU00168,1,26.49,26.49,,0.0,26.49
O0005600,O0005600-3,SKU00030,1,17.63,17.63,,0.0,17.63
O0005601,O0005601-1,SKU00226,1,84.67,84.67,,0.0,84.67
O0005601,O0005601-2,SKU00294,1,47.23,47.23,P0043,5.0,42.23
O0005602,O0005602-1,SKU00057,2,34.63,69.26,,0.0,69.26
O0005602,O0005602-2,SKU00161,2,12.51,25.02,,0.0,25.02
O0005603,O0005603-1,SKU00170,2,29.26,58.52,,0.0,58.52
O0005604,O0005604-1,SKU00348,1,64.96,64.96,,0.0,64.96
O0005604,O0005604-2,SKU00393,1,14.38,14.38,P0043,5.0,9.38
O0005605,O0005605-1,SKU00134,1,31.13,31.13,,0.0,31.13
O0005605,O0005605-2,SKU00343,1,45.56,45.56,,0.0,45.56
O0005606,O0005606-1,SKU00258,1,50.85,50.85,,0.0,50.85
O0005606,O0005606-2,SKU00037,1,30.33,30.33,,0.0,30.33
O0005606,O0005606-3,SKU00076,1,31.8,31.8,,0.0,31.8
O0005606,O0005606-4,SKU00159,1,47.62,47.62,,0.0,47.62
O0005607,O0005607-1,SKU00076,2,31.8,63.6,,0.0,63.6
O0005608,O0005608-1,SKU00384,1,16.39,16.39,,0.0,16.39
O0005609,O0005609-1,SKU00163,2,29.45,58.9,,0.0,58.9
O0005609,O0005609-2,SKU00002,1,57.3,57.3,,0.0,57.3
O0005610,O0005610-1,SKU00283,1,85.39,85.39,,0.0,85.39
O0005610,O0005610-2,SKU00251,1,23.58,23.58,,0.0,23.58
O0005611,O0005611-1,SKU00294,1,47.23,47.23,,0.0,47.23
O0005611,O0005611-2,SKU00184,1,34.06,34.06,,0.0,34.06
O0005612,O0005612-1,SKU00051,1,57.83,57.83,,0.0,57.83
O0005612,O0005612-2,SKU00217,1,31.07,31.07,,0.0,31.07
O0005613,O0005613-1,SKU00291,1,33.52,33.52,,0.0,33.52
O0005613,O0005613-2,SKU00387,1,38.08,38.08,,0.0,38.08
O0005614,O0005614-1,SKU00310,1,44.67,44.67,,0.0,44.67
O0005614,O0005614-2,SKU00311,1,60.22,60.22,,0.0,60.22
O0005615,O0005615-1,SKU00099,1,22.33,22.33,,0.0,22.33
O0005615,O0005615-2,SKU00263,2,21.58,43.16,,0.0,43.16
O0005615,O0005615-3,SKU00144,1,27.92,27.92,,0.0,27.92
O0005616,O0005616-1,SKU00088,1,49.61,49.61,,0.0,49.61
O0005616,O0005616-2,SKU00015,2,66.48,132.96,,0.0,132.96
O0005617,O0005617-1,SKU00124,1,29.76,29.76,,0.0,29.76
O0005618,O0005618-1,SKU00357,1,23.0,23.0,,0.0,23.0
O0005618,O0005618-2,SKU00138,1,17.97,17.97,,0.0,17.97
O0005618,O0005618-3,SKU00267,1,82.59,82.59,,0.0,82.59
O0005619,O0005619-1,SKU00134,1,31.13,31.13,,0.0,31.13
O0005619,O0005619-2,SKU00296,1,48.03,48.03,,0.0,48.03
O0005619,O0005619-3,SKU00041,1,31.32,31.32,,0.0,31.32
O0005620,O0005620-1,SKU00323,1,39.02,39.02,,0.0,39.02
O0005620,O0005620-2,SKU00224,1,53.56,53.56,,0.0,53.56
O0005621,O0005621-1,SKU00390,1,38.26,38.26,,0.0,38.26
O0005621,O0005621-2,SKU00023,2,57.22,114.44,,0.0,114.44
O0005622,O0005622-1,SKU00231,1,34.06,34.06,,0.0,34.06
O0005622,O0005622-2,SKU00389,1,51.94,51.94,,0.0,51.94
O0005623,O0005623-1,SKU00095,1,53.11,53.11,,0.0,53.11
O0005624,O0005624-1,SKU00301,1,30.77,30.77,,0.0,30.77
O0005625,O0005625-1,SKU00043,1,50.54,50.54,,0.0,50.54
O0005625,O0005625-2,SKU00175,1,44.19,44.19,,0.0,44.19
O0005626,O0005626-1,SKU00062,1,38.63,38.63,,0.0,38.63
O0005626,O0005626-2,SKU00213,1,45.05,45.05,,0.0,45.05
O0005627,O0005627-1,SKU00060,3,76.86,230.58,,0.0,230.58
O0005627,O0005627-2,SKU00230,1,49.13,49.13,,0.0,49.13
O0005628,O0005628-1,SKU00038,1,50.53,50.53,,0.0,50.53
O0005629,O0005629-1,SKU00345,1,60.26,60.26,,0.0,60.26
O0005629,O0005629-2,SKU00258,3,50.85,152.55,,0.0,152.55
O0005629,O0005629-3,SKU00262,1,10.7,10.7,,0.0,10.7
O0005629,O0005629-4,SKU00179,1,14.26,14.26,,0.0,14.26
O0005630,O0005630-1,SKU00236,1,32.17,32.17,,0.0,32.17
O0005630,O0005630-2,SKU00162,1,65.18,65.18,,0.0,65.18
O0005630,O0005630-3,SKU00385,1,57.12,57.12,,0.0,57.12
O0005631,O0005631-1,SKU00093,1,55.17,55.17,,0.0,55.17
O0005632,O0005632-1,SKU00013,1,31.04,31.04,,0.0,31.04
O0005632,O0005632-2,SKU00229,1,74.74,74.74,,0.0,74.74
O0005633,O0005633-1,SKU00115,1,25.28,25.28,,0.0,25.28
O0005634,O0005634-1,SKU00396,2,15.54,31.08,,0.0,31.08
O0005634,O0005634-2,SKU00050,2,25.95,51.9,,0.0,51.9
O0005634,O0005634-3,SKU00357,1,23.0,23.0,,0.0,23.0
O0005634,O0005634-4,SKU00321,2,13.85,27.7,,0.0,27.7
O0005635,O0005635-1,SKU00270,1,46.55,46.55,,0.0,46.55
O0005635,O0005635-2,SKU00377,1,39.6,39.6,,0.0,39.6
O0005636,O0005636-1,SKU00063,1,26.13,26.13,,0.0,26.13
O0005636,O0005636-2,SKU00098,1,54.0,54.0,,0.0,54.0
O0005637,O0005637-1,SKU00275,1,50.32,50.32,,0.0,50.32
O0005637,O0005637-2,SKU00357,1,23.0,23.0,,0.0,23.0
O0005638,O0005638-1,SKU00335,1,18.97,18.97,,0.0,18.97
O0005638,O0005638-2,SKU00378,1,38.51,38.51,,0.0,38.51
O0005639,O0005639-1,SKU00174,1,57.96,57.96,P0043,5.0,52.96
O0005639,O0005639-2,SKU00391,1,57.23,57.23,P0043,5.0,52.23
O0005640,O0005640-1,SKU00259,1,40.89,40.89,,0.0,40.89
O0005641,O0005641-1,SKU00016,1,33.83,33.83,,0.0,33.83
O0005641,O0005641-2,SKU00143,1,18.48,18.48,P0043,5.0,13.48
O0005642,O0005642-1,SKU00326,1,34.94,34.94,,0.0,34.94
O0005642,O0005642-2,SKU00168,2,26.49,52.98,,0.0,52.98
O0005643,O0005643-1,SKU00170,3,29.26,87.78,,0.0,87.78
O0005644,O0005644-1,SKU00108,1,19.31,19.31,,0.0,19.31
O0005645,O0005645-1,SKU00139,1,52.17,52.17,,0.0,52.17
O0005645,O0005645-2,SKU00224,1,53.56,53.56,,0.0,53.56
O0005646,O0005646-1,SKU00199,2,60.64,121.28,,0.0,121.28
O0005646,O0005646-2,SKU00317,1,32.85,32.85,,0.0,32.85
O0005647,O0005647-1,SKU00295,2,42.42,84.84,,0.0,84.84
O0005647,O0005647-2,SKU00379,1,36.36,36.36,,0.0,36.36
O0005647,O0005647-3,SKU00295,1,42.42,42.42,,0.0,42.42
O0005648,O0005648-1,SKU00118,2,21.46,42.92,,0.0,42.92
O0005649,O0005649-1,SKU00243,3,34.82,104.46,,0.0,104.46
O0005649,O0005649-2,SKU00159,1,47.62,47.62,,0.0,47.62
O0005650,O0005650-1,SKU00398,1,85.14,85.14,,0.0,85.14
O0005650,O0005650-2,SKU00052,1,57.74,57.74,,0.0,57.74
O0005651,O0005651-1,SKU00001,2,32.38,64.76,,0.0,64.76
O0005652,O0005652-1,SKU00169,1,38.7,38.7,,0.0,38.7
O0005652,O0005652-2,SKU00056,3,38.71,116.13,,0.0,116.13
O0005653,O0005653-1,SKU00036,1,42.54,42.54,,0.0,42.54
O0005654,O0005654-1,SKU00395,1,26.26,26.26,,0.0,26.26
O0005655,O0005655-1,SKU00307,2,36.83,73.66,,0.0,73.66
O0005656,O0005656-1,SKU00216,1,68.72,68.72,,0.0,68.72
O0005656,O0005656-2,SKU00273,2,56.47,112.94,,0.0,112.94
O0005657,O0005657-1,SKU00387,1,38.08,38.08,,0.0,38.08
O0005657,O0005657-2,SKU00330,1,61.47,61.47,,0.0,61.47
O0005657,O0005657-3,SKU00205,1,35.8,35.8,,0.0,35.8
O0005658,O0005658-1,SKU00262,1,10.7,10.7,,0.0,10.7
O0005658,O0005658-2,SKU00378,2,38.51,77.02,,0.0,77.02
O0005658,O0005658-3,SKU00350,1,53.2,53.2,,0.0,53.2
O0005658,O0005658-4,SKU00316,1,21.03,21.03,,0.0,21.03
O0005659,O0005659-1,SKU00104,1,73.97,73.97,,0.0,73.97
O0005659,O0005659-2,SKU00396,3,15.54,46.62,,0.0,46.62
O0005660,O0005660-1,SKU00325,1,27.6,27.6,,0.0,27.6
O0005660,O0005660-2,SKU00145,1,34.93,34.93,,0.0,34.93
O0005661,O0005661-1,SKU00134,2,31.13,62.26,,0.0,62.26
O0005661,O0005661-2,SKU00270,1,46.55,46.55,,0.0,46.55
O0005662,O0005662-1,SKU00125,2,30.05,60.1,,0.0,60.1
O0005662,O0005662-2,SKU00160,1,42.59,42.59,,0.0,42.59
O0005662,O0005662-3,SKU00361,2,44.18,88.36,,0.0,88.36
O0005663,O0005663-1,SKU00399,1,38.17,38.17,P0043,5.0,33.17
O0005663,O0005663-2,SKU00019,1,23.04,23.04,,0.0,23.04
O0005663,O0005663-3,SKU00358,1,36.52,36.52,,0.0,36.52
O0005663,O0005663-4,SKU00302,1,26.48,26.48,,0.0,26.48
O0005664,O0005664-1,SKU00172,1,17.17,17.17,,0.0,17.17
O0005665,O0005665-1,SKU00074,1,76.62,76.62,,0.0,76.62
O0005666,O0005666-1,SKU00119,1,37.15,37.15,,0.0,37.15
O0005666,O0005666-2,SKU00200,1,61.25,61.25,,0.0,61.25
O0005666,O0005666-3,SKU00154,1,62.36,62.36,,0.0,62.36
O0005667,O0005667-1,SKU00275,1,50.32,50.32,,0.0,50.32
O0005667,O0005667-2,SKU00139,1,52.17,52.17,,0.0,52.17
O0005668,O0005668-1,SKU00142,1,61.52,61.52,,0.0,61.52
O0005668,O0005668-2,SKU00357,3,23.0,69.0,,0.0,69.0
O0005668,O0005668-3,SKU00199,1,60.64,60.64,,0.0,60.64
O0005669,O0005669-1,SKU00386,1,42.93,42.93,,0.0,42.93
O0005669,O0005669-2,SKU00326,1,34.94,34.94,,0.0,34.94
O0005669,O0005669-3,SKU00140,1,56.17,56.17,,0.0,56.17
O0005670,O0005670-1,SKU00026,1,45.44,45.44,,0.0,45.44
O0005671,O0005671-1,SKU00351,1,52.83,52.83,,0.0,52.83
O0005671,O0005671-2,SKU00241,1,46.38,46.38,,0.0,46.38
O0005672,O0005672-1,SKU00323,1,39.02,39.02,,0.0,39.02
O0005672,O0005672-2,SKU00308,1,57.22,57.22,,0.0,57.22
O0005672,O0005672-3,SKU00128,1,24.13,24.13,,0.0,24.13
O0005672,O0005672-4,SKU00140,1,56.17,56.17,,0.0,56.17
O0005673,O0005673-1,SKU00041,1,31.32,31.32,,0.0,31.32
O0005673,O0005673-2,SKU00041,1,31.32,31.32,,0.0,31.32
O0005674,O0005674-1,SKU00377,1,39.6,39.6,,0.0,39.6
O0005675,O0005675-1,SKU00008,1,26.23,26.23,,0.0,26.23
O0005675,O0005675-2,SKU00135,1,42.96,42.96,,0.0,42.96
O0005675,O0005675-3,SKU00263,1,21.58,21.58,,0.0,21.58
O0005676,O0005676-1,SKU00307,3,36.83,110.49,,0.0,110.49
O0005676,O0005676-2,SKU00236,3,32.17,96.51,,0.0,96.51
O0005677,O0005677-1,SKU00234,1,20.16,20.16,,0.0,20.16
O0005677,O0005677-2,SKU00157,1,70.71,70.71,,0.0,70.71
O0005677,O0005677-3,SKU00268,3,43.83,131.49,,0.0,131.49
O0005677,O0005677-4,SKU00010,1,32.93,32.93,,0.0,32.93
O0005678,O0005678-1,SKU00269,1,28.75,28.75,,0.0,28.75
O0005678,O0005678-2,SKU00247,1,43.87,43.87,,0.0,43.87
O0005679,O0005679-1,SKU00056,1,38.71,38.71,,0.0,38.71
O0005679,O0005679-2,SKU00269,2,28.75,57.5,,0.0,57.5
O0005679,O0005679-3,SKU00052,1,57.74,57.74,,0.0,57.74
O0005680,O0005680-1,SKU00143,2,18.48,36.96,,0.0,36.96
O0005680,O0005680-2,SKU00004,3,22.35,67.05,,0.0,67.05
O0005680,O0005680-3,SKU00326,1,34.94,34.94,,0.0,34.94
O0005681,O0005681-1,SKU00124,1,29.76,29.76,,0.0,29.76
O0005681,O0005681-2,SKU00021,1,49.41,49.41,,0.0,49.41
O0005682,O0005682-1,SKU00392,1,45.36,45.36,,0.0,45.36
O0005683,O0005683-1,SKU00135,1,42.96,42.96,,0.0,42.96
O0005683,O0005683-2,SKU00181,1,47.26,47.26,,0.0,47.26
O0005683,O0005683-3,SKU00382,1,19.75,19.75,,0.0,19.75
O0005683,O0005683-4,SKU00322,1,22.71,22.71,,0.0,22.71
O0005684,O0005684-1,SKU00391,1,57.23,57.23,,0.0,57.23
O0005684,O0005684-2,SKU00336,1,54.95,54.95,,0.0,54.95
O0005684,O0005684-3,SKU00037,1,30.33,30.33,,0.0,30.33
O0005684,O0005684-4,SKU00255,1,82.33,82.33,,0.0,82.33
O0005685,O0005685-1,SKU00146,1,60.33,60.33,,0.0,60.33
O0005685,O0005685-2,SKU00124,1,29.76,29.76,,0.0,29.76
O0005686,O0005686-1,SKU00393,1,14.38,14.38,,0.0,14.38
O0005686,O0005686-2,SKU00299,3,33.57,100.71,,0.0,100.71
O0005687,O0005687-1,SKU00169,1,38.7,38.7,,0.0,38.7
O0005687,O0005687-2,SKU00349,1,18.05,18.05,,0.0,18.05
O0005688,O0005688-1,SKU00356,1,12.98,12.98,,0.0,12.98
O0005688,O0005688-2,SKU00242,1,41.5,41.5,,0.0,41.5
O0005688,O0005688-3,SKU00105,1,52.33,52.33,,0.0,52.33
O0005689,O0005689-1,SKU00386,1,42.93,42.93,,0.0,42.93
O0005690,O0005690-1,SKU00245,1,49.62,49.62,P0043,5.0,44.62
O0005690,O0005690-2,SKU00357,1,23.0,23.0,,0.0,23.0
O0005690,O0005690-3,SKU00322,1,22.71,22.71,P0043,5.0,17.71
O0005691,O0005691-1,SKU00339,2,36.52,73.04,,0.0,73.04
O0005691,O0005691-2,SKU00250,1,32.56,32.56,,0.0,32.56
O0005691,O0005691-3,SKU00400,1,33.96,33.96,,0.0,33.96
O0005692,O0005692-1,SKU00265,1,26.72,26.72,P0043,5.0,21.72
O0005693,O0005693-1,SKU00050,1,25.95,25.95,,0.0,25.95
O0005693,O0005693-2,SKU00052,1,57.74,57.74,,0.0,57.74
O0005693,O0005693-3,SKU00186,1,34.13,34.13,,0.0,34.13
O0005694,O0005694-1,SKU00383,1,37.66,37.66,,0.0,37.66
O0005694,O0005694-2,SKU00168,1,26.49,26.49,,0.0,26.49
O0005695,O0005695-1,SKU00043,1,50.54,50.54,,0.0,50.54
O0005695,O0005695-2,SKU00327,1,44.41,44.41,,0.0,44.41
O0005696,O0005696-1,SKU00104,1,73.97,73.97,,0.0,73.97
O0005696,O0005696-2,SKU00060,1,76.86,76.86,,0.0,76.86
O0005697,O0005697-1,SKU00242,1,41.5,41.5,,0.0,41.5
O0005697,O0005697-2,SKU00233,1,21.18,21.18,,0.0,21.18
O0005698,O0005698-1,SKU00117,1,30.62,30.62,,0.0,30.62
O0005698,O0005698-2,SKU00304,1,28.55,28.55,,0.0,28.55
O0005699,O0005699-1,SKU00362,1,26.77,26.77,,0.0,26.77
O0005700,O0005700-1,SKU00392,1,45.36,45.36,,0.0,45.36
O0005701,O0005701-1,SKU00228,1,106.95,106.95,,0.0,106.95
O0005701,O0005701-2,SKU00093,2,55.17,110.34,,0.0,110.34
O0005702,O0005702-1,SKU00298,1,21.47,21.47,,0.0,21.47
O0005702,O0005702-2,SKU00022,1,28.83,28.83,P0043,5.0,23.83
O0005702,O0005702-3,SKU00181,1,47.26,47.26,,0.0,47.26
O0005703,O0005703-1,SKU00019,2,23.04,46.08,,0.0,46.08
O0005703,O0005703-2,SKU00046,1,23.8,23.8,,0.0,23.8
O0005704,O0005704-1,SKU00309,1,39.31,39.31,,0.0,39.31
O0005705,O0005705-1,SKU00197,1,32.23,32.23,,0.0,32.23
O0005705,O0005705-2,SKU00022,1,28.83,28.83,,0.0,28.83
O0005706,O0005706-1,SKU00174,1,57.96,57.96,,0.0,57.96
O0005707,O0005707-1,SKU00136,1,52.74,52.74,,0.0,52.74
O0005707,O0005707-2,SKU00143,1,18.48,18.48,,0.0,18.48
O0005707,O0005707-3,SKU00241,2,46.38,92.76,,0.0,92.76
O0005708,O0005708-1,SKU00139,1,52.17,52.17,,0.0,52.17
O0005709,O0005709-1,SKU00110,2,38.93,77.86,,0.0,77.86
O0005710,O0005710-1,SKU00027,1,11.75,11.75,,0.0,11.75
O0005711,O0005711-1,SKU00282,1,46.15,46.15,,0.0,46.15
O0005711,O0005711-2,SKU00013,1,31.04,31.04,,0.0,31.04
O0005711,O0005711-3,SKU00200,2,61.25,122.5,,0.0,122.5
O0005711,O0005711-4,SKU00034,1,45.57,45.57,,0.0,45.57
O0005712,O0005712-1,SKU00155,1,44.19,44.19,,0.0,44.19
O0005712,O0005712-2,SKU00125,1,30.05,30.05,,0.0,30.05
O0005713,O0005713-1,SKU00345,1,60.26,60.26,,0.0,60.26
O0005713,O0005713-2,SKU00141,1,78.13,78.13,,0.0,78.13
O0005713,O0005713-3,SKU00195,1,41.24,41.24,,0.0,41.24
O0005713,O0005713-4,SKU00003,1,28.95,28.95,,0.0,28.95
O0005714,O0005714-1,SKU00152,2,57.95,115.9,,0.0,115.9
O0005714,O0005714-2,SKU00228,1,106.95,106.95,,0.0,106.95
O0005714,O0005714-3,SKU00111,1,50.04,50.04,,0.0,50.04
O0005715,O0005715-1,SKU00339,1,36.52,36.52,,0.0,36.52
O0005715,O0005715-2,SKU00236,1,32.17,32.17,P0043,5.0,27.17
O0005715,O0005715-3,SKU00197,1,32.23,32.23,,0.0,32.23
O0005716,O0005716-1,SKU00206,1,31.05,31.05,,0.0,31.05
O0005716,O0005716-2,SKU00120,1,19.69,19.69,,0.0,19.69
O0005717,O0005717-1,SKU00222,1,30.96,30.96,,0.0,30.96
O0005717,O0005717-2,SKU00170,1,29.26,29.26,,0.0,29.26
O0005718,O0005718-1,SKU00103,1,32.28,32.28,,0.0,32.28
O0005718,O0005718-2,SKU00027,1,11.75,11.75,,0.0,11.75
O0005719,O0005719-1,SKU00175,1,44.19,44.19,,0.0,44.19
O0005720,O0005720-1,SKU00282,1,46.15,46.15,,0.0,46.15
O0005720,O0005720-2,SKU00036,1,42.54,42.54,,0.0,42.54
O0005721,O0005721-1,SKU00327,1,44.41,44.41,,0.0,44.41
O0005721,O0005721-2,SKU00122,1,22.77,22.77,P0043,5.0,17.77
O0005721,O0005721-3,SKU00126,1,40.15,40.15,,0.0,40.15
O0005722,O0005722-1,SKU00047,1,79.17,79.17,,0.0,79.17
O0005723,O0005723-1,SKU00023,1,57.22,57.22,,0.0,57.22
O0005723,O0005723-2,SKU00143,1,18.48,18.48,,0.0,18.48
O0005723,O0005723-3,SKU00158,1,19.54,19.54,P0043,5.0,14.54
O0005724,O0005724-1,SKU00357,1,23.0,23.0,,0.0,23.0
O0005725,O0005725-1,SKU00160,1,42.59,42.59,,0.0,42.59
O0005725,O0005725-2,SKU00328,1,35.12,35.12,,0.0,35.12
O0005725,O0005725-3,SKU00123,1,28.95,28.95,,0.0,28.95
O0005726,O0005726-1,SKU00066,3,52.48,157.44,,0.0,157.44
O0005726,O0005726-2,SKU00339,1,36.52,36.52,,0.0,36.52
O0005727,O0005727-1,SKU00396,1,15.54,15.54,,0.0,15.54
O0005728,O0005728-1,SKU00374,1,34.49,34.49,,0.0,34.49
O0005729,O0005729-1,SKU00325,1,27.6,27.6,P0043,5.0,22.6
O0005730,O0005730-1,SKU00400,2,33.96,67.92,,0.0,67.92
O0005730,O0005730-2,SKU00155,1,44.19,44.19,,0.0,44.19
O0005731,O0005731-1,SKU00159,1,47.62,47.62,,0.0,47.62
O0005732,O0005732-1,SKU00301,3,30.77,92.31,,0.0,92.31
O0005732,O0005732-2,SKU00179,1,14.26,14.26,,0.0,14.26
O0005733,O0005733-1,SKU00321,1,13.85,13.85,,0.0,13.85
O0005733,O0005733-2,SKU00211,1,88.68,88.68,,0.0,88.68
O0005733,O0005733-3,SKU00073,1,61.83,61.83,,0.0,61.83
O0005733,O0005733-4,SKU00239,1,15.42,15.42,,0.0,15.42
O0005734,O0005734-1,SKU00140,1,56.17,56.17,,0.0,56.17
O0005734,O0005734-2,SKU00361,2,44.18,88.36,,0.0,88.36
O0005735,O0005735-1,SKU00227,1,105.48,105.48,,0.0,105.48
O0005736,O0005736-1,SKU00188,1,58.74,58.74,,0.0,58.74
O0005736,O0005736-2,SKU00395,1,26.26,26.26,,0.0,26.26
O0005737,O0005737-1,SKU00269,1,28.75,28.75,,0.0,28.75
O0005738,O0005738-1,SKU00367,1,50.59,50.59,,0.0,50.59
O0005738,O0005738-2,SKU00010,1,32.93,32.93,,0.0,32.93
O0005738,O0005738-3,SKU00028,3,35.88,107.64,,0.0,107.64
O0005739,O0005739-1,SKU00076,1,31.8,31.8,,0.0,31.8
O0005740,O0005740-1,SKU00127,2,44.81,89.62,,0.0,89.62
O0005741,O0005741-1,SKU00171,1,60.15,60.15,,0.0,60.15
O0005742,O0005742-1,SKU00249,1,31.28,31.28,,0.0,31.28
O0005742,O0005742-2,SKU00298,1,21.47,21.47,,0.0,21.47
O0005743,O0005743-1,SKU00385,2,57.12,114.24,,0.0,114.24
O0005744,O0005744-1,SKU00044,1,26.97,26.97,,0.0,26.97
O0005744,O0005744-2,SKU00218,1,16.49,16.49,,0.0,16.49
O0005744,O0005744-3,SKU00267,1,82.59,82.59,,0.0,82.59
O0005745,O0005745-1,SKU00221,2,31.0,62.0,,0.0,62.0
O0005745,O0005745-2,SKU00175,1,44.19,44.19,,0.0,44.19
O0005746,O0005746-1,SKU00317,1,32.85,32.85,,0.0,32.85
O0005746,O0005746-2,SKU00145,1,34.93,34.93,,0.0,34.93
O0005746,O0005746-3,SKU00309,1,39.31,39.31,,0.0,39.31
O0005747,O0005747-1,SKU00279,1,31.74,31.74,,0.0,31.74
O0005748,O0005748-1,SKU00029,1,36.29,36.29,,0.0,36.29
O0005749,O0005749-1,SKU00122,1,22.77,22.77,P0043,5.0,17.77
O0005750,O0005750-1,SKU00045,1,35.31,35.31,,0.0,35.31
O0005750,O0005750-2,SKU00268,1,43.83,43.83,,0.0,43.83
O0005751,O0005751-1,SKU00017,3,37.58,112.74,,0.0,112.74
O0005752,O0005752-1,SKU00124,1,29.76,29.76,,0.0,29.76
O0005752,O0005752-2,SKU00168,1,26.49,26.49,,0.0,26.49
O0005752,O0005752-3,SKU00239,1,15.42,15.42,,0.0,15.42
O0005753,O0005753-1,SKU00233,1,21.18,21.18,,0.0,21.18
O0005753,O0005753-2,SKU00326,1,34.94,34.94,,0.0,34.94
O0005754,O0005754-1,SKU00126,1,40.15,40.15,P0043,5.0,35.15
O0005754,O0005754-2,SKU00258,1,50.85,50.85,,0.0,50.85
O0005755,O0005755-1,SKU00327,1,44.41,44.41,,0.0,44.41
O0005755,O0005755-2,SKU00140,1,56.17,56.17,,0.0,56.17
O0005756,O0005756-1,SKU00011,2,31.25,62.5,,0.0,62.5
O0005757,O0005757-1,SKU00335,2,18.97,37.94,,0.0,37.94
O0005758,O0005758-1,SKU00283,2,85.39,170.78,,0.0,170.78
O0005759,O0005759-1,SKU00138,1,17.97,17.97,,0.0,17.97
O0005760,O0005760-1,SKU00083,1,54.82,54.82,P0043,5.0,49.82
O0005760,O0005760-2,SKU00240,1,78.86,78.86,,0.0,78.86
O0005760,O0005760-3,SKU00022,1,28.83,28.83,P0043,5.0,23.83
O0005761,O0005761-1,SKU00377,1,39.6,39.6,,0.0,39.6
O0005761,O0005761-2,SKU00372,1,19.15,19.15,,0.0,19.15
O0005762,O0005762-1,SKU00128,1,24.13,24.13,,0.0,24.13
O0005762,O0005762-2,SKU00127,1,44.81,44.81,,0.0,44.81
O0005762,O0005762-3,SKU00049,1,49.27,49.27,,0.0,49.27
O0005762,O0005762-4,SKU00281,1,52.93,52.93,,0.0,52.93
O0005763,O0005763-1,SKU00007,2,32.91,65.82,P0043,5.0,60.82
O0005763,O0005763-2,SKU00188,1,58.74,58.74,,0.0,58.74
O0005763,O0005763-3,SKU00079,1,43.31,43.31,,0.0,43.31
O0005763,O0005763-4,SKU00254,1,18.56,18.56,P0043,5.0,13.56
O0005764,O0005764-1,SKU00364,2,45.23,90.46,,0.0,90.46
O0005764,O0005764-2,SKU00035,1,57.12,57.12,,0.0,57.12
O0005764,O0005764-3,SKU00191,1,45.24,45.24,,0.0,45.24
O0005765,O0005765-1,SKU00322,1,22.71,22.71,,0.0,22.71
O0005765,O0005765-2,SKU00236,1,32.17,32.17,,0.0,32.17
O0005766,O0005766-1,SKU00204,1,59.25,59.25,,0.0,59.25
O0005767,O0005767-1,SKU00190,1,45.12,45.12,,0.0,45.12
O0005768,O0005768-1,SKU00029,1,36.29,36.29,,0.0,36.29
O0005768,O0005768-2,SKU00229,2,74.74,149.48,,0.0,149.48
O0005769,O0005769-1,SKU00327,1,44.41,44.41,,0.0,44.41
O0005769,O0005769-2,SKU00297,1,39.78,39.78,,0.0,39.78
O0005770,O0005770-1,SKU00202,1,80.2,80.2,,0.0,80.2
O0005771,O0005771-1,SKU00193,1,64.21,64.21,,0.0,64.21
O0005771,O0005771-2,SKU00035,1,57.12,57.12,,0.0,57.12
O0005771,O0005771-3,SKU00095,1,53.11,53.11,,0.0,53.11
O0005771,O0005771-4,SKU00382,1,19.75,19.75,,0.0,19.75
O0005772,O0005772-1,SKU00270,1,46.55,46.55,,0.0,46.55
O0005772,O0005772-2,SKU00117,1,30.62,30.62,,0.0,30.62
O0005772,O0005772-3,SKU00114,1,29.46,29.46,,0.0,29.46
O0005773,O0005773-1,SKU00108,1,19.31,19.31,,0.0,19.31
O0005773,O0005773-2,SKU00012,3,9.88,29.64,,0.0,29.64
O0005774,O0005774-1,SKU00233,1,21.18,21.18,,0.0,21.18
O0005775,O0005775-1,SKU00400,1,33.96,33.96,,0.0,33.96
O0005775,O0005775-2,SKU00046,1,23.8,23.8,P0043,5.0,18.8
O0005776,O0005776-1,SKU00168,1,26.49,26.49,,0.0,26.49
O0005777,O0005777-1,SKU00078,1,17.22,17.22,,0.0,17.22
O0005777,O0005777-2,SKU00354,1,27.28,27.28,,0.0,27.28
O0005777,O0005777-3,SKU00232,2,34.95,69.9,,0.0,69.9
O0005777,O0005777-4,SKU00228,1,106.95,106.95,,0.0,106.95
O0005778,O0005778-1,SKU00255,1,82.33,82.33,,0.0,82.33
O0005778,O0005778-2,SKU00150,2,41.46,82.92,,0.0,82.92
O0005779,O0005779-1,SKU00235,1,46.43,46.43,,0.0,46.43
O0005779,O0005779-2,SKU00388,1,37.93,37.93,,0.0,37.93
O0005780,O0005780-1,SKU00212,2,20.15,40.3,,0.0,40.3
O0005781,O0005781-1,SKU00051,1,57.83,57.83,,0.0,57.83
O0005781,O0005781-2,SKU00167,3,22.6,67.8,,0.0,67.8
O0005782,O0005782-1,SKU00037,3,30.33,90.99,,0.0,90.99
O0005782,O0005782-2,SKU00111,1,50.04,50.04,,0.0,50.04
O0005782,O0005782-3,SKU00328,2,35.12,70.24,,0.0,70.24
O0005783,O0005783-1,SKU00198,1,39.26,39.26,,0.0,39.26
O0005783,O0005783-2,SKU00122,3,22.77,68.31,P0043,5.0,63.31
O0005784,O0005784-1,SKU00063,1,26.13,26.13,,0.0,26.13
O0005784,O0005784-2,SKU00143,2,18.48,36.96,,0.0,36.96
O0005784,O0005784-3,SKU00359,1,26.27,26.27,,0.0,26.27
O0005785,O0005785-1,SKU00189,1,53.14,53.14,,0.0,53.14
O0005786,O0005786-1,SKU00034,1,45.57,45.57,,0.0,45.57
O0005787,O0005787-1,SKU00252,1,57.03,57.03,,0.0,57.03
O0005787,O0005787-2,SKU00166,1,65.47,65.47,,0.0,65.47
O0005788,O0005788-1,SKU00020,1,42.57,42.57,,0.0,42.57
O0005788,O0005788-2,SKU00313,1,49.13,49.13,,0.0,49.13
O0005789,O0005789-1,SKU00046,1,23.8,23.8,,0.0,23.8
O0005789,O0005789-2,SKU00180,1,37.89,37.89,,0.0,37.89
O0005790,O0005790-1,SKU00230,1,49.13,49.13,,0.0,49.13
O0005790,O0005790-2,SKU00127,1,44.81,44.81,,0.0,44.81
O0005790,O0005790-3,SKU00278,1,54.54,54.54,P0043,5.0,49.54
O0005790,O0005790-4,SKU00369,1,42.23,42.23,,0.0,42.23
O0005791,O0005791-1,SKU00227,2,105.48,210.96,,0.0,210.96
O0005791,O0005791-2,SKU00038,1,50.53,50.53,,0.0,50.53
O0005791,O0005791-3,SKU00235,1,46.43,46.43,,0.0,46.43
O0005791,O0005791-4,SKU00392,2,45.36,90.72,,0.0,90.72
O0005792,O0005792-1,SKU00233,1,21.18,21.18,,0.0,21.18
O0005792,O0005792-2,SKU00178,1,55.23,55.23,,0.0,55.23
O0005793,O0005793-1,SKU00173,1,61.04,61.04,,0.0,61.04
O0005793,O0005793-2,SKU00145,2,34.93,69.86,,0.0,69.86
O0005794,O0005794-1,SKU00170,2,29.26,58.52,,0.0,58.52
O0005794,O0005794-2,SKU00153,1,61.1,61.1,,0.0,61.1
O0005794,O0005794-3,SKU00040,1,46.34,46.34,,0.0,46.34
O0005795,O0005795-1,SKU00081,1,30.86,30.86,P0043,5.0,25.86
O0005795,O0005795-2,SKU00229,1,74.74,74.74,,0.0,74.74
O0005795,O0005795-3,SKU00255,1,82.33,82.33,,0.0,82.33
O0005796,O0005796-1,SKU00246,1,38.15,38.15,,0.0,38.15
O0005796,O0005796-2,SKU00109,1,88.61,88.61,,0.0,88.61
O0005797,O0005797-1,SKU00345,1,60.26,60.26,,0.0,60.26
O0005797,O0005797-2,SKU00007,1,32.91,32.91,P0043,5.0,27.91
O0005797,O0005797-3,SKU00304,1,28.55,28.55,,0.0,28.55
O0005798,O0005798-1,SKU00324,1,70.29,70.29,,0.0,70.29
O0005798,O0005798-2,SKU00150,1,41.46,41.46,,0.0,41.46
O0005799,O0005799-1,SKU00078,2,17.22,34.44,,0.0,34.44
O0005800,O0005800-1,SKU00334,1,17.99,17.99,,0.0,17.99
O0005800,O0005800-2,SKU00377,1,39.6,39.6,,0.0,39.6
O0005800,O0005800-3,SKU00259,1,40.89,40.89,,0.0,40.89
O0005801,O0005801-1,SKU00355,2,41.61,83.22,,0.0,83.22
O0005801,O0005801-2,SKU00088,1,49.61,49.61,,0.0,49.61
O0005801,O0005801-3,SKU00030,1,17.63,17.63,,0.0,17.63
O0005802,O0005802-1,SKU00040,1,46.34,46.34,,0.0,46.34
O0005802,O0005802-2,SKU00164,1,38.71,38.71,,0.0,38.71
O0005803,O0005803-1,SKU00308,1,57.22,57.22,,0.0,57.22
O0005804,O0005804-1,SKU00180,2,37.89,75.78,,0.0,75.78
O0005804,O0005804-2,SKU00296,1,48.03,48.03,,0.0,48.03
O0005804,O0005804-3,SKU00202,1,80.2,80.2,,0.0,80.2
O0005804,O0005804-4,SKU00359,1,26.27,26.27,P0043,5.0,21.27
O0005805,O0005805-1,SKU00219,1,65.58,65.58,,0.0,65.58
O0005806,O0005806-1,SKU00101,3,33.02,99.06,,0.0,99.06
O0005806,O0005806-2,SKU00127,1,44.81,44.81,,0.0,44.81
O0005806,O0005806-3,SKU00184,1,34.06,34.06,,0.0,34.06
O0005807,O0005807-1,SKU00267,1,82.59,82.59,,0.0,82.59
O0005807,O0005807-2,SKU00352,1,37.11,37.11,,0.0,37.11
O0005807,O0005807-3,SKU00276,1,22.08,22.08,P0043,5.0,17.08
O0005807,O0005807-4,SKU00026,1,45.44,45.44,,0.0,45.44
O0005808,O0005808-1,SKU00275,1,50.32,50.32,,0.0,50.32
O0005809,O0005809-1,SKU00345,2,60.26,120.52,,0.0,120.52
O0005809,O0005809-2,SKU00269,1,28.75,28.75,P0043,5.0,23.75
O0005810,O0005810-1,SKU00393,1,14.38,14.38,,0.0,14.38
O0005810,O0005810-2,SKU00227,1,105.48,105.48,,0.0,105.48
O0005811,O0005811-1,SKU00330,1,61.47,61.47,,0.0,61.47
O0005812,O0005812-1,SKU00354,1,27.28,27.28,,0.0,27.28
O0005812,O0005812-2,SKU00142,1,61.52,61.52,,0.0,61.52
O0005813,O0005813-1,SKU00004,3,22.35,67.05,,0.0,67.05
O0005814,O0005814-1,SKU00089,1,49.77,49.77,,0.0,49.77
O0005814,O0005814-2,SKU00041,1,31.32,31.32,,0.0,31.32
O0005815,O0005815-1,SKU00101,2,33.02,66.04,P0043,5.0,61.04
O0005815,O0005815-2,SKU00346,1,102.61,102.61,,0.0,102.61
O0005815,O0005815-3,SKU00097,1,30.01,30.01,,0.0,30.01
O0005815,O0005815-4,SKU00231,1,34.06,34.06,,0.0,34.06
O0005816,O0005816-1,SKU00042,2,72.45,144.9,,0.0,144.9
O0005816,O0005816-2,SKU00181,1,47.26,47.26,,0.0,47.26
O0005817,O0005817-1,SKU00358,1,36.52,36.52,,0.0,36.52
O0005817,O0005817-2,SKU00163,1,29.45,29.45,,0.0,29.45
O0005818,O0005818-1,SKU00219,2,65.58,131.16,,0.0,131.16
O0005819,O0005819-1,SKU00258,1,50.85,50.85,,0.0,50.85
O0005819,O0005819-2,SKU00278,1,54.54,54.54,,0.0,54.54
O0005820,O0005820-1,SKU00017,1,37.58,37.58,,0.0,37.58
O0005820,O0005820-2,SKU00243,1,34.82,34.82,,0.0,34.82
O0005821,O0005821-1,SKU00356,1,12.98,12.98,P0043,5.0,7.98
O0005821,O0005821-2,SKU00345,1,60.26,60.26,,0.0,60.26
O0005822,O0005822-1,SKU00140,1,56.17,56.17,,0.0,56.17
O0005822,O0005822-2,SKU00053,1,49.62,49.62,,0.0,49.62
O0005822,O0005822-3,SKU00168,1,26.49,26.49,,0.0,26.49
O0005823,O0005823-1,SKU00106,1,24.61,24.61,,0.0,24.61
O0005823,O0005823-2,SKU00079,1,43.31,43.31,,0.0,43.31
O0005823,O0005823-3,SKU00389,2,51.94,103.88,,0.0,103.88
O0005823,O0005823-4,SKU00084,2,33.92,67.84,,0.0,67.84
O0005824,O0005824-1,SKU00205,1,35.8,35.8,,0.0,35.8
O0005824,O0005824-2,SKU00307,1,36.83,36.83,,0.0,36.83
O0005824,O0005824-3,SKU00204,1,59.25,59.25,,0.0,59.25
O0005825,O0005825-1,SKU00312,2,39.88,79.76,,0.0,79.76
O0005826,O0005826-1,SKU00175,1,44.19,44.19,,0.0,44.19
O0005827,O0005827-1,SKU00366,1,33.09,33.09,,0.0,33.09
O0005827,O0005827-2,SKU00044,1,26.97,26.97,,0.0,26.97
O0005827,O0005827-3,SKU00167,1,22.6,22.6,,0.0,22.6
O0005827,O0005827-4,SKU00128,1,24.13,24.13,P0043,5.0,19.13
O0005828,O0005828-1,SKU00079,1,43.31,43.31,,0.0,43.31
O0005829,O0005829-1,SKU00045,2,35.31,70.62,,0.0,70.62
O0005829,O0005829-2,SKU00291,1,33.52,33.52,,0.0,33.52
O0005830,O0005830-1,SKU00190,1,45.12,45.12,,0.0,45.12
O0005830,O0005830-2,SKU00179,1,14.26,14.26,P0043,5.0,9.26
O0005830,O0005830-3,SKU00165,1,18.9,18.9,,0.0,18.9
O0005831,O0005831-1,SKU00232,1,34.95,34.95,,0.0,34.95
O0005831,O0005831-2,SKU00204,1,59.25,59.25,,0.0,59.25
O0005832,O0005832-1,SKU00356,1,12.98,12.98,P0043,5.0,7.98
O0005833,O0005833-1,SKU00215,1,33.08,33.08,,0.0,33.08
O0005834,O0005834-1,SKU00190,1,45.12,45.12,,0.0,45.12
O0005835,O0005835-1,SKU00202,1,80.2,80.2,,0.0,80.2
O0005836,O0005836-1,SKU00205,1,35.8,35.8,,0.0,35.8
O0005836,O0005836-2,SKU00312,1,39.88,39.88,,0.0,39.88
O0005837,O0005837-1,SKU00008,3,26.23,78.69,,0.0,78.69
O0005837,O0005837-2,SKU00127,1,44.81,44.81,,0.0,44.81
O0005838,O0005838-1,SKU00001,1,32.38,32.38,,0.0,32.38
O0005839,O0005839-1,SKU00343,2,45.56,91.12,,0.0,91.12
O0005839,O0005839-2,SKU00144,1,27.92,27.92,,0.0,27.92
O0005839,O0005839-3,SKU00309,1,39.31,39.31,,0.0,39.31
O0005840,O0005840-1,SKU00349,1,18.05,18.05,,0.0,18.05
O0005840,O0005840-2,SKU00085,3,51.96,155.88,,0.0,155.88
O0005840,O0005840-3,SKU00152,1,57.95,57.95,,0.0,57.95
O0005841,O0005841-1,SKU00118,1,21.46,21.46,,0.0,21.46
O0005841,O0005841-2,SKU00188,1,58.74,58.74,,0.0,58.74
O0005842,O0005842-1,SKU00316,1,21.03,21.03,,0.0,21.03
O0005842,O0005842-2,SKU00130,1,66.52,66.52,,0.0,66.52
O0005842,O0005842-3,SKU00376,3,37.84,113.52,,0.0,113.52
O0005843,O0005843-1,SKU00328,1,35.12,35.12,,0.0,35.12
O0005843,O0005843-2,SKU00335,1,18.97,18.97,,0.0,18.97
O0005843,O0005843-3,SKU00233,2,21.18,42.36,,0.0,42.36
O0005844,O0005844-1,SKU00397,1,66.5,66.5,,0.0,66.5
O0005844,O0005844-2,SKU00028,2,35.88,71.76,,0.0,71.76
O0005845,O0005845-1,SKU00193,1,64.21,64.21,P0043,5.0,59.21
O0005845,O0005845-2,SKU00382,2,19.75,39.5,,0.0,39.5
O0005845,O0005845-3,SKU00154,3,62.36,187.08,,0.0,187.08
O0005845,O0005845-4,SKU00293,1,70.96,70.96,,0.0,70.96
O0005846,O0005846-1,SKU00371,1,48.42,48.42,,0.0,48.42
O0005846,O0005846-2,SKU00206,1,31.05,31.05,,0.0,31.05
O0005847,O0005847-1,SKU00196,1,36.14,36.14,,0.0,36.14
O0005847,O0005847-2,SKU00378,1,38.51,38.51,,0.0,38.51
O0005848,O0005848-1,SKU00298,1,21.47,21.47,,0.0,21.47
O0005848,O0005848-2,SKU00274,1,14.47,14.47,,0.0,14.47
O0005849,O0005849-1,SKU00166,1,65.47,65.47,,0.0,65.47
O0005850,O0005850-1,SKU00321,1,13.85,13.85,,0.0,13.85
O0005850,O0005850-2,SKU00275,1,50.32,50.32,,0.0,50.32
O0005850,O0005850-3,SKU00057,1,34.63,34.63,,0.0,34.63
O0005850,O0005850-4,SKU00248,1,48.06,48.06,,0.0,48.06
O0005851,O0005851-1,SKU00304,1,28.55,28.55,,0.0,28.55
O0005851,O0005851-2,SKU00103,1,32.28,32.28,,0.0,32.28
O0005852,O0005852-1,SKU00395,1,26.26,26.26,,0.0,26.26
O0005852,O0005852-2,SKU00110,3,38.93,116.79,,0.0,116.79
O0005852,O0005852-3,SKU00359,1,26.27,26.27,,0.0,26.27
O0005853,O0005853-1,SKU00143,1,18.48,18.48,P0043,5.0,13.48
O0005854,O0005854-1,SKU00246,2,38.15,76.3,,0.0,76.3
O0005854,O0005854-2,SKU00086,1,72.82,72.82,,0.0,72.82
O0005855,O0005855-1,SKU00042,1,72.45,72.45,,0.0,72.45
O0005855,O0005855-2,SKU00395,1,26.26,26.26,,0.0,26.26
O0005855,O0005855-3,SKU00269,1,28.75,28.75,P0043,5.0,23.75
O0005855,O0005855-4,SKU00217,1,31.07,31.07,,0.0,31.07
O0005856,O0005856-1,SKU00099,1,22.33,22.33,,0.0,22.33
O0005857,O0005857-1,SKU00241,2,46.38,92.76,,0.0,92.76
O0005857,O0005857-2,SKU00374,1,34.49,34.49,,0.0,34.49
O0005857,O0005857-3,SKU00165,2,18.9,37.8,,0.0,37.8
O0005858,O0005858-1,SKU00369,2,42.23,84.46,,0.0,84.46
O0005858,O0005858-2,SKU00019,1,23.04,23.04,,0.0,23.04
O0005858,O0005858-3,SKU00123,1,28.95,28.95,,0.0,28.95
O0005858,O0005858-4,SKU00139,1,52.17,52.17,P0043,5.0,47.17
O0005859,O0005859-1,SKU00026,1,45.44,45.44,,0.0,45.44
O0005859,O0005859-2,SKU00029,1,36.29,36.29,,0.0,36.29
O0005859,O0005859-3,SKU00320,1,20.06,20.06,,0.0,20.06
O0005860,O0005860-1,SKU00313,1,49.13,49.13,P0043,5.0,44.13
O0005860,O0005860-2,SKU00040,1,46.34,46.34,,0.0,46.34
O0005861,O0005861-1,SKU00389,2,51.94,103.88,,0.0,103.88
O0005862,O0005862-1,SKU00021,1,49.41,49.41,,0.0,49.41
O0005862,O0005862-2,SKU00293,1,70.96,70.96,,0.0,70.96
O0005863,O0005863-1,SKU00191,1,45.24,45.24,,0.0,45.24
O0005863,O0005863-2,SKU00345,1,60.26,60.26,,0.0,60.26
O0005864,O0005864-1,SKU00050,1,25.95,25.95,,0.0,25.95
O0005864,O0005864-2,SKU00318,3,30.41,91.23,,0.0,91.23
O0005864,O0005864-3,SKU00066,1,52.48,52.48,,0.0,52.48
O0005865,O0005865-1,SKU00215,1,33.08,33.08,,0.0,33.08
O0005866,O0005866-1,SKU00339,1,36.52,36.52,,0.0,36.52
O0005867,O0005867-1,SKU00242,1,41.5,41.5,,0.0,41.5
O0005867,O0005867-2,SKU00135,1,42.96,42.96,,0.0,42.96
O0005868,O0005868-1,SKU00392,1,45.36,45.36,,0.0,45.36
O0005868,O0005868-2,SKU00117,1,30.62,30.62,,0.0,30.62
O0005868,O0005868-3,SKU00155,1,44.19,44.19,,0.0,44.19
O0005869,O0005869-1,SKU00349,3,18.05,54.15,,0.0,54.15
O0005870,O0005870-1,SKU00249,1,31.28,31.28,,0.0,31.28
O0005870,O0005870-2,SKU00348,1,64.96,64.96,,0.0,64.96
O0005871,O0005871-1,SKU00369,1,42.23,42.23,,0.0,42.23
O0005871,O0005871-2,SKU00126,1,40.15,40.15,,0.0,40.15
O0005872,O0005872-1,SKU00323,1,39.02,39.02,,0.0,39.02
O0005873,O0005873-1,SKU00041,2,31.32,62.64,,0.0,62.64
O0005873,O0005873-2,SKU00060,1,76.86,76.86,,0.0,76.86
O0005873,O0005873-3,SKU00356,1,12.98,12.98,P0043,5.0,7.98
O0005873,O0005873-4,SKU00339,1,36.52,36.52,,0.0,36.52
O0005874,O0005874-1,SKU00100,1,17.02,17.02,,0.0,17.02
O0005874,O0005874-2,SKU00074,1,76.62,76.62,,0.0,76.62
O0005875,O0005875-1,SKU00268,1,43.83,43.83,,0.0,43.83
O0005876,O0005876-1,SKU00276,1,22.08,22.08,,0.0,22.08
O0005876,O0005876-2,SKU00070,1,44.51,44.51,,0.0,44.51
O0005876,O0005876-3,SKU00067,1,20.67,20.67,,0.0,20.67
O0005877,O0005877-1,SKU00384,1,16.39,16.39,,0.0,16.39
O0005877,O0005877-2,SKU00381,1,81.55,81.55,,0.0,81.55
O0005878,O0005878-1,SKU00362,1,26.77,26.77,,0.0,26.77
O0005878,O0005878-2,SKU00166,3,65.47,196.41,,0.0,196.41
O0005878,O0005878-3,SKU00129,1,38.65,38.65,,0.0,38.65
O0005878,O0005878-4,SKU00233,1,21.18,21.18,,0.0,21.18
O0005879,O0005879-1,SKU00002,1,57.3,57.3,,0.0,57.3
O0005879,O0005879-2,SKU00330,1,61.47,61.47,,0.0,61.47
O0005880,O0005880-1,SKU00275,1,50.32,50.32,,0.0,50.32
O0005881,O0005881-1,SKU00052,1,57.74,57.74,,0.0,57.74
O0005882,O0005882-1,SKU00011,1,31.25,31.25,,0.0,31.25
O0005882,O0005882-2,SKU00328,1,35.12,35.12,,0.0,35.12
O0005883,O0005883-1,SKU00094,2,56.4,112.8,,0.0,112.8
O0005884,O0005884-1,SKU00395,2,26.26,52.52,,0.0,52.52
O0005885,O0005885-1,SKU00034,2,45.57,91.14,,0.0,91.14
O0005885,O0005885-2,SKU00114,1,29.46,29.46,P0043,5.0,24.46
O0005886,O0005886-1,SKU00200,1,61.25,61.25,,0.0,61.25
O0005887,O0005887-1,SKU00227,1,105.48,105.48,,0.0,105.48
O0005887,O0005887-2,SKU00332,1,104.52,104.52,,0.0,104.52
O0005887,O0005887-3,SKU00074,2,76.62,153.24,,0.0,153.24
O0005887,O0005887-4,SKU00298,3,21.47,64.41,,0.0,64.41
O0005888,O0005888-1,SKU00119,1,37.15,37.15,,0.0,37.15
O0005889,O0005889-1,SKU00062,1,38.63,38.63,,0.0,38.63
O0005889,O0005889-2,SKU00302,2,26.48,52.96,P0043,5.0,47.96
O0005890,O0005890-1,SKU00331,3,21.15,63.45,,0.0,63.45
O0005890,O0005890-2,SKU00385,1,57.12,57.12,,0.0,57.12
O0005891,O0005891-1,SKU00235,1,46.43,46.43,,0.0,46.43
O0005892,O0005892-1,SKU00355,2,41.61,83.22,,0.0,83.22
O0005892,O0005892-2,SKU00231,1,34.06,34.06,,0.0,34.06
O0005893,O0005893-1,SKU00029,2,36.29,72.58,,0.0,72.58
O0005893,O0005893-2,SKU00198,1,39.26,39.26,,0.0,39.26
O0005893,O0005893-3,SKU00254,1,18.56,18.56,,0.0,18.56
O0005894,O0005894-1,SKU00012,1,9.88,9.88,,0.0,9.88
O0005894,O0005894-2,SKU00110,1,38.93,38.93,,0.0,38.93
O0005895,O0005895-1,SKU00345,1,60.26,60.26,,0.0,60.26
O0005896,O0005896-1,SKU00034,2,45.57,91.14,,0.0,91.14
O0005896,O0005896-2,SKU00188,2,58.74,117.48,,0.0,117.48
O0005897,O0005897-1,SKU00159,1,47.62,47.62,,0.0,47.62
O0005897,O0005897-2,SKU00124,1,29.76,29.76,,0.0,29.76
O0005898,O0005898-1,SKU00052,1,57.74,57.74,,0.0,57.74
O0005898,O0005898-2,SKU00396,1,15.54,15.54,,0.0,15.54
O0005898,O0005898-3,SKU00301,1,30.77,30.77,,0.0,30.77
O0005898,O0005898-4,SKU00268,1,43.83,43.83,,0.0,43.83
O0005899,O0005899-1,SKU00034,2,45.57,91.14,,0.0,91.14
O0005900,O0005900-1,SKU00372,1,19.15,19.15,,0.0,19.15
O0005901,O0005901-1,SKU00003,1,28.95,28.95,,0.0,28.95
O0005902,O0005902-1,SKU00292,1,51.63,51.63,,0.0,51.63
O0005903,O0005903-1,SKU00398,1,85.14,85.14,,0.0,85.14
O0005903,O0005903-2,SKU00019,1,23.04,23.04,P0043,5.0,18.04
O0005904,O0005904-1,SKU00307,1,36.83,36.83,,0.0,36.83
O0005904,O0005904-2,SKU00246,2,38.15,76.3,,0.0,76.3
O0005904,O0005904-3,SKU00235,1,46.43,46.43,,0.0,46.43
O0005905,O0005905-1,SKU00374,3,34.49,103.47,,0.0,103.47
O0005906,O0005906-1,SKU00148,1,39.39,39.39,,0.0,39.39
O0005907,O0005907-1,SKU00393,1,14.38,14.38,,0.0,14.38
O0005907,O0005907-2,SKU00351,1,52.83,52.83,,0.0,52.83
O0005908,O0005908-1,SKU00371,1,48.42,48.42,,0.0,48.42
O0005909,O0005909-1,SKU00249,1,31.28,31.28,,0.0,31.28
O0005909,O0005909-2,SKU00197,1,32.23,32.23,,0.0,32.23
O0005909,O0005909-3,SKU00245,1,49.62,49.62,,0.0,49.62
O0005910,O0005910-1,SKU00258,1,50.85,50.85,,0.0,50.85
O0005911,O0005911-1,SKU00005,1,8.67,8.67,,0.0,8.67
O0005911,O0005911-2,SKU00108,1,19.31,19.31,,0.0,19.31
O0005911,O0005911-3,SKU00066,1,52.48,52.48,,0.0,52.48
O0005912,O0005912-1,SKU00166,1,65.47,65.47,,0.0,65.47
O0005913,O0005913-1,SKU00286,1,54.7,54.7,,0.0,54.7
O0005913,O0005913-2,SKU00349,1,18.05,18.05,,0.0,18.05
O0005913,O0005913-3,SKU00137,2,60.17,120.34,,0.0,120.34
O0005914,O0005914-1,SKU00391,1,57.23,57.23,,0.0,57.23
O0005914,O0005914-2,SKU00245,3,49.62,148.86,,0.0,148.86
O0005915,O0005915-1,SKU00395,2,26.26,52.52,,0.0,52.52
O0005915,O0005915-2,SKU00240,2,78.86,157.72,,0.0,157.72
O0005915,O0005915-3,SKU00057,1,34.63,34.63,P0043,5.0,29.63
O0005915,O0005915-4,SKU00208,2,15.73,31.46,P0043,5.0,26.46
O0005916,O0005916-1,SKU00109,2,88.61,177.22,P0043,5.0,172.22
O0005917,O0005917-1,SKU00021,1,49.41,49.41,,0.0,49.41
O0005918,O0005918-1,SKU00157,1,70.71,70.71,,0.0,70.71
O0005918,O0005918-2,SKU00296,1,48.03,48.03,,0.0,48.03
O0005918,O0005918-3,SKU00128,1,24.13,24.13,,0.0,24.13
O0005919,O0005919-1,SKU00090,1,36.81,36.81,,0.0,36.81
O0005920,O0005920-1,SKU00165,1,18.9,18.9,,0.0,18.9
O0005920,O0005920-2,SKU00080,1,45.12,45.12,,0.0,45.12
O0005921,O0005921-1,SKU00259,1,40.89,40.89,,0.0,40.89
O0005921,O0005921-2,SKU00118,1,21.46,21.46,,0.0,21.46
O0005922,O0005922-1,SKU00088,1,49.61,49.61,,0.0,49.61
O0005923,O0005923-1,SKU00013,1,31.04,31.04,,0.0,31.04
O0005924,O0005924-1,SKU00273,1,56.47,56.47,,0.0,56.47
O0005925,O0005925-1,SKU00195,1,41.24,41.24,P0043,5.0,36.24
O0005926,O0005926-1,SKU00223,1,22.77,22.77,,0.0,22.77
O0005926,O0005926-2,SKU00128,1,24.13,24.13,P0043,5.0,19.13
O0005927,O0005927-1,SKU00026,1,45.44,45.44,,0.0,45.44
O0005927,O0005927-2,SKU00134,3,31.13,93.39,,0.0,93.39
O0005928,O0005928-1,SKU00374,1,34.49,34.49,,0.0,34.49
O0005928,O0005928-2,SKU00066,1,52.48,52.48,,0.0,52.48
O0005929,O0005929-1,SKU00298,1,21.47,21.47,,0.0,21.47
O0005930,O0005930-1,SKU00377,3,39.6,118.8,,0.0,118.8
O0005930,O0005930-2,SKU00198,1,39.26,39.26,,0.0,39.26
O0005931,O0005931-1,SKU00235,1,46.43,46.43,,0.0,46.43
O0005932,O0005932-1,SKU00334,1,17.99,17.99,,0.0,17.99
O0005933,O0005933-1,SKU00089,1,49.77,49.77,,0.0,49.77
O0005934,O0005934-1,SKU00107,1,64.03,64.03,,0.0,64.03
O0005935,O0005935-1,SKU00354,1,27.28,27.28,,0.0,27.28
O0005935,O0005935-2,SKU00335,2,18.97,37.94,,0.0,37.94
O0005935,O0005935-3,SKU00052,2,57.74,115.48,,0.0,115.48
O0005935,O0005935-4,SKU00241,1,46.38,46.38,,0.0,46.38
O0005936,O0005936-1,SKU00354,1,27.28,27.28,,0.0,27.28
O0005937,O0005937-1,SKU00173,1,61.04,61.04,,0.0,61.04
O0005937,O0005937-2,SKU00309,1,39.31,39.31,,0.0,39.31
O0005938,O0005938-1,SKU00390,1,38.26,38.26,,0.0,38.26
O0005938,O0005938-2,SKU00113,1,49.01,49.01,,0.0,49.01
O0005939,O0005939-1,SKU00251,1,23.58,23.58,,0.0,23.58
O0005939,O0005939-2,SKU00164,1,38.71,38.71,,0.0,38.71
O0005940,O0005940-1,SKU00122,1,22.77,22.77,,0.0,22.77
O0005941,O0005941-1,SKU00206,1,31.05,31.05,,0.0,31.05
O0005941,O0005941-2,SKU00218,1,16.49,16.49,,0.0,16.49
O0005942,O0005942-1,SKU00121,1,58.38,58.38,,0.0,58.38
O0005943,O0005943-1,SKU00324,2,70.29,140.58,,0.0,140.58
O0005943,O0005943-2,SKU00348,1,64.96,64.96,,0.0,64.96
O0005943,O0005943-3,SKU00074,2,76.62,153.24,,0.0,153.24
O0005944,O0005944-1,SKU00027,1,11.75,11.75,,0.0,11.75
O0005945,O0005945-1,SKU00352,1,37.11,37.11,,0.0,37.11
O0005945,O0005945-2,SKU00159,1,47.62,47.62,,0.0,47.62
O0005946,O0005946-1,SKU00012,1,9.88,9.88,,0.0,9.88
O0005947,O0005947-1,SKU00176,2,24.92,49.84,,0.0,49.84
O0005948,O0005948-1,SKU00358,1,36.52,36.52,,0.0,36.52
O0005948,O0005948-2,SKU00045,2,35.31,70.62,,0.0,70.62
O0005949,O0005949-1,SKU00079,1,43.31,43.31,,0.0,43.31
O0005950,O0005950-1,SKU00334,1,17.99,17.99,,0.0,17.99
O0005950,O0005950-2,SKU00104,1,73.97,73.97,P0043,5.0,68.97
O0005950,O0005950-3,SKU00319,1,45.64,45.64,,0.0,45.64
O0005951,O0005951-1,SKU00310,1,44.67,44.67,,0.0,44.67
O0005951,O0005951-2,SKU00044,1,26.97,26.97,,0.0,26.97
O0005952,O0005952-1,SKU00202,1,80.2,80.2,,0.0,80.2
O0005952,O0005952-2,SKU00060,1,76.86,76.86,,0.0,76.86
O0005952,O0005952-3,SKU00197,1,32.23,32.23,,0.0,32.23
O0005952,O0005952-4,SKU00171,1,60.15,60.15,,0.0,60.15
O0005953,O0005953-1,SKU00274,1,14.47,14.47,,0.0,14.47
O0005954,O0005954-1,SKU00320,1,20.06,20.06,,0.0,20.06
O0005954,O0005954-2,SKU00181,1,47.26,47.26,,0.0,47.26
O0005955,O0005955-1,SKU00027,3,11.75,35.25,,0.0,35.25
O0005956,O0005956-1,SKU00131,1,34.39,34.39,,0.0,34.39
O0005956,O0005956-2,SKU00067,1,20.67,20.67,,0.0,20.67
O0005956,O0005956-3,SKU00103,2,32.28,64.56,,0.0,64.56
O0005956,O0005956-4,SKU00043,1,50.54,50.54,,0.0,50.54
O0005957,O0005957-1,SKU00099,1,22.33,22.33,,0.0,22.33
O0005958,O0005958-1,SKU00035,1,57.12,57.12,,0.0,57.12
O0005959,O0005959-1,SKU00198,3,39.26,117.78,,0.0,117.78
O0005959,O0005959-2,SKU00137,1,60.17,60.17,,0.0,60.17
O0005959,O0005959-3,SKU00344,1,9.99,9.99,,0.0,9.99
O0005960,O0005960-1,SKU00149,1,26.89,26.89,,0.0,26.89
O0005960,O0005960-2,SKU00037,2,30.33,60.66,,0.0,60.66
O0005960,O0005960-3,SKU00084,1,33.92,33.92,,0.0,33.92
O0005961,O0005961-1,SKU00094,1,56.4,56.4,,0.0,56.4
O0005961,O0005961-2,SKU00329,2,37.64,75.28,,0.0,75.28
O0005961,O0005961-3,SKU00301,2,30.77,61.54,,0.0,61.54
O0005962,O0005962-1,SKU00051,1,57.83,57.83,,0.0,57.83
O0005962,O0005962-2,SKU00263,1,21.58,21.58,,0.0,21.58
O0005963,O0005963-1,SKU00252,1,57.03,57.03,,0.0,57.03
O0005964,O0005964-1,SKU00136,2,52.74,105.48,,0.0,105.48
O0005964,O0005964-2,SKU00339,1,36.52,36.52,,0.0,36.52
O0005964,O0005964-3,SKU00376,3,37.84,113.52,,0.0,113.52
O0005965,O0005965-1,SKU00323,1,39.02,39.02,,0.0,39.02
O0005965,O0005965-2,SKU00258,1,50.85,50.85,,0.0,50.85
O0005966,O0005966-1,SKU00036,1,42.54,42.54,,0.0,42.54
O0005966,O0005966-2,SKU00094,1,56.4,56.4,,0.0,56.4
O0005967,O0005967-1,SKU00073,1,61.83,61.83,,0.0,61.83
O0005968,O0005968-1,SKU00282,1,46.15,46.15,,0.0,46.15
O0005969,O0005969-1,SKU00089,1,49.77,49.77,,0.0,49.77
O0005970,O0005970-1,SKU00150,1,41.46,41.46,,0.0,41.46
O0005971,O0005971-1,SKU00009,1,52.68,52.68,,0.0,52.68
O0005972,O0005972-1,SKU00184,1,34.06,34.06,,0.0,34.06
O0005972,O0005972-2,SKU00346,1,102.61,102.61,,0.0,102.61
O0005972,O0005972-3,SKU00263,2,21.58,43.16,,0.0,43.16
O0005973,O0005973-1,SKU00043,1,50.54,50.54,,0.0,50.54
O0005973,O0005973-2,SKU00223,1,22.77,22.77,,0.0,22.77
O0005973,O0005973-3,SKU00134,1,31.13,31.13,P0043,5.0,26.13
O0005973,O0005973-4,SKU00183,1,17.38,17.38,,0.0,17.38
O0005974,O0005974-1,SKU00372,1,19.15,19.15,,0.0,19.15
O0005975,O0005975-1,SKU00268,1,43.83,43.83,,0.0,43.83
O0005975,O0005975-2,SKU00134,1,31.13,31.13,,0.0,31.13
O0005975,O0005975-3,SKU00294,1,47.23,47.23,,0.0,47.23
O0005975,O0005975-4,SKU00137,1,60.17,60.17,,0.0,60.17
O0005976,O0005976-1,SKU00367,3,50.59,151.77,,0.0,151.77
O0005977,O0005977-1,SKU00320,3,20.06,60.18,,0.0,60.18
O0005977,O0005977-2,SKU00329,1,37.64,37.64,,0.0,37.64
O0005978,O0005978-1,SKU00276,1,22.08,22.08,,0.0,22.08
O0005978,O0005978-2,SKU00160,1,42.59,42.59,,0.0,42.59
O0005979,O0005979-1,SKU00391,1,57.23,57.23,P0055,11.45,45.78
O0005979,O0005979-2,SKU00299,1,33.57,33.57,,0.0,33.57
O0005980,O0005980-1,SKU00329,1,37.64,37.64,,0.0,37.64
O0005981,O0005981-1,SKU00022,1,28.83,28.83,P0043,5.0,23.83
O0005981,O0005981-2,SKU00117,1,30.62,30.62,,0.0,30.62
O0005982,O0005982-1,SKU00195,1,41.24,41.24,P0043,5.0,36.24
O0005983,O0005983-1,SKU00154,1,62.36,62.36,,0.0,62.36
O0005983,O0005983-2,SKU00391,1,57.23,57.23,,0.0,57.23
O0005984,O0005984-1,SKU00331,1,21.15,21.15,,0.0,21.15
O0005985,O0005985-1,SKU00178,1,55.23,55.23,,0.0,55.23
O0005985,O0005985-2,SKU00089,1,49.77,49.77,,0.0,49.77
O0005985,O0005985-3,SKU00328,1,35.12,35.12,,0.0,35.12
O0005986,O0005986-1,SKU00224,1,53.56,53.56,,0.0,53.56
O0005986,O0005986-2,SKU00348,1,64.96,64.96,,0.0,64.96
O0005986,O0005986-3,SKU00157,1,70.71,70.71,,0.0,70.71
O0005987,O0005987-1,SKU00293,1,70.96,70.96,,0.0,70.96
O0005987,O0005987-2,SKU00249,1,31.28,31.28,,0.0,31.28
O0005987,O0005987-3,SKU00033,1,24.44,24.44,,0.0,24.44
O0005988,O0005988-1,SKU00228,2,106.95,213.9,,0.0,213.9
O0005989,O0005989-1,SKU00160,1,42.59,42.59,,0.0,42.59
O0005990,O0005990-1,SKU00038,1,50.53,50.53,,0.0,50.53
O0005991,O0005991-1,SKU00047,2,79.17,158.34,,0.0,158.34
O0005991,O0005991-2,SKU00015,1,66.48,66.48,,0.0,66.48
O0005992,O0005992-1,SKU00266,1,28.62,28.62,,0.0,28.62
O0005993,O0005993-1,SKU00124,1,29.76,29.76,,0.0,29.76
O0005994,O0005994-1,SKU00226,1,84.67,84.67,,0.0,84.67
O0005994,O0005994-2,SKU00323,1,39.02,39.02,,0.0,39.02
O0005995,O0005995-1,SKU00124,3,29.76,89.28,,0.0,89.28
O0005996,O0005996-1,SKU00137,1,60.17,60.17,,0.0,60.17
O0005996,O0005996-2,SKU00205,1,35.8,35.8,,0.0,35.8
O0005996,O0005996-3,SKU00171,1,60.15,60.15,,0.0,60.15
O0005997,O0005997-1,SKU00052,2,57.74,115.48,,0.0,115.48
O0005997,O0005997-2,SKU00203,1,71.32,71.32,,0.0,71.32
O0005997,O0005997-3,SKU00274,1,14.47,14.47,,0.0,14.47
O0005998,O0005998-1,SKU00146,1,60.33,60.33,,0.0,60.33
O0005999,O0005999-1,SKU00031,1,49.75,49.75,,0.0,49.75
O0006000,O0006000-1,SKU00155,2,44.19,88.38,,0.0,88.38
O0006000,O0006000-2,SKU00033,2,24.44,48.88,,0.0,48.88
O0006001,O0006001-1,SKU00198,1,39.26,39.26,,0.0,39.26
O0006001,O0006001-2,SKU00141,1,78.13,78.13,,0.0,78.13
O0006002,O0006002-1,SKU00389,1,51.94,51.94,,0.0,51.94
O0006003,O0006003-1,SKU00125,1,30.05,30.05,,0.0,30.05
O0006003,O0006003-2,SKU00178,1,55.23,55.23,,0.0,55.23
O0006003,O0006003-3,SKU00379,2,36.36,72.72,,0.0,72.72
O0006004,O0006004-1,SKU00056,2,38.71,77.42,,0.0,77.42
O0006004,O0006004-2,SKU00322,1,22.71,22.71,,0.0,22.71
O0006004,O0006004-3,SKU00352,1,37.11,37.11,,0.0,37.11
O0006005,O0006005-1,SKU00397,1,66.5,66.5,,0.0,66.5
O0006005,O0006005-2,SKU00300,1,29.05,29.05,,0.0,29.05
O0006005,O0006005-3,SKU00299,1,33.57,33.57,,0.0,33.57
O0006006,O0006006-1,SKU00393,1,14.38,14.38,,0.0,14.38
O0006006,O0006006-2,SKU00043,1,50.54,50.54,,0.0,50.54
O0006007,O0006007-1,SKU00033,1,24.44,24.44,,0.0,24.44
O0006007,O0006007-2,SKU00295,1,42.42,42.42,,0.0,42.42
O0006007,O0006007-3,SKU00175,1,44.19,44.19,,0.0,44.19
O0006007,O0006007-4,SKU00022,2,28.83,57.66,,0.0,57.66
O0006008,O0006008-1,SKU00031,1,49.75,49.75,,0.0,49.75
O0006008,O0006008-2,SKU00251,2,23.58,47.16,,0.0,47.16
O0006008,O0006008-3,SKU00025,1,42.44,42.44,,0.0,42.44
O0006009,O0006009-1,SKU00208,1,15.73,15.73,,0.0,15.73
O0006009,O0006009-2,SKU00173,1,61.04,61.04,,0.0,61.04
O0006009,O0006009-3,SKU00031,1,49.75,49.75,,0.0,49.75
O0006010,O0006010-1,SKU00174,1,57.96,57.96,,0.0,57.96
O0006010,O0006010-2,SKU00379,1,36.36,36.36,,0.0,36.36
O0006010,O0006010-3,SKU00087,1,22.83,22.83,P0043,5.0,17.83
O0006010,O0006010-4,SKU00378,1,38.51,38.51,,0.0,38.51
O0006011,O0006011-1,SKU00252,1,57.03,57.03,,0.0,57.03
O0006011,O0006011-2,SKU00303,2,66.84,133.68,,0.0,133.68
O0006012,O0006012-1,SKU00371,1,48.42,48.42,,0.0,48.42
O0006012,O0006012-2,SKU00139,1,52.17,52.17,,0.0,52.17
O0006013,O0006013-1,SKU00089,1,49.77,49.77,,0.0,49.77
O0006013,O0006013-2,SKU00219,1,65.58,65.58,,0.0,65.58
O0006013,O0006013-3,SKU00253,3,51.01,153.03,,0.0,153.03
O0006013,O0006013-4,SKU00050,1,25.95,25.95,,0.0,25.95
O0006014,O0006014-1,SKU00018,2,20.66,41.32,,0.0,41.32
O0006015,O0006015-1,SKU00303,1,66.84,66.84,,0.0,66.84
O0006015,O0006015-2,SKU00118,1,21.46,21.46,,0.0,21.46
O0006015,O0006015-3,SKU00147,1,41.64,41.64,,0.0,41.64
O0006016,O0006016-1,SKU00391,1,57.23,57.23,,0.0,57.23
O0006016,O0006016-2,SKU00173,1,61.04,61.04,,0.0,61.04
O0006017,O0006017-1,SKU00261,1,86.51,86.51,,0.0,86.51
O0006017,O0006017-2,SKU00069,1,19.77,19.77,,0.0,19.77
O0006017,O0006017-3,SKU00009,2,52.68,105.36,,0.0,105.36
O0006017,O0006017-4,SKU00172,2,17.17,34.34,,0.0,34.34
O0006018,O0006018-1,SKU00238,1,69.04,69.04,,0.0,69.04
O0006018,O0006018-2,SKU00264,1,27.04,27.04,P0043,5.0,22.04
O0006019,O0006019-1,SKU00212,2,20.15,40.3,,0.0,40.3
O0006020,O0006020-1,SKU00206,1,31.05,31.05,,0.0,31.05
O0006021,O0006021-1,SKU00342,1,38.94,38.94,,0.0,38.94
O0006021,O0006021-2,SKU00009,1,52.68,52.68,,0.0,52.68
O0006022,O0006022-1,SKU00007,1,32.91,32.91,,0.0,32.91
O0006022,O0006022-2,SKU00202,3,80.2,240.6,,0.0,240.6
O0006022,O0006022-3,SKU00156,1,25.39,25.39,,0.0,25.39
O0006023,O0006023-1,SKU00354,2,27.28,54.56,,0.0,54.56
O0006024,O0006024-1,SKU00267,3,82.59,247.77,,0.0,247.77
O0006024,O0006024-2,SKU00308,2,57.22,114.44,,0.0,114.44
O0006025,O0006025-1,SKU00330,1,61.47,61.47,,0.0,61.47
O0006025,O0006025-2,SKU00318,1,30.41,30.41,,0.0,30.41
O0006026,O0006026-1,SKU00159,1,47.62,47.62,,0.0,47.62
O0006026,O0006026-2,SKU00228,1,106.95,106.95,,0.0,106.95
O0006026,O0006026-3,SKU00321,1,13.85,13.85,,0.0,13.85
O0006027,O0006027-1,SKU00269,1,28.75,28.75,P0043,5.0,23.75
O0006027,O0006027-2,SKU00275,1,50.32,50.32,,0.0,50.32
O0006027,O0006027-3,SKU00287,1,61.4,61.4,,0.0,61.4
O0006027,O0006027-4,SKU00329,3,37.64,112.92,,0.0,112.92
O0006028,O0006028-1,SKU00324,1,70.29,70.29,,0.0,70.29
O0006028,O0006028-2,SKU00134,2,31.13,62.26,,0.0,62.26
O0006028,O0006028-3,SKU00352,1,37.11,37.11,,0.0,37.11
O0006029,O0006029-1,SKU00388,1,37.93,37.93,P0043,5.0,32.93
O0006029,O0006029-2,SKU00067,3,20.67,62.01,,0.0,62.01
O0006030,O0006030-1,SKU00097,2,30.01,60.02,,0.0,60.02
O0006030,O0006030-2,SKU00122,1,22.77,22.77,,0.0,22.77
O0006031,O0006031-1,SKU00282,1,46.15,46.15,,0.0,46.15
O0006032,O0006032-1,SKU00251,1,23.58,23.58,,0.0,23.58
O0006032,O0006032-2,SKU00227,2,105.48,210.96,,0.0,210.96
O0006032,O0006032-3,SKU00396,1,15.54,15.54,,0.0,15.54
O0006033,O0006033-1,SKU00307,1,36.83,36.83,,0.0,36.83
O0006033,O0006033-2,SKU00138,2,17.97,35.94,P0043,5.0,30.94
O0006034,O0006034-1,SKU00069,2,19.77,39.54,,0.0,39.54
O0006034,O0006034-2,SKU00400,1,33.96,33.96,,0.0,33.96
O0006034,O0006034-3,SKU00302,1,26.48,26.48,,0.0,26.48
O0006035,O0006035-1,SKU00224,1,53.56,53.56,,0.0,53.56
O0006035,O0006035-2,SKU00281,1,52.93,52.93,,0.0,52.93
O0006035,O0006035-3,SKU00171,1,60.15,60.15,,0.0,60.15
O0006036,O0006036-1,SKU00039,1,59.8,59.8,,0.0,59.8
O0006036,O0006036-2,SKU00385,3,57.12,171.36,,0.0,171.36
O0006036,O0006036-3,SKU00213,1,45.05,45.05,,0.0,45.05
O0006037,O0006037-1,SKU00303,1,66.84,66.84,,0.0,66.84
O0006037,O0006037-2,SKU00041,1,31.32,31.32,,0.0,31.32
O0006037,O0006037-3,SKU00318,1,30.41,30.41,,0.0,30.41
O0006038,O0006038-1,SKU00061,1,23.77,23.77,,0.0,23.77
O0006038,O0006038-2,SKU00077,1,17.01,17.01,,0.0,17.01
O0006039,O0006039-1,SKU00387,1,38.08,38.08,,0.0,38.08
O0006040,O0006040-1,SKU00281,2,52.93,105.86,,0.0,105.86
O0006040,O0006040-2,SKU00181,1,47.26,47.26,,0.0,47.26
O0006041,O0006041-1,SKU00160,1,42.59,42.59,,0.0,42.59
O0006041,O0006041-2,SKU00161,1,12.51,12.51,,0.0,12.51
O0006042,O0006042-1,SKU00328,1,35.12,35.12,,0.0,35.12
O0006043,O0006043-1,SKU00329,1,37.64,37.64,,0.0,37.64
O0006043,O0006043-2,SKU00002,1,57.3,57.3,,0.0,57.3
O0006044,O0006044-1,SKU00222,1,30.96,30.96,,0.0,30.96
O0006044,O0006044-2,SKU00106,3,24.61,73.83,,0.0,73.83
O0006045,O0006045-1,SKU00084,1,33.92,33.92,,0.0,33.92
O0006046,O0006046-1,SKU00249,2,31.28,62.56,,0.0,62.56
O0006047,O0006047-1,SKU00003,2,28.95,57.9,,0.0,57.9
O0006048,O0006048-1,SKU00056,1,38.71,38.71,,0.0,38.71
O0006048,O0006048-2,SKU00293,1,70.96,70.96,,0.0,70.96
O0006049,O0006049-1,SKU00153,1,61.1,61.1,,0.0,61.1
O0006049,O0006049-2,SKU00140,1,56.17,56.17,,0.0,56.17
O0006050,O0006050-1,SKU00281,1,52.93,52.93,P0043,5.0,47.93
O0006050,O0006050-2,SKU00331,1,21.15,21.15,,0.0,21.15
O0006050,O0006050-3,SKU00089,2,49.77,99.54,,0.0,99.54
O0006050,O0006050-4,SKU00138,2,17.97,35.94,,0.0,35.94
O0006051,O0006051-1,SKU00017,1,37.58,37.58,,0.0,37.58
O0006051,O0006051-2,SKU00306,1,36.9,36.9,,0.0,36.9
O0006051,O0006051-3,SKU00282,3,46.15,138.45,,0.0,138.45
O0006052,O0006052-1,SKU00094,1,56.4,56.4,,0.0,56.4
O0006052,O0006052-2,SKU00126,1,40.15,40.15,,0.0,40.15
O0006052,O0006052-3,SKU00252,1,57.03,57.03,,0.0,57.03
O0006052,O0006052-4,SKU00105,1,52.33,52.33,,0.0,52.33
O0006053,O0006053-1,SKU00114,1,29.46,29.46,,0.0,29.46
O0006053,O0006053-2,SKU00150,1,41.46,41.46,,0.0,41.46
O0006053,O0006053-3,SKU00107,2,64.03,128.06,,0.0,128.06
O0006054,O0006054-1,SKU00194,1,40.96,40.96,,0.0,40.96
O0006055,O0006055-1,SKU00222,1,30.96,30.96,,0.0,30.96
O0006056,O0006056-1,SKU00281,3,52.93,158.79,,0.0,158.79
O0006056,O0006056-2,SKU00082,1,35.63,35.63,,0.0,35.63
O0006056,O0006056-3,SKU00118,2,21.46,42.92,,0.0,42.92
O0006057,O0006057-1,SKU00395,1,26.26,26.26,,0.0,26.26
O0006057,O0006057-2,SKU00013,1,31.04,31.04,,0.0,31.04
O0006057,O0006057-3,SKU00055,1,66.78,66.78,,0.0,66.78
O0006058,O0006058-1,SKU00346,1,102.61,102.61,,0.0,102.61
O0006058,O0006058-2,SKU00124,3,29.76,89.28,,0.0,89.28
O0006058,O0006058-3,SKU00151,1,20.05,20.05,P0043,5.0,15.05
O0006059,O0006059-1,SKU00006,1,31.28,31.28,,0.0,31.28
O0006059,O0006059-2,SKU00053,1,49.62,49.62,,0.0,49.62
O0006059,O0006059-3,SKU00204,1,59.25,59.25,,0.0,59.25
O0006060,O0006060-1,SKU00258,1,50.85,50.85,,0.0,50.85
O0006061,O0006061-1,SKU00050,1,25.95,25.95,,0.0,25.95
O0006062,O0006062-1,SKU00342,1,38.94,38.94,,0.0,38.94
O0006062,O0006062-2,SKU00009,1,52.68,52.68,,0.0,52.68
O0006062,O0006062-3,SKU00110,1,38.93,38.93,,0.0,38.93
O0006063,O0006063-1,SKU00333,2,45.51,91.02,,0.0,91.02
O0006063,O0006063-2,SKU00275,1,50.32,50.32,,0.0,50.32
O0006063,O0006063-3,SKU00087,1,22.83,22.83,,0.0,22.83
O0006063,O0006063-4,SKU00359,1,26.27,26.27,,0.0,26.27
O0006064,O0006064-1,SKU00142,1,61.52,61.52,,0.0,61.52
O0006064,O0006064-2,SKU00009,1,52.68,52.68,,0.0,52.68
O0006065,O0006065-1,SKU00042,3,72.45,217.35,,0.0,217.35
O0006065,O0006065-2,SKU00137,2,60.17,120.34,,0.0,120.34
O0006065,O0006065-3,SKU00007,1,32.91,32.91,,0.0,32.91
O0006066,O0006066-1,SKU00279,1,31.74,31.74,,0.0,31.74
O0006066,O0006066-2,SKU00082,1,35.63,35.63,,0.0,35.63
O0006067,O0006067-1,SKU00081,1,30.86,30.86,,0.0,30.86
O0006067,O0006067-2,SKU00313,1,49.13,49.13,,0.0,49.13
O0006067,O0006067-3,SKU00088,1,49.61,49.61,P0055,9.92,39.69
O0006068,O0006068-1,SKU00233,1,21.18,21.18,,0.0,21.18
O0006069,O0006069-1,SKU00321,1,13.85,13.85,,0.0,13.85
O0006069,O0006069-2,SKU00343,1,45.56,45.56,,0.0,45.56
O0006069,O0006069-3,SKU00056,1,38.71,38.71,P0043,5.0,33.71
O0006069,O0006069-4,SKU00293,1,70.96,70.96,,0.0,70.96
O0006070,O0006070-1,SKU00108,2,19.31,38.62,,0.0,38.62
O0006070,O0006070-2,SKU00311,1,60.22,60.22,,0.0,60.22
O0006071,O0006071-1,SKU00213,3,45.05,135.15,,0.0,135.15
O0006072,O0006072-1,SKU00262,1,10.7,10.7,,0.0,10.7
O0006072,O0006072-2,SKU00213,2,45.05,90.1,,0.0,90.1
O0006072,O0006072-3,SKU00279,1,31.74,31.74,,0.0,31.74
O0006072,O0006072-4,SKU00132,2,44.43,88.86,P0043,5.0,83.86
O0006073,O0006073-1,SKU00217,1,31.07,31.07,,0.0,31.07
O0006074,O0006074-1,SKU00041,1,31.32,31.32,,0.0,31.32
O0006074,O0006074-2,SKU00053,1,49.62,49.62,,0.0,49.62
O0006075,O0006075-1,SKU00023,1,57.22,57.22,,0.0,57.22
O0006075,O0006075-2,SKU00331,1,21.15,21.15,,0.0,21.15
O0006076,O0006076-1,SKU00162,1,65.18,65.18,,0.0,65.18
O0006076,O0006076-2,SKU00216,1,68.72,68.72,,0.0,68.72
O0006076,O0006076-3,SKU00149,2,26.89,53.78,,0.0,53.78
O0006077,O0006077-1,SKU00197,1,32.23,32.23,,0.0,32.23
O0006077,O0006077-2,SKU00345,1,60.26,60.26,,0.0,60.26
O0006077,O0006077-3,SKU00074,1,76.62,76.62,,0.0,76.62
O0006078,O0006078-1,SKU00171,1,60.15,60.15,,0.0,60.15
O0006078,O0006078-2,SKU00382,2,19.75,39.5,,0.0,39.5
O0006079,O0006079-1,SKU00114,1,29.46,29.46,P0043,5.0,24.46
O0006079,O0006079-2,SKU00399,1,38.17,38.17,,0.0,38.17
O0006080,O0006080-1,SKU00315,1,65.19,65.19,,0.0,65.19
O0006080,O0006080-2,SKU00134,2,31.13,62.26,,0.0,62.26
O0006081,O0006081-1,SKU00143,1,18.48,18.48,,0.0,18.48
O0006081,O0006081-2,SKU00302,1,26.48,26.48,,0.0,26.48
O0006081,O0006081-3,SKU00274,1,14.47,14.47,P0043,5.0,9.47
O0006081,O0006081-4,SKU00190,1,45.12,45.12,,0.0,45.12
O0006082,O0006082-1,SKU00293,1,70.96,70.96,,0.0,70.96
O0006082,O0006082-2,SKU00369,2,42.23,84.46,,0.0,84.46
O0006083,O0006083-1,SKU00300,1,29.05,29.05,,0.0,29.05
O0006083,O0006083-2,SKU00026,1,45.44,45.44,,0.0,45.44
O0006083,O0006083-3,SKU00031,1,49.75,49.75,,0.0,49.75
O0006084,O0006084-1,SKU00085,1,51.96,51.96,,0.0,51.96
O0006084,O0006084-2,SKU00029,1,36.29,36.29,,0.0,36.29
O0006085,O0006085-1,SKU00194,1,40.96,40.96,,0.0,40.96
O0006085,O0006085-2,SKU00124,1,29.76,29.76,,0.0,29.76
O0006086,O0006086-1,SKU00011,1,31.25,31.25,,0.0,31.25
O0006086,O0006086-2,SKU00050,1,25.95,25.95,,0.0,25.95
O0006086,O0006086-3,SKU00034,1,45.57,45.57,,0.0,45.57
O0006087,O0006087-1,SKU00361,1,44.18,44.18,,0.0,44.18
O0006088,O0006088-1,SKU00098,1,54.0,54.0,,0.0,54.0
O0006088,O0006088-2,SKU00242,1,41.5,41.5,,0.0,41.5
O0006089,O0006089-1,SKU00298,1,21.47,21.47,,0.0,21.47
O0006089,O0006089-2,SKU00030,1,17.63,17.63,,0.0,17.63
O0006089,O0006089-3,SKU00260,1,38.96,38.96,,0.0,38.96
O0006090,O0006090-1,SKU00369,1,42.23,42.23,,0.0,42.23
O0006090,O0006090-2,SKU00184,1,34.06,34.06,,0.0,34.06
O0006091,O0006091-1,SKU00039,2,59.8,119.6,,0.0,119.6
O0006092,O0006092-1,SKU00132,1,44.43,44.43,,0.0,44.43
O0006093,O0006093-1,SKU00237,1,54.4,54.4,,0.0,54.4
O0006093,O0006093-2,SKU00126,3,40.15,120.45,,0.0,120.45
O0006094,O0006094-1,SKU00190,1,45.12,45.12,,0.0,45.12
O0006094,O0006094-2,SKU00101,1,33.02,33.02,,0.0,33.02
O0006095,O0006095-1,SKU00134,1,31.13,31.13,,0.0,31.13
O0006095,O0006095-2,SKU00111,1,50.04,50.04,P0043,5.0,45.04
O0006095,O0006095-3,SKU00385,3,57.12,171.36,,0.0,171.36
O0006096,O0006096-1,SKU00251,1,23.58,23.58,,0.0,23.58
O0006096,O0006096-2,SKU00227,1,105.48,105.48,,0.0,105.48
O0006097,O0006097-1,SKU00232,1,34.95,34.95,,0.0,34.95
O0006097,O0006097-2,SKU00120,2,19.69,39.38,,0.0,39.38
O0006097,O0006097-3,SKU00278,1,54.54,54.54,,0.0,54.54
O0006098,O0006098-1,SKU00248,1,48.06,48.06,,0.0,48.06
O0006098,O0006098-2,SKU00392,1,45.36,45.36,,0.0,45.36
O0006098,O0006098-3,SKU00106,1,24.61,24.61,P0043,5.0,19.61
O0006099,O0006099-1,SKU00079,1,43.31,43.31,,0.0,43.31
O0006100,O0006100-1,SKU00376,1,37.84,37.84,,0.0,37.84
O0006100,O0006100-2,SKU00078,1,17.22,17.22,,0.0,17.22
O0006100,O0006100-3,SKU00124,1,29.76,29.76,,0.0,29.76
O0006100,O0006100-4,SKU00061,1,23.77,23.77,,0.0,23.77
O0006101,O0006101-1,SKU00252,1,57.03,57.03,,0.0,57.03
O0006101,O0006101-2,SKU00126,1,40.15,40.15,,0.0,40.15
O0006102,O0006102-1,SKU00279,1,31.74,31.74,,0.0,31.74
O0006103,O0006103-1,SKU00083,1,54.82,54.82,,0.0,54.82
O0006103,O0006103-2,SKU00306,1,36.9,36.9,,0.0,36.9
O0006104,O0006104-1,SKU00169,1,38.7,38.7,,0.0,38.7
O0006104,O0006104-2,SKU00110,1,38.93,38.93,,0.0,38.93
O0006105,O0006105-1,SKU00132,1,44.43,44.43,,0.0,44.43
O0006105,O0006105-2,SKU00095,1,53.11,53.11,,0.0,53.11
O0006105,O0006105-3,SKU00362,1,26.77,26.77,,0.0,26.77
O0006106,O0006106-1,SKU00137,2,60.17,120.34,,0.0,120.34
O0006107,O0006107-1,SKU00330,1,61.47,61.47,,0.0,61.47
O0006107,O0006107-2,SKU00299,2,33.57,67.14,,0.0,67.14
O0006108,O0006108-1,SKU00221,1,31.0,31.0,,0.0,31.0
O0006108,O0006108-2,SKU00301,1,30.77,30.77,,0.0,30.77
O0006108,O0006108-3,SKU00199,1,60.64,60.64,,0.0,60.64
O0006108,O0006108-4,SKU00136,1,52.74,52.74,,0.0,52.74
O0006109,O0006109-1,SKU00102,1,12.21,12.21,,0.0,12.21
O0006109,O0006109-2,SKU00297,1,39.78,39.78,,0.0,39.78
O0006110,O0006110-1,SKU00260,1,38.96,38.96,,0.0,38.96
O0006110,O0006110-2,SKU00330,1,61.47,61.47,,0.0,61.47
O0006110,O0006110-3,SKU00037,1,30.33,30.33,,0.0,30.33
O0006111,O0006111-1,SKU00212,1,20.15,20.15,P0043,5.0,15.15
O0006112,O0006112-1,SKU00379,3,36.36,109.08,,0.0,109.08
O0006113,O0006113-1,SKU00006,1,31.28,31.28,,0.0,31.28
O0006113,O0006113-2,SKU00317,1,32.85,32.85,,0.0,32.85
O0006114,O0006114-1,SKU00333,1,45.51,45.51,,0.0,45.51
O0006115,O0006115-1,SKU00263,1,21.58,21.58,,0.0,21.58
O0006116,O0006116-1,SKU00039,1,59.8,59.8,,0.0,59.8
O0006117,O0006117-1,SKU00130,1,66.52,66.52,,0.0,66.52
O0006117,O0006117-2,SKU00352,1,37.11,37.11,,0.0,37.11
O0006118,O0006118-1,SKU00077,1,17.01,17.01,,0.0,17.01
O0006118,O0006118-2,SKU00216,1,68.72,68.72,,0.0,68.72
O0006119,O0006119-1,SKU00123,1,28.95,28.95,,0.0,28.95
O0006119,O0006119-2,SKU00355,2,41.61,83.22,,0.0,83.22
O0006120,O0006120-1,SKU00147,1,41.64,41.64,,0.0,41.64
O0006120,O0006120-2,SKU00078,2,17.22,34.44,,0.0,34.44
O0006121,O0006121-1,SKU00213,1,45.05,45.05,,0.0,45.05
O0006121,O0006121-2,SKU00012,1,9.88,9.88,,0.0,9.88
O0006121,O0006121-3,SKU00190,2,45.12,90.24,,0.0,90.24
O0006121,O0006121-4,SKU00329,2,37.64,75.28,,0.0,75.28
O0006122,O0006122-1,SKU00299,1,33.57,33.57,,0.0,33.57
O0006122,O0006122-2,SKU00328,1,35.12,35.12,,0.0,35.12
O0006122,O0006122-3,SKU00358,1,36.52,36.52,,0.0,36.52
O0006123,O0006123-1,SKU00044,1,26.97,26.97,,0.0,26.97
O0006124,O0006124-1,SKU00026,2,45.44,90.88,,0.0,90.88
O0006124,O0006124-2,SKU00145,1,34.93,34.93,,0.0,34.93
O0006125,O0006125-1,SKU00085,1,51.96,51.96,,0.0,51.96
O0006126,O0006126-1,SKU00329,1,37.64,37.64,,0.0,37.64
O0006126,O0006126-2,SKU00160,1,42.59,42.59,,0.0,42.59
O0006127,O0006127-1,SKU00321,2,13.85,27.7,,0.0,27.7
O0006127,O0006127-2,SKU00343,2,45.56,91.12,,0.0,91.12
O0006127,O0006127-3,SKU00352,1,37.11,37.11,,0.0,37.11
O0006128,O0006128-1,SKU00171,1,60.15,60.15,,0.0,60.15
O0006128,O0006128-2,SKU00293,1,70.96,70.96,,0.0,70.96
O0006128,O0006128-3,SKU00291,1,33.52,33.52,,0.0,33.52
O0006129,O0006129-1,SKU00199,1,60.64,60.64,,0.0,60.64
O0006129,O0006129-2,SKU00336,1,54.95,54.95,,0.0,54.95
O0006130,O0006130-1,SKU00146,1,60.33,60.33,,0.0,60.33
O0006130,O0006130-2,SKU00295,1,42.42,42.42,,0.0,42.42
O0006131,O0006131-1,SKU00145,1,34.93,34.93,,0.0,34.93
O0006131,O0006131-2,SKU00377,1,39.6,39.6,,0.0,39.6
O0006132,O0006132-1,SKU00041,1,31.32,31.32,,0.0,31.32
O0006132,O0006132-2,SKU00315,1,65.19,65.19,,0.0,65.19
O0006133,O0006133-1,SKU00325,1,27.6,27.6,,0.0,27.6
O0006133,O0006133-2,SKU00278,2,54.54,109.08,,0.0,109.08
O0006133,O0006133-3,SKU00340,1,30.34,30.34,,0.0,30.34
O0006134,O0006134-1,SKU00176,1,24.92,24.92,,0.0,24.92
O0006134,O0006134-2,SKU00177,1,41.83,41.83,,0.0,41.83
O0006134,O0006134-3,SKU00300,2,29.05,58.1,,0.0,58.1
O0006135,O0006135-1,SKU00076,3,31.8,95.4,,0.0,95.4
O0006136,O0006136-1,SKU00287,1,61.4,61.4,,0.0,61.4
O0006137,O0006137-1,SKU00170,2,29.26,58.52,,0.0,58.52
O0006137,O0006137-2,SKU00205,1,35.8,35.8,,0.0,35.8
O0006138,O0006138-1,SKU00341,1,47.08,47.08,,0.0,47.08
O0006138,O0006138-2,SKU00168,1,26.49,26.49,,0.0,26.49
O0006138,O0006138-3,SKU00236,1,32.17,32.17,P0043,5.0,27.17
O0006138,O0006138-4,SKU00146,2,60.33,120.66,,0.0,120.66
O0006139,O0006139-1,SKU00224,2,53.56,107.12,,0.0,107.12
O0006140,O0006140-1,SKU00229,1,74.74,74.74,,0.0,74.74
O0006140,O0006140-2,SKU00220,2,42.7,85.4,,0.0,85.4
O0006141,O0006141-1,SKU00263,1,21.58,21.58,,0.0,21.58
O0006141,O0006141-2,SKU00147,1,41.64,41.64,,0.0,41.64
O0006142,O0006142-1,SKU00247,1,43.87,43.87,,0.0,43.87
O0006142,O0006142-2,SKU00030,1,17.63,17.63,,0.0,17.63
O0006142,O0006142-3,SKU00013,1,31.04,31.04,,0.0,31.04
O0006142,O0006142-4,SKU00155,2,44.19,88.38,,0.0,88.38
O0006143,O0006143-1,SKU00155,1,44.19,44.19,,0.0,44.19
O0006143,O0006143-2,SKU00364,1,45.23,45.23,,0.0,45.23
O0006143,O0006143-3,SKU00238,1,69.04,69.04,,0.0,69.04
O0006144,O0006144-1,SKU00270,1,46.55,46.55,,0.0,46.55
O0006145,O0006145-1,SKU00143,1,18.48,18.48,,0.0,18.48
O0006146,O0006146-1,SKU00164,1,38.71,38.71,,0.0,38.71
O0006146,O0006146-2,SKU00317,2,32.85,65.7,,0.0,65.7
O0006146,O0006146-3,SKU00066,1,52.48,52.48,,0.0,52.48
O0006147,O0006147-1,SKU00341,1,47.08,47.08,,0.0,47.08
O0006148,O0006148-1,SKU00163,1,29.45,29.45,,0.0,29.45
O0006148,O0006148-2,SKU00122,3,22.77,68.31,,0.0,68.31
O0006149,O0006149-1,SKU00313,1,49.13,49.13,,0.0,49.13
O0006150,O0006150-1,SKU00371,1,48.42,48.42,,0.0,48.42
O0006150,O0006150-2,SKU00045,1,35.31,35.31,,0.0,35.31
O0006151,O0006151-1,SKU00081,1,30.86,30.86,,0.0,30.86
O0006152,O0006152-1,SKU00034,1,45.57,45.57,,0.0,45.57
O0006152,O0006152-2,SKU00106,1,24.61,24.61,,0.0,24.61
O0006153,O0006153-1,SKU00040,3,46.34,139.02,,0.0,139.02
O0006153,O0006153-2,SKU00385,1,57.12,57.12,,0.0,57.12
O0006153,O0006153-3,SKU00180,1,37.89,37.89,,0.0,37.89
O0006154,O0006154-1,SKU00267,3,82.59,247.77,,0.0,247.77
O0006154,O0006154-2,SKU00063,1,26.13,26.13,,0.0,26.13
O0006155,O0006155-1,SKU00174,1,57.96,57.96,,0.0,57.96
O0006156,O0006156-1,SKU00211,1,88.68,88.68,,0.0,88.68
O0006156,O0006156-2,SKU00016,1,33.83,33.83,,0.0,33.83
O0006157,O0006157-1,SKU00069,2,19.77,39.54,,0.0,39.54
O0006157,O0006157-2,SKU00386,1,42.93,42.93,,0.0,42.93
O0006158,O0006158-1,SKU00294,1,47.23,47.23,,0.0,47.23
O0006158,O0006158-2,SKU00236,1,32.17,32.17,,0.0,32.17
O0006159,O0006159-1,SKU00109,1,88.61,88.61,,0.0,88.61
O0006159,O0006159-2,SKU00350,3,53.2,159.6,,0.0,159.6
O0006160,O0006160-1,SKU00219,1,65.58,65.58,,0.0,65.58
O0006160,O0006160-2,SKU00287,1,61.4,61.4,,0.0,61.4
O0006160,O0006160-3,SKU00336,1,54.95,54.95,,0.0,54.95
O0006161,O0006161-1,SKU00027,1,11.75,11.75,,0.0,11.75
O0006162,O0006162-1,SKU00147,1,41.64,41.64,,0.0,41.64
O0006162,O0006162-2,SKU00181,1,47.26,47.26,,0.0,47.26
O0006162,O0006162-3,SKU00166,1,65.47,65.47,,0.0,65.47
O0006163,O0006163-1,SKU00049,3,49.27,147.81,,0.0,147.81
O0006164,O0006164-1,SKU00159,1,47.62,47.62,,0.0,47.62
O0006164,O0006164-2,SKU00199,1,60.64,60.64,,0.0,60.64
O0006164,O0006164-3,SKU00358,1,36.52,36.52,,0.0,36.52
O0006165,O0006165-1,SKU00088,1,49.61,49.61,,0.0,49.61
O0006165,O0006165-2,SKU00308,1,57.22,57.22,,0.0,57.22
O0006166,O0006166-1,SKU00366,1,33.09,33.09,,0.0,33.09
O0006167,O0006167-1,SKU00108,1,19.31,19.31,,0.0,19.31
O0006167,O0006167-2,SKU00037,1,30.33,30.33,,0.0,30.33
O0006167,O0006167-3,SKU00025,1,42.44,42.44,P0043,5.0,37.44
O0006168,O0006168-1,SKU00141,2,78.13,156.26,,0.0,156.26
O0006168,O0006168-2,SKU00318,1,30.41,30.41,,0.0,30.41
O0006168,O0006168-3,SKU00060,2,76.86,153.72,,0.0,153.72
O0006169,O0006169-1,SKU00122,1,22.77,22.77,,0.0,22.77
O0006170,O0006170-1,SKU00313,1,49.13,49.13,P0043,5.0,44.13
O0006170,O0006170-2,SKU00285,1,40.54,40.54,,0.0,40.54
O0006171,O0006171-1,SKU00243,2,34.82,69.64,,0.0,69.64
O0006171,O0006171-2,SKU00362,1,26.77,26.77,P0043,5.0,21.77
O0006172,O0006172-1,SKU00198,1,39.26,39.26,,0.0,39.26
O0006172,O0006172-2,SKU00322,1,22.71,22.71,,0.0,22.71
O0006173,O0006173-1,SKU00183,1,17.38,17.38,,0.0,17.38
O0006173,O0006173-2,SKU00128,1,24.13,24.13,,0.0,24.13
O0006174,O0006174-1,SKU00345,1,60.26,60.26,,0.0,60.26
O0006175,O0006175-1,SKU00235,1,46.43,46.43,,0.0,46.43
O0006175,O0006175-2,SKU00285,2,40.54,81.08,,0.0,81.08
O0006175,O0006175-3,SKU00245,1,49.62,49.62,,0.0,49.62
O0006176,O0006176-1,SKU00132,1,44.43,44.43,,0.0,44.43
O0006176,O0006176-2,SKU00145,1,34.93,34.93,,0.0,34.93
O0006176,O0006176-3,SKU00279,2,31.74,63.48,,0.0,63.48
O0006177,O0006177-1,SKU00376,2,37.84,75.68,,0.0,75.68
O0006177,O0006177-2,SKU00279,1,31.74,31.74,,0.0,31.74
O0006178,O0006178-1,SKU00361,1,44.18,44.18,,0.0,44.18
O0006178,O0006178-2,SKU00218,1,16.49,16.49,,0.0,16.49
O0006179,O0006179-1,SKU00035,1,57.12,57.12,,0.0,57.12
O0006180,O0006180-1,SKU00328,1,35.12,35.12,,0.0,35.12
O0006180,O0006180-2,SKU00212,1,20.15,20.15,,0.0,20.15
O0006181,O0006181-1,SKU00393,1,14.38,14.38,,0.0,14.38
O0006181,O0006181-2,SKU00114,1,29.46,29.46,,0.0,29.46
O0006181,O0006181-3,SKU00348,1,64.96,64.96,,0.0,64.96
O0006181,O0006181-4,SKU00345,1,60.26,60.26,,0.0,60.26
O0006182,O0006182-1,SKU00183,1,17.38,17.38,,0.0,17.38
O0006182,O0006182-2,SKU00038,1,50.53,50.53,,0.0,50.53
O0006182,O0006182-3,SKU00310,1,44.67,44.67,,0.0,44.67
O0006182,O0006182-4,SKU00206,2,31.05,62.1,,0.0,62.1
O0006183,O0006183-1,SKU00138,1,17.97,17.97,,0.0,17.97
O0006184,O0006184-1,SKU00395,1,26.26,26.26,,0.0,26.26
O0006185,O0006185-1,SKU00047,1,79.17,79.17,,0.0,79.17
O0006186,O0006186-1,SKU00266,1,28.62,28.62,,0.0,28.62
O0006187,O0006187-1,SKU00300,3,29.05,87.15,,0.0,87.15
O0006187,O0006187-2,SKU00003,1,28.95,28.95,,0.0,28.95
O0006187,O0006187-3,SKU00316,2,21.03,42.06,,0.0,42.06
O0006188,O0006188-1,SKU00008,1,26.23,26.23,,0.0,26.23
O0006189,O0006189-1,SKU00332,1,104.52,104.52,,0.0,104.52
O0006190,O0006190-1,SKU00151,1,20.05,20.05,,0.0,20.05
O0006191,O0006191-1,SKU00114,1,29.46,29.46,,0.0,29.46
O0006191,O0006191-2,SKU00049,1,49.27,49.27,,0.0,49.27
O0006192,O0006192-1,SKU00146,1,60.33,60.33,,0.0,60.33
O0006192,O0006192-2,SKU00273,1,56.47,56.47,,0.0,56.47
O0006192,O0006192-3,SKU00046,1,23.8,23.8,,0.0,23.8
O0006192,O0006192-4,SKU00232,1,34.95,34.95,,0.0,34.95
O0006193,O0006193-1,SKU00157,1,70.71,70.71,,0.0,70.71
O0006194,O0006194-1,SKU00263,1,21.58,21.58,,0.0,21.58
O0006194,O0006194-2,SKU00391,1,57.23,57.23,,0.0,57.23
O0006195,O0006195-1,SKU00233,1,21.18,21.18,,0.0,21.18
O0006195,O0006195-2,SKU00364,1,45.23,45.23,,0.0,45.23
O0006196,O0006196-1,SKU00350,1,53.2,53.2,,0.0,53.2
O0006197,O0006197-1,SKU00049,2,49.27,98.54,,0.0,98.54
O0006197,O0006197-2,SKU00063,1,26.13,26.13,,0.0,26.13
O0006198,O0006198-1,SKU00081,1,30.86,30.86,,0.0,30.86
O0006199,O0006199-1,SKU00144,1,27.92,27.92,,0.0,27.92
O0006199,O0006199-2,SKU00117,2,30.62,61.24,,0.0,61.24
O0006200,O0006200-1,SKU00087,1,22.83,22.83,,0.0,22.83
O0006200,O0006200-2,SKU00384,1,16.39,16.39,,0.0,16.39
O0006201,O0006201-1,SKU00317,1,32.85,32.85,,0.0,32.85
O0006202,O0006202-1,SKU00143,2,18.48,36.96,P0043,5.0,31.96
O0006202,O0006202-2,SKU00053,1,49.62,49.62,,0.0,49.62
O0006203,O0006203-1,SKU00120,1,19.69,19.69,,0.0,19.69
O0006203,O0006203-2,SKU00166,1,65.47,65.47,,0.0,65.47
O0006203,O0006203-3,SKU00103,1,32.28,32.28,,0.0,32.28
O0006204,O0006204-1,SKU00219,1,65.58,65.58,,0.0,65.58
O0006204,O0006204-2,SKU00007,1,32.91,32.91,,0.0,32.91
O0006205,O0006205-1,SKU00307,1,36.83,36.83,,0.0,36.83
O0006206,O0006206-1,SKU00268,1,43.83,43.83,,0.0,43.83
O0006207,O0006207-1,SKU00081,1,30.86,30.86,,0.0,30.86
O0006207,O0006207-2,SKU00007,1,32.91,32.91,,0.0,32.91
O0006207,O0006207-3,SKU00385,1,57.12,57.12,,0.0,57.12
O0006208,O0006208-1,SKU00099,1,22.33,22.33,,0.0,22.33
O0006209,O0006209-1,SKU00379,1,36.36,36.36,,0.0,36.36
O0006209,O0006209-2,SKU00311,1,60.22,60.22,,0.0,60.22
O0006210,O0006210-1,SKU00170,1,29.26,29.26,,0.0,29.26
O0006210,O0006210-2,SKU00179,1,14.26,14.26,,0.0,14.26
O0006211,O0006211-1,SKU00130,3,66.52,199.56,,0.0,199.56
O0006212,O0006212-1,SKU00161,1,12.51,12.51,,0.0,12.51
O0006213,O0006213-1,SKU00281,1,52.93,52.93,,0.0,52.93
O0006214,O0006214-1,SKU00176,1,24.92,24.92,,0.0,24.92
O0006214,O0006214-2,SKU00082,2,35.63,71.26,,0.0,71.26
O0006214,O0006214-3,SKU00016,1,33.83,33.83,,0.0,33.83
O0006215,O0006215-1,SKU00160,1,42.59,42.59,,0.0,42.59
O0006215,O0006215-2,SKU00293,1,70.96,70.96,,0.0,70.96
O0006216,O0006216-1,SKU00024,1,39.92,39.92,,0.0,39.92
O0006217,O0006217-1,SKU00282,1,46.15,46.15,,0.0,46.15
O0006217,O0006217-2,SKU00131,1,34.39,34.39,,0.0,34.39
O0006218,O0006218-1,SKU00166,1,65.47,65.47,,0.0,65.47
O0006218,O0006218-2,SKU00188,1,58.74,58.74,,0.0,58.74
O0006219,O0006219-1,SKU00349,1,18.05,18.05,,0.0,18.05
O0006219,O0006219-2,SKU00151,1,20.05,20.05,,0.0,20.05
O0006220,O0006220-1,SKU00199,2,60.64,121.28,,0.0,121.28
O0006220,O0006220-2,SKU00069,2,19.77,39.54,,0.0,39.54
O0006221,O0006221-1,SKU00287,1,61.4,61.4,,0.0,61.4
O0006222,O0006222-1,SKU00253,1,51.01,51.01,,0.0,51.01
O0006222,O0006222-2,SKU00080,1,45.12,45.12,,0.0,45.12
O0006223,O0006223-1,SKU00102,1,12.21,12.21,,0.0,12.21
O0006223,O0006223-2,SKU00019,2,23.04,46.08,P0043,5.0,41.08
O0006224,O0006224-1,SKU00259,1,40.89,40.89,,0.0,40.89
O0006225,O0006225-1,SKU00233,1,21.18,21.18,,0.0,21.18
O0006226,O0006226-1,SKU00292,2,51.63,103.26,,0.0,103.26
O0006226,O0006226-2,SKU00113,1,49.01,49.01,,0.0,49.01
O0006227,O0006227-1,SKU00258,2,50.85,101.7,,0.0,101.7
O0006227,O0006227-2,SKU00385,1,57.12,57.12,,0.0,57.12
O0006227,O0006227-3,SKU00035,1,57.12,57.12,,0.0,57.12
O0006228,O0006228-1,SKU00379,1,36.36,36.36,,0.0,36.36
O0006228,O0006228-2,SKU00036,1,42.54,42.54,,0.0,42.54
O0006229,O0006229-1,SKU00050,1,25.95,25.95,,0.0,25.95
O0006229,O0006229-2,SKU00387,1,38.08,38.08,,0.0,38.08
O0006230,O0006230-1,SKU00309,3,39.31,117.93,,0.0,117.93
O0006230,O0006230-2,SKU00304,1,28.55,28.55,,0.0,28.55
O0006231,O0006231-1,SKU00080,1,45.12,45.12,,0.0,45.12
O0006231,O0006231-2,SKU00306,2,36.9,73.8,,0.0,73.8
O0006231,O0006231-3,SKU00119,2,37.15,74.3,,0.0,74.3
O0006232,O0006232-1,SKU00344,2,9.99,19.98,,0.0,19.98
O0006233,O0006233-1,SKU00254,1,18.56,18.56,,0.0,18.56
O0006234,O0006234-1,SKU00322,1,22.71,22.71,,0.0,22.71
O0006234,O0006234-2,SKU00073,2,61.83,123.66,,0.0,123.66
O0006235,O0006235-1,SKU00082,1,35.63,35.63,,0.0,35.63
O0006236,O0006236-1,SKU00307,1,36.83,36.83,,0.0,36.83
O0006236,O0006236-2,SKU00260,1,38.96,38.96,,0.0,38.96
O0006236,O0006236-3,SKU00095,2,53.11,106.22,,0.0,106.22
O0006237,O0006237-1,SKU00249,1,31.28,31.28,,0.0,31.28
O0006237,O0006237-2,SKU00097,1,30.01,30.01,,0.0,30.01
O0006238,O0006238-1,SKU00079,1,43.31,43.31,,0.0,43.31
O0006238,O0006238-2,SKU00127,1,44.81,44.81,,0.0,44.81
O0006239,O0006239-1,SKU00111,3,50.04,150.12,,0.0,150.12
O0006240,O0006240-1,SKU00265,1,26.72,26.72,,0.0,26.72
O0006240,O0006240-2,SKU00233,2,21.18,42.36,,0.0,42.36
O0006240,O0006240-3,SKU00160,1,42.59,42.59,,0.0,42.59
O0006241,O0006241-1,SKU00164,1,38.71,38.71,,0.0,38.71
O0006241,O0006241-2,SKU00141,3,78.13,234.39,,0.0,234.39
O0006242,O0006242-1,SKU00061,1,23.77,23.77,,0.0,23.77
O0006242,O0006242-2,SKU00209,2,102.17,204.34,,0.0,204.34
O0006242,O0006242-3,SKU00084,1,33.92,33.92,,0.0,33.92
O0006243,O0006243-1,SKU00026,1,45.44,45.44,,0.0,45.44
O0006243,O0006243-2,SKU00369,1,42.23,42.23,,0.0,42.23
O0006244,O0006244-1,SKU00006,1,31.28,31.28,,0.0,31.28
O0006244,O0006244-2,SKU00357,1,23.0,23.0,,0.0,23.0
O0006244,O0006244-3,SKU00062,2,38.63,77.26,,0.0,77.26
O0006244,O0006244-4,SKU00153,2,61.1,122.2,,0.0,122.2
O0006245,O0006245-1,SKU00312,1,39.88,39.88,,0.0,39.88
O0006246,O0006246-1,SKU00352,2,37.11,74.22,,0.0,74.22
O0006246,O0006246-2,SKU00287,1,61.4,61.4,,0.0,61.4
O0006247,O0006247-1,SKU00010,1,32.93,32.93,,0.0,32.93
O0006247,O0006247-2,SKU00260,1,38.96,38.96,,0.0,38.96
O0006247,O0006247-3,SKU00362,1,26.77,26.77,,0.0,26.77
O0006248,O0006248-1,SKU00025,1,42.44,42.44,,0.0,42.44
O0006248,O0006248-2,SKU00390,1,38.26,38.26,,0.0,38.26
O0006248,O0006248-3,SKU00385,2,57.12,114.24,,0.0,114.24
O0006249,O0006249-1,SKU00269,1,28.75,28.75,,0.0,28.75
O0006249,O0006249-2,SKU00144,1,27.92,27.92,,0.0,27.92
O0006250,O0006250-1,SKU00344,1,9.99,9.99,,0.0,9.99
O0006250,O0006250-2,SKU00286,2,54.7,109.4,,0.0,109.4
O0006251,O0006251-1,SKU00025,2,42.44,84.88,,0.0,84.88
O0006251,O0006251-2,SKU00246,1,38.15,38.15,,0.0,38.15
O0006252,O0006252-1,SKU00003,1,28.95,28.95,,0.0,28.95
O0006253,O0006253-1,SKU00379,2,36.36,72.72,,0.0,72.72
O0006253,O0006253-2,SKU00079,3,43.31,129.93,,0.0,129.93
O0006253,O0006253-3,SKU00086,2,72.82,145.64,,0.0,145.64
O0006254,O0006254-1,SKU00009,3,52.68,158.04,,0.0,158.04
O0006254,O0006254-2,SKU00177,1,41.83,41.83,,0.0,41.83
O0006255,O0006255-1,SKU00093,1,55.17,55.17,,0.0,55.17
O0006255,O0006255-2,SKU00097,2,30.01,60.02,,0.0,60.02
O0006255,O0006255-3,SKU00219,2,65.58,131.16,,0.0,131.16
O0006255,O0006255-4,SKU00222,1,30.96,30.96,,0.0,30.96
O0006256,O0006256-1,SKU00234,1,20.16,20.16,,0.0,20.16
O0006256,O0006256-2,SKU00368,1,19.96,19.96,,0.0,19.96
O0006256,O0006256-3,SKU00100,1,17.02,17.02,,0.0,17.02
O0006257,O0006257-1,SKU00300,1,29.05,29.05,,0.0,29.05
O0006257,O0006257-2,SKU00273,1,56.47,56.47,,0.0,56.47
O0006258,O0006258-1,SKU00183,1,17.38,17.38,,0.0,17.38
O0006259,O0006259-1,SKU00389,1,51.94,51.94,,0.0,51.94
O0006260,O0006260-1,SKU00025,2,42.44,84.88,,0.0,84.88
O0006260,O0006260-2,SKU00321,1,13.85,13.85,,0.0,13.85
O0006261,O0006261-1,SKU00328,1,35.12,35.12,,0.0,35.12
O0006261,O0006261-2,SKU00076,1,31.8,31.8,,0.0,31.8
O0006262,O0006262-1,SKU00346,1,102.61,102.61,,0.0,102.61
O0006263,O0006263-1,SKU00142,1,61.52,61.52,,0.0,61.52
O0006264,O0006264-1,SKU00366,1,33.09,33.09,,0.0,33.09
O0006264,O0006264-2,SKU00335,1,18.97,18.97,,0.0,18.97
O0006265,O0006265-1,SKU00008,1,26.23,26.23,,0.0,26.23
O0006265,O0006265-2,SKU00286,1,54.7,54.7,,0.0,54.7
O0006265,O0006265-3,SKU00228,2,106.95,213.9,,0.0,213.9
O0006266,O0006266-1,SKU00339,2,36.52,73.04,,0.0,73.04
O0006266,O0006266-2,SKU00387,1,38.08,38.08,,0.0,38.08
O0006267,O0006267-1,SKU00372,3,19.15,57.45,,0.0,57.45
O0006267,O0006267-2,SKU00270,2,46.55,93.1,,0.0,93.1
O0006268,O0006268-1,SKU00378,1,38.51,38.51,,0.0,38.51
O0006269,O0006269-1,SKU00275,1,50.32,50.32,,0.0,50.32
O0006270,O0006270-1,SKU00326,1,34.94,34.94,,0.0,34.94
O0006270,O0006270-2,SKU00063,2,26.13,52.26,,0.0,52.26
O0006270,O0006270-3,SKU00329,3,37.64,112.92,,0.0,112.92
O0006271,O0006271-1,SKU00209,1,102.17,102.17,,0.0,102.17
O0006272,O0006272-1,SKU00115,1,25.28,25.28,,0.0,25.28
O0006272,O0006272-2,SKU00143,1,18.48,18.48,,0.0,18.48
O0006272,O0006272-3,SKU00016,1,33.83,33.83,,0.0,33.83
O0006273,O0006273-1,SKU00379,3,36.36,109.08,,0.0,109.08
O0006273,O0006273-2,SKU00232,1,34.95,34.95,,0.0,34.95
O0006274,O0006274-1,SKU00160,1,42.59,42.59,,0.0,42.59
O0006274,O0006274-2,SKU00224,1,53.56,53.56,,0.0,53.56
O0006274,O0006274-3,SKU00061,1,23.77,23.77,,0.0,23.77
O0006274,O0006274-4,SKU00291,1,33.52,33.52,,0.0,33.52
O0006275,O0006275-1,SKU00130,1,66.52,66.52,,0.0,66.52
O0006275,O0006275-2,SKU00084,2,33.92,67.84,,0.0,67.84
O0006276,O0006276-1,SKU00067,1,20.67,20.67,,0.0,20.67
O0006276,O0006276-2,SKU00252,1,57.03,57.03,,0.0,57.03
O0006276,O0006276-3,SKU00363,1,45.39,45.39,,0.0,45.39
O0006277,O0006277-1,SKU00364,1,45.23,45.23,,0.0,45.23
O0006277,O0006277-2,SKU00089,1,49.77,49.77,,0.0,49.77
O0006278,O0006278-1,SKU00100,1,17.02,17.02,,0.0,17.02
O0006278,O0006278-2,SKU00199,1,60.64,60.64,,0.0,60.64
O0006278,O0006278-3,SKU00265,1,26.72,26.72,,0.0,26.72
O0006279,O0006279-1,SKU00149,1,26.89,26.89,,0.0,26.89
O0006279,O0006279-2,SKU00063,2,26.13,52.26,,0.0,52.26
O0006280,O0006280-1,SKU00227,1,105.48,105.48,,0.0,105.48
O0006280,O0006280-2,SKU00139,1,52.17,52.17,,0.0,52.17
O0006281,O0006281-1,SKU00189,1,53.14,53.14,,0.0,53.14
O0006282,O0006282-1,SKU00290,2,42.67,85.34,,0.0,85.34
O0006282,O0006282-2,SKU00119,1,37.15,37.15,,0.0,37.15
O0006283,O0006283-1,SKU00211,1,88.68,88.68,,0.0,88.68
O0006284,O0006284-1,SKU00178,1,55.23,55.23,,0.0,55.23
O0006285,O0006285-1,SKU00209,1,102.17,102.17,,0.0,102.17
O0006286,O0006286-1,SKU00233,1,21.18,21.18,,0.0,21.18
O0006286,O0006286-2,SKU00325,1,27.6,27.6,,0.0,27.6
O0006286,O0006286-3,SKU00042,1,72.45,72.45,,0.0,72.45
O0006287,O0006287-1,SKU00233,1,21.18,21.18,,0.0,21.18
O0006287,O0006287-2,SKU00041,1,31.32,31.32,,0.0,31.32
O0006288,O0006288-1,SKU00061,2,23.77,47.54,,0.0,47.54
O0006288,O0006288-2,SKU00334,2,17.99,35.98,,0.0,35.98
O0006288,O0006288-3,SKU00132,1,44.43,44.43,,0.0,44.43
O0006289,O0006289-1,SKU00239,1,15.42,15.42,,0.0,15.42
O0006289,O0006289-2,SKU00041,2,31.32,62.64,,0.0,62.64
O0006290,O0006290-1,SKU00009,1,52.68,52.68,,0.0,52.68
O0006291,O0006291-1,SKU00137,2,60.17,120.34,,0.0,120.34
O0006292,O0006292-1,SKU00303,1,66.84,66.84,,0.0,66.84
O0006293,O0006293-1,SKU00266,1,28.62,28.62,,0.0,28.62
O0006293,O0006293-2,SKU00393,1,14.38,14.38,,0.0,14.38
O0006293,O0006293-3,SKU00076,1,31.8,31.8,,0.0,31.8
O0006293,O0006293-4,SKU00160,2,42.59,85.18,,0.0,85.18
O0006294,O0006294-1,SKU00255,2,82.33,164.66,,0.0,164.66
O0006294,O0006294-2,SKU00103,1,32.28,32.28,,0.0,32.28
O0006294,O0006294-3,SKU00060,2,76.86,153.72,,0.0,153.72
O0006295,O0006295-1,SKU00360,1,93.89,93.89,,0.0,93.89
O0006295,O0006295-2,SKU00113,1,49.01,49.01,,0.0,49.01
O0006295,O0006295-3,SKU00010,1,32.93,32.93,,0.0,32.93
O0006295,O0006295-4,SKU00142,2,61.52,123.04,,0.0,123.04
O0006296,O0006296-1,SKU00281,1,52.93,52.93,,0.0,52.93
O0006297,O0006297-1,SKU00098,1,54.0,54.0,,0.0,54.0
O0006298,O0006298-1,SKU00307,1,36.83,36.83,,0.0,36.83
O0006298,O0006298-2,SKU00247,1,43.87,43.87,,0.0,43.87
O0006298,O0006298-3,SKU00095,1,53.11,53.11,,0.0,53.11
O0006299,O0006299-1,SKU00130,1,66.52,66.52,,0.0,66.52
O0006299,O0006299-2,SKU00076,1,31.8,31.8,,0.0,31.8
O0006299,O0006299-3,SKU00134,1,31.13,31.13,,0.0,31.13
O0006300,O0006300-1,SKU00301,1,30.77,30.77,P0055,6.15,24.62
O0006300,O0006300-2,SKU00225,1,25.36,25.36,,0.0,25.36
O0006301,O0006301-1,SKU00276,3,22.08,66.24,,0.0,66.24
O0006302,O0006302-1,SKU00245,1,49.62,49.62,,0.0,49.62
O0006303,O0006303-1,SKU00304,1,28.55,28.55,,0.0,28.55
O0006304,O0006304-1,SKU00047,1,79.17,79.17,,0.0,79.17
O0006304,O0006304-2,SKU00263,3,21.58,64.74,,0.0,64.74
O0006304,O0006304-3,SKU00331,1,21.15,21.15,,0.0,21.15
O0006305,O0006305-1,SKU00391,1,57.23,57.23,,0.0,57.23
O0006305,O0006305-2,SKU00215,2,33.08,66.16,,0.0,66.16
O0006306,O0006306-1,SKU00281,1,52.93,52.93,,0.0,52.93
O0006306,O0006306-2,SKU00321,1,13.85,13.85,,0.0,13.85
O0006306,O0006306-3,SKU00042,1,72.45,72.45,,0.0,72.45
O0006307,O0006307-1,SKU00270,1,46.55,46.55,,0.0,46.55
O0006307,O0006307-2,SKU00253,1,51.01,51.01,,0.0,51.01
O0006308,O0006308-1,SKU00391,1,57.23,57.23,,0.0,57.23
O0006308,O0006308-2,SKU00135,1,42.96,42.96,,0.0,42.96
O0006309,O0006309-1,SKU00379,1,36.36,36.36,,0.0,36.36
O0006309,O0006309-2,SKU00240,1,78.86,78.86,,0.0,78.86
O0006310,O0006310-1,SKU00177,1,41.83,41.83,,0.0,41.83
O0006310,O0006310-2,SKU00143,2,18.48,36.96,,0.0,36.96
O0006310,O0006310-3,SKU00093,1,55.17,55.17,,0.0,55.17
O0006311,O0006311-1,SKU00013,1,31.04,31.04,P0027,9.31,21.73
O0006312,O0006312-1,SKU00142,1,61.52,61.52,,0.0,61.52
O0006313,O0006313-1,SKU00160,1,42.59,42.59,,0.0,42.59
O0006313,O0006313-2,SKU00259,1,40.89,40.89,,0.0,40.89
O0006314,O0006314-1,SKU00231,1,34.06,34.06,,0.0,34.06
O0006314,O0006314-2,SKU00087,1,22.83,22.83,,0.0,22.83
O0006314,O0006314-3,SKU00181,1,47.26,47.26,,0.0,47.26
O0006314,O0006314-4,SKU00365,1,26.67,26.67,,0.0,26.67
O0006315,O0006315-1,SKU00140,1,56.17,56.17,,0.0,56.17
O0006315,O0006315-2,SKU00395,1,26.26,26.26,,0.0,26.26
O0006316,O0006316-1,SKU00147,1,41.64,41.64,,0.0,41.64
O0006316,O0006316-2,SKU00016,1,33.83,33.83,,0.0,33.83
O0006317,O0006317-1,SKU00263,1,21.58,21.58,,0.0,21.58
O0006318,O0006318-1,SKU00274,1,14.47,14.47,,0.0,14.47
O0006318,O0006318-2,SKU00276,1,22.08,22.08,,0.0,22.08
O0006319,O0006319-1,SKU00189,1,53.14,53.14,,0.0,53.14
O0006319,O0006319-2,SKU00123,2,28.95,57.9,,0.0,57.9
O0006319,O0006319-3,SKU00249,2,31.28,62.56,,0.0,62.56
O0006319,O0006319-4,SKU00346,1,102.61,102.61,,0.0,102.61
O0006320,O0006320-1,SKU00303,1,66.84,66.84,,0.0,66.84
O0006320,O0006320-2,SKU00399,3,38.17,114.51,,0.0,114.51
O0006321,O0006321-1,SKU00184,1,34.06,34.06,,0.0,34.06
O0006321,O0006321-2,SKU00191,1,45.24,45.24,,0.0,45.24
O0006322,O0006322-1,SKU00283,1,85.39,85.39,,0.0,85.39
O0006322,O0006322-2,SKU00399,2,38.17,76.34,,0.0,76.34
O0006322,O0006322-3,SKU00143,1,18.48,18.48,,0.0,18.48
O0006323,O0006323-1,SKU00219,2,65.58,131.16,,0.0,131.16
O0006323,O0006323-2,SKU00166,1,65.47,65.47,,0.0,65.47
O0006324,O0006324-1,SKU00292,1,51.63,51.63,,0.0,51.63
O0006324,O0006324-2,SKU00398,3,85.14,255.42,,0.0,255.42
O0006325,O0006325-1,SKU00327,1,44.41,44.41,,0.0,44.41
O0006325,O0006325-2,SKU00323,1,39.02,39.02,,0.0,39.02
O0006325,O0006325-3,SKU00152,3,57.95,173.85,,0.0,173.85
O0006325,O0006325-4,SKU00022,1,28.83,28.83,,0.0,28.83
O0006326,O0006326-1,SKU00348,1,64.96,64.96,,0.0,64.96
O0006327,O0006327-1,SKU00109,1,88.61,88.61,,0.0,88.61
O0006328,O0006328-1,SKU00378,1,38.51,38.51,,0.0,38.51
O0006328,O0006328-2,SKU00341,1,47.08,47.08,,0.0,47.08
O0006328,O0006328-3,SKU00038,1,50.53,50.53,,0.0,50.53
O0006329,O0006329-1,SKU00309,1,39.31,39.31,,0.0,39.31
O0006329,O0006329-2,SKU00070,3,44.51,133.53,,0.0,133.53
O0006329,O0006329-3,SKU00278,1,54.54,54.54,,0.0,54.54
O0006329,O0006329-4,SKU00132,2,44.43,88.86,,0.0,88.86
O0006330,O0006330-1,SKU00389,1,51.94,51.94,,0.0,51.94
O0006330,O0006330-2,SKU00070,1,44.51,44.51,,0.0,44.51
O0006330,O0006330-3,SKU00335,1,18.97,18.97,,0.0,18.97
O0006330,O0006330-4,SKU00140,3,56.17,168.51,,0.0,168.51
O0006331,O0006331-1,SKU00183,2,17.38,34.76,P0027,10.43,24.33
O0006332,O0006332-1,SKU00095,1,53.11,53.11,,0.0,53.11
O0006332,O0006332-2,SKU00131,1,34.39,34.39,,0.0,34.39
O0006332,O0006332-3,SKU00165,1,18.9,18.9,,0.0,18.9
O0006333,O0006333-1,SKU00147,1,41.64,41.64,,0.0,41.64
O0006334,O0006334-1,SKU00364,1,45.23,45.23,,0.0,45.23
O0006334,O0006334-2,SKU00291,1,33.52,33.52,,0.0,33.52
O0006335,O0006335-1,SKU00251,2,23.58,47.16,,0.0,47.16
O0006335,O0006335-2,SKU00069,3,19.77,59.31,,0.0,59.31
O0006335,O0006335-3,SKU00035,1,57.12,57.12,,0.0,57.12
O0006336,O0006336-1,SKU00313,1,49.13,49.13,,0.0,49.13
O0006336,O0006336-2,SKU00387,2,38.08,76.16,,0.0,76.16
O0006337,O0006337-1,SKU00395,1,26.26,26.26,,0.0,26.26
O0006337,O0006337-2,SKU00012,1,9.88,9.88,,0.0,9.88
O0006338,O0006338-1,SKU00021,2,49.41,98.82,,0.0,98.82
O0006339,O0006339-1,SKU00286,1,54.7,54.7,,0.0,54.7
O0006340,O0006340-1,SKU00228,1,106.95,106.95,,0.0,106.95
O0006340,O0006340-2,SKU00145,1,34.93,34.93,,0.0,34.93
O0006341,O0006341-1,SKU00333,1,45.51,45.51,,0.0,45.51
O0006342,O0006342-1,SKU00397,1,66.5,66.5,,0.0,66.5
O0006342,O0006342-2,SKU00079,1,43.31,43.31,,0.0,43.31
O0006342,O0006342-3,SKU00240,1,78.86,78.86,,0.0,78.86
O0006343,O0006343-1,SKU00372,1,19.15,19.15,,0.0,19.15
O0006343,O0006343-2,SKU00192,1,37.74,37.74,,0.0,37.74
O0006343,O0006343-3,SKU00159,1,47.62,47.62,,0.0,47.62
O0006344,O0006344-1,SKU00238,1,69.04,69.04,,0.0,69.04
O0006344,O0006344-2,SKU00248,2,48.06,96.12,,0.0,96.12
O0006345,O0006345-1,SKU00190,1,45.12,45.12,,0.0,45.12
O0006346,O0006346-1,SKU00389,1,51.94,51.94,,0.0,51.94
O0006346,O0006346-2,SKU00249,1,31.28,31.28,,0.0,31.28
O0006347,O0006347-1,SKU00066,1,52.48,52.48,,0.0,52.48
O0006347,O0006347-2,SKU00140,2,56.17,112.34,,0.0,112.34
O0006348,O0006348-1,SKU00364,1,45.23,45.23,,0.0,45.23
O0006348,O0006348-2,SKU00097,1,30.01,30.01,,0.0,30.01
O0006349,O0006349-1,SKU00126,1,40.15,40.15,,0.0,40.15
O0006349,O0006349-2,SKU00263,1,21.58,21.58,,0.0,21.58
O0006349,O0006349-3,SKU00390,1,38.26,38.26,,0.0,38.26
O0006349,O0006349-4,SKU00156,1,25.39,25.39,,0.0,25.39
O0006350,O0006350-1,SKU00292,1,51.63,51.63,,0.0,51.63
O0006350,O0006350-2,SKU00083,2,54.82,109.64,,0.0,109.64
O0006350,O0006350-3,SKU00365,1,26.67,26.67,,0.0,26.67
O0006351,O0006351-1,SKU00386,1,42.93,42.93,,0.0,42.93
O0006352,O0006352-1,SKU00221,1,31.0,31.0,,0.0,31.0
O0006352,O0006352-2,SKU00334,1,17.99,17.99,,0.0,17.99
O0006353,O0006353-1,SKU00198,1,39.26,39.26,,0.0,39.26
O0006354,O0006354-1,SKU00107,1,64.03,64.03,,0.0,64.03
O0006354,O0006354-2,SKU00034,1,45.57,45.57,,0.0,45.57
O0006355,O0006355-1,SKU00200,1,61.25,61.25,,0.0,61.25
O0006356,O0006356-1,SKU00296,1,48.03,48.03,,0.0,48.03
O0006356,O0006356-2,SKU00212,2,20.15,40.3,,0.0,40.3
O0006357,O0006357-1,SKU00145,1,34.93,34.93,,0.0,34.93
O0006357,O0006357-2,SKU00012,1,9.88,9.88,,0.0,9.88
O0006358,O0006358-1,SKU00328,2,35.12,70.24,,0.0,70.24
O0006358,O0006358-2,SKU00126,1,40.15,40.15,,0.0,40.15
O0006359,O0006359-1,SKU00070,1,44.51,44.51,,0.0,44.51
O0006359,O0006359-2,SKU00178,1,55.23,55.23,,0.0,55.23
O0006360,O0006360-1,SKU00347,1,61.23,61.23,,0.0,61.23
O0006361,O0006361-1,SKU00354,1,27.28,27.28,,0.0,27.28
O0006362,O0006362-1,SKU00041,1,31.32,31.32,,0.0,31.32
O0006362,O0006362-2,SKU00180,1,37.89,37.89,,0.0,37.89
O0006362,O0006362-3,SKU00028,1,35.88,35.88,,0.0,35.88
O0006363,O0006363-1,SKU00120,1,19.69,19.69,,0.0,19.69
O0006363,O0006363-2,SKU00013,1,31.04,31.04,,0.0,31.04
O0006363,O0006363-3,SKU00219,1,65.58,65.58,P0036,9.84,55.74
O0006364,O0006364-1,SKU00234,1,20.16,20.16,,0.0,20.16
O0006365,O0006365-1,SKU00008,1,26.23,26.23,,0.0,26.23
O0006366,O0006366-1,SKU00086,1,72.82,72.82,,0.0,72.82
O0006366,O0006366-2,SKU00015,2,66.48,132.96,,0.0,132.96
O0006367,O0006367-1,SKU00351,1,52.83,52.83,,0.0,52.83
O0006368,O0006368-1,SKU00362,3,26.77,80.31,,0.0,80.31
O0006369,O0006369-1,SKU00127,1,44.81,44.81,,0.0,44.81
O0006369,O0006369-2,SKU00356,2,12.98,25.96,,0.0,25.96
O0006370,O0006370-1,SKU00108,1,19.31,19.31,,0.0,19.31
O0006370,O0006370-2,SKU00058,1,55.01,55.01,,0.0,55.01
O0006371,O0006371-1,SKU00140,1,56.17,56.17,,0.0,56.17
O0006371,O0006371-2,SKU00121,1,58.38,58.38,,0.0,58.38
O0006372,O0006372-1,SKU00097,1,30.01,30.01,,0.0,30.01
O0006373,O0006373-1,SKU00187,1,39.15,39.15,,0.0,39.15
O0006373,O0006373-2,SKU00183,2,17.38,34.76,,0.0,34.76
O0006374,O0006374-1,SKU00371,1,48.42,48.42,,0.0,48.42
O0006374,O0006374-2,SKU00117,1,30.62,30.62,,0.0,30.62
O0006374,O0006374-3,SKU00120,1,19.69,19.69,,0.0,19.69
O0006375,O0006375-1,SKU00290,1,42.67,42.67,,0.0,42.67
O0006375,O0006375-2,SKU00358,1,36.52,36.52,,0.0,36.52
O0006375,O0006375-3,SKU00198,1,39.26,39.26,P0036,5.89,33.37
O0006376,O0006376-1,SKU00005,2,8.67,17.34,,0.0,17.34
O0006376,O0006376-2,SKU00046,1,23.8,23.8,,0.0,23.8
O0006377,O0006377-1,SKU00358,1,36.52,36.52,,0.0,36.52
O0006378,O0006378-1,SKU00351,1,52.83,52.83,,0.0,52.83
O0006378,O0006378-2,SKU00187,1,39.15,39.15,,0.0,39.15
O0006378,O0006378-3,SKU00147,3,41.64,124.92,,0.0,124.92
O0006379,O0006379-1,SKU00017,2,37.58,75.16,,0.0,75.16
O0006380,O0006380-1,SKU00298,1,21.47,21.47,,0.0,21.47
O0006381,O0006381-1,SKU00016,2,33.83,67.66,,0.0,67.66
O0006381,O0006381-2,SKU00290,2,42.67,85.34,,0.0,85.34
O0006382,O0006382-1,SKU00349,1,18.05,18.05,,0.0,18.05
O0006383,O0006383-1,SKU00226,1,84.67,84.67,,0.0,84.67
O0006383,O0006383-2,SKU00254,1,18.56,18.56,,0.0,18.56
O0006384,O0006384-1,SKU00324,1,70.29,70.29,,0.0,70.29
O0006385,O0006385-1,SKU00099,1,22.33,22.33,,0.0,22.33
O0006385,O0006385-2,SKU00130,1,66.52,66.52,,0.0,66.52
O0006385,O0006385-3,SKU00036,1,42.54,42.54,,0.0,42.54
O0006386,O0006386-1,SKU00221,1,31.0,31.0,,0.0,31.0
O0006386,O0006386-2,SKU00086,1,72.82,72.82,,0.0,72.82
O0006386,O0006386-3,SKU00181,1,47.26,47.26,,0.0,47.26
O0006386,O0006386-4,SKU00334,1,17.99,17.99,,0.0,17.99
O0006387,O0006387-1,SKU00145,1,34.93,34.93,,0.0,34.93
O0006387,O0006387-2,SKU00104,1,73.97,73.97,,0.0,73.97
O0006388,O0006388-1,SKU00290,1,42.67,42.67,,0.0,42.67
O0006389,O0006389-1,SKU00361,1,44.18,44.18,,0.0,44.18
O0006390,O0006390-1,SKU00100,1,17.02,17.02,,0.0,17.02
O0006390,O0006390-2,SKU00357,1,23.0,23.0,,0.0,23.0
O0006391,O0006391-1,SKU00251,2,23.58,47.16,,0.0,47.16
O0006391,O0006391-2,SKU00004,2,22.35,44.7,,0.0,44.7
O0006392,O0006392-1,SKU00140,1,56.17,56.17,,0.0,56.17
O0006393,O0006393-1,SKU00137,1,60.17,60.17,,0.0,60.17
O0006393,O0006393-2,SKU00213,1,45.05,45.05,,0.0,45.05
O0006393,O0006393-3,SKU00187,1,39.15,39.15,,0.0,39.15
O0006394,O0006394-1,SKU00295,1,42.42,42.42,,0.0,42.42
O0006395,O0006395-1,SKU00060,1,76.86,76.86,,0.0,76.86
O0006396,O0006396-1,SKU00281,1,52.93,52.93,,0.0,52.93
O0006396,O0006396-2,SKU00079,1,43.31,43.31,,0.0,43.31
O0006397,O0006397-1,SKU00146,1,60.33,60.33,P0036,9.05,51.28
O0006397,O0006397-2,SKU00299,1,33.57,33.57,,0.0,33.57
O0006397,O0006397-3,SKU00213,1,45.05,45.05,,0.0,45.05
O0006398,O0006398-1,SKU00250,1,32.56,32.56,P0023,8.14,24.42
O0006398,O0006398-2,SKU00127,1,44.81,44.81,,0.0,44.81
O0006399,O0006399-1,SKU00015,1,66.48,66.48,,0.0,66.48
O0006399,O0006399-2,SKU00062,1,38.63,38.63,,0.0,38.63
O0006400,O0006400-1,SKU00139,1,52.17,52.17,,0.0,52.17
O0006400,O0006400-2,SKU00044,2,26.97,53.94,,0.0,53.94
O0006400,O0006400-3,SKU00267,1,82.59,82.59,,0.0,82.59
O0006401,O0006401-1,SKU00117,1,30.62,30.62,,0.0,30.62
O0006402,O0006402-1,SKU00371,1,48.42,48.42,P0023,12.1,36.32
O0006403,O0006403-1,SKU00196,3,36.14,108.42,,0.0,108.42
O0006403,O0006403-2,SKU00348,2,64.96,129.92,,0.0,129.92
O0006404,O0006404-1,SKU00001,1,32.38,32.38,,0.0,32.38
O0006405,O0006405-1,SKU00319,1,45.64,45.64,P0023,11.41,34.23
O0006406,O0006406-1,SKU00293,1,70.96,70.96,,0.0,70.96
O0006406,O0006406-2,SKU00294,1,47.23,47.23,,0.0,47.23
O0006407,O0006407-1,SKU00043,2,50.54,101.08,,0.0,101.08
O0006407,O0006407-2,SKU00397,1,66.5,66.5,,0.0,66.5
O0006408,O0006408-1,SKU00303,2,66.84,133.68,,0.0,133.68
O0006408,O0006408-2,SKU00319,1,45.64,45.64,,0.0,45.64
O0006409,O0006409-1,SKU00149,1,26.89,26.89,,0.0,26.89
O0006409,O0006409-2,SKU00329,1,37.64,37.64,,0.0,37.64
O0006410,O0006410-1,SKU00250,1,32.56,32.56,,0.0,32.56
O0006410,O0006410-2,SKU00097,1,30.01,30.01,,0.0,30.01
O0006410,O0006410-3,SKU00146,1,60.33,60.33,,0.0,60.33
O0006410,O0006410-4,SKU00016,3,33.83,101.49,,0.0,101.49
O0006411,O0006411-1,SKU00095,1,53.11,53.11,,0.0,53.11
O0006412,O0006412-1,SKU00026,1,45.44,45.44,,0.0,45.44
O0006413,O0006413-1,SKU00378,1,38.51,38.51,,0.0,38.51
O0006413,O0006413-2,SKU00100,1,17.02,17.02,,0.0,17.02
O0006413,O0006413-3,SKU00291,1,33.52,33.52,,0.0,33.52
O0006413,O0006413-4,SKU00219,1,65.58,65.58,,0.0,65.58
O0006414,O0006414-1,SKU00139,1,52.17,52.17,,0.0,52.17
O0006414,O0006414-2,SKU00324,1,70.29,70.29,,0.0,70.29
O0006415,O0006415-1,SKU00392,1,45.36,45.36,,0.0,45.36
O0006415,O0006415-2,SKU00170,1,29.26,29.26,,0.0,29.26
O0006416,O0006416-1,SKU00028,1,35.88,35.88,,0.0,35.88
O0006416,O0006416-2,SKU00260,1,38.96,38.96,,0.0,38.96
O0006417,O0006417-1,SKU00237,1,54.4,54.4,,0.0,54.4
O0006417,O0006417-2,SKU00026,1,45.44,45.44,,0.0,45.44
O0006418,O0006418-1,SKU00270,2,46.55,93.1,P0036,13.96,79.14
O0006419,O0006419-1,SKU00223,1,22.77,22.77,,0.0,22.77
O0006420,O0006420-1,SKU00328,1,35.12,35.12,,0.0,35.12
O0006420,O0006420-2,SKU00083,1,54.82,54.82,,0.0,54.82
O0006421,O0006421-1,SKU00255,1,82.33,82.33,,0.0,82.33
O0006422,O0006422-1,SKU00274,2,14.47,28.94,,0.0,28.94
O0006422,O0006422-2,SKU00004,1,22.35,22.35,,0.0,22.35
O0006423,O0006423-1,SKU00285,1,40.54,40.54,,0.0,40.54
O0006423,O0006423-2,SKU00033,3,24.44,73.32,,0.0,73.32
O0006424,O0006424-1,SKU00234,1,20.16,20.16,,0.0,20.16
O0006424,O0006424-2,SKU00255,1,82.33,82.33,,0.0,82.33
O0006424,O0006424-3,SKU00387,1,38.08,38.08,,0.0,38.08
O0006425,O0006425-1,SKU00044,1,26.97,26.97,,0.0,26.97
O0006425,O0006425-2,SKU00360,1,93.89,93.89,,0.0,93.89
O0006426,O0006426-1,SKU00245,1,49.62,49.62,,0.0,49.62
O0006426,O0006426-2,SKU00093,2,55.17,110.34,,0.0,110.34
O0006427,O0006427-1,SKU00293,1,70.96,70.96,,0.0,70.96
O0006427,O0006427-2,SKU00147,1,41.64,41.64,,0.0,41.64
O0006427,O0006427-3,SKU00111,1,50.04,50.04,P0036,7.51,42.53
O0006428,O0006428-1,SKU00105,1,52.33,52.33,,0.0,52.33
O0006429,O0006429-1,SKU00074,1,76.62,76.62,,0.0,76.62
O0006430,O0006430-1,SKU00122,1,22.77,22.77,,0.0,22.77
O0006430,O0006430-2,SKU00036,1,42.54,42.54,,0.0,42.54
O0006430,O0006430-3,SKU00168,1,26.49,26.49,,0.0,26.49
O0006431,O0006431-1,SKU00397,1,66.5,66.5,,0.0,66.5
O0006431,O0006431-2,SKU00300,1,29.05,29.05,,0.0,29.05
O0006431,O0006431-3,SKU00279,2,31.74,63.48,,0.0,63.48
O0006432,O0006432-1,SKU00108,1,19.31,19.31,,0.0,19.31
O0006433,O0006433-1,SKU00291,1,33.52,33.52,,0.0,33.52
O0006433,O0006433-2,SKU00097,1,30.01,30.01,,0.0,30.01
O0006434,O0006434-1,SKU00052,1,57.74,57.74,P0036,8.66,49.08
O0006434,O0006434-2,SKU00124,1,29.76,29.76,,0.0,29.76
O0006434,O0006434-3,SKU00023,2,57.22,114.44,,0.0,114.44
O0006435,O0006435-1,SKU00196,1,36.14,36.14,,0.0,36.14
O0006436,O0006436-1,SKU00175,1,44.19,44.19,,0.0,44.19
O0006436,O0006436-2,SKU00258,1,50.85,50.85,,0.0,50.85
O0006436,O0006436-3,SKU00110,1,38.93,38.93,,0.0,38.93
O0006436,O0006436-4,SKU00001,1,32.38,32.38,,0.0,32.38
O0006437,O0006437-1,SKU00095,2,53.11,106.22,,0.0,106.22
O0006437,O0006437-2,SKU00098,3,54.0,162.0,,0.0,162.0
O0006438,O0006438-1,SKU00321,1,13.85,13.85,,0.0,13.85
O0006438,O0006438-2,SKU00139,1,52.17,52.17,,0.0,52.17
O0006438,O0006438-3,SKU00242,1,41.5,41.5,,0.0,41.5
O0006439,O0006439-1,SKU00351,3,52.83,158.49,P0023,39.62,118.87
O0006439,O0006439-2,SKU00312,3,39.88,119.64,,0.0,119.64
O0006440,O0006440-1,SKU00206,2,31.05,62.1,,0.0,62.1
O0006440,O0006440-2,SKU00056,1,38.71,38.71,,0.0,38.71
O0006440,O0006440-3,SKU00354,3,27.28,81.84,,0.0,81.84
O0006441,O0006441-1,SKU00361,1,44.18,44.18,,0.0,44.18
O0006442,O0006442-1,SKU00199,1,60.64,60.64,,0.0,60.64
O0006443,O0006443-1,SKU00362,1,26.77,26.77,,0.0,26.77
O0006444,O0006444-1,SKU00205,1,35.8,35.8,,0.0,35.8
O0006444,O0006444-2,SKU00346,1,102.61,102.61,,0.0,102.61
O0006445,O0006445-1,SKU00188,2,58.74,117.48,,0.0,117.48
O0006445,O0006445-2,SKU00213,1,45.05,45.05,,0.0,45.05
O0006446,O0006446-1,SKU00388,1,37.93,37.93,,0.0,37.93
O0006447,O0006447-1,SKU00333,1,45.51,45.51,,0.0,45.51
O0006447,O0006447-2,SKU00302,1,26.48,26.48,,0.0,26.48
O0006448,O0006448-1,SKU00165,1,18.9,18.9,,0.0,18.9
O0006448,O0006448-2,SKU00301,1,30.77,30.77,P0023,7.69,23.08
O0006448,O0006448-3,SKU00344,1,9.99,9.99,,0.0,9.99
O0006449,O0006449-1,SKU00312,3,39.88,119.64,,0.0,119.64
O0006449,O0006449-2,SKU00002,1,57.3,57.3,,0.0,57.3
O0006450,O0006450-1,SKU00223,1,22.77,22.77,,0.0,22.77
O0006451,O0006451-1,SKU00154,1,62.36,62.36,,0.0,62.36
O0006451,O0006451-2,SKU00015,1,66.48,66.48,,0.0,66.48
O0006452,O0006452-1,SKU00269,1,28.75,28.75,,0.0,28.75
O0006452,O0006452-2,SKU00055,1,66.78,66.78,,0.0,66.78
O0006453,O0006453-1,SKU00323,1,39.02,39.02,,0.0,39.02
O0006454,O0006454-1,SKU00343,2,45.56,91.12,,0.0,91.12
O0006454,O0006454-2,SKU00250,1,32.56,32.56,,0.0,32.56
O0006454,O0006454-3,SKU00148,1,39.39,39.39,,0.0,39.39
O0006455,O0006455-1,SKU00397,2,66.5,133.0,,0.0,133.0
O0006455,O0006455-2,SKU00077,1,17.01,17.01,,0.0,17.01
O0006456,O0006456-1,SKU00102,2,12.21,24.42,,0.0,24.42
O0006456,O0006456-2,SKU00099,1,22.33,22.33,,0.0,22.33
O0006457,O0006457-1,SKU00365,3,26.67,80.01,,0.0,80.01
O0006458,O0006458-1,SKU00396,1,15.54,15.54,,0.0,15.54
O0006458,O0006458-2,SKU00250,3,32.56,97.68,,0.0,97.68
O0006458,O0006458-3,SKU00103,1,32.28,32.28,,0.0,32.28
O0006459,O0006459-1,SKU00088,1,49.61,49.61,,0.0,49.61
O0006459,O0006459-2,SKU00378,2,38.51,77.02,,0.0,77.02
O0006459,O0006459-3,SKU00183,1,17.38,17.38,,0.0,17.38
O0006459,O0006459-4,SKU00160,1,42.59,42.59,,0.0,42.59
O0006460,O0006460-1,SKU00187,1,39.15,39.15,,0.0,39.15
O0006460,O0006460-2,SKU00007,1,32.91,32.91,,0.0,32.91
O0006460,O0006460-3,SKU00188,2,58.74,117.48,,0.0,117.48
O0006460,O0006460-4,SKU00309,1,39.31,39.31,P0036,5.9,33.41
O0006461,O0006461-1,SKU00290,1,42.67,42.67,,0.0,42.67
O0006461,O0006461-2,SKU00219,1,65.58,65.58,,0.0,65.58
O0006461,O0006461-3,SKU00192,1,37.74,37.74,,0.0,37.74
O0006462,O0006462-1,SKU00269,2,28.75,57.5,,0.0,57.5
O0006463,O0006463-1,SKU00105,3,52.33,156.99,,0.0,156.99
O0006463,O0006463-2,SKU00323,1,39.02,39.02,P0023,9.76,29.26
O0006463,O0006463-3,SKU00309,1,39.31,39.31,,0.0,39.31
O0006464,O0006464-1,SKU00142,1,61.52,61.52,,0.0,61.52
O0006464,O0006464-2,SKU00270,1,46.55,46.55,P0036,6.98,39.57
O0006465,O0006465-1,SKU00127,1,44.81,44.81,,0.0,44.81
O0006466,O0006466-1,SKU00250,1,32.56,32.56,,0.0,32.56
O0006466,O0006466-2,SKU00078,1,17.22,17.22,,0.0,17.22
O0006466,O0006466-3,SKU00248,1,48.06,48.06,,0.0,48.06
O0006466,O0006466-4,SKU00192,2,37.74,75.48,,0.0,75.48
O0006467,O0006467-1,SKU00295,1,42.42,42.42,,0.0,42.42
O0006467,O0006467-2,SKU00176,1,24.92,24.92,,0.0,24.92
O0006468,O0006468-1,SKU00310,1,44.67,44.67,,0.0,44.67
O0006468,O0006468-2,SKU00118,2,21.46,42.92,,0.0,42.92
O0006469,O0006469-1,SKU00043,1,50.54,50.54,,0.0,50.54
O0006469,O0006469-2,SKU00219,2,65.58,131.16,,0.0,131.16
O0006469,O0006469-3,SKU00350,2,53.2,106.4,,0.0,106.4
O0006470,O0006470-1,SKU00326,1,34.94,34.94,,0.0,34.94
O0006471,O0006471-1,SKU00215,1,33.08,33.08,,0.0,33.08
O0006471,O0006471-2,SKU00265,1,26.72,26.72,,0.0,26.72
O0006472,O0006472-1,SKU00262,2,10.7,21.4,P0023,5.35,16.05
O0006472,O0006472-2,SKU00038,1,50.53,50.53,,0.0,50.53
O0006472,O0006472-3,SKU00191,1,45.24,45.24,,0.0,45.24
O0006473,O0006473-1,SKU00203,1,71.32,71.32,,0.0,71.32
O0006474,O0006474-1,SKU00037,1,30.33,30.33,,0.0,30.33
O0006475,O0006475-1,SKU00354,1,27.28,27.28,,0.0,27.28
O0006476,O0006476-1,SKU00107,2,64.03,128.06,,0.0,128.06
O0006476,O0006476-2,SKU00205,1,35.8,35.8,,0.0,35.8
O0006476,O0006476-3,SKU00085,1,51.96,51.96,,0.0,51.96
O0006476,O0006476-4,SKU00020,1,42.57,42.57,P0023,10.64,31.93
O0006477,O0006477-1,SKU00174,1,57.96,57.96,P0023,14.49,43.47
O0006477,O0006477-2,SKU00180,1,37.89,37.89,,0.0,37.89
O0006478,O0006478-1,SKU00215,1,33.08,33.08,,0.0,33.08
O0006479,O0006479-1,SKU00369,1,42.23,42.23,,0.0,42.23
O0006479,O0006479-2,SKU00206,1,31.05,31.05,,0.0,31.05
O0006479,O0006479-3,SKU00315,1,65.19,65.19,,0.0,65.19
O0006479,O0006479-4,SKU00357,3,23.0,69.0,,0.0,69.0
O0006480,O0006480-1,SKU00312,1,39.88,39.88,,0.0,39.88
O0006480,O0006480-2,SKU00265,1,26.72,26.72,,0.0,26.72
O0006481,O0006481-1,SKU00273,1,56.47,56.47,,0.0,56.47
O0006481,O0006481-2,SKU00044,1,26.97,26.97,,0.0,26.97
O0006482,O0006482-1,SKU00151,2,20.05,40.1,,0.0,40.1
O0006483,O0006483-1,SKU00158,1,19.54,19.54,P0023,4.88,14.66
O0006483,O0006483-2,SKU00342,1,38.94,38.94,P0023,9.74,29.2
O0006484,O0006484-1,SKU00357,1,23.0,23.0,,0.0,23.0
O0006484,O0006484-2,SKU00036,1,42.54,42.54,,0.0,42.54
O0006484,O0006484-3,SKU00150,3,41.46,124.38,,0.0,124.38
O0006484,O0006484-4,SKU00291,1,33.52,33.52,,0.0,33.52
O0006485,O0006485-1,SKU00223,1,22.77,22.77,,0.0,22.77
O0006486,O0006486-1,SKU00208,2,15.73,31.46,,0.0,31.46
O0006486,O0006486-2,SKU00378,1,38.51,38.51,,0.0,38.51
O0006486,O0006486-3,SKU00130,1,66.52,66.52,,0.0,66.52
O0006487,O0006487-1,SKU00128,1,24.13,24.13,,0.0,24.13
O0006487,O0006487-2,SKU00281,1,52.93,52.93,,0.0,52.93
O0006488,O0006488-1,SKU00304,1,28.55,28.55,,0.0,28.55
O0006489,O0006489-1,SKU00357,1,23.0,23.0,,0.0,23.0
O0006489,O0006489-2,SKU00127,1,44.81,44.81,,0.0,44.81
O0006490,O0006490-1,SKU00129,1,38.65,38.65,,0.0,38.65
O0006491,O0006491-1,SKU00196,1,36.14,36.14,,0.0,36.14
O0006492,O0006492-1,SKU00016,3,33.83,101.49,,0.0,101.49
O0006492,O0006492-2,SKU00062,1,38.63,38.63,,0.0,38.63
O0006493,O0006493-1,SKU00258,3,50.85,152.55,,0.0,152.55
O0006494,O0006494-1,SKU00040,1,46.34,46.34,,0.0,46.34
O0006494,O0006494-2,SKU00232,1,34.95,34.95,,0.0,34.95
O0006494,O0006494-3,SKU00082,2,35.63,71.26,,0.0,71.26
O0006495,O0006495-1,SKU00374,1,34.49,34.49,,0.0,34.49
O0006495,O0006495-2,SKU00195,2,41.24,82.48,,0.0,82.48
O0006496,O0006496-1,SKU00278,2,54.54,109.08,,0.0,109.08
O0006496,O0006496-2,SKU00113,3,49.01,147.03,,0.0,147.03
O0006496,O0006496-3,SKU00044,2,26.97,53.94,,0.0,53.94
O0006497,O0006497-1,SKU00038,1,50.53,50.53,,0.0,50.53
O0006498,O0006498-1,SKU00368,1,19.96,19.96,,0.0,19.96
O0006498,O0006498-2,SKU00187,1,39.15,39.15,,0.0,39.15
O0006499,O0006499-1,SKU00057,1,34.63,34.63,,0.0,34.63
O0006499,O0006499-2,SKU00009,1,52.68,52.68,,0.0,52.68
O0006499,O0006499-3,SKU00084,1,33.92,33.92,,0.0,33.92
O0006499,O0006499-4,SKU00356,1,12.98,12.98,,0.0,12.98
O0006500,O0006500-1,SKU00111,2,50.04,100.08,,0.0,100.08
O0006501,O0006501-1,SKU00205,1,35.8,35.8,,0.0,35.8
O0006501,O0006501-2,SKU00379,1,36.36,36.36,,0.0,36.36
O0006502,O0006502-1,SKU00391,1,57.23,57.23,,0.0,57.23
O0006502,O0006502-2,SKU00171,1,60.15,60.15,,0.0,60.15
O0006503,O0006503-1,SKU00165,1,18.9,18.9,,0.0,18.9
O0006503,O0006503-2,SKU00011,1,31.25,31.25,,0.0,31.25
O0006503,O0006503-3,SKU00215,1,33.08,33.08,,0.0,33.08
O0006503,O0006503-4,SKU00001,1,32.38,32.38,,0.0,32.38
O0006504,O0006504-1,SKU00149,1,26.89,26.89,,0.0,26.89
O0006504,O0006504-2,SKU00222,1,30.96,30.96,,0.0,30.96
O0006505,O0006505-1,SKU00230,2,49.13,98.26,,0.0,98.26
O0006505,O0006505-2,SKU00110,1,38.93,38.93,P0023,9.73,29.2
O0006505,O0006505-3,SKU00365,1,26.67,26.67,,0.0,26.67
O0006506,O0006506-1,SKU00251,1,23.58,23.58,,0.0,23.58
O0006507,O0006507-1,SKU00152,1,57.95,57.95,,0.0,57.95
O0006507,O0006507-2,SKU00040,1,46.34,46.34,,0.0,46.34
O0006508,O0006508-1,SKU00351,1,52.83,52.83,P0023,13.21,39.62
O0006509,O0006509-1,SKU00347,1,61.23,61.23,,0.0,61.23
O0006510,O0006510-1,SKU00259,3,40.89,122.67,,0.0,122.67
O0006510,O0006510-2,SKU00287,1,61.4,61.4,,0.0,61.4
O0006511,O0006511-1,SKU00303,2,66.84,133.68,,0.0,133.68
O0006511,O0006511-2,SKU00384,2,16.39,32.78,,0.0,32.78
O0006512,O0006512-1,SKU00061,1,23.77,23.77,,0.0,23.77
O0006513,O0006513-1,SKU00034,1,45.57,45.57,,0.0,45.57
O0006513,O0006513-2,SKU00037,1,30.33,30.33,,0.0,30.33
O0006513,O0006513-3,SKU00226,1,84.67,84.67,,0.0,84.67
O0006514,O0006514-1,SKU00195,1,41.24,41.24,,0.0,41.24
O0006515,O0006515-1,SKU00292,1,51.63,51.63,,0.0,51.63
O0006516,O0006516-1,SKU00220,1,42.7,42.7,,0.0,42.7
O0006516,O0006516-2,SKU00355,1,41.61,41.61,,0.0,41.61
O0006517,O0006517-1,SKU00141,2,78.13,156.26,,0.0,156.26
O0006517,O0006517-2,SKU00398,2,85.14,170.28,,0.0,170.28
O0006518,O0006518-1,SKU00330,2,61.47,122.94,,0.0,122.94
O0006518,O0006518-2,SKU00286,1,54.7,54.7,,0.0,54.7
O0006519,O0006519-1,SKU00160,1,42.59,42.59,,0.0,42.59
O0006519,O0006519-2,SKU00058,1,55.01,55.01,,0.0,55.01
O0006519,O0006519-3,SKU00281,1,52.93,52.93,,0.0,52.93
O0006520,O0006520-1,SKU00241,1,46.38,46.38,,0.0,46.38
O0006520,O0006520-2,SKU00301,1,30.77,30.77,,0.0,30.77
O0006520,O0006520-3,SKU00169,1,38.7,38.7,,0.0,38.7
O0006521,O0006521-1,SKU00055,1,66.78,66.78,,0.0,66.78
O0006522,O0006522-1,SKU00245,1,49.62,49.62,,0.0,49.62
O0006522,O0006522-2,SKU00055,2,66.78,133.56,,0.0,133.56
O0006523,O0006523-1,SKU00143,1,18.48,18.48,,0.0,18.48
O0006523,O0006523-2,SKU00095,1,53.11,53.11,,0.0,53.11
O0006523,O0006523-3,SKU00319,1,45.64,45.64,,0.0,45.64
O0006523,O0006523-4,SKU00003,1,28.95,28.95,,0.0,28.95
O0006524,O0006524-1,SKU00205,2,35.8,71.6,,0.0,71.6
O0006524,O0006524-2,SKU00015,1,66.48,66.48,P0036,9.97,56.51
O0006525,O0006525-1,SKU00196,1,36.14,36.14,,0.0,36.14
O0006526,O0006526-1,SKU00175,1,44.19,44.19,,0.0,44.19
O0006527,O0006527-1,SKU00160,1,42.59,42.59,,0.0,42.59
O0006527,O0006527-2,SKU00167,1,22.6,22.6,,0.0,22.6
O0006527,O0006527-3,SKU00332,1,104.52,104.52,P0036,15.68,88.84
O0006528,O0006528-1,SKU00279,1,31.74,31.74,,0.0,31.74
O0006528,O0006528-2,SKU00232,1,34.95,34.95,,0.0,34.95
O0006529,O0006529-1,SKU00186,1,34.13,34.13,,0.0,34.13
O0006530,O0006530-1,SKU00006,1,31.28,31.28,,0.0,31.28
O0006531,O0006531-1,SKU00184,1,34.06,34.06,,0.0,34.06
O0006531,O0006531-2,SKU00233,1,21.18,21.18,,0.0,21.18
O0006532,O0006532-1,SKU00330,1,61.47,61.47,,0.0,61.47
O0006532,O0006532-2,SKU00268,1,43.83,43.83,,0.0,43.83
O0006532,O0006532-3,SKU00188,1,58.74,58.74,,0.0,58.74
O0006533,O0006533-1,SKU00169,2,38.7,77.4,P0023,19.35,58.05
O0006534,O0006534-1,SKU00177,1,41.83,41.83,,0.0,41.83
O0006534,O0006534-2,SKU00364,2,45.23,90.46,,0.0,90.46
O0006535,O0006535-1,SKU00008,1,26.23,26.23,,0.0,26.23
O0006535,O0006535-2,SKU00263,3,21.58,64.74,,0.0,64.74
O0006536,O0006536-1,SKU00360,1,93.89,93.89,,0.0,93.89
O0006537,O0006537-1,SKU00391,2,57.23,114.46,,0.0,114.46
O0006537,O0006537-2,SKU00253,1,51.01,51.01,,0.0,51.01
O0006537,O0006537-3,SKU00151,3,20.05,60.15,P0027,18.04,42.11
O0006538,O0006538-1,SKU00367,1,50.59,50.59,,0.0,50.59
O0006538,O0006538-2,SKU00360,1,93.89,93.89,,0.0,93.89
O0006538,O0006538-3,SKU00322,1,22.71,22.71,,0.0,22.71
O0006538,O0006538-4,SKU00333,1,45.51,45.51,,0.0,45.51
O0006539,O0006539-1,SKU00093,1,55.17,55.17,,0.0,55.17
O0006539,O0006539-2,SKU00242,1,41.5,41.5,,0.0,41.5
O0006540,O0006540-1,SKU00115,1,25.28,25.28,,0.0,25.28
O0006541,O0006541-1,SKU00023,3,57.22,171.66,P0036,25.75,145.91
O0006541,O0006541-2,SKU00057,1,34.63,34.63,,0.0,34.63
O0006541,O0006541-3,SKU00354,1,27.28,27.28,,0.0,27.28
O0006542,O0006542-1,SKU00006,2,31.28,62.56,,0.0,62.56
O0006542,O0006542-2,SKU00234,1,20.16,20.16,,0.0,20.16
O0006543,O0006543-1,SKU00358,1,36.52,36.52,,0.0,36.52
O0006543,O0006543-2,SKU00034,2,45.57,91.14,,0.0,91.14
O0006544,O0006544-1,SKU00081,1,30.86,30.86,,0.0,30.86
O0006544,O0006544-2,SKU00200,1,61.25,61.25,,0.0,61.25
O0006544,O0006544-3,SKU00046,1,23.8,23.8,P0027,7.14,16.66
O0006545,O0006545-1,SKU00383,1,37.66,37.66,,0.0,37.66
O0006546,O0006546-1,SKU00015,1,66.48,66.48,,0.0,66.48
O0006546,O0006546-2,SKU00283,1,85.39,85.39,,0.0,85.39
O0006547,O0006547-1,SKU00019,1,23.04,23.04,,0.0,23.04
O0006547,O0006547-2,SKU00205,1,35.8,35.8,,0.0,35.8
O0006548,O0006548-1,SKU00363,1,45.39,45.39,,0.0,45.39
O0006548,O0006548-2,SKU00333,1,45.51,45.51,,0.0,45.51
O0006549,O0006549-1,SKU00396,2,15.54,31.08,,0.0,31.08
O0006549,O0006549-2,SKU00319,1,45.64,45.64,,0.0,45.64
O0006550,O0006550-1,SKU00166,1,65.47,65.47,,0.0,65.47
O0006551,O0006551-1,SKU00172,1,17.17,17.17,,0.0,17.17
O0006551,O0006551-2,SKU00160,1,42.59,42.59,,0.0,42.59
O0006552,O0006552-1,SKU00042,3,72.45,217.35,,0.0,217.35
O0006552,O0006552-2,SKU00255,1,82.33,82.33,,0.0,82.33
O0006553,O0006553-1,SKU00162,1,65.18,65.18,,0.0,65.18
O0006553,O0006553-2,SKU00363,3,45.39,136.17,,0.0,136.17
O0006554,O0006554-1,SKU00217,1,31.07,31.07,,0.0,31.07
O0006555,O0006555-1,SKU00259,1,40.89,40.89,,0.0,40.89
O0006555,O0006555-2,SKU00252,1,57.03,57.03,,0.0,57.03
O0006555,O0006555-3,SKU00247,2,43.87,87.74,,0.0,87.74
O0006555,O0006555-4,SKU00217,1,31.07,31.07,,0.0,31.07
O0006556,O0006556-1,SKU00310,1,44.67,44.67,P0023,11.17,33.5
O0006557,O0006557-1,SKU00198,1,39.26,39.26,,0.0,39.26
O0006557,O0006557-2,SKU00070,2,44.51,89.02,,0.0,89.02
O0006558,O0006558-1,SKU00243,1,34.82,34.82,,0.0,34.82
O0006558,O0006558-2,SKU00154,1,62.36,62.36,,0.0,62.36
O0006558,O0006558-3,SKU00078,1,17.22,17.22,,0.0,17.22
O0006558,O0006558-4,SKU00037,1,30.33,30.33,,0.0,30.33
O0006559,O0006559-1,SKU00368,1,19.96,19.96,,0.0,19.96
O0006559,O0006559-2,SKU00176,1,24.92,24.92,,0.0,24.92
O0006560,O0006560-1,SKU00187,1,39.15,39.15,,0.0,39.15
O0006561,O0006561-1,SKU00082,1,35.63,35.63,,0.0,35.63
O0006561,O0006561-2,SKU00369,1,42.23,42.23,,0.0,42.23
O0006562,O0006562-1,SKU00002,1,57.3,57.3,,0.0,57.3
O0006562,O0006562-2,SKU00086,1,72.82,72.82,,0.0,72.82
O0006562,O0006562-3,SKU00081,1,30.86,30.86,,0.0,30.86
O0006563,O0006563-1,SKU00089,2,49.77,99.54,,0.0,99.54
O0006563,O0006563-2,SKU00349,1,18.05,18.05,,0.0,18.05
O0006564,O0006564-1,SKU00029,1,36.29,36.29,,0.0,36.29
O0006564,O0006564-2,SKU00301,1,30.77,30.77,,0.0,30.77
O0006565,O0006565-1,SKU00200,1,61.25,61.25,,0.0,61.25
O0006565,O0006565-2,SKU00174,1,57.96,57.96,,0.0,57.96
O0006566,O0006566-1,SKU00180,1,37.89,37.89,P0023,9.47,28.42
O0006567,O0006567-1,SKU00387,2,38.08,76.16,,0.0,76.16
O0006567,O0006567-2,SKU00325,2,27.6,55.2,,0.0,55.2
O0006567,O0006567-3,SKU00308,1,57.22,57.22,,0.0,57.22
O0006568,O0006568-1,SKU00070,3,44.51,133.53,,0.0,133.53
O0006568,O0006568-2,SKU00069,3,19.77,59.31,,0.0,59.31
O0006569,O0006569-1,SKU00237,1,54.4,54.4,,0.0,54.4
O0006570,O0006570-1,SKU00180,1,37.89,37.89,,0.0,37.89
O0006570,O0006570-2,SKU00098,2,54.0,108.0,,0.0,108.0
O0006571,O0006571-1,SKU00106,1,24.61,24.61,,0.0,24.61
O0006572,O0006572-1,SKU00391,3,57.23,171.69,,0.0,171.69
O0006572,O0006572-2,SKU00119,3,37.15,111.45,,0.0,111.45
O0006573,O0006573-1,SKU00397,1,66.5,66.5,,0.0,66.5
O0006573,O0006573-2,SKU00340,1,30.34,30.34,,0.0,30.34
O0006574,O0006574-1,SKU00026,1,45.44,45.44,,0.0,45.44
O0006574,O0006574-2,SKU00168,1,26.49,26.49,,0.0,26.49
O0006574,O0006574-3,SKU00366,1,33.09,33.09,,0.0,33.09
O0006574,O0006574-4,SKU00391,1,57.23,57.23,,0.0,57.23
O0006575,O0006575-1,SKU00302,1,26.48,26.48,,0.0,26.48
O0006575,O0006575-2,SKU00389,1,51.94,51.94,,0.0,51.94
O0006575,O0006575-3,SKU00316,1,21.03,21.03,,0.0,21.03
O0006576,O0006576-1,SKU00306,1,36.9,36.9,,0.0,36.9
O0006577,O0006577-1,SKU00146,1,60.33,60.33,,0.0,60.33
O0006577,O0006577-2,SKU00382,1,19.75,19.75,,0.0,19.75
O0006577,O0006577-3,SKU00006,1,31.28,31.28,,0.0,31.28
O0006578,O0006578-1,SKU00301,1,30.77,30.77,,0.0,30.77
O0006578,O0006578-2,SKU00317,2,32.85,65.7,,0.0,65.7
O0006579,O0006579-1,SKU00228,1,106.95,106.95,,0.0,106.95
O0006579,O0006579-2,SKU00383,1,37.66,37.66,,0.0,37.66
O0006579,O0006579-3,SKU00163,2,29.45,58.9,,0.0,58.9
O0006580,O0006580-1,SKU00198,3,39.26,117.78,P0036,17.67,100.11
O0006581,O0006581-1,SKU00178,1,55.23,55.23,P0027,16.57,38.66
O0006581,O0006581-2,SKU00163,2,29.45,58.9,,0.0,58.9
O0006581,O0006581-3,SKU00322,2,22.71,45.42,,0.0,45.42
O0006582,O0006582-1,SKU00208,1,15.73,15.73,,0.0,15.73
O0006583,O0006583-1,SKU00142,1,61.52,61.52,,0.0,61.52
O0006583,O0006583-2,SKU00318,1,30.41,30.41,,0.0,30.41
O0006583,O0006583-3,SKU00057,1,34.63,34.63,,0.0,34.63
O0006583,O0006583-4,SKU00043,1,50.54,50.54,,0.0,50.54
O0006584,O0006584-1,SKU00311,2,60.22,120.44,,0.0,120.44
O0006584,O0006584-2,SKU00366,1,33.09,33.09,,0.0,33.09
O0006584,O0006584-3,SKU00066,1,52.48,52.48,,0.0,52.48
O0006584,O0006584-4,SKU00347,1,61.23,61.23,P0027,18.37,42.86
O0006585,O0006585-1,SKU00358,1,36.52,36.52,,0.0,36.52
O0006585,O0006585-2,SKU00236,1,32.17,32.17,,0.0,32.17
O0006585,O0006585-3,SKU00002,1,57.3,57.3,,0.0,57.3
O0006585,O0006585-4,SKU00374,1,34.49,34.49,,0.0,34.49
O0006586,O0006586-1,SKU00087,1,22.83,22.83,,0.0,22.83
O0006587,O0006587-1,SKU00047,1,79.17,79.17,,0.0,79.17
O0006588,O0006588-1,SKU00243,1,34.82,34.82,,0.0,34.82
O0006588,O0006588-2,SKU00388,1,37.93,37.93,,0.0,37.93
O0006588,O0006588-3,SKU00296,2,48.03,96.06,,0.0,96.06
O0006589,O0006589-1,SKU00113,1,49.01,49.01,,0.0,49.01
O0006589,O0006589-2,SKU00057,2,34.63,69.26,,0.0,69.26
O0006590,O0006590-1,SKU00131,1,34.39,34.39,,0.0,34.39
O0006590,O0006590-2,SKU00263,2,21.58,43.16,,0.0,43.16
O0006591,O0006591-1,SKU00175,1,44.19,44.19,,0.0,44.19
O0006592,O0006592-1,SKU00077,1,17.01,17.01,,0.0,17.01
O0006592,O0006592-2,SKU00176,1,24.92,24.92,,0.0,24.92
O0006592,O0006592-3,SKU00367,1,50.59,50.59,,0.0,50.59
O0006593,O0006593-1,SKU00237,2,54.4,108.8,P0027,32.64,76.16
O0006594,O0006594-1,SKU00124,1,29.76,29.76,,0.0,29.76
O0006595,O0006595-1,SKU00261,2,86.51,173.02,,0.0,173.02
O0006595,O0006595-2,SKU00029,1,36.29,36.29,,0.0,36.29
O0006595,O0006595-3,SKU00063,1,26.13,26.13,,0.0,26.13
O0006596,O0006596-1,SKU00360,1,93.89,93.89,,0.0,93.89
O0006596,O0006596-2,SKU00322,1,22.71,22.71,,0.0,22.71
O0006597,O0006597-1,SKU00179,2,14.26,28.52,,0.0,28.52
O0006597,O0006597-2,SKU00203,1,71.32,71.32,,0.0,71.32
O0006598,O0006598-1,SKU00087,2,22.83,45.66,,0.0,45.66
O0006598,O0006598-2,SKU00081,3,30.86,92.58,,0.0,92.58
O0006598,O0006598-3,SKU00243,1,34.82,34.82,,0.0,34.82
O0006598,O0006598-4,SKU00139,1,52.17,52.17,,0.0,52.17
O0006599,O0006599-1,SKU00349,1,18.05,18.05,,0.0,18.05
O0006600,O0006600-1,SKU00052,1,57.74,57.74,,0.0,57.74
O0006601,O0006601-1,SKU00190,2,45.12,90.24,,0.0,90.24
O0006601,O0006601-2,SKU00145,1,34.93,34.93,,0.0,34.93
O0006602,O0006602-1,SKU00157,1,70.71,70.71,,0.0,70.71
O0006603,O0006603-1,SKU00307,1,36.83,36.83,,0.0,36.83
O0006603,O0006603-2,SKU00100,1,17.02,17.02,,0.0,17.02
O0006604,O0006604-1,SKU00028,1,35.88,35.88,,0.0,35.88
O0006605,O0006605-1,SKU00167,2,22.6,45.2,,0.0,45.2
O0006605,O0006605-2,SKU00042,2,72.45,144.9,,0.0,144.9
O0006605,O0006605-3,SKU00347,1,61.23,61.23,,0.0,61.23
O0006606,O0006606-1,SKU00262,1,10.7,10.7,,0.0,10.7
O0006606,O0006606-2,SKU00136,1,52.74,52.74,P0036,7.91,44.83
O0006607,O0006607-1,SKU00326,1,34.94,34.94,,0.0,34.94
O0006608,O0006608-1,SKU00102,1,12.21,12.21,,0.0,12.21
O0006608,O0006608-2,SKU00388,1,37.93,37.93,,0.0,37.93
O0006608,O0006608-3,SKU00063,1,26.13,26.13,,0.0,26.13
O0006609,O0006609-1,SKU00289,1,47.79,47.79,,0.0,47.79
O0006609,O0006609-2,SKU00376,1,37.84,37.84,,0.0,37.84
O0006610,O0006610-1,SKU00087,1,22.83,22.83,,0.0,22.83
O0006611,O0006611-1,SKU00213,3,45.05,135.15,,0.0,135.15
O0006611,O0006611-2,SKU00051,1,57.83,57.83,,0.0,57.83
O0006612,O0006612-1,SKU00227,1,105.48,105.48,,0.0,105.48
O0006612,O0006612-2,SKU00225,1,25.36,25.36,,0.0,25.36
O0006613,O0006613-1,SKU00179,3,14.26,42.78,,0.0,42.78
O0006613,O0006613-2,SKU00083,1,54.82,54.82,,0.0,54.82
O0006614,O0006614-1,SKU00316,1,21.03,21.03,,0.0,21.03
O0006614,O0006614-2,SKU00070,1,44.51,44.51,,0.0,44.51
O0006614,O0006614-3,SKU00194,3,40.96,122.88,,0.0,122.88
O0006614,O0006614-4,SKU00381,1,81.55,81.55,,0.0,81.55
O0006615,O0006615-1,SKU00018,1,20.66,20.66,,0.0,20.66
O0006616,O0006616-1,SKU00397,1,66.5,66.5,,0.0,66.5
O0006616,O0006616-2,SKU00167,1,22.6,22.6,,0.0,22.6
O0006616,O0006616-3,SKU00056,1,38.71,38.71,,0.0,38.71
O0006617,O0006617-1,SKU00396,3,15.54,46.62,,0.0,46.62
O0006617,O0006617-2,SKU00366,1,33.09,33.09,,0.0,33.09
O0006617,O0006617-3,SKU00155,1,44.19,44.19,,0.0,44.19
O0006618,O0006618-1,SKU00173,1,61.04,61.04,,0.0,61.04
O0006618,O0006618-2,SKU00088,1,49.61,49.61,,0.0,49.61
O0006618,O0006618-3,SKU00310,1,44.67,44.67,,0.0,44.67
O0006619,O0006619-1,SKU00212,2,20.15,40.3,,0.0,40.3
O0006620,O0006620-1,SKU00240,1,78.86,78.86,,0.0,78.86
O0006621,O0006621-1,SKU00349,2,18.05,36.1,,0.0,36.1
O0006621,O0006621-2,SKU00115,1,25.28,25.28,,0.0,25.28
O0006621,O0006621-3,SKU00346,1,102.61,102.61,P0036,15.39,87.22
O0006622,O0006622-1,SKU00364,1,45.23,45.23,,0.0,45.23
O0006623,O0006623-1,SKU00253,2,51.01,102.02,,0.0,102.02
O0006623,O0006623-2,SKU00357,1,23.0,23.0,,0.0,23.0
O0006623,O0006623-3,SKU00276,1,22.08,22.08,,0.0,22.08
O0006624,O0006624-1,SKU00381,1,81.55,81.55,P0023,20.39,61.16
O0006624,O0006624-2,SKU00183,1,17.38,17.38,,0.0,17.38
O0006624,O0006624-3,SKU00144,1,27.92,27.92,,0.0,27.92
O0006625,O0006625-1,SKU00119,1,37.15,37.15,,0.0,37.15
O0006626,O0006626-1,SKU00395,1,26.26,26.26,,0.0,26.26
O0006627,O0006627-1,SKU00169,1,38.7,38.7,,0.0,38.7
O0006628,O0006628-1,SKU00011,1,31.25,31.25,,0.0,31.25
O0006629,O0006629-1,SKU00149,1,26.89,26.89,,0.0,26.89
O0006629,O0006629-2,SKU00238,1,69.04,69.04,,0.0,69.04
O0006630,O0006630-1,SKU00086,1,72.82,72.82,,0.0,72.82
O0006631,O0006631-1,SKU00023,1,57.22,57.22,,0.0,57.22
O0006631,O0006631-2,SKU00040,1,46.34,46.34,,0.0,46.34
O0006632,O0006632-1,SKU00121,1,58.38,58.38,,0.0,58.38
O0006632,O0006632-2,SKU00114,1,29.46,29.46,,0.0,29.46
O0006632,O0006632-3,SKU00252,1,57.03,57.03,,0.0,57.03
O0006632,O0006632-4,SKU00334,1,17.99,17.99,,0.0,17.99
O0006633,O0006633-1,SKU00015,1,66.48,66.48,,0.0,66.48
O0006633,O0006633-2,SKU00324,1,70.29,70.29,,0.0,70.29
O0006634,O0006634-1,SKU00052,1,57.74,57.74,P0036,8.66,49.08
O0006634,O0006634-2,SKU00180,1,37.89,37.89,,0.0,37.89
O0006635,O0006635-1,SKU00129,1,38.65,38.65,,0.0,38.65
O0006635,O0006635-2,SKU00134,1,31.13,31.13,,0.0,31.13
O0006636,O0006636-1,SKU00220,1,42.7,42.7,,0.0,42.7
O0006636,O0006636-2,SKU00393,1,14.38,14.38,,0.0,14.38
O0006636,O0006636-3,SKU00124,1,29.76,29.76,,0.0,29.76
O0006637,O0006637-1,SKU00364,1,45.23,45.23,,0.0,45.23
O0006638,O0006638-1,SKU00195,1,41.24,41.24,,0.0,41.24
O0006638,O0006638-2,SKU00007,1,32.91,32.91,,0.0,32.91
O0006638,O0006638-3,SKU00302,2,26.48,52.96,,0.0,52.96
O0006638,O0006638-4,SKU00043,2,50.54,101.08,,0.0,101.08
O0006639,O0006639-1,SKU00002,1,57.3,57.3,,0.0,57.3
O0006640,O0006640-1,SKU00049,1,49.27,49.27,,0.0,49.27
O0006641,O0006641-1,SKU00330,1,61.47,61.47,,0.0,61.47
O0006641,O0006641-2,SKU00004,1,22.35,22.35,,0.0,22.35
O0006642,O0006642-1,SKU00028,1,35.88,35.88,,0.0,35.88
O0006643,O0006643-1,SKU00330,1,61.47,61.47,,0.0,61.47
O0006643,O0006643-2,SKU00012,1,9.88,9.88,,0.0,9.88
O0006644,O0006644-1,SKU00281,2,52.93,105.86,,0.0,105.86
O0006644,O0006644-2,SKU00345,1,60.26,60.26,,0.0,60.26
O0006645,O0006645-1,SKU00152,1,57.95,57.95,P0036,8.69,49.26
O0006645,O0006645-2,SKU00090,1,36.81,36.81,,0.0,36.81
O0006646,O0006646-1,SKU00088,3,49.61,148.83,,0.0,148.83
O0006646,O0006646-2,SKU00055,1,66.78,66.78,,0.0,66.78
O0006647,O0006647-1,SKU00203,2,71.32,142.64,,0.0,142.64
O0006647,O0006647-2,SKU00303,2,66.84,133.68,,0.0,133.68
O0006648,O0006648-1,SKU00313,3,49.13,147.39,,0.0,147.39
O0006648,O0006648-2,SKU00329,1,37.64,37.64,,0.0,37.64
O0006649,O0006649-1,SKU00206,1,31.05,31.05,,0.0,31.05
O0006649,O0006649-2,SKU00313,1,49.13,49.13,,0.0,49.13
O0006650,O0006650-1,SKU00025,1,42.44,42.44,,0.0,42.44
O0006650,O0006650-2,SKU00392,1,45.36,45.36,,0.0,45.36
O0006650,O0006650-3,SKU00057,2,34.63,69.26,,0.0,69.26
O0006651,O0006651-1,SKU00075,1,53.82,53.82,,0.0,53.82
O0006652,O0006652-1,SKU00235,1,46.43,46.43,,0.0,46.43
O0006653,O0006653-1,SKU00218,1,16.49,16.49,,0.0,16.49
O0006654,O0006654-1,SKU00363,2,45.39,90.78,,0.0,90.78
O0006654,O0006654-2,SKU00183,1,17.38,17.38,,0.0,17.38
O0006655,O0006655-1,SKU00396,1,15.54,15.54,,0.0,15.54
O0006655,O0006655-2,SKU00399,1,38.17,38.17,,0.0,38.17
O0006656,O0006656-1,SKU00011,1,31.25,31.25,,0.0,31.25
O0006656,O0006656-2,SKU00016,1,33.83,33.83,,0.0,33.83
O0006657,O0006657-1,SKU00389,2,51.94,103.88,,0.0,103.88
O0006657,O0006657-2,SKU00098,1,54.0,54.0,,0.0,54.0
O0006658,O0006658-1,SKU00266,1,28.62,28.62,,0.0,28.62
O0006658,O0006658-2,SKU00218,1,16.49,16.49,,0.0,16.49
O0006658,O0006658-3,SKU00056,1,38.71,38.71,,0.0,38.71
O0006659,O0006659-1,SKU00128,1,24.13,24.13,,0.0,24.13
O0006660,O0006660-1,SKU00295,1,42.42,42.42,,0.0,42.42
O0006660,O0006660-2,SKU00331,1,21.15,21.15,,0.0,21.15
O0006661,O0006661-1,SKU00151,1,20.05,20.05,,0.0,20.05
O0006662,O0006662-1,SKU00128,1,24.13,24.13,,0.0,24.13
O0006662,O0006662-2,SKU00218,1,16.49,16.49,,0.0,16.49
O0006662,O0006662-3,SKU00242,1,41.5,41.5,,0.0,41.5
O0006663,O0006663-1,SKU00359,1,26.27,26.27,,0.0,26.27
O0006664,O0006664-1,SKU00166,1,65.47,65.47,,0.0,65.47
O0006665,O0006665-1,SKU00005,2,8.67,17.34,,0.0,17.34
O0006665,O0006665-2,SKU00097,1,30.01,30.01,,0.0,30.01
O0006665,O0006665-3,SKU00088,1,49.61,49.61,,0.0,49.61
O0006665,O0006665-4,SKU00224,1,53.56,53.56,,0.0,53.56
O0006666,O0006666-1,SKU00303,1,66.84,66.84,,0.0,66.84
O0006666,O0006666-2,SKU00200,1,61.25,61.25,,0.0,61.25
O0006667,O0006667-1,SKU00183,1,17.38,17.38,,0.0,17.38
O0006668,O0006668-1,SKU00323,2,39.02,78.04,,0.0,78.04
O0006669,O0006669-1,SKU00236,1,32.17,32.17,,0.0,32.17
O0006669,O0006669-2,SKU00206,1,31.05,31.05,,0.0,31.05
O0006669,O0006669-3,SKU00102,1,12.21,12.21,,0.0,12.21
O0006670,O0006670-1,SKU00080,1,45.12,45.12,,0.0,45.12
O0006670,O0006670-2,SKU00276,1,22.08,22.08,,0.0,22.08
O0006670,O0006670-3,SKU00196,3,36.14,108.42,,0.0,108.42
O0006670,O0006670-4,SKU00286,1,54.7,54.7,,0.0,54.7
O0006671,O0006671-1,SKU00400,1,33.96,33.96,,0.0,33.96
O0006671,O0006671-2,SKU00156,1,25.39,25.39,,0.0,25.39
O0006671,O0006671-3,SKU00359,1,26.27,26.27,,0.0,26.27
O0006672,O0006672-1,SKU00281,1,52.93,52.93,,0.0,52.93
O0006673,O0006673-1,SKU00223,1,22.77,22.77,,0.0,22.77
O0006673,O0006673-2,SKU00025,1,42.44,42.44,,0.0,42.44
O0006674,O0006674-1,SKU00111,1,50.04,50.04,,0.0,50.04
O0006674,O0006674-2,SKU00276,1,22.08,22.08,,0.0,22.08
O0006674,O0006674-3,SKU00188,3,58.74,176.22,,0.0,176.22
O0006675,O0006675-1,SKU00010,1,32.93,32.93,,0.0,32.93
O0006675,O0006675-2,SKU00057,1,34.63,34.63,,0.0,34.63
O0006676,O0006676-1,SKU00187,1,39.15,39.15,P0036,5.87,33.28
O0006676,O0006676-2,SKU00160,1,42.59,42.59,,0.0,42.59
O0006677,O0006677-1,SKU00197,1,32.23,32.23,,0.0,32.23
O0006677,O0006677-2,SKU00037,1,30.33,30.33,,0.0,30.33
O0006678,O0006678-1,SKU00254,1,18.56,18.56,,0.0,18.56
O0006678,O0006678-2,SKU00238,1,69.04,69.04,,0.0,69.04
O0006678,O0006678-3,SKU00253,1,51.01,51.01,,0.0,51.01
O0006679,O0006679-1,SKU00211,1,88.68,88.68,,0.0,88.68
O0006679,O0006679-2,SKU00040,1,46.34,46.34,,0.0,46.34
O0006679,O0006679-3,SKU00082,1,35.63,35.63,,0.0,35.63
O0006679,O0006679-4,SKU00011,1,31.25,31.25,,0.0,31.25
O0006680,O0006680-1,SKU00022,1,28.83,28.83,,0.0,28.83
O0006681,O0006681-1,SKU00249,1,31.28,31.28,,0.0,31.28
O0006682,O0006682-1,SKU00097,2,30.01,60.02,,0.0,60.02
O0006683,O0006683-1,SKU00331,1,21.15,21.15,,0.0,21.15
O0006684,O0006684-1,SKU00321,1,13.85,13.85,,0.0,13.85
O0006684,O0006684-2,SKU00309,2,39.31,78.62,,0.0,78.62
O0006684,O0006684-3,SKU00379,1,36.36,36.36,,0.0,36.36
O0006685,O0006685-1,SKU00292,2,51.63,103.26,,0.0,103.26
O0006685,O0006685-2,SKU00368,1,19.96,19.96,,0.0,19.96
O0006685,O0006685-3,SKU00223,1,22.77,22.77,,0.0,22.77
O0006686,O0006686-1,SKU00019,1,23.04,23.04,,0.0,23.04
O0006686,O0006686-2,SKU00221,1,31.0,31.0,,0.0,31.0
O0006686,O0006686-3,SKU00197,1,32.23,32.23,,0.0,32.23
O0006686,O0006686-4,SKU00101,1,33.02,33.02,,0.0,33.02
O0006687,O0006687-1,SKU00138,1,17.97,17.97,,0.0,17.97
O0006687,O0006687-2,SKU00126,1,40.15,40.15,,0.0,40.15
O0006688,O0006688-1,SKU00042,3,72.45,217.35,,0.0,217.35
O0006689,O0006689-1,SKU00195,2,41.24,82.48,,0.0,82.48
O0006690,O0006690-1,SKU00081,1,30.86,30.86,,0.0,30.86
O0006690,O0006690-2,SKU00266,1,28.62,28.62,,0.0,28.62
O0006690,O0006690-3,SKU00261,1,86.51,86.51,,0.0,86.51
O0006691,O0006691-1,SKU00208,1,15.73,15.73,,0.0,15.73
O0006691,O0006691-2,SKU00269,1,28.75,28.75,,0.0,28.75
O0006691,O0006691-3,SKU00227,1,105.48,105.48,,0.0,105.48
O0006691,O0006691-4,SKU00325,3,27.6,82.8,,0.0,82.8
O0006692,O0006692-1,SKU00049,1,49.27,49.27,,0.0,49.27
O0006692,O0006692-2,SKU00124,1,29.76,29.76,,0.0,29.76
O0006692,O0006692-3,SKU00002,1,57.3,57.3,,0.0,57.3
O0006692,O0006692-4,SKU00239,1,15.42,15.42,,0.0,15.42
O0006693,O0006693-1,SKU00190,2,45.12,90.24,,0.0,90.24
O0006693,O0006693-2,SKU00074,1,76.62,76.62,,0.0,76.62
O0006693,O0006693-3,SKU00290,1,42.67,42.67,,0.0,42.67
O0006694,O0006694-1,SKU00300,1,29.05,29.05,,0.0,29.05
O0006694,O0006694-2,SKU00330,1,61.47,61.47,,0.0,61.47
O0006694,O0006694-3,SKU00003,1,28.95,28.95,,0.0,28.95
O0006694,O0006694-4,SKU00160,1,42.59,42.59,,0.0,42.59
O0006695,O0006695-1,SKU00333,1,45.51,45.51,,0.0,45.51
O0006695,O0006695-2,SKU00176,1,24.92,24.92,,0.0,24.92
O0006695,O0006695-3,SKU00289,1,47.79,47.79,,0.0,47.79
O0006696,O0006696-1,SKU00176,1,24.92,24.92,,0.0,24.92
O0006696,O0006696-2,SKU00170,1,29.26,29.26,,0.0,29.26
O0006697,O0006697-1,SKU00094,2,56.4,112.8,,0.0,112.8
O0006698,O0006698-1,SKU00108,1,19.31,19.31,,0.0,19.31
O0006698,O0006698-2,SKU00126,1,40.15,40.15,,0.0,40.15
O0006698,O0006698-3,SKU00348,1,64.96,64.96,,0.0,64.96
O0006699,O0006699-1,SKU00310,1,44.67,44.67,,0.0,44.67
O0006699,O0006699-2,SKU00200,1,61.25,61.25,,0.0,61.25
O0006700,O0006700-1,SKU00040,1,46.34,46.34,,0.0,46.34
O0006700,O0006700-2,SKU00141,1,78.13,78.13,,0.0,78.13
O0006700,O0006700-3,SKU00260,1,38.96,38.96,,0.0,38.96
O0006701,O0006701-1,SKU00326,1,34.94,34.94,,0.0,34.94
O0006701,O0006701-2,SKU00137,1,60.17,60.17,,0.0,60.17
O0006702,O0006702-1,SKU00344,1,9.99,9.99,,0.0,9.99
O0006703,O0006703-1,SKU00290,1,42.67,42.67,,0.0,42.67
O0006703,O0006703-2,SKU00199,1,60.64,60.64,,0.0,60.64
O0006703,O0006703-3,SKU00235,1,46.43,46.43,,0.0,46.43
O0006704,O0006704-1,SKU00025,1,42.44,42.44,,0.0,42.44
O0006705,O0006705-1,SKU00313,1,49.13,49.13,,0.0,49.13
O0006705,O0006705-2,SKU00393,2,14.38,28.76,,0.0,28.76
O0006706,O0006706-1,SKU00120,1,19.69,19.69,,0.0,19.69
O0006706,O0006706-2,SKU00346,1,102.61,102.61,,0.0,102.61
O0006706,O0006706-3,SKU00396,1,15.54,15.54,,0.0,15.54
O0006707,O0006707-1,SKU00326,1,34.94,34.94,,0.0,34.94
O0006707,O0006707-2,SKU00393,1,14.38,14.38,,0.0,14.38
O0006708,O0006708-1,SKU00194,1,40.96,40.96,,0.0,40.96
O0006708,O0006708-2,SKU00160,1,42.59,42.59,,0.0,42.59
O0006709,O0006709-1,SKU00302,1,26.48,26.48,,0.0,26.48
O0006710,O0006710-1,SKU00335,1,18.97,18.97,,0.0,18.97
O0006710,O0006710-2,SKU00323,1,39.02,39.02,,0.0,39.02
O0006711,O0006711-1,SKU00235,1,46.43,46.43,,0.0,46.43
O0006711,O0006711-2,SKU00132,1,44.43,44.43,,0.0,44.43
O0006712,O0006712-1,SKU00247,2,43.87,87.74,,0.0,87.74
O0006713,O0006713-1,SKU00283,3,85.39,256.17,,0.0,256.17
O0006713,O0006713-2,SKU00085,2,51.96,103.92,,0.0,103.92
O0006713,O0006713-3,SKU00120,1,19.69,19.69,,0.0,19.69
O0006714,O0006714-1,SKU00119,1,37.15,37.15,,0.0,37.15
O0006715,O0006715-1,SKU00390,3,38.26,114.78,,0.0,114.78
O0006715,O0006715-2,SKU00075,1,53.82,53.82,,0.0,53.82
O0006716,O0006716-1,SKU00008,1,26.23,26.23,,0.0,26.23
O0006716,O0006716-2,SKU00289,1,47.79,47.79,,0.0,47.79
O0006717,O0006717-1,SKU00025,1,42.44,42.44,,0.0,42.44
O0006718,O0006718-1,SKU00372,2,19.15,38.3,,0.0,38.3
O0006719,O0006719-1,SKU00297,1,39.78,39.78,,0.0,39.78
O0006720,O0006720-1,SKU00336,1,54.95,54.95,,0.0,54.95
O0006721,O0006721-1,SKU00325,1,27.6,27.6,,0.0,27.6
O0006721,O0006721-2,SKU00038,1,50.53,50.53,,0.0,50.53
O0006721,O0006721-3,SKU00279,1,31.74,31.74,,0.0,31.74
O0006722,O0006722-1,SKU00393,3,14.38,43.14,,0.0,43.14
O0006722,O0006722-2,SKU00149,1,26.89,26.89,,0.0,26.89
O0006723,O0006723-1,SKU00119,1,37.15,37.15,,0.0,37.15
O0006723,O0006723-2,SKU00399,1,38.17,38.17,,0.0,38.17
O0006724,O0006724-1,SKU00176,1,24.92,24.92,,0.0,24.92
O0006725,O0006725-1,SKU00299,1,33.57,33.57,,0.0,33.57
O0006726,O0006726-1,SKU00114,1,29.46,29.46,,0.0,29.46
O0006726,O0006726-2,SKU00148,1,39.39,39.39,,0.0,39.39
O0006727,O0006727-1,SKU00219,1,65.58,65.58,,0.0,65.58
O0006727,O0006727-2,SKU00366,1,33.09,33.09,,0.0,33.09
O0006728,O0006728-1,SKU00057,1,34.63,34.63,,0.0,34.63
O0006729,O0006729-1,SKU00138,1,17.97,17.97,,0.0,17.97
O0006729,O0006729-2,SKU00248,1,48.06,48.06,,0.0,48.06
O0006730,O0006730-1,SKU00049,1,49.27,49.27,,0.0,49.27
O0006730,O0006730-2,SKU00388,1,37.93,37.93,,0.0,37.93
O0006730,O0006730-3,SKU00325,1,27.6,27.6,,0.0,27.6
O0006731,O0006731-1,SKU00013,1,31.04,31.04,,0.0,31.04
O0006732,O0006732-1,SKU00343,2,45.56,91.12,,0.0,91.12
O0006732,O0006732-2,SKU00124,2,29.76,59.52,,0.0,59.52
O0006733,O0006733-1,SKU00189,1,53.14,53.14,,0.0,53.14
O0006734,O0006734-1,SKU00379,1,36.36,36.36,,0.0,36.36
O0006734,O0006734-2,SKU00114,1,29.46,29.46,,0.0,29.46
O0006734,O0006734-3,SKU00089,1,49.77,49.77,P0036,7.47,42.3
O0006734,O0006734-4,SKU00147,1,41.64,41.64,,0.0,41.64
O0006735,O0006735-1,SKU00031,1,49.75,49.75,,0.0,49.75
O0006735,O0006735-2,SKU00206,1,31.05,31.05,,0.0,31.05
O0006735,O0006735-3,SKU00346,1,102.61,102.61,,0.0,102.61
O0006736,O0006736-1,SKU00100,1,17.02,17.02,,0.0,17.02
O0006736,O0006736-2,SKU00205,1,35.8,35.8,,0.0,35.8
O0006737,O0006737-1,SKU00167,1,22.6,22.6,,0.0,22.6
O0006738,O0006738-1,SKU00300,1,29.05,29.05,,0.0,29.05
O0006738,O0006738-2,SKU00047,1,79.17,79.17,,0.0,79.17
O0006738,O0006738-3,SKU00084,1,33.92,33.92,,0.0,33.92
O0006739,O0006739-1,SKU00384,1,16.39,16.39,,0.0,16.39
O0006739,O0006739-2,SKU00302,2,26.48,52.96,,0.0,52.96
O0006739,O0006739-3,SKU00265,1,26.72,26.72,,0.0,26.72
O0006739,O0006739-4,SKU00041,1,31.32,31.32,,0.0,31.32
O0006740,O0006740-1,SKU00384,2,16.39,32.78,,0.0,32.78
O0006740,O0006740-2,SKU00113,1,49.01,49.01,P0023,12.25,36.76
O0006741,O0006741-1,SKU00058,1,55.01,55.01,,0.0,55.01
O0006741,O0006741-2,SKU00304,1,28.55,28.55,,0.0,28.55
O0006742,O0006742-1,SKU00322,1,22.71,22.71,,0.0,22.71
O0006742,O0006742-2,SKU00027,1,11.75,11.75,,0.0,11.75
O0006742,O0006742-3,SKU00213,2,45.05,90.1,,0.0,90.1
O0006743,O0006743-1,SKU00320,1,20.06,20.06,,0.0,20.06
O0006744,O0006744-1,SKU00352,1,37.11,37.11,,0.0,37.11
O0006744,O0006744-2,SKU00302,1,26.48,26.48,,0.0,26.48
O0006745,O0006745-1,SKU00154,1,62.36,62.36,,0.0,62.36
O0006746,O0006746-1,SKU00390,1,38.26,38.26,,0.0,38.26
O0006746,O0006746-2,SKU00255,1,82.33,82.33,P0023,20.58,61.75
O0006747,O0006747-1,SKU00315,1,65.19,65.19,,0.0,65.19
O0006747,O0006747-2,SKU00218,1,16.49,16.49,,0.0,16.49
O0006748,O0006748-1,SKU00050,1,25.95,25.95,,0.0,25.95
O0006748,O0006748-2,SKU00317,1,32.85,32.85,,0.0,32.85
O0006749,O0006749-1,SKU00100,1,17.02,17.02,,0.0,17.02
O0006750,O0006750-1,SKU00206,2,31.05,62.1,,0.0,62.1
O0006750,O0006750-2,SKU00241,1,46.38,46.38,,0.0,46.38
O0006750,O0006750-3,SKU00290,1,42.67,42.67,,0.0,42.67
O0006751,O0006751-1,SKU00321,2,13.85,27.7,,0.0,27.7
O0006752,O0006752-1,SKU00349,2,18.05,36.1,,0.0,36.1
O0006753,O0006753-1,SKU00367,1,50.59,50.59,,0.0,50.59
O0006753,O0006753-2,SKU00023,1,57.22,57.22,,0.0,57.22
O0006753,O0006753-3,SKU00022,1,28.83,28.83,,0.0,28.83
O0006754,O0006754-1,SKU00385,1,57.12,57.12,,0.0,57.12
O0006754,O0006754-2,SKU00285,1,40.54,40.54,,0.0,40.54
O0006755,O0006755-1,SKU00089,1,49.77,49.77,,0.0,49.77
O0006756,O0006756-1,SKU00356,1,12.98,12.98,,0.0,12.98
O0006757,O0006757-1,SKU00196,1,36.14,36.14,,0.0,36.14
O0006758,O0006758-1,SKU00342,1,38.94,38.94,,0.0,38.94
O0006759,O0006759-1,SKU00307,1,36.83,36.83,,0.0,36.83
O0006760,O0006760-1,SKU00163,2,29.45,58.9,,0.0,58.9
O0006760,O0006760-2,SKU00187,2,39.15,78.3,,0.0,78.3
O0006761,O0006761-1,SKU00005,1,8.67,8.67,,0.0,8.67
O0006761,O0006761-2,SKU00217,1,31.07,31.07,,0.0,31.07
O0006762,O0006762-1,SKU00303,1,66.84,66.84,,0.0,66.84
O0006762,O0006762-2,SKU00387,1,38.08,38.08,,0.0,38.08
O0006762,O0006762-3,SKU00099,1,22.33,22.33,,0.0,22.33
O0006763,O0006763-1,SKU00259,1,40.89,40.89,,0.0,40.89
O0006763,O0006763-2,SKU00322,1,22.71,22.71,,0.0,22.71
O0006764,O0006764-1,SKU00149,1,26.89,26.89,,0.0,26.89
O0006765,O0006765-1,SKU00160,1,42.59,42.59,,0.0,42.59
O0006765,O0006765-2,SKU00255,1,82.33,82.33,,0.0,82.33
O0006765,O0006765-3,SKU00165,1,18.9,18.9,,0.0,18.9
O0006765,O0006765-4,SKU00346,1,102.61,102.61,,0.0,102.61
O0006766,O0006766-1,SKU00041,1,31.32,31.32,,0.0,31.32
O0006766,O0006766-2,SKU00387,1,38.08,38.08,,0.0,38.08
O0006767,O0006767-1,SKU00319,1,45.64,45.64,,0.0,45.64
O0006767,O0006767-2,SKU00323,1,39.02,39.02,P0023,9.76,29.26
O0006767,O0006767-3,SKU00326,1,34.94,34.94,,0.0,34.94
O0006767,O0006767-4,SKU00145,3,34.93,104.79,,0.0,104.79
O0006768,O0006768-1,SKU00144,1,27.92,27.92,,0.0,27.92
O0006768,O0006768-2,SKU00345,2,60.26,120.52,,0.0,120.52
O0006769,O0006769-1,SKU00328,1,35.12,35.12,,0.0,35.12
O0006769,O0006769-2,SKU00050,1,25.95,25.95,,0.0,25.95
O0006770,O0006770-1,SKU00188,1,58.74,58.74,,0.0,58.74
O0006771,O0006771-1,SKU00166,1,65.47,65.47,,0.0,65.47
O0006772,O0006772-1,SKU00012,1,9.88,9.88,,0.0,9.88
O0006772,O0006772-2,SKU00179,1,14.26,14.26,,0.0,14.26
O0006772,O0006772-3,SKU00217,1,31.07,31.07,P0023,7.77,23.3
O0006772,O0006772-4,SKU00132,1,44.43,44.43,,0.0,44.43
O0006773,O0006773-1,SKU00250,1,32.56,32.56,,0.0,32.56
O0006773,O0006773-2,SKU00273,1,56.47,56.47,,0.0,56.47
O0006774,O0006774-1,SKU00153,2,61.1,122.2,,0.0,122.2
O0006774,O0006774-2,SKU00211,1,88.68,88.68,,0.0,88.68
O0006775,O0006775-1,SKU00276,1,22.08,22.08,,0.0,22.08
O0006776,O0006776-1,SKU00360,1,93.89,93.89,,0.0,93.89
O0006776,O0006776-2,SKU00055,1,66.78,66.78,,0.0,66.78
O0006776,O0006776-3,SKU00359,1,26.27,26.27,,0.0,26.27
O0006777,O0006777-1,SKU00242,1,41.5,41.5,,0.0,41.5
O0006778,O0006778-1,SKU00142,1,61.52,61.52,,0.0,61.52
O0006778,O0006778-2,SKU00156,1,25.39,25.39,,0.0,25.39
O0006778,O0006778-3,SKU00354,2,27.28,54.56,P0036,8.18,46.38
O0006779,O0006779-1,SKU00229,1,74.74,74.74,P0036,11.21,63.53
O0006779,O0006779-2,SKU00226,1,84.67,84.67,,0.0,84.67
O0006779,O0006779-3,SKU00383,1,37.66,37.66,,0.0,37.66
O0006779,O0006779-4,SKU00278,1,54.54,54.54,,0.0,54.54
O0006780,O0006780-1,SKU00174,1,57.96,57.96,,0.0,57.96
O0006780,O0006780-2,SKU00036,1,42.54,42.54,,0.0,42.54
O0006780,O0006780-3,SKU00027,1,11.75,11.75,,0.0,11.75
O0006781,O0006781-1,SKU00093,1,55.17,55.17,,0.0,55.17
O0006781,O0006781-2,SKU00074,1,76.62,76.62,,0.0,76.62
O0006782,O0006782-1,SKU00262,1,10.7,10.7,,0.0,10.7
O0006782,O0006782-2,SKU00393,1,14.38,14.38,,0.0,14.38
O0006783,O0006783-1,SKU00187,1,39.15,39.15,,0.0,39.15
O0006783,O0006783-2,SKU00057,2,34.63,69.26,,0.0,69.26
O0006783,O0006783-3,SKU00339,1,36.52,36.52,,0.0,36.52
O0006783,O0006783-4,SKU00165,1,18.9,18.9,,0.0,18.9
O0006784,O0006784-1,SKU00234,1,20.16,20.16,,0.0,20.16
O0006785,O0006785-1,SKU00378,1,38.51,38.51,,0.0,38.51
O0006786,O0006786-1,SKU00109,1,88.61,88.61,,0.0,88.61
O0006787,O0006787-1,SKU00035,2,57.12,114.24,,0.0,114.24
O0006787,O0006787-2,SKU00393,1,14.38,14.38,,0.0,14.38
O0006788,O0006788-1,SKU00115,1,25.28,25.28,,0.0,25.28
O0006788,O0006788-2,SKU00008,1,26.23,26.23,,0.0,26.23
O0006789,O0006789-1,SKU00034,1,45.57,45.57,,0.0,45.57
O0006789,O0006789-2,SKU00083,1,54.82,54.82,,0.0,54.82
O0006790,O0006790-1,SKU00377,1,39.6,39.6,,0.0,39.6
O0006790,O0006790-2,SKU00311,1,60.22,60.22,,0.0,60.22
O0006791,O0006791-1,SKU00023,1,57.22,57.22,,0.0,57.22
O0006791,O0006791-2,SKU00274,1,14.47,14.47,,0.0,14.47
O0006791,O0006791-3,SKU00177,1,41.83,41.83,,0.0,41.83
O0006792,O0006792-1,SKU00240,1,78.86,78.86,,0.0,78.86
O0006793,O0006793-1,SKU00381,3,81.55,244.65,,0.0,244.65
O0006793,O0006793-2,SKU00229,1,74.74,74.74,P0036,11.21,63.53
O0006793,O0006793-3,SKU00043,3,50.54,151.62,,0.0,151.62
O0006794,O0006794-1,SKU00372,1,19.15,19.15,,0.0,19.15
O0006794,O0006794-2,SKU00098,1,54.0,54.0,,0.0,54.0
O0006794,O0006794-3,SKU00126,1,40.15,40.15,,0.0,40.15
O0006795,O0006795-1,SKU00008,1,26.23,26.23,,0.0,26.23
O0006796,O0006796-1,SKU00377,1,39.6,39.6,,0.0,39.6
O0006796,O0006796-2,SKU00066,1,52.48,52.48,,0.0,52.48
O0006796,O0006796-3,SKU00292,1,51.63,51.63,,0.0,51.63
O0006797,O0006797-1,SKU00240,1,78.86,78.86,,0.0,78.86
O0006798,O0006798-1,SKU00135,1,42.96,42.96,,0.0,42.96
O0006798,O0006798-2,SKU00016,1,33.83,33.83,,0.0,33.83
O0006798,O0006798-3,SKU00227,1,105.48,105.48,,0.0,105.48
O0006799,O0006799-1,SKU00035,3,57.12,171.36,,0.0,171.36
O0006800,O0006800-1,SKU00106,1,24.61,24.61,,0.0,24.61
O0006801,O0006801-1,SKU00330,1,61.47,61.47,,0.0,61.47
O0006801,O0006801-2,SKU00031,2,49.75,99.5,,0.0,99.5
O0006802,O0006802-1,SKU00307,1,36.83,36.83,,0.0,36.83
O0006802,O0006802-2,SKU00249,1,31.28,31.28,,0.0,31.28
O0006803,O0006803-1,SKU00153,1,61.1,61.1,,0.0,61.1
O0006803,O0006803-2,SKU00392,2,45.36,90.72,,0.0,90.72
O0006803,O0006803-3,SKU00263,1,21.58,21.58,,0.0,21.58
O0006803,O0006803-4,SKU00350,1,53.2,53.2,,0.0,53.2
O0006804,O0006804-1,SKU00061,1,23.77,23.77,,0.0,23.77
O0006805,O0006805-1,SKU00264,1,27.04,27.04,,0.0,27.04
O0006805,O0006805-2,SKU00026,1,45.44,45.44,,0.0,45.44
O0006806,O0006806-1,SKU00384,1,16.39,16.39,,0.0,16.39
O0006806,O0006806-2,SKU00388,1,37.93,37.93,,0.0,37.93
O0006806,O0006806-3,SKU00291,1,33.52,33.52,,0.0,33.52
O0006807,O0006807-1,SKU00177,1,41.83,41.83,,0.0,41.83
O0006807,O0006807-2,SKU00095,1,53.11,53.11,,0.0,53.11
O0006808,O0006808-1,SKU00313,1,49.13,49.13,P0036,7.37,41.76
O0006809,O0006809-1,SKU00181,1,47.26,47.26,,0.0,47.26
O0006809,O0006809-2,SKU00087,2,22.83,45.66,,0.0,45.66
O0006810,O0006810-1,SKU00011,1,31.25,31.25,,0.0,31.25
O0006810,O0006810-2,SKU00286,1,54.7,54.7,,0.0,54.7
O0006810,O0006810-3,SKU00377,1,39.6,39.6,,0.0,39.6
O0006811,O0006811-1,SKU00134,1,31.13,31.13,,0.0,31.13
O0006811,O0006811-2,SKU00198,1,39.26,39.26,P0036,5.89,33.37
O0006811,O0006811-3,SKU00332,1,104.52,104.52,P0036,15.68,88.84
O0006812,O0006812-1,SKU00289,1,47.79,47.79,,0.0,47.79
O0006812,O0006812-2,SKU00374,1,34.49,34.49,,0.0,34.49
O0006812,O0006812-3,SKU00169,1,38.7,38.7,P0023,9.68,29.02
O0006812,O0006812-4,SKU00355,1,41.61,41.61,,0.0,41.61
O0006813,O0006813-1,SKU00028,1,35.88,35.88,,0.0,35.88
O0006813,O0006813-2,SKU00095,1,53.11,53.11,,0.0,53.11
O0006813,O0006813-3,SKU00341,1,47.08,47.08,,0.0,47.08
O0006813,O0006813-4,SKU00074,2,76.62,153.24,,0.0,153.24
O0006814,O0006814-1,SKU00243,3,34.82,104.46,,0.0,104.46
O0006815,O0006815-1,SKU00212,1,20.15,20.15,,0.0,20.15
O0006816,O0006816-1,SKU00158,1,19.54,19.54,,0.0,19.54
O0006816,O0006816-2,SKU00009,2,52.68,105.36,,0.0,105.36
O0006817,O0006817-1,SKU00177,1,41.83,41.83,,0.0,41.83
O0006817,O0006817-2,SKU00102,3,12.21,36.63,,0.0,36.63
O0006818,O0006818-1,SKU00224,1,53.56,53.56,,0.0,53.56
O0006819,O0006819-1,SKU00321,1,13.85,13.85,,0.0,13.85
O0006819,O0006819-2,SKU00241,1,46.38,46.38,,0.0,46.38
O0006820,O0006820-1,SKU00005,1,8.67,8.67,,0.0,8.67
O0006820,O0006820-2,SKU00105,1,52.33,52.33,,0.0,52.33
O0006820,O0006820-3,SKU00028,1,35.88,35.88,,0.0,35.88
O0006820,O0006820-4,SKU00111,1,50.04,50.04,,0.0,50.04
O0006821,O0006821-1,SKU00085,1,51.96,51.96,,0.0,51.96
O0006822,O0006822-1,SKU00101,2,33.02,66.04,,0.0,66.04
O0006822,O0006822-2,SKU00035,1,57.12,57.12,,0.0,57.12
O0006823,O0006823-1,SKU00107,1,64.03,64.03,,0.0,64.03
O0006823,O0006823-2,SKU00089,1,49.77,49.77,,0.0,49.77
O0006823,O0006823-3,SKU00027,3,11.75,35.25,,0.0,35.25
O0006824,O0006824-1,SKU00293,2,70.96,141.92,,0.0,141.92
O0006825,O0006825-1,SKU00300,1,29.05,29.05,,0.0,29.05
O0006826,O0006826-1,SKU00240,2,78.86,157.72,,0.0,157.72
O0006826,O0006826-2,SKU00377,1,39.6,39.6,,0.0,39.6
O0006827,O0006827-1,SKU00340,2,30.34,60.68,,0.0,60.68
O0006828,O0006828-1,SKU00088,2,49.61,99.22,,0.0,99.22
O0006829,O0006829-1,SKU00118,1,21.46,21.46,,0.0,21.46
O0006830,O0006830-1,SKU00106,1,24.61,24.61,,0.0,24.61
O0006830,O0006830-2,SKU00024,2,39.92,79.84,,0.0,79.84
O0006831,O0006831-1,SKU00350,2,53.2,106.4,,0.0,106.4
O0006831,O0006831-2,SKU00225,1,25.36,25.36,,0.0,25.36
O0006832,O0006832-1,SKU00399,3,38.17,114.51,,0.0,114.51
O0006832,O0006832-2,SKU00102,1,12.21,12.21,,0.0,12.21
O0006833,O0006833-1,SKU00140,1,56.17,56.17,,0.0,56.17
O0006833,O0006833-2,SKU00229,2,74.74,149.48,,0.0,149.48
O0006833,O0006833-3,SKU00315,1,65.19,65.19,,0.0,65.19
O0006834,O0006834-1,SKU00003,2,28.95,57.9,,0.0,57.9
O0006834,O0006834-2,SKU00180,1,37.89,37.89,,0.0,37.89
O0006834,O0006834-3,SKU00221,1,31.0,31.0,,0.0,31.0
O0006835,O0006835-1,SKU00251,1,23.58,23.58,,0.0,23.58
O0006835,O0006835-2,SKU00223,1,22.77,22.77,,0.0,22.77
O0006836,O0006836-1,SKU00296,1,48.03,48.03,,0.0,48.03
O0006836,O0006836-2,SKU00074,2,76.62,153.24,,0.0,153.24
O0006837,O0006837-1,SKU00006,1,31.28,31.28,,0.0,31.28
O0006838,O0006838-1,SKU00255,1,82.33,82.33,,0.0,82.33
O0006839,O0006839-1,SKU00160,1,42.59,42.59,,0.0,42.59
O0006839,O0006839-2,SKU00187,1,39.15,39.15,,0.0,39.15
O0006839,O0006839-3,SKU00085,1,51.96,51.96,,0.0,51.96
O0006840,O0006840-1,SKU00383,1,37.66,37.66,,0.0,37.66
O0006840,O0006840-2,SKU00253,2,51.01,102.02,,0.0,102.02
O0006841,O0006841-1,SKU00150,3,41.46,124.38,,0.0,124.38
O0006841,O0006841-2,SKU00392,1,45.36,45.36,,0.0,45.36
O0006842,O0006842-1,SKU00160,3,42.59,127.77,,0.0,127.77
O0006842,O0006842-2,SKU00015,1,66.48,66.48,,0.0,66.48
O0006843,O0006843-1,SKU00083,3,54.82,164.46,,0.0,164.46
O0006844,O0006844-1,SKU00333,1,45.51,45.51,,0.0,45.51
O0006844,O0006844-2,SKU00225,1,25.36,25.36,,0.0,25.36
O0006844,O0006844-3,SKU00124,1,29.76,29.76,,0.0,29.76
O0006845,O0006845-1,SKU00158,1,19.54,19.54,,0.0,19.54
O0006846,O0006846-1,SKU00010,1,32.93,32.93,,0.0,32.93
O0006847,O0006847-1,SKU00400,1,33.96,33.96,,0.0,33.96
O0006847,O0006847-2,SKU00249,1,31.28,31.28,,0.0,31.28
O0006848,O0006848-1,SKU00265,1,26.72,26.72,,0.0,26.72
O0006849,O0006849-1,SKU00191,1,45.24,45.24,,0.0,45.24
O0006850,O0006850-1,SKU00389,1,51.94,51.94,,0.0,51.94
O0006851,O0006851-1,SKU00084,2,33.92,67.84,,0.0,67.84
O0006851,O0006851-2,SKU00147,1,41.64,41.64,,0.0,41.64
O0006852,O0006852-1,SKU00293,2,70.96,141.92,,0.0,141.92
O0006852,O0006852-2,SKU00385,1,57.12,57.12,,0.0,57.12
O0006853,O0006853-1,SKU00361,1,44.18,44.18,,0.0,44.18
O0006854,O0006854-1,SKU00117,1,30.62,30.62,,0.0,30.62
O0006855,O0006855-1,SKU00094,2,56.4,112.8,P0036,16.92,95.88
O0006856,O0006856-1,SKU00164,1,38.71,38.71,,0.0,38.71
O0006856,O0006856-2,SKU00001,2,32.38,64.76,,0.0,64.76
O0006856,O0006856-3,SKU00211,2,88.68,177.36,,0.0,177.36
O0006857,O0006857-1,SKU00148,1,39.39,39.39,,0.0,39.39
O0006857,O0006857-2,SKU00279,1,31.74,31.74,,0.0,31.74
O0006857,O0006857-3,SKU00213,1,45.05,45.05,,0.0,45.05
O0006858,O0006858-1,SKU00215,1,33.08,33.08,,0.0,33.08
O0006859,O0006859-1,SKU00206,2,31.05,62.1,,0.0,62.1
O0006859,O0006859-2,SKU00273,1,56.47,56.47,,0.0,56.47
O0006860,O0006860-1,SKU00061,1,23.77,23.77,,0.0,23.77
O0006860,O0006860-2,SKU00120,1,19.69,19.69,,0.0,19.69
O0006860,O0006860-3,SKU00215,1,33.08,33.08,,0.0,33.08
O0006861,O0006861-1,SKU00362,1,26.77,26.77,,0.0,26.77
O0006862,O0006862-1,SKU00095,1,53.11,53.11,,0.0,53.11
O0006863,O0006863-1,SKU00377,1,39.6,39.6,,0.0,39.6
O0006863,O0006863-2,SKU00053,1,49.62,49.62,,0.0,49.62
O0006863,O0006863-3,SKU00278,1,54.54,54.54,,0.0,54.54
O0006863,O0006863-4,SKU00383,1,37.66,37.66,,0.0,37.66
O0006864,O0006864-1,SKU00087,2,22.83,45.66,,0.0,45.66
O0006864,O0006864-2,SKU00361,1,44.18,44.18,,0.0,44.18
O0006864,O0006864-3,SKU00124,1,29.76,29.76,,0.0,29.76
O0006865,O0006865-1,SKU00142,1,61.52,61.52,,0.0,61.52
O0006866,O0006866-1,SKU00314,1,39.09,39.09,,0.0,39.09
O0006866,O0006866-2,SKU00156,1,25.39,25.39,,0.0,25.39
O0006867,O0006867-1,SKU00095,1,53.11,53.11,,0.0,53.11
O0006867,O0006867-2,SKU00383,1,37.66,37.66,,0.0,37.66
O0006867,O0006867-3,SKU00309,1,39.31,39.31,,0.0,39.31
O0006868,O0006868-1,SKU00019,2,23.04,46.08,,0.0,46.08
O0006868,O0006868-2,SKU00140,1,56.17,56.17,,0.0,56.17
O0006869,O0006869-1,SKU00228,1,106.95,106.95,,0.0,106.95
O0006869,O0006869-2,SKU00158,1,19.54,19.54,,0.0,19.54
O0006870,O0006870-1,SKU00180,1,37.89,37.89,,0.0,37.89
O0006870,O0006870-2,SKU00388,2,37.93,75.86,P0023,18.96,56.9
O0006870,O0006870-3,SKU00275,3,50.32,150.96,,0.0,150.96
O0006871,O0006871-1,SKU00190,1,45.12,45.12,,0.0,45.12
O0006871,O0006871-2,SKU00146,1,60.33,60.33,,0.0,60.33
O0006871,O0006871-3,SKU00361,1,44.18,44.18,,0.0,44.18
O0006872,O0006872-1,SKU00355,1,41.61,41.61,P0036,6.24,35.37
O0006872,O0006872-2,SKU00111,1,50.04,50.04,P0036,7.51,42.53
O0006872,O0006872-3,SKU00397,1,66.5,66.5,,0.0,66.5
O0006872,O0006872-4,SKU00378,1,38.51,38.51,,0.0,38.51
O0006873,O0006873-1,SKU00228,1,106.95,106.95,,0.0,106.95
O0006873,O0006873-2,SKU00056,1,38.71,38.71,,0.0,38.71
O0006873,O0006873-3,SKU00282,1,46.15,46.15,,0.0,46.15
O0006873,O0006873-4,SKU00308,1,57.22,57.22,,0.0,57.22
O0006874,O0006874-1,SKU00291,1,33.52,33.52,,0.0,33.52
O0006874,O0006874-2,SKU00071,2,50.63,101.26,,0.0,101.26
O0006874,O0006874-3,SKU00368,1,19.96,19.96,,0.0,19.96
O0006875,O0006875-1,SKU00297,1,39.78,39.78,,0.0,39.78
O0006876,O0006876-1,SKU00216,1,68.72,68.72,,0.0,68.72
O0006876,O0006876-2,SKU00320,1,20.06,20.06,,0.0,20.06
O0006876,O0006876-3,SKU00371,1,48.42,48.42,,0.0,48.42
O0006877,O0006877-1,SKU00398,1,85.14,85.14,,0.0,85.14
O0006877,O0006877-2,SKU00390,1,38.26,38.26,,0.0,38.26
O0006877,O0006877-3,SKU00292,2,51.63,103.26,,0.0,103.26
O0006878,O0006878-1,SKU00307,1,36.83,36.83,,0.0,36.83
O0006879,O0006879-1,SKU00007,1,32.91,32.91,,0.0,32.91
O0006880,O0006880-1,SKU00010,1,32.93,32.93,,0.0,32.93
O0006880,O0006880-2,SKU00296,1,48.03,48.03,,0.0,48.03
O0006881,O0006881-1,SKU00343,1,45.56,45.56,,0.0,45.56
O0006881,O0006881-2,SKU00111,1,50.04,50.04,,0.0,50.04
O0006881,O0006881-3,SKU00381,1,81.55,81.55,,0.0,81.55
O0006882,O0006882-1,SKU00278,2,54.54,109.08,,0.0,109.08
O0006882,O0006882-2,SKU00127,2,44.81,89.62,,0.0,89.62
O0006882,O0006882-3,SKU00122,2,22.77,45.54,,0.0,45.54
O0006882,O0006882-4,SKU00124,1,29.76,29.76,,0.0,29.76
O0006883,O0006883-1,SKU00367,1,50.59,50.59,,0.0,50.59
O0006883,O0006883-2,SKU00218,1,16.49,16.49,,0.0,16.49
O0006883,O0006883-3,SKU00289,1,47.79,47.79,,0.0,47.79
O0006884,O0006884-1,SKU00320,1,20.06,20.06,,0.0,20.06
O0006885,O0006885-1,SKU00148,1,39.39,39.39,,0.0,39.39
O0006885,O0006885-2,SKU00071,2,50.63,101.26,,0.0,101.26
O0006885,O0006885-3,SKU00094,2,56.4,112.8,P0036,16.92,95.88
O0006886,O0006886-1,SKU00168,1,26.49,26.49,,0.0,26.49
O0006886,O0006886-2,SKU00061,2,23.77,47.54,,0.0,47.54
O0006886,O0006886-3,SKU00297,1,39.78,39.78,,0.0,39.78
O0006887,O0006887-1,SKU00129,1,38.65,38.65,,0.0,38.65
O0006887,O0006887-2,SKU00083,1,54.82,54.82,,0.0,54.82
O0006888,O0006888-1,SKU00318,2,30.41,60.82,,0.0,60.82
O0006889,O0006889-1,SKU00146,1,60.33,60.33,,0.0,60.33
O0006890,O0006890-1,SKU00158,1,19.54,19.54,,0.0,19.54
O0006890,O0006890-2,SKU00118,1,21.46,21.46,,0.0,21.46
O0006891,O0006891-1,SKU00161,1,12.51,12.51,,0.0,12.51
O0006892,O0006892-1,SKU00282,1,46.15,46.15,,0.0,46.15
O0006892,O0006892-2,SKU00343,1,45.56,45.56,,0.0,45.56
O0006892,O0006892-3,SKU00027,2,11.75,23.5,,0.0,23.5
O0006892,O0006892-4,SKU00098,1,54.0,54.0,,0.0,54.0
O0006893,O0006893-1,SKU00047,1,79.17,79.17,,0.0,79.17
O0006893,O0006893-2,SKU00069,3,19.77,59.31,,0.0,59.31
O0006894,O0006894-1,SKU00308,1,57.22,57.22,,0.0,57.22
O0006895,O0006895-1,SKU00053,1,49.62,49.62,,0.0,49.62
O0006895,O0006895-2,SKU00053,1,49.62,49.62,,0.0,49.62
O0006895,O0006895-3,SKU00264,1,27.04,27.04,,0.0,27.04
O0006895,O0006895-4,SKU00314,2,39.09,78.18,,0.0,78.18
O0006896,O0006896-1,SKU00231,1,34.06,34.06,,0.0,34.06
O0006896,O0006896-2,SKU00073,1,61.83,61.83,,0.0,61.83
O0006896,O0006896-3,SKU00043,1,50.54,50.54,,0.0,50.54
O0006896,O0006896-4,SKU00170,1,29.26,29.26,,0.0,29.26
O0006897,O0006897-1,SKU00134,1,31.13,31.13,,0.0,31.13
O0006897,O0006897-2,SKU00046,1,23.8,23.8,,0.0,23.8
O0006897,O0006897-3,SKU00235,1,46.43,46.43,,0.0,46.43
O0006898,O0006898-1,SKU00134,1,31.13,31.13,,0.0,31.13
O0006898,O0006898-2,SKU00390,2,38.26,76.52,,0.0,76.52
O0006898,O0006898-3,SKU00196,1,36.14,36.14,,0.0,36.14
O0006899,O0006899-1,SKU00178,1,55.23,55.23,,0.0,55.23
O0006899,O0006899-2,SKU00047,1,79.17,79.17,,0.0,79.17
O0006899,O0006899-3,SKU00020,2,42.57,85.14,,0.0,85.14
O0006900,O0006900-1,SKU00015,1,66.48,66.48,,0.0,66.48
O0006900,O0006900-2,SKU00020,2,42.57,85.14,,0.0,85.14
O0006900,O0006900-3,SKU00318,1,30.41,30.41,,0.0,30.41
O0006901,O0006901-1,SKU00137,3,60.17,180.51,,0.0,180.51
O0006901,O0006901-2,SKU00356,1,12.98,12.98,,0.0,12.98
O0006901,O0006901-3,SKU00198,1,39.26,39.26,,0.0,39.26
O0006902,O0006902-1,SKU00222,1,30.96,30.96,,0.0,30.96
O0006903,O0006903-1,SKU00310,1,44.67,44.67,,0.0,44.67
O0006903,O0006903-2,SKU00198,1,39.26,39.26,,0.0,39.26
O0006904,O0006904-1,SKU00063,1,26.13,26.13,,0.0,26.13
O0006904,O0006904-2,SKU00218,1,16.49,16.49,,0.0,16.49
O0006904,O0006904-3,SKU00354,1,27.28,27.28,,0.0,27.28
O0006904,O0006904-4,SKU00366,1,33.09,33.09,,0.0,33.09
O0006905,O0006905-1,SKU00023,2,57.22,114.44,,0.0,114.44
O0006905,O0006905-2,SKU00040,1,46.34,46.34,,0.0,46.34
O0006906,O0006906-1,SKU00200,1,61.25,61.25,,0.0,61.25
O0006906,O0006906-2,SKU00259,1,40.89,40.89,,0.0,40.89
O0006907,O0006907-1,SKU00302,1,26.48,26.48,,0.0,26.48
O0006907,O0006907-2,SKU00318,1,30.41,30.41,,0.0,30.41
O0006907,O0006907-3,SKU00333,1,45.51,45.51,,0.0,45.51
O0006908,O0006908-1,SKU00253,1,51.01,51.01,,0.0,51.01
O0006909,O0006909-1,SKU00283,1,85.39,85.39,,0.0,85.39
O0006909,O0006909-2,SKU00342,1,38.94,38.94,,0.0,38.94
O0006909,O0006909-3,SKU00239,1,15.42,15.42,,0.0,15.42
O0006910,O0006910-1,SKU00187,2,39.15,78.3,,0.0,78.3
O0006910,O0006910-2,SKU00241,3,46.38,139.14,,0.0,139.14
O0006910,O0006910-3,SKU00039,1,59.8,59.8,,0.0,59.8
O0006910,O0006910-4,SKU00146,1,60.33,60.33,,0.0,60.33
O0006911,O0006911-1,SKU00037,1,30.33,30.33,,0.0,30.33
O0006911,O0006911-2,SKU00124,1,29.76,29.76,,0.0,29.76
O0006911,O0006911-3,SKU00316,1,21.03,21.03,,0.0,21.03
O0006912,O0006912-1,SKU00317,1,32.85,32.85,,0.0,32.85
O0006912,O0006912-2,SKU00061,1,23.77,23.77,,0.0,23.77
O0006913,O0006913-1,SKU00327,1,44.41,44.41,,0.0,44.41
O0006913,O0006913-2,SKU00162,1,65.18,65.18,P0036,9.78,55.4
O0006914,O0006914-1,SKU00290,1,42.67,42.67,P0027,12.8,29.87
O0006914,O0006914-2,SKU00226,2,84.67,169.34,,0.0,169.34
O0006914,O0006914-3,SKU00383,1,37.66,37.66,,0.0,37.66
O0006914,O0006914-4,SKU00278,1,54.54,54.54,,0.0,54.54
O0006915,O0006915-1,SKU00362,1,26.77,26.77,,0.0,26.77
O0006916,O0006916-1,SKU00386,1,42.93,42.93,,0.0,42.93
O0006916,O0006916-2,SKU00241,1,46.38,46.38,P0023,11.6,34.78
O0006917,O0006917-1,SKU00183,1,17.38,17.38,,0.0,17.38
O0006918,O0006918-1,SKU00329,1,37.64,37.64,P0036,5.65,31.99
O0006918,O0006918-2,SKU00022,1,28.83,28.83,,0.0,28.83
O0006919,O0006919-1,SKU00225,1,25.36,25.36,,0.0,25.36
O0006919,O0006919-2,SKU00006,1,31.28,31.28,,0.0,31.28
O0006919,O0006919-3,SKU00010,1,32.93,32.93,,0.0,32.93
O0006920,O0006920-1,SKU00015,1,66.48,66.48,,0.0,66.48
O0006920,O0006920-2,SKU00357,3,23.0,69.0,,0.0,69.0
O0006920,O0006920-3,SKU00318,1,30.41,30.41,,0.0,30.41
O0006920,O0006920-4,SKU00203,1,71.32,71.32,,0.0,71.32
O0006921,O0006921-1,SKU00181,1,47.26,47.26,,0.0,47.26
O0006921,O0006921-2,SKU00066,1,52.48,52.48,,0.0,52.48
O0006921,O0006921-3,SKU00160,2,42.59,85.18,,0.0,85.18
O0006922,O0006922-1,SKU00233,1,21.18,21.18,,0.0,21.18
O0006923,O0006923-1,SKU00354,1,27.28,27.28,,0.0,27.28
O0006923,O0006923-2,SKU00036,1,42.54,42.54,,0.0,42.54
O0006924,O0006924-1,SKU00389,3,51.94,155.82,,0.0,155.82
O0006924,O0006924-2,SKU00004,1,22.35,22.35,,0.0,22.35
O0006924,O0006924-3,SKU00232,1,34.95,34.95,,0.0,34.95
O0006925,O0006925-1,SKU00326,1,34.94,34.94,,0.0,34.94
O0006925,O0006925-2,SKU00119,1,37.15,37.15,,0.0,37.15
O0006925,O0006925-3,SKU00292,1,51.63,51.63,,0.0,51.63
O0006926,O0006926-1,SKU00374,1,34.49,34.49,,0.0,34.49
O0006926,O0006926-2,SKU00178,1,55.23,55.23,,0.0,55.23
O0006927,O0006927-1,SKU00077,1,17.01,17.01,,0.0,17.01
O0006927,O0006927-2,SKU00061,1,23.77,23.77,,0.0,23.77
O0006927,O0006927-3,SKU00139,1,52.17,52.17,,0.0,52.17
O0006928,O0006928-1,SKU00359,1,26.27,26.27,,0.0,26.27
O0006929,O0006929-1,SKU00333,1,45.51,45.51,,0.0,45.51
O0006929,O0006929-2,SKU00275,1,50.32,50.32,,0.0,50.32
O0006929,O0006929-3,SKU00334,2,17.99,35.98,,0.0,35.98
O0006930,O0006930-1,SKU00101,1,33.02,33.02,,0.0,33.02
O0006930,O0006930-2,SKU00254,3,18.56,55.68,,0.0,55.68
O0006930,O0006930-3,SKU00005,1,8.67,8.67,,0.0,8.67
O0006931,O0006931-1,SKU00153,1,61.1,61.1,,0.0,61.1
O0006932,O0006932-1,SKU00266,2,28.62,57.24,,0.0,57.24
O0006932,O0006932-2,SKU00275,1,50.32,50.32,,0.0,50.32
O0006933,O0006933-1,SKU00355,1,41.61,41.61,,0.0,41.61
O0006933,O0006933-2,SKU00386,1,42.93,42.93,,0.0,42.93
O0006933,O0006933-3,SKU00318,1,30.41,30.41,,0.0,30.41
O0006934,O0006934-1,SKU00312,1,39.88,39.88,,0.0,39.88
O0006934,O0006934-2,SKU00049,1,49.27,49.27,P0023,12.32,36.95
O0006935,O0006935-1,SKU00006,2,31.28,62.56,,0.0,62.56
O0006935,O0006935-2,SKU00183,1,17.38,17.38,,0.0,17.38
O0006936,O0006936-1,SKU00239,1,15.42,15.42,,0.0,15.42
O0006936,O0006936-2,SKU00388,1,37.93,37.93,,0.0,37.93
O0006937,O0006937-1,SKU00012,1,9.88,9.88,,0.0,9.88
O0006937,O0006937-2,SKU00215,1,33.08,33.08,,0.0,33.08
O0006938,O0006938-1,SKU00025,1,42.44,42.44,,0.0,42.44
O0006938,O0006938-2,SKU00165,1,18.9,18.9,P0036,2.83,16.07
O0006938,O0006938-3,SKU00323,1,39.02,39.02,,0.0,39.02
O0006938,O0006938-4,SKU00193,1,64.21,64.21,,0.0,64.21
O0006939,O0006939-1,SKU00055,1,66.78,66.78,,0.0,66.78
O0006940,O0006940-1,SKU00007,3,32.91,98.73,,0.0,98.73
O0006941,O0006941-1,SKU00156,2,25.39,50.78,,0.0,50.78
O0006941,O0006941-2,SKU00117,1,30.62,30.62,,0.0,30.62
O0006941,O0006941-3,SKU00317,1,32.85,32.85,,0.0,32.85
O0006942,O0006942-1,SKU00379,1,36.36,36.36,,0.0,36.36
O0006943,O0006943-1,SKU00122,1,22.77,22.77,,0.0,22.77
O0006944,O0006944-1,SKU00238,1,69.04,69.04,,0.0,69.04
O0006945,O0006945-1,SKU00016,1,33.83,33.83,,0.0,33.83
O0006945,O0006945-2,SKU00197,1,32.23,32.23,,0.0,32.23
O0006945,O0006945-3,SKU00004,2,22.35,44.7,,0.0,44.7
O0006946,O0006946-1,SKU00143,1,18.48,18.48,,0.0,18.48
O0006946,O0006946-2,SKU00302,1,26.48,26.48,,0.0,26.48
O0006947,O0006947-1,SKU00379,1,36.36,36.36,,0.0,36.36
O0006948,O0006948-1,SKU00053,1,49.62,49.62,,0.0,49.62
O0006948,O0006948-2,SKU00170,1,29.26,29.26,,0.0,29.26
O0006949,O0006949-1,SKU00179,1,14.26,14.26,,0.0,14.26
O0006950,O0006950-1,SKU00229,1,74.74,74.74,,0.0,74.74
O0006950,O0006950-2,SKU00123,2,28.95,57.9,,0.0,57.9
O0006951,O0006951-1,SKU00137,1,60.17,60.17,,0.0,60.17
O0006951,O0006951-2,SKU00023,1,57.22,57.22,,0.0,57.22
O0006952,O0006952-1,SKU00202,1,80.2,80.2,,0.0,80.2
O0006952,O0006952-2,SKU00009,1,52.68,52.68,,0.0,52.68
O0006952,O0006952-3,SKU00213,1,45.05,45.05,,0.0,45.05
O0006953,O0006953-1,SKU00311,2,60.22,120.44,,0.0,120.44
O0006954,O0006954-1,SKU00307,3,36.83,110.49,,0.0,110.49
O0006954,O0006954-2,SKU00090,1,36.81,36.81,,0.0,36.81
O0006955,O0006955-1,SKU00183,1,17.38,17.38,,0.0,17.38
O0006956,O0006956-1,SKU00300,1,29.05,29.05,,0.0,29.05
O0006957,O0006957-1,SKU00179,1,14.26,14.26,,0.0,14.26
O0006958,O0006958-1,SKU00033,2,24.44,48.88,,0.0,48.88
O0006959,O0006959-1,SKU00362,1,26.77,26.77,,0.0,26.77
O0006959,O0006959-2,SKU00164,1,38.71,38.71,,0.0,38.71
O0006960,O0006960-1,SKU00361,1,44.18,44.18,,0.0,44.18
O0006960,O0006960-2,SKU00308,1,57.22,57.22,,0.0,57.22
O0006961,O0006961-1,SKU00105,1,52.33,52.33,,0.0,52.33
O0006961,O0006961-2,SKU00026,1,45.44,45.44,,0.0,45.44
O0006962,O0006962-1,SKU00117,1,30.62,30.62,,0.0,30.62
O0006962,O0006962-2,SKU00028,1,35.88,35.88,,0.0,35.88
O0006963,O0006963-1,SKU00365,1,26.67,26.67,,0.0,26.67
O0006963,O0006963-2,SKU00300,1,29.05,29.05,,0.0,29.05
O0006963,O0006963-3,SKU00187,1,39.15,39.15,,0.0,39.15
O0006963,O0006963-4,SKU00034,1,45.57,45.57,,0.0,45.57
O0006964,O0006964-1,SKU00342,1,38.94,38.94,P0023,9.74,29.2
O0006965,O0006965-1,SKU00184,1,34.06,34.06,,0.0,34.06
O0006965,O0006965-2,SKU00115,1,25.28,25.28,,0.0,25.28
O0006966,O0006966-1,SKU00364,1,45.23,45.23,,0.0,45.23
O0006966,O0006966-2,SKU00362,1,26.77,26.77,,0.0,26.77
O0006967,O0006967-1,SKU00344,1,9.99,9.99,,0.0,9.99
O0006967,O0006967-2,SKU00278,1,54.54,54.54,,0.0,54.54
O0006967,O0006967-3,SKU00099,1,22.33,22.33,,0.0,22.33
O0006968,O0006968-1,SKU00309,1,39.31,39.31,,0.0,39.31
O0006969,O0006969-1,SKU00233,1,21.18,21.18,,0.0,21.18
O0006970,O0006970-1,SKU00227,1,105.48,105.48,,0.0,105.48
O0006970,O0006970-2,SKU00128,1,24.13,24.13,,0.0,24.13
O0006970,O0006970-3,SKU00206,1,31.05,31.05,,0.0,31.05
O0006970,O0006970-4,SKU00192,1,37.74,37.74,,0.0,37.74
O0006971,O0006971-1,SKU00010,1,32.93,32.93,,0.0,32.93
O0006971,O0006971-2,SKU00127,1,44.81,44.81,,0.0,44.81
O0006972,O0006972-1,SKU00003,1,28.95,28.95,P0036,4.34,24.61
O0006972,O0006972-2,SKU00095,1,53.11,53.11,,0.0,53.11
O0006973,O0006973-1,SKU00034,1,45.57,45.57,,0.0,45.57
O0006973,O0006973-2,SKU00104,1,73.97,73.97,,0.0,73.97
O0006974,O0006974-1,SKU00100,1,17.02,17.02,,0.0,17.02
O0006974,O0006974-2,SKU00266,1,28.62,28.62,,0.0,28.62
O0006975,O0006975-1,SKU00330,1,61.47,61.47,,0.0,61.47
O0006975,O0006975-2,SKU00028,1,35.88,35.88,,0.0,35.88
O0006976,O0006976-1,SKU00162,1,65.18,65.18,,0.0,65.18
O0006976,O0006976-2,SKU00162,1,65.18,65.18,,0.0,65.18
O0006977,O0006977-1,SKU00192,1,37.74,37.74,,0.0,37.74
O0006978,O0006978-1,SKU00071,1,50.63,50.63,,0.0,50.63
O0006979,O0006979-1,SKU00250,1,32.56,32.56,,0.0,32.56
O0006979,O0006979-2,SKU00219,3,65.58,196.74,,0.0,196.74
O0006979,O0006979-3,SKU00217,1,31.07,31.07,,0.0,31.07
O0006980,O0006980-1,SKU00158,1,19.54,19.54,,0.0,19.54
O0006980,O0006980-2,SKU00267,1,82.59,82.59,,0.0,82.59
O0006980,O0006980-3,SKU00142,1,61.52,61.52,,0.0,61.52
O0006981,O0006981-1,SKU00211,2,88.68,177.36,,0.0,177.36
O0006981,O0006981-2,SKU00258,1,50.85,50.85,,0.0,50.85
O0006981,O0006981-3,SKU00330,1,61.47,61.47,,0.0,61.47
O0006982,O0006982-1,SKU00229,1,74.74,74.74,,0.0,74.74
O0006983,O0006983-1,SKU00011,1,31.25,31.25,,0.0,31.25
O0006983,O0006983-2,SKU00274,1,14.47,14.47,,0.0,14.47
O0006983,O0006983-3,SKU00341,1,47.08,47.08,,0.0,47.08
O0006983,O0006983-4,SKU00263,1,21.58,21.58,,0.0,21.58
O0006984,O0006984-1,SKU00264,1,27.04,27.04,,0.0,27.04
O0006984,O0006984-2,SKU00084,2,33.92,67.84,,0.0,67.84
O0006985,O0006985-1,SKU00021,1,49.41,49.41,,0.0,49.41
O0006985,O0006985-2,SKU00031,1,49.75,49.75,,0.0,49.75
O0006985,O0006985-3,SKU00063,1,26.13,26.13,,0.0,26.13
O0006986,O0006986-1,SKU00317,1,32.85,32.85,,0.0,32.85
O0006986,O0006986-2,SKU00351,1,52.83,52.83,,0.0,52.83
O0006987,O0006987-1,SKU00235,1,46.43,46.43,,0.0,46.43
O0006987,O0006987-2,SKU00103,1,32.28,32.28,,0.0,32.28
O0006987,O0006987-3,SKU00043,1,50.54,50.54,,0.0,50.54
O0006988,O0006988-1,SKU00203,2,71.32,142.64,,0.0,142.64
O0006989,O0006989-1,SKU00292,1,51.63,51.63,,0.0,51.63
O0006989,O0006989-2,SKU00003,1,28.95,28.95,,0.0,28.95
O0006990,O0006990-1,SKU00049,1,49.27,49.27,,0.0,49.27
O0006990,O0006990-2,SKU00107,1,64.03,64.03,P0036,9.6,54.43
O0006991,O0006991-1,SKU00016,1,33.83,33.83,,0.0,33.83
O0006991,O0006991-2,SKU00040,1,46.34,46.34,,0.0,46.34
O0006991,O0006991-3,SKU00088,1,49.61,49.61,,0.0,49.61
O0006992,O0006992-1,SKU00275,1,50.32,50.32,,0.0,50.32
O0006992,O0006992-2,SKU00340,1,30.34,30.34,,0.0,30.34
O0006992,O0006992-3,SKU00161,3,12.51,37.53,,0.0,37.53
O0006992,O0006992-4,SKU00118,1,21.46,21.46,,0.0,21.46
O0006993,O0006993-1,SKU00042,1,72.45,72.45,,0.0,72.45
O0006993,O0006993-2,SKU00209,1,102.17,102.17,,0.0,102.17
O0006993,O0006993-3,SKU00040,1,46.34,46.34,,0.0,46.34
O0006994,O0006994-1,SKU00352,1,37.11,37.11,,0.0,37.11
O0006995,O0006995-1,SKU00139,1,52.17,52.17,,0.0,52.17
O0006996,O0006996-1,SKU00314,1,39.09,39.09,,0.0,39.09
O0006996,O0006996-2,SKU00218,1,16.49,16.49,,0.0,16.49
O0006997,O0006997-1,SKU00230,2,49.13,98.26,,0.0,98.26
O0006998,O0006998-1,SKU00386,2,42.93,85.86,P0036,12.88,72.98
O0006998,O0006998-2,SKU00310,1,44.67,44.67,,0.0,44.67
O0006999,O0006999-1,SKU00302,1,26.48,26.48,,0.0,26.48
O0006999,O0006999-2,SKU00295,2,42.42,84.84,,0.0,84.84
O0007000,O0007000-1,SKU00024,1,39.92,39.92,,0.0,39.92
O0007001,O0007001-1,SKU00130,1,66.52,66.52,,0.0,66.52
O0007002,O0007002-1,SKU00317,1,32.85,32.85,,0.0,32.85
O0007002,O0007002-2,SKU00245,1,49.62,49.62,,0.0,49.62
O0007003,O0007003-1,SKU00186,1,34.13,34.13,,0.0,34.13
O0007004,O0007004-1,SKU00117,1,30.62,30.62,,0.0,30.62
O0007004,O0007004-2,SKU00328,2,35.12,70.24,,0.0,70.24
O0007004,O0007004-3,SKU00262,1,10.7,10.7,P0023,2.68,8.02
O0007004,O0007004-4,SKU00193,2,64.21,128.42,P0023,32.1,96.32
O0007005,O0007005-1,SKU00262,1,10.7,10.7,,0.0,10.7
O0007005,O0007005-2,SKU00083,1,54.82,54.82,,0.0,54.82
O0007005,O0007005-3,SKU00007,1,32.91,32.91,,0.0,32.91
O0007006,O0007006-1,SKU00343,1,45.56,45.56,,0.0,45.56
O0007006,O0007006-2,SKU00118,1,21.46,21.46,,0.0,21.46
O0007006,O0007006-3,SKU00235,1,46.43,46.43,,0.0,46.43
O0007007,O0007007-1,SKU00052,1,57.74,57.74,,0.0,57.74
O0007008,O0007008-1,SKU00287,2,61.4,122.8,,0.0,122.8
O0007008,O0007008-2,SKU00298,2,21.47,42.94,,0.0,42.94
O0007008,O0007008-3,SKU00345,1,60.26,60.26,,0.0,60.26
O0007008,O0007008-4,SKU00300,1,29.05,29.05,,0.0,29.05
O0007009,O0007009-1,SKU00332,1,104.52,104.52,,0.0,104.52
O0007010,O0007010-1,SKU00262,1,10.7,10.7,,0.0,10.7
O0007010,O0007010-2,SKU00218,1,16.49,16.49,,0.0,16.49
O0007011,O0007011-1,SKU00030,2,17.63,35.26,,0.0,35.26
O0007011,O0007011-2,SKU00230,1,49.13,49.13,,0.0,49.13
O0007011,O0007011-3,SKU00130,1,66.52,66.52,,0.0,66.52
O0007012,O0007012-1,SKU00143,2,18.48,36.96,,0.0,36.96
O0007012,O0007012-2,SKU00113,1,49.01,49.01,,0.0,49.01
O0007012,O0007012-3,SKU00108,1,19.31,19.31,,0.0,19.31
O0007013,O0007013-1,SKU00328,1,35.12,35.12,,0.0,35.12
O0007013,O0007013-2,SKU00239,1,15.42,15.42,,0.0,15.42
O0007014,O0007014-1,SKU00015,1,66.48,66.48,,0.0,66.48
O0007014,O0007014-2,SKU00119,1,37.15,37.15,,0.0,37.15
O0007015,O0007015-1,SKU00111,1,50.04,50.04,,0.0,50.04
O0007015,O0007015-2,SKU00115,1,25.28,25.28,P0023,6.32,18.96
O0007016,O0007016-1,SKU00215,1,33.08,33.08,,0.0,33.08
O0007016,O0007016-2,SKU00278,3,54.54,163.62,,0.0,163.62
O0007017,O0007017-1,SKU00135,1,42.96,42.96,,0.0,42.96
O0007017,O0007017-2,SKU00103,1,32.28,32.28,,0.0,32.28
O0007018,O0007018-1,SKU00085,1,51.96,51.96,,0.0,51.96
O0007018,O0007018-2,SKU00137,2,60.17,120.34,,0.0,120.34
O0007019,O0007019-1,SKU00240,2,78.86,157.72,,0.0,157.72
O0007020,O0007020-1,SKU00221,1,31.0,31.0,,0.0,31.0
O0007020,O0007020-2,SKU00253,1,51.01,51.01,,0.0,51.01
O0007021,O0007021-1,SKU00031,3,49.75,149.25,,0.0,149.25
O0007021,O0007021-2,SKU00074,1,76.62,76.62,,0.0,76.62
O0007021,O0007021-3,SKU00020,1,42.57,42.57,,0.0,42.57
O0007022,O0007022-1,SKU00261,1,86.51,86.51,P0036,12.98,73.53
O0007022,O0007022-2,SKU00016,1,33.83,33.83,,0.0,33.83
O0007023,O0007023-1,SKU00166,1,65.47,65.47,,0.0,65.47
O0007023,O0007023-2,SKU00334,1,17.99,17.99,,0.0,17.99
O0007024,O0007024-1,SKU00039,2,59.8,119.6,,0.0,119.6
O0007024,O0007024-2,SKU00339,1,36.52,36.52,,0.0,36.52
O0007025,O0007025-1,SKU00134,3,31.13,93.39,,0.0,93.39
O0007026,O0007026-1,SKU00209,1,102.17,102.17,,0.0,102.17
O0007026,O0007026-2,SKU00131,1,34.39,34.39,,0.0,34.39
O0007026,O0007026-3,SKU00083,1,54.82,54.82,,0.0,54.82
O0007027,O0007027-1,SKU00298,1,21.47,21.47,,0.0,21.47
O0007027,O0007027-2,SKU00314,1,39.09,39.09,,0.0,39.09
O0007028,O0007028-1,SKU00224,1,53.56,53.56,,0.0,53.56
O0007028,O0007028-2,SKU00098,1,54.0,54.0,,0.0,54.0
O0007029,O0007029-1,SKU00293,1,70.96,70.96,,0.0,70.96
O0007029,O0007029-2,SKU00345,1,60.26,60.26,,0.0,60.26
O0007030,O0007030-1,SKU00283,2,85.39,170.78,,0.0,170.78
O0007030,O0007030-2,SKU00397,1,66.5,66.5,,0.0,66.5
O0007031,O0007031-1,SKU00237,1,54.4,54.4,,0.0,54.4
O0007031,O0007031-2,SKU00329,1,37.64,37.64,,0.0,37.64
O0007031,O0007031-3,SKU00215,1,33.08,33.08,,0.0,33.08
O0007032,O0007032-1,SKU00140,1,56.17,56.17,,0.0,56.17
O0007032,O0007032-2,SKU00364,3,45.23,135.69,,0.0,135.69
O0007033,O0007033-1,SKU00334,1,17.99,17.99,,0.0,17.99
O0007034,O0007034-1,SKU00290,1,42.67,42.67,,0.0,42.67
O0007034,O0007034-2,SKU00391,1,57.23,57.23,P0023,14.31,42.92
O0007035,O0007035-1,SKU00316,1,21.03,21.03,,0.0,21.03
O0007035,O0007035-2,SKU00348,2,64.96,129.92,,0.0,129.92
O0007035,O0007035-3,SKU00349,1,18.05,18.05,,0.0,18.05
O0007035,O0007035-4,SKU00045,1,35.31,35.31,,0.0,35.31
O0007036,O0007036-1,SKU00249,1,31.28,31.28,,0.0,31.28
O0007036,O0007036-2,SKU00157,1,70.71,70.71,,0.0,70.71
O0007036,O0007036-3,SKU00357,1,23.0,23.0,,0.0,23.0
O0007036,O0007036-4,SKU00050,1,25.95,25.95,,0.0,25.95
O0007037,O0007037-1,SKU00371,1,48.42,48.42,,0.0,48.42
O0007037,O0007037-2,SKU00261,2,86.51,173.02,,0.0,173.02
O0007038,O0007038-1,SKU00180,1,37.89,37.89,,0.0,37.89
O0007039,O0007039-1,SKU00204,1,59.25,59.25,P0036,8.89,50.36
O0007039,O0007039-2,SKU00386,3,42.93,128.79,,0.0,128.79
O0007039,O0007039-3,SKU00015,1,66.48,66.48,,0.0,66.48
O0007040,O0007040-1,SKU00188,1,58.74,58.74,,0.0,58.74
O0007040,O0007040-2,SKU00162,2,65.18,130.36,,0.0,130.36
O0007040,O0007040-3,SKU00341,1,47.08,47.08,,0.0,47.08
O0007041,O0007041-1,SKU00250,1,32.56,32.56,,0.0,32.56
O0007041,O0007041-2,SKU00052,1,57.74,57.74,P0027,17.32,40.42
O0007042,O0007042-1,SKU00215,2,33.08,66.16,,0.0,66.16
O0007042,O0007042-2,SKU00248,1,48.06,48.06,P0023,12.02,36.04
O0007043,O0007043-1,SKU00071,1,50.63,50.63,P0027,15.19,35.44
O0007043,O0007043-2,SKU00124,1,29.76,29.76,,0.0,29.76
O0007044,O0007044-1,SKU00010,1,32.93,32.93,,0.0,32.93
O0007044,O0007044-2,SKU00189,2,53.14,106.28,,0.0,106.28
O0007045,O0007045-1,SKU00160,1,42.59,42.59,,0.0,42.59
O0007046,O0007046-1,SKU00368,2,19.96,39.92,,0.0,39.92
O0007046,O0007046-2,SKU00061,2,23.77,47.54,,0.0,47.54
O0007046,O0007046-3,SKU00331,1,21.15,21.15,,0.0,21.15
O0007046,O0007046-4,SKU00084,1,33.92,33.92,,0.0,33.92
O0007047,O0007047-1,SKU00254,1,18.56,18.56,,0.0,18.56
O0007048,O0007048-1,SKU00023,1,57.22,57.22,,0.0,57.22
O0007049,O0007049-1,SKU00122,2,22.77,45.54,,0.0,45.54
O0007050,O0007050-1,SKU00167,1,22.6,22.6,,0.0,22.6
O0007050,O0007050-2,SKU00018,1,20.66,20.66,,0.0,20.66
O0007050,O0007050-3,SKU00243,1,34.82,34.82,,0.0,34.82
O0007051,O0007051-1,SKU00119,1,37.15,37.15,,0.0,37.15
O0007051,O0007051-2,SKU00022,1,28.83,28.83,,0.0,28.83
O0007052,O0007052-1,SKU00332,2,104.52,209.04,,0.0,209.04
O0007052,O0007052-2,SKU00025,1,42.44,42.44,,0.0,42.44
O0007052,O0007052-3,SKU00378,1,38.51,38.51,,0.0,38.51
O0007052,O0007052-4,SKU00047,2,79.17,158.34,,0.0,158.34
O0007053,O0007053-1,SKU00251,2,23.58,47.16,,0.0,47.16
O0007053,O0007053-2,SKU00007,1,32.91,32.91,,0.0,32.91
O0007054,O0007054-1,SKU00388,2,37.93,75.86,,0.0,75.86
O0007054,O0007054-2,SKU00194,1,40.96,40.96,,0.0,40.96
O0007055,O0007055-1,SKU00038,1,50.53,50.53,,0.0,50.53
O0007055,O0007055-2,SKU00243,1,34.82,34.82,,0.0,34.82
O0007056,O0007056-1,SKU00397,1,66.5,66.5,,0.0,66.5
O0007056,O0007056-2,SKU00039,1,59.8,59.8,,0.0,59.8
O0007056,O0007056-3,SKU00117,1,30.62,30.62,,0.0,30.62
O0007057,O0007057-1,SKU00385,1,57.12,57.12,,0.0,57.12
O0007057,O0007057-2,SKU00230,1,49.13,49.13,,0.0,49.13
O0007058,O0007058-1,SKU00110,1,38.93,38.93,,0.0,38.93
O0007058,O0007058-2,SKU00023,1,57.22,57.22,,0.0,57.22
O0007058,O0007058-3,SKU00010,1,32.93,32.93,,0.0,32.93
O0007058,O0007058-4,SKU00355,1,41.61,41.61,,0.0,41.61
O0007059,O0007059-1,SKU00285,1,40.54,40.54,,0.0,40.54
O0007060,O0007060-1,SKU00278,2,54.54,109.08,,0.0,109.08
O0007061,O0007061-1,SKU00175,1,44.19,44.19,,0.0,44.19
O0007061,O0007061-2,SKU00382,1,19.75,19.75,,0.0,19.75
O0007062,O0007062-1,SKU00034,1,45.57,45.57,,0.0,45.57
O0007062,O0007062-2,SKU00007,1,32.91,32.91,,0.0,32.91
O0007062,O0007062-3,SKU00242,1,41.5,41.5,,0.0,41.5
O0007063,O0007063-1,SKU00027,1,11.75,11.75,,0.0,11.75
O0007063,O0007063-2,SKU00312,2,39.88,79.76,,0.0,79.76
O0007064,O0007064-1,SKU00173,1,61.04,61.04,,0.0,61.04
O0007064,O0007064-2,SKU00035,1,57.12,57.12,,0.0,57.12
O0007064,O0007064-3,SKU00036,1,42.54,42.54,,0.0,42.54
O0007065,O0007065-1,SKU00291,1,33.52,33.52,,0.0,33.52
O0007065,O0007065-2,SKU00302,2,26.48,52.96,,0.0,52.96
O0007066,O0007066-1,SKU00246,1,38.15,38.15,,0.0,38.15
O0007066,O0007066-2,SKU00396,1,15.54,15.54,,0.0,15.54
O0007066,O0007066-3,SKU00005,2,8.67,17.34,,0.0,17.34
O0007067,O0007067-1,SKU00226,3,84.67,254.01,,0.0,254.01
O0007067,O0007067-2,SKU00078,1,17.22,17.22,,0.0,17.22
O0007067,O0007067-3,SKU00190,1,45.12,45.12,,0.0,45.12
O0007068,O0007068-1,SKU00274,1,14.47,14.47,,0.0,14.47
O0007068,O0007068-2,SKU00198,1,39.26,39.26,,0.0,39.26
O0007068,O0007068-3,SKU00094,1,56.4,56.4,,0.0,56.4
O0007068,O0007068-4,SKU00341,1,47.08,47.08,,0.0,47.08
O0007069,O0007069-1,SKU00223,1,22.77,22.77,,0.0,22.77
O0007069,O0007069-2,SKU00166,1,65.47,65.47,,0.0,65.47
O0007069,O0007069-3,SKU00166,1,65.47,65.47,,0.0,65.47
O0007069,O0007069-4,SKU00334,2,17.99,35.98,,0.0,35.98
O0007070,O0007070-1,SKU00344,2,9.99,19.98,,0.0,19.98
O0007071,O0007071-1,SKU00002,1,57.3,57.3,,0.0,57.3
O0007072,O0007072-1,SKU00238,2,69.04,138.08,P0036,20.71,117.37
O0007073,O0007073-1,SKU00058,2,55.01,110.02,,0.0,110.02
O0007073,O0007073-2,SKU00400,1,33.96,33.96,,0.0,33.96
O0007073,O0007073-3,SKU00223,1,22.77,22.77,,0.0,22.77
O0007073,O0007073-4,SKU00123,1,28.95,28.95,,0.0,28.95
O0007074,O0007074-1,SKU00296,1,48.03,48.03,,0.0,48.03
O0007074,O0007074-2,SKU00308,1,57.22,57.22,,0.0,57.22
O0007075,O0007075-1,SKU00360,1,93.89,93.89,,0.0,93.89
O0007075,O0007075-2,SKU00224,1,53.56,53.56,,0.0,53.56
O0007076,O0007076-1,SKU00292,1,51.63,51.63,,0.0,51.63
O0007077,O0007077-1,SKU00219,2,65.58,131.16,,0.0,131.16
O0007078,O0007078-1,SKU00098,1,54.0,54.0,,0.0,54.0
O0007078,O0007078-2,SKU00342,3,38.94,116.82,P0023,29.2,87.62
O0007079,O0007079-1,SKU00287,1,61.4,61.4,,0.0,61.4
O0007079,O0007079-2,SKU00315,1,65.19,65.19,,0.0,65.19
O0007080,O0007080-1,SKU00012,1,9.88,9.88,,0.0,9.88
O0007080,O0007080-2,SKU00322,2,22.71,45.42,,0.0,45.42
O0007080,O0007080-3,SKU00193,1,64.21,64.21,P0023,16.05,48.16
O0007080,O0007080-4,SKU00087,1,22.83,22.83,,0.0,22.83
O0007081,O0007081-1,SKU00040,1,46.34,46.34,,0.0,46.34
O0007081,O0007081-2,SKU00156,1,25.39,25.39,,0.0,25.39
O0007082,O0007082-1,SKU00164,2,38.71,77.42,,0.0,77.42
O0007083,O0007083-1,SKU00077,1,17.01,17.01,,0.0,17.01
O0007083,O0007083-2,SKU00053,1,49.62,49.62,,0.0,49.62
O0007083,O0007083-3,SKU00398,1,85.14,85.14,,0.0,85.14
O0007083,O0007083-4,SKU00148,3,39.39,118.17,,0.0,118.17
O0007084,O0007084-1,SKU00388,1,37.93,37.93,,0.0,37.93
O0007084,O0007084-2,SKU00113,1,49.01,49.01,,0.0,49.01
O0007084,O0007084-3,SKU00240,1,78.86,78.86,,0.0,78.86
O0007084,O0007084-4,SKU00293,1,70.96,70.96,,0.0,70.96
O0007085,O0007085-1,SKU00208,3,15.73,47.19,,0.0,47.19
O0007085,O0007085-2,SKU00080,1,45.12,45.12,,0.0,45.12
O0007085,O0007085-3,SKU00233,1,21.18,21.18,,0.0,21.18
O0007085,O0007085-4,SKU00097,1,30.01,30.01,,0.0,30.01
O0007086,O0007086-1,SKU00325,1,27.6,27.6,,0.0,27.6
O0007086,O0007086-2,SKU00223,1,22.77,22.77,,0.0,22.77
O0007087,O0007087-1,SKU00320,1,20.06,20.06,,0.0,20.06
O0007088,O0007088-1,SKU00055,2,66.78,133.56,P0027,40.07,93.49
O0007088,O0007088-2,SKU00368,1,19.96,19.96,,0.0,19.96
O0007089,O0007089-1,SKU00351,1,52.83,52.83,,0.0,52.83
O0007089,O0007089-2,SKU00363,1,45.39,45.39,,0.0,45.39
O0007090,O0007090-1,SKU00167,1,22.6,22.6,,0.0,22.6
O0007091,O0007091-1,SKU00126,1,40.15,40.15,,0.0,40.15
O0007091,O0007091-2,SKU00237,2,54.4,108.8,,0.0,108.8
O0007091,O0007091-3,SKU00386,2,42.93,85.86,P0023,21.46,64.4
O0007092,O0007092-1,SKU00381,1,81.55,81.55,,0.0,81.55
O0007093,O0007093-1,SKU00036,1,42.54,42.54,,0.0,42.54
O0007093,O0007093-2,SKU00079,1,43.31,43.31,,0.0,43.31
O0007094,O0007094-1,SKU00130,1,66.52,66.52,,0.0,66.52
O0007094,O0007094-2,SKU00392,1,45.36,45.36,,0.0,45.36
O0007095,O0007095-1,SKU00358,1,36.52,36.52,,0.0,36.52
O0007095,O0007095-2,SKU00235,1,46.43,46.43,,0.0,46.43
O0007096,O0007096-1,SKU00029,1,36.29,36.29,,0.0,36.29
O0007096,O0007096-2,SKU00160,1,42.59,42.59,,0.0,42.59
O0007097,O0007097-1,SKU00005,1,8.67,8.67,,0.0,8.67
O0007098,O0007098-1,SKU00233,1,21.18,21.18,,0.0,21.18
O0007099,O0007099-1,SKU00030,1,17.63,17.63,,0.0,17.63
O0007099,O0007099-2,SKU00118,1,21.46,21.46,,0.0,21.46
O0007100,O0007100-1,SKU00259,3,40.89,122.67,,0.0,122.67
O0007100,O0007100-2,SKU00087,2,22.83,45.66,,0.0,45.66
O0007101,O0007101-1,SKU00019,1,23.04,23.04,,0.0,23.04
O0007102,O0007102-1,SKU00115,1,25.28,25.28,,0.0,25.28
O0007102,O0007102-2,SKU00151,1,20.05,20.05,,0.0,20.05
O0007102,O0007102-3,SKU00261,1,86.51,86.51,,0.0,86.51
O0007103,O0007103-1,SKU00329,2,37.64,75.28,,0.0,75.28
O0007103,O0007103-2,SKU00295,1,42.42,42.42,,0.0,42.42
O0007104,O0007104-1,SKU00147,1,41.64,41.64,,0.0,41.64
O0007105,O0007105-1,SKU00301,1,30.77,30.77,,0.0,30.77
O0007105,O0007105-2,SKU00319,2,45.64,91.28,,0.0,91.28
O0007106,O0007106-1,SKU00203,1,71.32,71.32,,0.0,71.32
O0007106,O0007106-2,SKU00331,1,21.15,21.15,,0.0,21.15
O0007106,O0007106-3,SKU00349,1,18.05,18.05,,0.0,18.05
O0007106,O0007106-4,SKU00060,1,76.86,76.86,,0.0,76.86
O0007107,O0007107-1,SKU00040,1,46.34,46.34,,0.0,46.34
O0007107,O0007107-2,SKU00077,1,17.01,17.01,,0.0,17.01
O0007107,O0007107-3,SKU00346,1,102.61,102.61,,0.0,102.61
O0007108,O0007108-1,SKU00163,1,29.45,29.45,,0.0,29.45
O0007108,O0007108-2,SKU00186,1,34.13,34.13,,0.0,34.13
O0007108,O0007108-3,SKU00346,2,102.61,205.22,,0.0,205.22
O0007109,O0007109-1,SKU00169,1,38.7,38.7,,0.0,38.7
O0007110,O0007110-1,SKU00227,1,105.48,105.48,,0.0,105.48
O0007110,O0007110-2,SKU00012,1,9.88,9.88,,0.0,9.88
O0007110,O0007110-3,SKU00010,1,32.93,32.93,,0.0,32.93
O0007111,O0007111-1,SKU00027,1,11.75,11.75,,0.0,11.75
O0007111,O0007111-2,SKU00180,1,37.89,37.89,,0.0,37.89
O0007111,O0007111-3,SKU00140,1,56.17,56.17,,0.0,56.17
O0007111,O0007111-4,SKU00170,1,29.26,29.26,,0.0,29.26
O0007112,O0007112-1,SKU00029,1,36.29,36.29,,0.0,36.29
O0007113,O0007113-1,SKU00262,2,10.7,21.4,,0.0,21.4
O0007113,O0007113-2,SKU00342,1,38.94,38.94,,0.0,38.94
O0007113,O0007113-3,SKU00124,1,29.76,29.76,,0.0,29.76
O0007114,O0007114-1,SKU00075,1,53.82,53.82,,0.0,53.82
O0007114,O0007114-2,SKU00276,1,22.08,22.08,,0.0,22.08
O0007114,O0007114-3,SKU00310,1,44.67,44.67,,0.0,44.67
O0007114,O0007114-4,SKU00122,1,22.77,22.77,,0.0,22.77
O0007115,O0007115-1,SKU00145,1,34.93,34.93,,0.0,34.93
O0007116,O0007116-1,SKU00195,2,41.24,82.48,,0.0,82.48
O0007116,O0007116-2,SKU00248,2,48.06,96.12,P0023,24.03,72.09
O0007117,O0007117-1,SKU00365,1,26.67,26.67,P0023,6.67,20.0
O0007117,O0007117-2,SKU00227,2,105.48,210.96,,0.0,210.96
O0007117,O0007117-3,SKU00377,1,39.6,39.6,,0.0,39.6
O0007118,O0007118-1,SKU00312,2,39.88,79.76,,0.0,79.76
O0007118,O0007118-2,SKU00246,1,38.15,38.15,,0.0,38.15
O0007119,O0007119-1,SKU00087,1,22.83,22.83,,0.0,22.83
O0007119,O0007119-2,SKU00109,1,88.61,88.61,,0.0,88.61
O0007120,O0007120-1,SKU00294,3,47.23,141.69,,0.0,141.69
O0007121,O0007121-1,SKU00253,1,51.01,51.01,,0.0,51.01
O0007121,O0007121-2,SKU00016,1,33.83,33.83,,0.0,33.83
O0007122,O0007122-1,SKU00235,1,46.43,46.43,,0.0,46.43
O0007122,O0007122-2,SKU00302,1,26.48,26.48,,0.0,26.48
O0007122,O0007122-3,SKU00192,1,37.74,37.74,,0.0,37.74
O0007123,O0007123-1,SKU00374,2,34.49,68.98,,0.0,68.98
O0007123,O0007123-2,SKU00151,1,20.05,20.05,P0027,6.02,14.03
O0007124,O0007124-1,SKU00128,1,24.13,24.13,,0.0,24.13
O0007124,O0007124-2,SKU00285,1,40.54,40.54,,0.0,40.54
O0007124,O0007124-3,SKU00159,1,47.62,47.62,,0.0,47.62
O0007125,O0007125-1,SKU00252,3,57.03,171.09,,0.0,171.09
O0007125,O0007125-2,SKU00241,1,46.38,46.38,,0.0,46.38
O0007125,O0007125-3,SKU00150,1,41.46,41.46,,0.0,41.46
O0007126,O0007126-1,SKU00055,1,66.78,66.78,,0.0,66.78
O0007127,O0007127-1,SKU00123,1,28.95,28.95,,0.0,28.95
O0007128,O0007128-1,SKU00206,1,31.05,31.05,,0.0,31.05
O0007128,O0007128-2,SKU00336,1,54.95,54.95,,0.0,54.95
O0007128,O0007128-3,SKU00364,2,45.23,90.46,,0.0,90.46
O0007129,O0007129-1,SKU00245,1,49.62,49.62,,0.0,49.62
O0007130,O0007130-1,SKU00109,2,88.61,177.22,,0.0,177.22
O0007130,O0007130-2,SKU00281,1,52.93,52.93,,0.0,52.93
O0007130,O0007130-3,SKU00150,1,41.46,41.46,,0.0,41.46
O0007130,O0007130-4,SKU00304,1,28.55,28.55,,0.0,28.55
O0007131,O0007131-1,SKU00049,1,49.27,49.27,,0.0,49.27
O0007132,O0007132-1,SKU00050,2,25.95,51.9,,0.0,51.9
O0007132,O0007132-2,SKU00368,1,19.96,19.96,,0.0,19.96
O0007132,O0007132-3,SKU00158,1,19.54,19.54,,0.0,19.54
O0007133,O0007133-1,SKU00035,1,57.12,57.12,,0.0,57.12
O0007133,O0007133-2,SKU00355,1,41.61,41.61,,0.0,41.61
O0007134,O0007134-1,SKU00281,1,52.93,52.93,,0.0,52.93
O0007134,O0007134-2,SKU00040,1,46.34,46.34,,0.0,46.34
O0007134,O0007134-3,SKU00179,1,14.26,14.26,,0.0,14.26
O0007135,O0007135-1,SKU00224,2,53.56,107.12,,0.0,107.12
O0007135,O0007135-2,SKU00135,1,42.96,42.96,,0.0,42.96
O0007135,O0007135-3,SKU00056,1,38.71,38.71,,0.0,38.71
O0007135,O0007135-4,SKU00143,1,18.48,18.48,,0.0,18.48
O0007136,O0007136-1,SKU00378,1,38.51,38.51,,0.0,38.51
O0007136,O0007136-2,SKU00012,1,9.88,9.88,,0.0,9.88
O0007136,O0007136-3,SKU00255,1,82.33,82.33,,0.0,82.33
O0007137,O0007137-1,SKU00255,1,82.33,82.33,,0.0,82.33
O0007137,O0007137-2,SKU00152,1,57.95,57.95,,0.0,57.95
O0007137,O0007137-3,SKU00192,1,37.74,37.74,,0.0,37.74
O0007137,O0007137-4,SKU00051,2,57.83,115.66,,0.0,115.66
O0007138,O0007138-1,SKU00275,1,50.32,50.32,,0.0,50.32
O0007139,O0007139-1,SKU00040,1,46.34,46.34,,0.0,46.34
O0007140,O0007140-1,SKU00330,1,61.47,61.47,,0.0,61.47
O0007140,O0007140-2,SKU00191,1,45.24,45.24,,0.0,45.24
O0007140,O0007140-3,SKU00396,1,15.54,15.54,,0.0,15.54
O0007141,O0007141-1,SKU00145,2,34.93,69.86,,0.0,69.86
O0007142,O0007142-1,SKU00303,1,66.84,66.84,,0.0,66.84
O0007142,O0007142-2,SKU00130,2,66.52,133.04,,0.0,133.04
O0007142,O0007142-3,SKU00042,1,72.45,72.45,,0.0,72.45
O0007142,O0007142-4,SKU00189,1,53.14,53.14,,0.0,53.14
O0007143,O0007143-1,SKU00071,1,50.63,50.63,,0.0,50.63
O0007143,O0007143-2,SKU00289,1,47.79,47.79,,0.0,47.79
O0007143,O0007143-3,SKU00018,1,20.66,20.66,,0.0,20.66
O0007143,O0007143-4,SKU00130,1,66.52,66.52,,0.0,66.52
O0007144,O0007144-1,SKU00169,3,38.7,116.1,,0.0,116.1
O0007144,O0007144-2,SKU00136,3,52.74,158.22,,0.0,158.22
O0007144,O0007144-3,SKU00392,1,45.36,45.36,,0.0,45.36
O0007145,O0007145-1,SKU00115,3,25.28,75.84,,0.0,75.84
O0007146,O0007146-1,SKU00347,1,61.23,61.23,,0.0,61.23
O0007146,O0007146-2,SKU00114,1,29.46,29.46,,0.0,29.46
O0007147,O0007147-1,SKU00180,2,37.89,75.78,,0.0,75.78
O0007147,O0007147-2,SKU00318,2,30.41,60.82,,0.0,60.82
O0007148,O0007148-1,SKU00372,2,19.15,38.3,,0.0,38.3
O0007149,O0007149-1,SKU00155,3,44.19,132.57,,0.0,132.57
O0007150,O0007150-1,SKU00058,3,55.01,165.03,,0.0,165.03
O0007150,O0007150-2,SKU00228,2,106.95,213.9,,0.0,213.9
O0007151,O0007151-1,SKU00158,1,19.54,19.54,,0.0,19.54
O0007151,O0007151-2,SKU00239,1,15.42,15.42,,0.0,15.42
O0007151,O0007151-3,SKU00153,1,61.1,61.1,,0.0,61.1
O0007152,O0007152-1,SKU00296,3,48.03,144.09,,0.0,144.09
O0007153,O0007153-1,SKU00294,1,47.23,47.23,,0.0,47.23
O0007153,O0007153-2,SKU00117,1,30.62,30.62,,0.0,30.62
O0007154,O0007154-1,SKU00319,1,45.64,45.64,,0.0,45.64
O0007154,O0007154-2,SKU00322,1,22.71,22.71,,0.0,22.71
O0007154,O0007154-3,SKU00179,1,14.26,14.26,,0.0,14.26
O0007155,O0007155-1,SKU00128,1,24.13,24.13,,0.0,24.13
O0007155,O0007155-2,SKU00162,2,65.18,130.36,,0.0,130.36
O0007155,O0007155-3,SKU00274,1,14.47,14.47,,0.0,14.47
O0007156,O0007156-1,SKU00321,2,13.85,27.7,,0.0,27.7
O0007156,O0007156-2,SKU00322,1,22.71,22.71,,0.0,22.71
O0007156,O0007156-3,SKU00162,1,65.18,65.18,,0.0,65.18
O0007157,O0007157-1,SKU00369,1,42.23,42.23,,0.0,42.23
O0007158,O0007158-1,SKU00233,2,21.18,42.36,,0.0,42.36
O0007159,O0007159-1,SKU00377,1,39.6,39.6,P0023,9.9,29.7
O0007159,O0007159-2,SKU00359,2,26.27,52.54,,0.0,52.54
O0007160,O0007160-1,SKU00033,1,24.44,24.44,,0.0,24.44
O0007160,O0007160-2,SKU00376,1,37.84,37.84,P0027,11.35,26.49
O0007160,O0007160-3,SKU00006,1,31.28,31.28,,0.0,31.28
O0007161,O0007161-1,SKU00235,1,46.43,46.43,,0.0,46.43
O0007161,O0007161-2,SKU00111,1,50.04,50.04,,0.0,50.04
O0007162,O0007162-1,SKU00204,1,59.25,59.25,,0.0,59.25
O0007162,O0007162-2,SKU00022,1,28.83,28.83,,0.0,28.83
O0007162,O0007162-3,SKU00073,1,61.83,61.83,,0.0,61.83
O0007162,O0007162-4,SKU00225,2,25.36,50.72,,0.0,50.72
O0007163,O0007163-1,SKU00159,3,47.62,142.86,,0.0,142.86
O0007164,O0007164-1,SKU00002,1,57.3,57.3,,0.0,57.3
O0007164,O0007164-2,SKU00216,1,68.72,68.72,,0.0,68.72
O0007164,O0007164-3,SKU00323,3,39.02,117.06,,0.0,117.06
O0007164,O0007164-4,SKU00122,1,22.77,22.77,,0.0,22.77
O0007165,O0007165-1,SKU00335,1,18.97,18.97,,0.0,18.97
O0007166,O0007166-1,SKU00238,1,69.04,69.04,,0.0,69.04
O0007167,O0007167-1,SKU00340,1,30.34,30.34,,0.0,30.34
O0007167,O0007167-2,SKU00276,1,22.08,22.08,,0.0,22.08
O0007168,O0007168-1,SKU00396,1,15.54,15.54,,0.0,15.54
O0007169,O0007169-1,SKU00250,1,32.56,32.56,,0.0,32.56
O0007169,O0007169-2,SKU00364,3,45.23,135.69,,0.0,135.69
O0007169,O0007169-3,SKU00235,1,46.43,46.43,,0.0,46.43
O0007170,O0007170-1,SKU00177,1,41.83,41.83,,0.0,41.83
O0007171,O0007171-1,SKU00038,1,50.53,50.53,,0.0,50.53
O0007171,O0007171-2,SKU00234,1,20.16,20.16,,0.0,20.16
O0007172,O0007172-1,SKU00358,1,36.52,36.52,,0.0,36.52
O0007172,O0007172-2,SKU00345,2,60.26,120.52,,0.0,120.52
O0007173,O0007173-1,SKU00231,1,34.06,34.06,,0.0,34.06
O0007173,O0007173-2,SKU00252,1,57.03,57.03,,0.0,57.03
O0007174,O0007174-1,SKU00258,2,50.85,101.7,,0.0,101.7
O0007174,O0007174-2,SKU00263,1,21.58,21.58,,0.0,21.58
O0007174,O0007174-3,SKU00179,1,14.26,14.26,,0.0,14.26
O0007175,O0007175-1,SKU00386,1,42.93,42.93,,0.0,42.93
O0007176,O0007176-1,SKU00176,2,24.92,49.84,,0.0,49.84
O0007176,O0007176-2,SKU00170,1,29.26,29.26,,0.0,29.26
O0007177,O0007177-1,SKU00225,1,25.36,25.36,,0.0,25.36
O0007177,O0007177-2,SKU00311,2,60.22,120.44,,0.0,120.44
O0007178,O0007178-1,SKU00030,1,17.63,17.63,,0.0,17.63
O0007178,O0007178-2,SKU00097,3,30.01,90.03,,0.0,90.03
O0007179,O0007179-1,SKU00392,1,45.36,45.36,,0.0,45.36
O0007179,O0007179-2,SKU00160,1,42.59,42.59,,0.0,42.59
O0007179,O0007179-3,SKU00103,1,32.28,32.28,,0.0,32.28
O0007180,O0007180-1,SKU00146,1,60.33,60.33,,0.0,60.33
O0007180,O0007180-2,SKU00282,1,46.15,46.15,,0.0,46.15
O0007180,O0007180-3,SKU00287,1,61.4,61.4,,0.0,61.4
O0007180,O0007180-4,SKU00034,1,45.57,45.57,,0.0,45.57
O0007181,O0007181-1,SKU00074,1,76.62,76.62,,0.0,76.62
O0007182,O0007182-1,SKU00122,2,22.77,45.54,,0.0,45.54
O0007182,O0007182-2,SKU00237,2,54.4,108.8,,0.0,108.8
O0007182,O0007182-3,SKU00176,1,24.92,24.92,,0.0,24.92
O0007183,O0007183-1,SKU00388,1,37.93,37.93,P0023,9.48,28.45
O0007183,O0007183-2,SKU00129,1,38.65,38.65,,0.0,38.65
O0007184,O0007184-1,SKU00294,1,47.23,47.23,,0.0,47.23
O0007184,O0007184-2,SKU00322,1,22.71,22.71,,0.0,22.71
O0007185,O0007185-1,SKU00340,1,30.34,30.34,,0.0,30.34
O0007185,O0007185-2,SKU00003,1,28.95,28.95,,0.0,28.95
O0007185,O0007185-3,SKU00344,2,9.99,19.98,P0023,5.0,14.98
O0007185,O0007185-4,SKU00115,1,25.28,25.28,,0.0,25.28
O0007186,O0007186-1,SKU00172,1,17.17,17.17,,0.0,17.17
O0007187,O0007187-1,SKU00306,1,36.9,36.9,,0.0,36.9
O0007187,O0007187-2,SKU00325,2,27.6,55.2,,0.0,55.2
O0007187,O0007187-3,SKU00088,1,49.61,49.61,,0.0,49.61
O0007188,O0007188-1,SKU00314,1,39.09,39.09,,0.0,39.09
O0007188,O0007188-2,SKU00161,1,12.51,12.51,,0.0,12.51
O0007189,O0007189-1,SKU00359,3,26.27,78.81,,0.0,78.81
O0007190,O0007190-1,SKU00292,1,51.63,51.63,P0023,12.91,38.72
O0007191,O0007191-1,SKU00162,1,65.18,65.18,,0.0,65.18
O0007191,O0007191-2,SKU00194,1,40.96,40.96,,0.0,40.96
O0007191,O0007191-3,SKU00033,1,24.44,24.44,,0.0,24.44
O0007192,O0007192-1,SKU00071,1,50.63,50.63,,0.0,50.63
O0007192,O0007192-2,SKU00313,1,49.13,49.13,,0.0,49.13
O0007193,O0007193-1,SKU00194,1,40.96,40.96,,0.0,40.96
O0007194,O0007194-1,SKU00212,2,20.15,40.3,,0.0,40.3
O0007194,O0007194-2,SKU00062,2,38.63,77.26,,0.0,77.26
O0007194,O0007194-3,SKU00251,1,23.58,23.58,,0.0,23.58
O0007194,O0007194-4,SKU00168,2,26.49,52.98,,0.0,52.98
O0007195,O0007195-1,SKU00340,2,30.34,60.68,,0.0,60.68
O0007196,O0007196-1,SKU00192,1,37.74,37.74,,0.0,37.74
O0007196,O0007196-2,SKU00267,3,82.59,247.77,,0.0,247.77
O0007197,O0007197-1,SKU00243,1,34.82,34.82,,0.0,34.82
O0007198,O0007198-1,SKU00008,1,26.23,26.23,,0.0,26.23
O0007199,O0007199-1,SKU00240,1,78.86,78.86,,0.0,78.86
O0007199,O0007199-2,SKU00199,2,60.64,121.28,,0.0,121.28
O0007200,O0007200-1,SKU00162,1,65.18,65.18,,0.0,65.18
O0007200,O0007200-2,SKU00145,1,34.93,34.93,,0.0,34.93
O0007201,O0007201-1,SKU00208,2,15.73,31.46,,0.0,31.46
O0007201,O0007201-2,SKU00040,1,46.34,46.34,,0.0,46.34
O0007201,O0007201-3,SKU00063,1,26.13,26.13,,0.0,26.13
O0007201,O0007201-4,SKU00086,1,72.82,72.82,P0027,21.85,50.97
O0007202,O0007202-1,SKU00226,1,84.67,84.67,,0.0,84.67
O0007203,O0007203-1,SKU00135,1,42.96,42.96,,0.0,42.96
O0007203,O0007203-2,SKU00202,1,80.2,80.2,,0.0,80.2
O0007204,O0007204-1,SKU00341,1,47.08,47.08,,0.0,47.08
O0007204,O0007204-2,SKU00069,1,19.77,19.77,,0.0,19.77
O0007205,O0007205-1,SKU00149,2,26.89,53.78,,0.0,53.78
O0007206,O0007206-1,SKU00030,2,17.63,35.26,,0.0,35.26
O0007206,O0007206-2,SKU00063,3,26.13,78.39,,0.0,78.39
O0007206,O0007206-3,SKU00314,1,39.09,39.09,,0.0,39.09
O0007207,O0007207-1,SKU00083,1,54.82,54.82,,0.0,54.82
O0007207,O0007207-2,SKU00355,3,41.61,124.83,,0.0,124.83
O0007207,O0007207-3,SKU00231,1,34.06,34.06,,0.0,34.06
O0007207,O0007207-4,SKU00368,1,19.96,19.96,,0.0,19.96
O0007208,O0007208-1,SKU00306,2,36.9,73.8,,0.0,73.8
O0007208,O0007208-2,SKU00074,1,76.62,76.62,,0.0,76.62
O0007208,O0007208-3,SKU00226,1,84.67,84.67,,0.0,84.67
O0007209,O0007209-1,SKU00368,3,19.96,59.88,,0.0,59.88
O0007209,O0007209-2,SKU00149,1,26.89,26.89,,0.0,26.89
O0007210,O0007210-1,SKU00376,1,37.84,37.84,,0.0,37.84
O0007210,O0007210-2,SKU00023,1,57.22,57.22,,0.0,57.22
O0007211,O0007211-1,SKU00300,1,29.05,29.05,,0.0,29.05
O0007212,O0007212-1,SKU00341,1,47.08,47.08,,0.0,47.08
O0007213,O0007213-1,SKU00162,1,65.18,65.18,,0.0,65.18
O0007214,O0007214-1,SKU00242,1,41.5,41.5,,0.0,41.5
O0007214,O0007214-2,SKU00168,1,26.49,26.49,,0.0,26.49
O0007215,O0007215-1,SKU00398,3,85.14,255.42,,0.0,255.42
O0007215,O0007215-2,SKU00049,2,49.27,98.54,,0.0,98.54
O0007216,O0007216-1,SKU00225,1,25.36,25.36,,0.0,25.36
O0007217,O0007217-1,SKU00387,2,38.08,76.16,,0.0,76.16
O0007218,O0007218-1,SKU00216,1,68.72,68.72,,0.0,68.72
O0007219,O0007219-1,SKU00235,2,46.43,92.86,,0.0,92.86
O0007219,O0007219-2,SKU00387,1,38.08,38.08,,0.0,38.08
O0007219,O0007219-3,SKU00223,1,22.77,22.77,,0.0,22.77
O0007220,O0007220-1,SKU00312,1,39.88,39.88,,0.0,39.88
O0007221,O0007221-1,SKU00331,1,21.15,21.15,,0.0,21.15
O0007221,O0007221-2,SKU00025,1,42.44,42.44,,0.0,42.44
O0007222,O0007222-1,SKU00312,1,39.88,39.88,,0.0,39.88
O0007222,O0007222-2,SKU00012,2,9.88,19.76,,0.0,19.76
O0007223,O0007223-1,SKU00275,1,50.32,50.32,,0.0,50.32
O0007223,O0007223-2,SKU00024,1,39.92,39.92,,0.0,39.92
O0007223,O0007223-3,SKU00225,1,25.36,25.36,,0.0,25.36
O0007224,O0007224-1,SKU00010,2,32.93,65.86,,0.0,65.86
O0007224,O0007224-2,SKU00095,3,53.11,159.33,,0.0,159.33
O0007225,O0007225-1,SKU00195,1,41.24,41.24,,0.0,41.24
O0007225,O0007225-2,SKU00098,1,54.0,54.0,,0.0,54.0
O0007225,O0007225-3,SKU00311,1,60.22,60.22,,0.0,60.22
O0007226,O0007226-1,SKU00056,1,38.71,38.71,,0.0,38.71
O0007226,O0007226-2,SKU00078,1,17.22,17.22,,0.0,17.22
O0007227,O0007227-1,SKU00156,1,25.39,25.39,,0.0,25.39
O0007227,O0007227-2,SKU00266,1,28.62,28.62,,0.0,28.62
O0007227,O0007227-3,SKU00141,1,78.13,78.13,,0.0,78.13
O0007228,O0007228-1,SKU00266,1,28.62,28.62,,0.0,28.62
O0007229,O0007229-1,SKU00266,1,28.62,28.62,,0.0,28.62
O0007229,O0007229-2,SKU00073,1,61.83,61.83,P0023,15.46,46.37
O0007230,O0007230-1,SKU00263,1,21.58,21.58,,0.0,21.58
O0007230,O0007230-2,SKU00037,1,30.33,30.33,,0.0,30.33
O0007231,O0007231-1,SKU00021,1,49.41,49.41,,0.0,49.41
O0007232,O0007232-1,SKU00106,2,24.61,49.22,,0.0,49.22
O0007233,O0007233-1,SKU00400,1,33.96,33.96,,0.0,33.96
O0007234,O0007234-1,SKU00175,1,44.19,44.19,,0.0,44.19
O0007235,O0007235-1,SKU00369,1,42.23,42.23,,0.0,42.23
O0007235,O0007235-2,SKU00008,1,26.23,26.23,,0.0,26.23
O0007236,O0007236-1,SKU00389,1,51.94,51.94,,0.0,51.94
O0007237,O0007237-1,SKU00183,1,17.38,17.38,,0.0,17.38
O0007237,O0007237-2,SKU00137,1,60.17,60.17,,0.0,60.17
O0007238,O0007238-1,SKU00366,1,33.09,33.09,P0023,8.27,24.82
O0007238,O0007238-2,SKU00282,2,46.15,92.3,,0.0,92.3
O0007239,O0007239-1,SKU00258,3,50.85,152.55,,0.0,152.55
O0007239,O0007239-2,SKU00322,1,22.71,22.71,,0.0,22.71
O0007239,O0007239-3,SKU00226,1,84.67,84.67,,0.0,84.67
O0007239,O0007239-4,SKU00218,1,16.49,16.49,,0.0,16.49
O0007240,O0007240-1,SKU00012,1,9.88,9.88,,0.0,9.88
O0007241,O0007241-1,SKU00206,1,31.05,31.05,,0.0,31.05
O0007241,O0007241-2,SKU00109,1,88.61,88.61,,0.0,88.61
O0007241,O0007241-3,SKU00275,1,50.32,50.32,,0.0,50.32
O0007241,O0007241-4,SKU00036,1,42.54,42.54,,0.0,42.54
O0007242,O0007242-1,SKU00311,1,60.22,60.22,,0.0,60.22
O0007243,O0007243-1,SKU00142,1,61.52,61.52,,0.0,61.52
O0007243,O0007243-2,SKU00381,1,81.55,81.55,,0.0,81.55
O0007244,O0007244-1,SKU00021,1,49.41,49.41,,0.0,49.41
O0007244,O0007244-2,SKU00366,1,33.09,33.09,P0023,8.27,24.82
O0007245,O0007245-1,SKU00076,2,31.8,63.6,,0.0,63.6
O0007245,O0007245-2,SKU00329,2,37.64,75.28,,0.0,75.28
O0007246,O0007246-1,SKU00055,2,66.78,133.56,,0.0,133.56
O0007247,O0007247-1,SKU00187,1,39.15,39.15,,0.0,39.15
O0007247,O0007247-2,SKU00009,1,52.68,52.68,,0.0,52.68
O0007248,O0007248-1,SKU00005,1,8.67,8.67,,0.0,8.67
O0007248,O0007248-2,SKU00342,1,38.94,38.94,P0023,9.74,29.2
O0007248,O0007248-3,SKU00085,2,51.96,103.92,,0.0,103.92
O0007249,O0007249-1,SKU00393,1,14.38,14.38,,0.0,14.38
O0007250,O0007250-1,SKU00033,1,24.44,24.44,,0.0,24.44
O0007250,O0007250-2,SKU00282,1,46.15,46.15,,0.0,46.15
O0007251,O0007251-1,SKU00063,3,26.13,78.39,,0.0,78.39
O0007252,O0007252-1,SKU00213,1,45.05,45.05,,0.0,45.05
O0007253,O0007253-1,SKU00381,1,81.55,81.55,,0.0,81.55
O0007253,O0007253-2,SKU00331,1,21.15,21.15,,0.0,21.15
O0007253,O0007253-3,SKU00004,1,22.35,22.35,,0.0,22.35
O0007254,O0007254-1,SKU00328,1,35.12,35.12,,0.0,35.12
O0007254,O0007254-2,SKU00170,1,29.26,29.26,,0.0,29.26
O0007255,O0007255-1,SKU00003,3,28.95,86.85,,0.0,86.85
O0007256,O0007256-1,SKU00265,1,26.72,26.72,,0.0,26.72
O0007257,O0007257-1,SKU00236,1,32.17,32.17,,0.0,32.17
O0007257,O0007257-2,SKU00278,1,54.54,54.54,,0.0,54.54
O0007257,O0007257-3,SKU00222,1,30.96,30.96,,0.0,30.96
O0007258,O0007258-1,SKU00222,2,30.96,61.92,,0.0,61.92
O0007259,O0007259-1,SKU00299,2,33.57,67.14,,0.0,67.14
O0007259,O0007259-2,SKU00142,1,61.52,61.52,,0.0,61.52
O0007259,O0007259-3,SKU00061,1,23.77,23.77,,0.0,23.77
O0007259,O0007259-4,SKU00023,1,57.22,57.22,,0.0,57.22
O0007260,O0007260-1,SKU00400,3,33.96,101.88,,0.0,101.88
O0007260,O0007260-2,SKU00254,1,18.56,18.56,P0023,4.64,13.92
O0007260,O0007260-3,SKU00119,2,37.15,74.3,,0.0,74.3
O0007261,O0007261-1,SKU00081,2,30.86,61.72,,0.0,61.72
O0007262,O0007262-1,SKU00342,1,38.94,38.94,P0023,9.74,29.2
O0007262,O0007262-2,SKU00005,1,8.67,8.67,P0027,2.6,6.07
O0007262,O0007262-3,SKU00383,1,37.66,37.66,,0.0,37.66
O0007263,O0007263-1,SKU00037,2,30.33,60.66,,0.0,60.66
O0007263,O0007263-2,SKU00342,1,38.94,38.94,P0023,9.74,29.2
O0007263,O0007263-3,SKU00397,1,66.5,66.5,,0.0,66.5
O0007263,O0007263-4,SKU00308,1,57.22,57.22,,0.0,57.22
O0007264,O0007264-1,SKU00209,1,102.17,102.17,P0023,25.54,76.63
O0007264,O0007264-2,SKU00293,1,70.96,70.96,,0.0,70.96
O0007265,O0007265-1,SKU00226,3,84.67,254.01,,0.0,254.01
O0007266,O0007266-1,SKU00047,1,79.17,79.17,,0.0,79.17
O0007266,O0007266-2,SKU00083,1,54.82,54.82,,0.0,54.82
O0007266,O0007266-3,SKU00268,2,43.83,87.66,,0.0,87.66
O0007266,O0007266-4,SKU00007,2,32.91,65.82,,0.0,65.82
O0007267,O0007267-1,SKU00331,2,21.15,42.3,,0.0,42.3
O0007267,O0007267-2,SKU00013,1,31.04,31.04,,0.0,31.04
O0007267,O0007267-3,SKU00159,1,47.62,47.62,,0.0,47.62
O0007268,O0007268-1,SKU00034,1,45.57,45.57,,0.0,45.57
O0007268,O0007268-2,SKU00095,1,53.11,53.11,,0.0,53.11
O0007268,O0007268-3,SKU00193,1,64.21,64.21,,0.0,64.21
O0007268,O0007268-4,SKU00322,3,22.71,68.13,,0.0,68.13
O0007269,O0007269-1,SKU00312,2,39.88,79.76,,0.0,79.76
O0007269,O0007269-2,SKU00323,1,39.02,39.02,,0.0,39.02
O0007269,O0007269-3,SKU00076,1,31.8,31.8,,0.0,31.8
O0007269,O0007269-4,SKU00104,1,73.97,73.97,,0.0,73.97
O0007270,O0007270-1,SKU00313,1,49.13,49.13,,0.0,49.13
O0007270,O0007270-2,SKU00094,1,56.4,56.4,,0.0,56.4
O0007271,O0007271-1,SKU00230,1,49.13,49.13,,0.0,49.13
O0007271,O0007271-2,SKU00398,1,85.14,85.14,,0.0,85.14
O0007271,O0007271-3,SKU00387,1,38.08,38.08,,0.0,38.08
O0007271,O0007271-4,SKU00156,1,25.39,25.39,,0.0,25.39
O0007272,O0007272-1,SKU00147,1,41.64,41.64,,0.0,41.64
O0007272,O0007272-2,SKU00349,3,18.05,54.15,P0027,16.24,37.91
O0007273,O0007273-1,SKU00195,1,41.24,41.24,,0.0,41.24
O0007273,O0007273-2,SKU00377,1,39.6,39.6,P0023,9.9,29.7
O0007273,O0007273-3,SKU00056,1,38.71,38.71,,0.0,38.71
O0007274,O0007274-1,SKU00232,1,34.95,34.95,,0.0,34.95
O0007274,O0007274-2,SKU00045,1,35.31,35.31,,0.0,35.31
O0007275,O0007275-1,SKU00193,1,64.21,64.21,P0023,16.05,48.16
O0007276,O0007276-1,SKU00013,2,31.04,62.08,,0.0,62.08
O0007277,O0007277-1,SKU00359,1,26.27,26.27,,0.0,26.27
O0007277,O0007277-2,SKU00120,1,19.69,19.69,,0.0,19.69
O0007277,O0007277-3,SKU00260,1,38.96,38.96,,0.0,38.96
O0007278,O0007278-1,SKU00209,1,102.17,102.17,,0.0,102.17
O0007278,O0007278-2,SKU00350,1,53.2,53.2,,0.0,53.2
O0007279,O0007279-1,SKU00307,2,36.83,73.66,,0.0,73.66
O0007280,O0007280-1,SKU00106,1,24.61,24.61,,0.0,24.61
O0007280,O0007280-2,SKU00245,1,49.62,49.62,,0.0,49.62
O0007281,O0007281-1,SKU00114,1,29.46,29.46,,0.0,29.46
O0007281,O0007281-2,SKU00299,1,33.57,33.57,,0.0,33.57
O0007282,O0007282-1,SKU00260,1,38.96,38.96,,0.0,38.96
O0007282,O0007282-2,SKU00285,2,40.54,81.08,,0.0,81.08
O0007283,O0007283-1,SKU00339,1,36.52,36.52,,0.0,36.52
O0007283,O0007283-2,SKU00141,1,78.13,78.13,,0.0,78.13
O0007283,O0007283-3,SKU00028,2,35.88,71.76,,0.0,71.76
O0007283,O0007283-4,SKU00327,1,44.41,44.41,,0.0,44.41
O0007284,O0007284-1,SKU00269,1,28.75,28.75,,0.0,28.75
O0007284,O0007284-2,SKU00184,2,34.06,68.12,,0.0,68.12
O0007285,O0007285-1,SKU00335,2,18.97,37.94,,0.0,37.94
O0007286,O0007286-1,SKU00187,1,39.15,39.15,,0.0,39.15
O0007286,O0007286-2,SKU00138,1,17.97,17.97,,0.0,17.97
O0007286,O0007286-3,SKU00213,1,45.05,45.05,,0.0,45.05
O0007287,O0007287-1,SKU00232,1,34.95,34.95,,0.0,34.95
O0007287,O0007287-2,SKU00361,3,44.18,132.54,,0.0,132.54
O0007287,O0007287-3,SKU00023,2,57.22,114.44,,0.0,114.44
O0007287,O0007287-4,SKU00321,1,13.85,13.85,P0023,3.46,10.39
O0007288,O0007288-1,SKU00031,1,49.75,49.75,,0.0,49.75
O0007289,O0007289-1,SKU00374,1,34.49,34.49,,0.0,34.49
O0007289,O0007289-2,SKU00196,1,36.14,36.14,,0.0,36.14
O0007290,O0007290-1,SKU00279,1,31.74,31.74,,0.0,31.74
O0007290,O0007290-2,SKU00314,1,39.09,39.09,,0.0,39.09
O0007290,O0007290-3,SKU00088,1,49.61,49.61,,0.0,49.61
O0007290,O0007290-4,SKU00354,3,27.28,81.84,,0.0,81.84
O0007291,O0007291-1,SKU00328,3,35.12,105.36,,0.0,105.36
O0007291,O0007291-2,SKU00130,1,66.52,66.52,,0.0,66.52
O0007292,O0007292-1,SKU00154,1,62.36,62.36,,0.0,62.36
O0007293,O0007293-1,SKU00149,2,26.89,53.78,,0.0,53.78
O0007294,O0007294-1,SKU00166,1,65.47,65.47,,0.0,65.47
O0007294,O0007294-2,SKU00378,1,38.51,38.51,,0.0,38.51
O0007295,O0007295-1,SKU00129,1,38.65,38.65,,0.0,38.65
O0007296,O0007296-1,SKU00313,1,49.13,49.13,,0.0,49.13
O0007297,O0007297-1,SKU00145,1,34.93,34.93,,0.0,34.93
O0007297,O0007297-2,SKU00129,2,38.65,77.3,,0.0,77.3
O0007297,O0007297-3,SKU00302,1,26.48,26.48,,0.0,26.48
O0007297,O0007297-4,SKU00006,3,31.28,93.84,,0.0,93.84
O0007298,O0007298-1,SKU00196,1,36.14,36.14,,0.0,36.14
O0007298,O0007298-2,SKU00125,1,30.05,30.05,,0.0,30.05
O0007299,O0007299-1,SKU00330,1,61.47,61.47,,0.0,61.47
O0007300,O0007300-1,SKU00344,2,9.99,19.98,,0.0,19.98
O0007301,O0007301-1,SKU00073,1,61.83,61.83,,0.0,61.83
O0007301,O0007301-2,SKU00009,1,52.68,52.68,,0.0,52.68
O0007301,O0007301-3,SKU00255,1,82.33,82.33,,0.0,82.33
O0007301,O0007301-4,SKU00125,1,30.05,30.05,,0.0,30.05
O0007302,O0007302-1,SKU00275,1,50.32,50.32,,0.0,50.32
O0007302,O0007302-2,SKU00083,1,54.82,54.82,,0.0,54.82
O0007303,O0007303-1,SKU00170,2,29.26,58.52,,0.0,58.52
O0007304,O0007304-1,SKU00310,1,44.67,44.67,,0.0,44.67
O0007304,O0007304-2,SKU00040,2,46.34,92.68,,0.0,92.68
O0007304,O0007304-3,SKU00044,1,26.97,26.97,,0.0,26.97
O0007305,O0007305-1,SKU00331,1,21.15,21.15,,0.0,21.15
O0007305,O0007305-2,SKU00003,1,28.95,28.95,,0.0,28.95
O0007306,O0007306-1,SKU00374,1,34.49,34.49,,0.0,34.49
O0007306,O0007306-2,SKU00289,1,47.79,47.79,,0.0,47.79
O0007306,O0007306-3,SKU00349,1,18.05,18.05,,0.0,18.05
O0007306,O0007306-4,SKU00124,1,29.76,29.76,,0.0,29.76
O0007307,O0007307-1,SKU00126,3,40.15,120.45,,0.0,120.45
O0007307,O0007307-2,SKU00127,1,44.81,44.81,,0.0,44.81
O0007308,O0007308-1,SKU00127,1,44.81,44.81,,0.0,44.81
O0007308,O0007308-2,SKU00361,1,44.18,44.18,,0.0,44.18
O0007309,O0007309-1,SKU00228,1,106.95,106.95,,0.0,106.95
O0007309,O0007309-2,SKU00384,1,16.39,16.39,,0.0,16.39
O0007310,O0007310-1,SKU00341,1,47.08,47.08,,0.0,47.08
O0007311,O0007311-1,SKU00237,1,54.4,54.4,,0.0,54.4
O0007311,O0007311-2,SKU00023,1,57.22,57.22,,0.0,57.22
O0007312,O0007312-1,SKU00159,1,47.62,47.62,,0.0,47.62
O0007313,O0007313-1,SKU00250,1,32.56,32.56,,0.0,32.56
O0007313,O0007313-2,SKU00041,1,31.32,31.32,,0.0,31.32
O0007314,O0007314-1,SKU00145,1,34.93,34.93,,0.0,34.93
O0007314,O0007314-2,SKU00212,3,20.15,60.45,,0.0,60.45
O0007314,O0007314-3,SKU00025,1,42.44,42.44,,0.0,42.44
O0007314,O0007314-4,SKU00320,3,20.06,60.18,,0.0,60.18
O0007315,O0007315-1,SKU00310,2,44.67,89.34,,0.0,89.34
O0007316,O0007316-1,SKU00228,1,106.95,106.95,,0.0,106.95
O0007316,O0007316-2,SKU00099,1,22.33,22.33,,0.0,22.33
O0007316,O0007316-3,SKU00292,1,51.63,51.63,,0.0,51.63
O0007317,O0007317-1,SKU00324,1,70.29,70.29,,0.0,70.29
O0007317,O0007317-2,SKU00190,1,45.12,45.12,,0.0,45.12
O0007318,O0007318-1,SKU00030,1,17.63,17.63,,0.0,17.63
O0007319,O0007319-1,SKU00220,1,42.7,42.7,,0.0,42.7
O0007319,O0007319-2,SKU00217,1,31.07,31.07,,0.0,31.07
O0007320,O0007320-1,SKU00037,2,30.33,60.66,,0.0,60.66
O0007320,O0007320-2,SKU00020,1,42.57,42.57,,0.0,42.57
O0007321,O0007321-1,SKU00313,2,49.13,98.26,,0.0,98.26
O0007322,O0007322-1,SKU00150,1,41.46,41.46,,0.0,41.46
O0007322,O0007322-2,SKU00258,2,50.85,101.7,,0.0,101.7
O0007323,O0007323-1,SKU00013,2,31.04,62.08,P0023,15.52,46.56
O0007323,O0007323-2,SKU00152,1,57.95,57.95,,0.0,57.95
O0007324,O0007324-1,SKU00259,1,40.89,40.89,,0.0,40.89
O0007325,O0007325-1,SKU00228,1,106.95,106.95,,0.0,106.95
O0007326,O0007326-1,SKU00042,1,72.45,72.45,,0.0,72.45
O0007326,O0007326-2,SKU00336,1,54.95,54.95,,0.0,54.95
O0007327,O0007327-1,SKU00071,1,50.63,50.63,,0.0,50.63
O0007327,O0007327-2,SKU00027,1,11.75,11.75,,0.0,11.75
O0007328,O0007328-1,SKU00018,1,20.66,20.66,,0.0,20.66
O0007328,O0007328-2,SKU00297,1,39.78,39.78,,0.0,39.78
O0007329,O0007329-1,SKU00228,1,106.95,106.95,,0.0,106.95
O0007330,O0007330-1,SKU00083,1,54.82,54.82,,0.0,54.82
O0007330,O0007330-2,SKU00234,1,20.16,20.16,,0.0,20.16
O0007331,O0007331-1,SKU00121,1,58.38,58.38,,0.0,58.38
O0007331,O0007331-2,SKU00266,1,28.62,28.62,,0.0,28.62
O0007331,O0007331-3,SKU00356,1,12.98,12.98,,0.0,12.98
O0007331,O0007331-4,SKU00260,1,38.96,38.96,,0.0,38.96
O0007332,O0007332-1,SKU00259,1,40.89,40.89,,0.0,40.89
O0007332,O0007332-2,SKU00192,3,37.74,113.22,,0.0,113.22
O0007333,O0007333-1,SKU00132,1,44.43,44.43,P0023,11.11,33.32
O0007334,O0007334-1,SKU00087,1,22.83,22.83,,0.0,22.83
O0007335,O0007335-1,SKU00192,2,37.74,75.48,,0.0,75.48
O0007335,O0007335-2,SKU00259,1,40.89,40.89,,0.0,40.89
O0007335,O0007335-3,SKU00211,1,88.68,88.68,,0.0,88.68
O0007335,O0007335-4,SKU00299,1,33.57,33.57,,0.0,33.57
O0007336,O0007336-1,SKU00241,1,46.38,46.38,P0023,11.6,34.78
O0007336,O0007336-2,SKU00155,2,44.19,88.38,,0.0,88.38
O0007336,O0007336-3,SKU00023,1,57.22,57.22,P0023,14.3,42.92
O0007336,O0007336-4,SKU00126,1,40.15,40.15,,0.0,40.15
O0007337,O0007337-1,SKU00017,1,37.58,37.58,,0.0,37.58
O0007338,O0007338-1,SKU00153,1,61.1,61.1,,0.0,61.1
O0007338,O0007338-2,SKU00159,1,47.62,47.62,,0.0,47.62
O0007338,O0007338-3,SKU00308,1,57.22,57.22,,0.0,57.22
O0007338,O0007338-4,SKU00391,1,57.23,57.23,,0.0,57.23
O0007339,O0007339-1,SKU00297,1,39.78,39.78,,0.0,39.78
O0007340,O0007340-1,SKU00320,1,20.06,20.06,,0.0,20.06
O0007340,O0007340-2,SKU00188,2,58.74,117.48,,0.0,117.48
O0007341,O0007341-1,SKU00290,3,42.67,128.01,,0.0,128.01
O0007342,O0007342-1,SKU00105,1,52.33,52.33,,0.0,52.33
O0007342,O0007342-2,SKU00245,2,49.62,99.24,,0.0,99.24
O0007343,O0007343-1,SKU00062,1,38.63,38.63,,0.0,38.63
O0007344,O0007344-1,SKU00087,1,22.83,22.83,,0.0,22.83
O0007344,O0007344-2,SKU00080,1,45.12,45.12,,0.0,45.12
O0007344,O0007344-3,SKU00069,1,19.77,19.77,,0.0,19.77
O0007345,O0007345-1,SKU00260,1,38.96,38.96,,0.0,38.96
O0007345,O0007345-2,SKU00043,1,50.54,50.54,,0.0,50.54
O0007345,O0007345-3,SKU00087,2,22.83,45.66,,0.0,45.66
O0007346,O0007346-1,SKU00115,1,25.28,25.28,,0.0,25.28
O0007347,O0007347-1,SKU00228,1,106.95,106.95,,0.0,106.95
O0007347,O0007347-2,SKU00241,1,46.38,46.38,P0023,11.6,34.78
O0007348,O0007348-1,SKU00294,1,47.23,47.23,,0.0,47.23
O0007348,O0007348-2,SKU00102,1,12.21,12.21,,0.0,12.21
O0007348,O0007348-3,SKU00053,1,49.62,49.62,,0.0,49.62
O0007349,O0007349-1,SKU00295,1,42.42,42.42,,0.0,42.42
O0007349,O0007349-2,SKU00357,1,23.0,23.0,,0.0,23.0
O0007350,O0007350-1,SKU00283,3,85.39,256.17,,0.0,256.17
O0007350,O0007350-2,SKU00203,2,71.32,142.64,,0.0,142.64
O0007351,O0007351-1,SKU00391,1,57.23,57.23,,0.0,57.23
O0007351,O0007351-2,SKU00232,1,34.95,34.95,,0.0,34.95
O0007351,O0007351-3,SKU00219,1,65.58,65.58,,0.0,65.58
O0007351,O0007351-4,SKU00021,1,49.41,49.41,,0.0,49.41
O0007352,O0007352-1,SKU00110,1,38.93,38.93,,0.0,38.93
O0007353,O0007353-1,SKU00333,1,45.51,45.51,,0.0,45.51
O0007353,O0007353-2,SKU00069,1,19.77,19.77,,0.0,19.77
O0007354,O0007354-1,SKU00109,1,88.61,88.61,,0.0,88.61
O0007354,O0007354-2,SKU00245,1,49.62,49.62,,0.0,49.62
O0007354,O0007354-3,SKU00136,1,52.74,52.74,,0.0,52.74
O0007354,O0007354-4,SKU00392,1,45.36,45.36,,0.0,45.36
O0007355,O0007355-1,SKU00132,1,44.43,44.43,,0.0,44.43
O0007355,O0007355-2,SKU00200,1,61.25,61.25,,0.0,61.25
O0007355,O0007355-3,SKU00038,2,50.53,101.06,P0027,30.32,70.74
O0007356,O0007356-1,SKU00051,1,57.83,57.83,,0.0,57.83
O0007356,O0007356-2,SKU00079,3,43.31,129.93,,0.0,129.93
O0007357,O0007357-1,SKU00148,2,39.39,78.78,,0.0,78.78
O0007357,O0007357-2,SKU00246,1,38.15,38.15,,0.0,38.15
O0007358,O0007358-1,SKU00366,1,33.09,33.09,P0023,8.27,24.82
O0007358,O0007358-2,SKU00202,1,80.2,80.2,,0.0,80.2
O0007359,O0007359-1,SKU00152,3,57.95,173.85,,0.0,173.85
O0007359,O0007359-2,SKU00323,1,39.02,39.02,,0.0,39.02
O0007360,O0007360-1,SKU00249,1,31.28,31.28,,0.0,31.28
O0007360,O0007360-2,SKU00193,1,64.21,64.21,,0.0,64.21
O0007361,O0007361-1,SKU00298,1,21.47,21.47,,0.0,21.47
O0007362,O0007362-1,SKU00275,2,50.32,100.64,,0.0,100.64
O0007363,O0007363-1,SKU00312,1,39.88,39.88,,0.0,39.88
O0007364,O0007364-1,SKU00223,1,22.77,22.77,,0.0,22.77
O0007365,O0007365-1,SKU00066,1,52.48,52.48,,0.0,52.48
O0007366,O0007366-1,SKU00189,1,53.14,53.14,,0.0,53.14
O0007366,O0007366-2,SKU00125,1,30.05,30.05,,0.0,30.05
O0007366,O0007366-3,SKU00346,2,102.61,205.22,,0.0,205.22
O0007366,O0007366-4,SKU00359,1,26.27,26.27,,0.0,26.27
O0007367,O0007367-1,SKU00142,1,61.52,61.52,,0.0,61.52
O0007367,O0007367-2,SKU00166,2,65.47,130.94,,0.0,130.94
O0007368,O0007368-1,SKU00119,1,37.15,37.15,,0.0,37.15
O0007368,O0007368-2,SKU00094,1,56.4,56.4,,0.0,56.4
O0007369,O0007369-1,SKU00215,1,33.08,33.08,,0.0,33.08
O0007369,O0007369-2,SKU00343,1,45.56,45.56,,0.0,45.56
O0007370,O0007370-1,SKU00218,1,16.49,16.49,,0.0,16.49
O0007371,O0007371-1,SKU00264,1,27.04,27.04,,0.0,27.04
O0007371,O0007371-2,SKU00143,1,18.48,18.48,,0.0,18.48
O0007372,O0007372-1,SKU00005,1,8.67,8.67,,0.0,8.67
O0007372,O0007372-2,SKU00230,1,49.13,49.13,,0.0,49.13
O0007372,O0007372-3,SKU00269,1,28.75,28.75,,0.0,28.75
O0007373,O0007373-1,SKU00085,1,51.96,51.96,,0.0,51.96
O0007374,O0007374-1,SKU00002,2,57.3,114.6,,0.0,114.6
O0007375,O0007375-1,SKU00377,1,39.6,39.6,,0.0,39.6
O0007375,O0007375-2,SKU00227,1,105.48,105.48,,0.0,105.48
O0007376,O0007376-1,SKU00108,1,19.31,19.31,,0.0,19.31
O0007377,O0007377-1,SKU00137,1,60.17,60.17,,0.0,60.17
O0007377,O0007377-2,SKU00250,1,32.56,32.56,,0.0,32.56
O0007377,O0007377-3,SKU00200,1,61.25,61.25,,0.0,61.25
O0007378,O0007378-1,SKU00151,1,20.05,20.05,,0.0,20.05
O0007378,O0007378-2,SKU00039,1,59.8,59.8,,0.0,59.8
O0007378,O0007378-3,SKU00111,1,50.04,50.04,,0.0,50.04
O0007378,O0007378-4,SKU00229,1,74.74,74.74,,0.0,74.74
O0007379,O0007379-1,SKU00398,1,85.14,85.14,,0.0,85.14
O0007379,O0007379-2,SKU00261,1,86.51,86.51,,0.0,86.51
O0007380,O0007380-1,SKU00130,1,66.52,66.52,,0.0,66.52
O0007380,O0007380-2,SKU00262,1,10.7,10.7,,0.0,10.7
O0007380,O0007380-3,SKU00039,1,59.8,59.8,,0.0,59.8
O0007381,O0007381-1,SKU00262,1,10.7,10.7,,0.0,10.7
O0007381,O0007381-2,SKU00023,1,57.22,57.22,,0.0,57.22
O0007381,O0007381-3,SKU00242,1,41.5,41.5,,0.0,41.5
O0007382,O0007382-1,SKU00071,2,50.63,101.26,,0.0,101.26
O0007383,O0007383-1,SKU00350,1,53.2,53.2,,0.0,53.2
O0007383,O0007383-2,SKU00225,1,25.36,25.36,,0.0,25.36
O0007384,O0007384-1,SKU00386,1,42.93,42.93,,0.0,42.93
O0007384,O0007384-2,SKU00376,1,37.84,37.84,,0.0,37.84
O0007385,O0007385-1,SKU00081,1,30.86,30.86,,0.0,30.86
O0007386,O0007386-1,SKU00350,1,53.2,53.2,,0.0,53.2
O0007387,O0007387-1,SKU00316,1,21.03,21.03,,0.0,21.03
O0007387,O0007387-2,SKU00208,1,15.73,15.73,,0.0,15.73
O0007387,O0007387-3,SKU00344,1,9.99,9.99,,0.0,9.99
O0007388,O0007388-1,SKU00253,1,51.01,51.01,,0.0,51.01
O0007388,O0007388-2,SKU00018,1,20.66,20.66,,0.0,20.66
O0007389,O0007389-1,SKU00184,1,34.06,34.06,,0.0,34.06
O0007390,O0007390-1,SKU00109,1,88.61,88.61,,0.0,88.61
O0007390,O0007390-2,SKU00367,1,50.59,50.59,,0.0,50.59
O0007391,O0007391-1,SKU00258,1,50.85,50.85,,0.0,50.85
O0007392,O0007392-1,SKU00089,2,49.77,99.54,P0023,24.88,74.66
O0007392,O0007392-2,SKU00166,1,65.47,65.47,,0.0,65.47
O0007392,O0007392-3,SKU00049,1,49.27,49.27,,0.0,49.27
O0007393,O0007393-1,SKU00052,1,57.74,57.74,,0.0,57.74
O0007394,O0007394-1,SKU00015,1,66.48,66.48,,0.0,66.48
O0007394,O0007394-2,SKU00152,1,57.95,57.95,,0.0,57.95
O0007394,O0007394-3,SKU00085,3,51.96,155.88,,0.0,155.88
O0007395,O0007395-1,SKU00222,1,30.96,30.96,,0.0,30.96
O0007396,O0007396-1,SKU00252,1,57.03,57.03,,0.0,57.03
O0007396,O0007396-2,SKU00222,1,30.96,30.96,,0.0,30.96
O0007396,O0007396-3,SKU00311,2,60.22,120.44,,0.0,120.44
O0007397,O0007397-1,SKU00382,1,19.75,19.75,,0.0,19.75
O0007397,O0007397-2,SKU00051,1,57.83,57.83,,0.0,57.83
O0007398,O0007398-1,SKU00057,1,34.63,34.63,,0.0,34.63
O0007399,O0007399-1,SKU00387,1,38.08,38.08,,0.0,38.08
O0007399,O0007399-2,SKU00323,2,39.02,78.04,,0.0,78.04
O0007400,O0007400-1,SKU00066,3,52.48,157.44,,0.0,157.44
O0007401,O0007401-1,SKU00058,1,55.01,55.01,,0.0,55.01
O0007401,O0007401-2,SKU00371,1,48.42,48.42,P0023,12.1,36.32
O0007402,O0007402-1,SKU00005,1,8.67,8.67,,0.0,8.67
O0007402,O0007402-2,SKU00365,1,26.67,26.67,,0.0,26.67
O0007403,O0007403-1,SKU00383,3,37.66,112.98,,0.0,112.98
O0007403,O0007403-2,SKU00228,1,106.95,106.95,,0.0,106.95
O0007403,O0007403-3,SKU00061,1,23.77,23.77,,0.0,23.77
O0007404,O0007404-1,SKU00240,2,78.86,157.72,,0.0,157.72
O0007405,O0007405-1,SKU00143,3,18.48,55.44,,0.0,55.44
O0007405,O0007405-2,SKU00393,1,14.38,14.38,,0.0,14.38
O0007405,O0007405-3,SKU00362,1,26.77,26.77,,0.0,26.77
O0007406,O0007406-1,SKU00154,2,62.36,124.72,,0.0,124.72
O0007407,O0007407-1,SKU00105,1,52.33,52.33,,0.0,52.33
O0007407,O0007407-2,SKU00043,1,50.54,50.54,,0.0,50.54
O0007407,O0007407-3,SKU00196,1,36.14,36.14,,0.0,36.14
O0007408,O0007408-1,SKU00395,2,26.26,52.52,,0.0,52.52
O0007408,O0007408-2,SKU00242,1,41.5,41.5,,0.0,41.5
O0007408,O0007408-3,SKU00343,1,45.56,45.56,,0.0,45.56
O0007409,O0007409-1,SKU00107,1,64.03,64.03,,0.0,64.03
O0007409,O0007409-2,SKU00352,1,37.11,37.11,,0.0,37.11
O0007409,O0007409-3,SKU00199,1,60.64,60.64,,0.0,60.64
O0007409,O0007409-4,SKU00258,1,50.85,50.85,,0.0,50.85
O0007410,O0007410-1,SKU00299,1,33.57,33.57,,0.0,33.57
O0007410,O0007410-2,SKU00102,1,12.21,12.21,,0.0,12.21
O0007411,O0007411-1,SKU00239,1,15.42,15.42,,0.0,15.42
O0007411,O0007411-2,SKU00273,1,56.47,56.47,,0.0,56.47
O0007412,O0007412-1,SKU00200,1,61.25,61.25,,0.0,61.25
O0007412,O0007412-2,SKU00127,2,44.81,89.62,,0.0,89.62
O0007413,O0007413-1,SKU00247,1,43.87,43.87,,0.0,43.87
O0007414,O0007414-1,SKU00312,1,39.88,39.88,,0.0,39.88
O0007415,O0007415-1,SKU00113,1,49.01,49.01,,0.0,49.01
O0007415,O0007415-2,SKU00369,1,42.23,42.23,,0.0,42.23
O0007416,O0007416-1,SKU00358,1,36.52,36.52,,0.0,36.52
O0007416,O0007416-2,SKU00399,1,38.17,38.17,,0.0,38.17
O0007417,O0007417-1,SKU00253,1,51.01,51.01,,0.0,51.01
O0007417,O0007417-2,SKU00396,1,15.54,15.54,,0.0,15.54
O0007417,O0007417-3,SKU00034,1,45.57,45.57,,0.0,45.57
O0007418,O0007418-1,SKU00136,1,52.74,52.74,,0.0,52.74
O0007418,O0007418-2,SKU00180,1,37.89,37.89,,0.0,37.89
O0007419,O0007419-1,SKU00022,2,28.83,57.66,,0.0,57.66
O0007419,O0007419-2,SKU00270,1,46.55,46.55,,0.0,46.55
O0007419,O0007419-3,SKU00347,1,61.23,61.23,,0.0,61.23
O0007419,O0007419-4,SKU00270,3,46.55,139.65,,0.0,139.65
O0007420,O0007420-1,SKU00156,1,25.39,25.39,,0.0,25.39
O0007421,O0007421-1,SKU00190,1,45.12,45.12,,0.0,45.12
O0007422,O0007422-1,SKU00028,1,35.88,35.88,,0.0,35.88
O0007423,O0007423-1,SKU00330,1,61.47,61.47,,0.0,61.47
O0007423,O0007423-2,SKU00247,1,43.87,43.87,,0.0,43.87
O0007423,O0007423-3,SKU00067,1,20.67,20.67,,0.0,20.67
O0007424,O0007424-1,SKU00126,1,40.15,40.15,,0.0,40.15
O0007424,O0007424-2,SKU00206,1,31.05,31.05,,0.0,31.05
O0007424,O0007424-3,SKU00022,3,28.83,86.49,,0.0,86.49
O0007425,O0007425-1,SKU00177,2,41.83,83.66,,0.0,83.66
O0007425,O0007425-2,SKU00118,1,21.46,21.46,,0.0,21.46
O0007426,O0007426-1,SKU00199,1,60.64,60.64,,0.0,60.64
O0007426,O0007426-2,SKU00126,1,40.15,40.15,,0.0,40.15
O0007426,O0007426-3,SKU00393,1,14.38,14.38,,0.0,14.38
O0007427,O0007427-1,SKU00130,1,66.52,66.52,,0.0,66.52
O0007427,O0007427-2,SKU00149,1,26.89,26.89,,0.0,26.89
O0007427,O0007427-3,SKU00357,1,23.0,23.0,,0.0,23.0
O0007428,O0007428-1,SKU00263,1,21.58,21.58,,0.0,21.58
O0007429,O0007429-1,SKU00158,3,19.54,58.62,,0.0,58.62
O0007429,O0007429-2,SKU00388,1,37.93,37.93,,0.0,37.93
O0007429,O0007429-3,SKU00168,1,26.49,26.49,,0.0,26.49
O0007429,O0007429-4,SKU00250,1,32.56,32.56,,0.0,32.56
O0007430,O0007430-1,SKU00292,1,51.63,51.63,,0.0,51.63
O0007431,O0007431-1,SKU00352,1,37.11,37.11,,0.0,37.11
O0007431,O0007431-2,SKU00103,2,32.28,64.56,,0.0,64.56
O0007431,O0007431-3,SKU00021,1,49.41,49.41,,0.0,49.41
O0007431,O0007431-4,SKU00215,3,33.08,99.24,,0.0,99.24
O0007432,O0007432-1,SKU00038,2,50.53,101.06,,0.0,101.06
O0007432,O0007432-2,SKU00365,1,26.67,26.67,,0.0,26.67
O0007433,O0007433-1,SKU00260,1,38.96,38.96,,0.0,38.96
O0007433,O0007433-2,SKU00368,3,19.96,59.88,,0.0,59.88
O0007433,O0007433-3,SKU00292,1,51.63,51.63,,0.0,51.63
O0007433,O0007433-4,SKU00231,1,34.06,34.06,,0.0,34.06
O0007434,O0007434-1,SKU00070,1,44.51,44.51,,0.0,44.51
O0007434,O0007434-2,SKU00172,3,17.17,51.51,,0.0,51.51
O0007435,O0007435-1,SKU00311,2,60.22,120.44,,0.0,120.44
O0007435,O0007435-2,SKU00025,1,42.44,42.44,,0.0,42.44
O0007435,O0007435-3,SKU00342,1,38.94,38.94,P0023,9.74,29.2
O0007436,O0007436-1,SKU00135,1,42.96,42.96,,0.0,42.96
O0007436,O0007436-2,SKU00134,1,31.13,31.13,,0.0,31.13
O0007436,O0007436-3,SKU00264,1,27.04,27.04,,0.0,27.04
O0007437,O0007437-1,SKU00310,3,44.67,134.01,,0.0,134.01
O0007437,O0007437-2,SKU00046,1,23.8,23.8,,0.0,23.8
O0007438,O0007438-1,SKU00035,1,57.12,57.12,,0.0,57.12
O0007438,O0007438-2,SKU00109,1,88.61,88.61,,0.0,88.61
O0007439,O0007439-1,SKU00397,1,66.5,66.5,,0.0,66.5
O0007439,O0007439-2,SKU00045,1,35.31,35.31,,0.0,35.31
O0007440,O0007440-1,SKU00251,1,23.58,23.58,,0.0,23.58
O0007440,O0007440-2,SKU00107,1,64.03,64.03,,0.0,64.03
O0007440,O0007440-3,SKU00052,3,57.74,173.22,,0.0,173.22
O0007440,O0007440-4,SKU00045,1,35.31,35.31,,0.0,35.31
O0007441,O0007441-1,SKU00396,1,15.54,15.54,,0.0,15.54
O0007441,O0007441-2,SKU00162,2,65.18,130.36,,0.0,130.36
O0007441,O0007441-3,SKU00102,1,12.21,12.21,,0.0,12.21
O0007441,O0007441-4,SKU00350,1,53.2,53.2,,0.0,53.2
O0007442,O0007442-1,SKU00001,1,32.38,32.38,,0.0,32.38
O0007443,O0007443-1,SKU00372,1,19.15,19.15,,0.0,19.15
O0007443,O0007443-2,SKU00247,1,43.87,43.87,,0.0,43.87
O0007443,O0007443-3,SKU00062,1,38.63,38.63,,0.0,38.63
O0007443,O0007443-4,SKU00266,1,28.62,28.62,,0.0,28.62
O0007444,O0007444-1,SKU00231,2,34.06,68.12,,0.0,68.12
O0007444,O0007444-2,SKU00009,1,52.68,52.68,,0.0,52.68
O0007445,O0007445-1,SKU00189,1,53.14,53.14,,0.0,53.14
O0007446,O0007446-1,SKU00169,3,38.7,116.1,,0.0,116.1
O0007447,O0007447-1,SKU00038,2,50.53,101.06,,0.0,101.06
O0007447,O0007447-2,SKU00328,1,35.12,35.12,,0.0,35.12
O0007448,O0007448-1,SKU00301,1,30.77,30.77,,0.0,30.77
O0007448,O0007448-2,SKU00042,1,72.45,72.45,,0.0,72.45
O0007448,O0007448-3,SKU00299,1,33.57,33.57,P0023,8.39,25.18
O0007449,O0007449-1,SKU00146,3,60.33,180.99,,0.0,180.99
O0007449,O0007449-2,SKU00263,1,21.58,21.58,,0.0,21.58
O0007450,O0007450-1,SKU00352,1,37.11,37.11,,0.0,37.11
O0007451,O0007451-1,SKU00190,1,45.12,45.12,,0.0,45.12
O0007451,O0007451-2,SKU00166,1,65.47,65.47,,0.0,65.47
O0007452,O0007452-1,SKU00340,2,30.34,60.68,,0.0,60.68
O0007452,O0007452-2,SKU00047,1,79.17,79.17,,0.0,79.17
O0007453,O0007453-1,SKU00341,2,47.08,94.16,,0.0,94.16
O0007453,O0007453-2,SKU00390,1,38.26,38.26,,0.0,38.26
O0007453,O0007453-3,SKU00386,1,42.93,42.93,,0.0,42.93
O0007454,O0007454-1,SKU00384,1,16.39,16.39,,0.0,16.39
O0007454,O0007454-2,SKU00047,2,79.17,158.34,,0.0,158.34
O0007454,O0007454-3,SKU00267,1,82.59,82.59,,0.0,82.59
O0007455,O0007455-1,SKU00181,1,47.26,47.26,,0.0,47.26
O0007456,O0007456-1,SKU00392,1,45.36,45.36,,0.0,45.36
O0007457,O0007457-1,SKU00387,1,38.08,38.08,,0.0,38.08
O0007457,O0007457-2,SKU00168,1,26.49,26.49,,0.0,26.49
O0007458,O0007458-1,SKU00398,1,85.14,85.14,,0.0,85.14
O0007459,O0007459-1,SKU00278,1,54.54,54.54,,0.0,54.54
O0007460,O0007460-1,SKU00192,1,37.74,37.74,,0.0,37.74
O0007460,O0007460-2,SKU00069,1,19.77,19.77,,0.0,19.77
O0007461,O0007461-1,SKU00011,1,31.25,31.25,,0.0,31.25
O0007461,O0007461-2,SKU00050,1,25.95,25.95,,0.0,25.95
O0007461,O0007461-3,SKU00089,1,49.77,49.77,,0.0,49.77
O0007461,O0007461-4,SKU00342,1,38.94,38.94,,0.0,38.94
O0007462,O0007462-1,SKU00069,1,19.77,19.77,,0.0,19.77
O0007463,O0007463-1,SKU00099,1,22.33,22.33,,0.0,22.33
O0007463,O0007463-2,SKU00385,1,57.12,57.12,,0.0,57.12
O0007463,O0007463-3,SKU00117,1,30.62,30.62,,0.0,30.62
O0007463,O0007463-4,SKU00073,2,61.83,123.66,P0023,30.92,92.74
O0007464,O0007464-1,SKU00140,1,56.17,56.17,,0.0,56.17
O0007464,O0007464-2,SKU00302,1,26.48,26.48,,0.0,26.48
O0007464,O0007464-3,SKU00324,1,70.29,70.29,,0.0,70.29
O0007464,O0007464-4,SKU00260,1,38.96,38.96,,0.0,38.96
O0007465,O0007465-1,SKU00010,1,32.93,32.93,,0.0,32.93
O0007465,O0007465-2,SKU00150,1,41.46,41.46,,0.0,41.46
O0007465,O0007465-3,SKU00357,1,23.0,23.0,,0.0,23.0
O0007466,O0007466-1,SKU00313,1,49.13,49.13,,0.0,49.13
O0007466,O0007466-2,SKU00368,1,19.96,19.96,,0.0,19.96
O0007466,O0007466-3,SKU00191,1,45.24,45.24,,0.0,45.24
O0007467,O0007467-1,SKU00396,1,15.54,15.54,,0.0,15.54
O0007467,O0007467-2,SKU00022,1,28.83,28.83,,0.0,28.83
O0007467,O0007467-3,SKU00230,1,49.13,49.13,,0.0,49.13
O0007468,O0007468-1,SKU00129,2,38.65,77.3,,0.0,77.3
O0007468,O0007468-2,SKU00066,1,52.48,52.48,,0.0,52.48
O0007469,O0007469-1,SKU00122,2,22.77,45.54,,0.0,45.54
O0007469,O0007469-2,SKU00204,2,59.25,118.5,,0.0,118.5
O0007469,O0007469-3,SKU00213,1,45.05,45.05,,0.0,45.05
O0007470,O0007470-1,SKU00381,1,81.55,81.55,,0.0,81.55
O0007470,O0007470-2,SKU00230,1,49.13,49.13,,0.0,49.13
O0007470,O0007470-3,SKU00062,1,38.63,38.63,,0.0,38.63
O0007470,O0007470-4,SKU00013,1,31.04,31.04,,0.0,31.04
O0007471,O0007471-1,SKU00311,1,60.22,60.22,,0.0,60.22
O0007472,O0007472-1,SKU00033,1,24.44,24.44,,0.0,24.44
O0007472,O0007472-2,SKU00009,1,52.68,52.68,,0.0,52.68
O0007472,O0007472-3,SKU00385,2,57.12,114.24,,0.0,114.24
O0007472,O0007472-4,SKU00241,2,46.38,92.76,,0.0,92.76
O0007473,O0007473-1,SKU00364,1,45.23,45.23,,0.0,45.23
O0007473,O0007473-2,SKU00371,1,48.42,48.42,P0023,12.1,36.32
O0007473,O0007473-3,SKU00265,1,26.72,26.72,,0.0,26.72
O0007473,O0007473-4,SKU00225,1,25.36,25.36,,0.0,25.36
O0007474,O0007474-1,SKU00100,1,17.02,17.02,,0.0,17.02
O0007474,O0007474-2,SKU00306,1,36.9,36.9,,0.0,36.9
O0007474,O0007474-3,SKU00134,1,31.13,31.13,,0.0,31.13
O0007474,O0007474-4,SKU00056,2,38.71,77.42,,0.0,77.42
O0007475,O0007475-1,SKU00108,1,19.31,19.31,,0.0,19.31
O0007475,O0007475-2,SKU00019,1,23.04,23.04,,0.0,23.04
O0007475,O0007475-3,SKU00098,1,54.0,54.0,,0.0,54.0
O0007475,O0007475-4,SKU00400,2,33.96,67.92,,0.0,67.92
O0007476,O0007476-1,SKU00009,1,52.68,52.68,,0.0,52.68
O0007476,O0007476-2,SKU00169,1,38.7,38.7,P0023,9.68,29.02
O0007477,O0007477-1,SKU00202,1,80.2,80.2,,0.0,80.2
O0007477,O0007477-2,SKU00031,1,49.75,49.75,,0.0,49.75
O0007478,O0007478-1,SKU00021,2,49.41,98.82,,0.0,98.82
O0007478,O0007478-2,SKU00001,1,32.38,32.38,,0.0,32.38
O0007479,O0007479-1,SKU00364,1,45.23,45.23,,0.0,45.23
O0007480,O0007480-1,SKU00270,1,46.55,46.55,,0.0,46.55
O0007480,O0007480-2,SKU00122,2,22.77,45.54,,0.0,45.54
O0007481,O0007481-1,SKU00045,1,35.31,35.31,,0.0,35.31
O0007481,O0007481-2,SKU00227,1,105.48,105.48,,0.0,105.48
O0007482,O0007482-1,SKU00254,1,18.56,18.56,,0.0,18.56
O0007483,O0007483-1,SKU00313,2,49.13,98.26,,0.0,98.26
O0007483,O0007483-2,SKU00087,2,22.83,45.66,,0.0,45.66
O0007483,O0007483-3,SKU00170,1,29.26,29.26,,0.0,29.26
O0007484,O0007484-1,SKU00013,1,31.04,31.04,P0023,7.76,23.28
O0007484,O0007484-2,SKU00330,1,61.47,61.47,,0.0,61.47
O0007484,O0007484-3,SKU00079,1,43.31,43.31,,0.0,43.31
O0007485,O0007485-1,SKU00200,1,61.25,61.25,,0.0,61.25
O0007485,O0007485-2,SKU00159,1,47.62,47.62,,0.0,47.62
O0007485,O0007485-3,SKU00292,1,51.63,51.63,,0.0,51.63
O0007485,O0007485-4,SKU00136,1,52.74,52.74,,0.0,52.74
O0007486,O0007486-1,SKU00028,2,35.88,71.76,,0.0,71.76
O0007486,O0007486-2,SKU00083,3,54.82,164.46,,0.0,164.46
O0007486,O0007486-3,SKU00063,1,26.13,26.13,,0.0,26.13
O0007486,O0007486-4,SKU00089,1,49.77,49.77,,0.0,49.77
O0007487,O0007487-1,SKU00177,2,41.83,83.66,,0.0,83.66
O0007488,O0007488-1,SKU00106,1,24.61,24.61,,0.0,24.61
O0007488,O0007488-2,SKU00170,1,29.26,29.26,P0023,7.32,21.94
O0007488,O0007488-3,SKU00142,1,61.52,61.52,,0.0,61.52
O0007488,O0007488-4,SKU00125,1,30.05,30.05,,0.0,30.05
O0007489,O0007489-1,SKU00180,1,37.89,37.89,,0.0,37.89
O0007489,O0007489-2,SKU00001,1,32.38,32.38,,0.0,32.38
O0007490,O0007490-1,SKU00312,1,39.88,39.88,,0.0,39.88
O0007491,O0007491-1,SKU00040,1,46.34,46.34,,0.0,46.34
O0007491,O0007491-2,SKU00273,1,56.47,56.47,,0.0,56.47
O0007492,O0007492-1,SKU00131,2,34.39,68.78,,0.0,68.78
O0007492,O0007492-2,SKU00289,2,47.79,95.58,,0.0,95.58
O0007493,O0007493-1,SKU00044,2,26.97,53.94,,0.0,53.94
O0007494,O0007494-1,SKU00103,1,32.28,32.28,,0.0,32.28
O0007494,O0007494-2,SKU00164,1,38.71,38.71,,0.0,38.71
O0007494,O0007494-3,SKU00222,1,30.96,30.96,,0.0,30.96
O0007495,O0007495-1,SKU00074,2,76.62,153.24,,0.0,153.24
O0007495,O0007495-2,SKU00187,1,39.15,39.15,,0.0,39.15
O0007496,O0007496-1,SKU00340,1,30.34,30.34,,0.0,30.34
O0007496,O0007496-2,SKU00287,1,61.4,61.4,,0.0,61.4
O0007497,O0007497-1,SKU00268,1,43.83,43.83,,0.0,43.83
O0007497,O0007497-2,SKU00157,1,70.71,70.71,,0.0,70.71
O0007498,O0007498-1,SKU00236,1,32.17,32.17,,0.0,32.17
O0007498,O0007498-2,SKU00362,2,26.77,53.54,,0.0,53.54
O0007498,O0007498-3,SKU00046,1,23.8,23.8,,0.0,23.8
O0007498,O0007498-4,SKU00163,1,29.45,29.45,,0.0,29.45
O0007499,O0007499-1,SKU00326,2,34.94,69.88,,0.0,69.88
O0007499,O0007499-2,SKU00309,1,39.31,39.31,,0.0,39.31
O0007499,O0007499-3,SKU00115,1,25.28,25.28,,0.0,25.28
O0007500,O0007500-1,SKU00339,1,36.52,36.52,,0.0,36.52
O0007500,O0007500-2,SKU00326,1,34.94,34.94,,0.0,34.94
O0007500,O0007500-3,SKU00141,1,78.13,78.13,,0.0,78.13
O0007501,O0007501-1,SKU00329,1,37.64,37.64,,0.0,37.64
O0007502,O0007502-1,SKU00168,1,26.49,26.49,,0.0,26.49
O0007502,O0007502-2,SKU00110,1,38.93,38.93,,0.0,38.93
O0007502,O0007502-3,SKU00177,1,41.83,41.83,,0.0,41.83
O0007503,O0007503-1,SKU00153,1,61.1,61.1,,0.0,61.1
O0007503,O0007503-2,SKU00395,2,26.26,52.52,,0.0,52.52
O0007503,O0007503-3,SKU00311,1,60.22,60.22,,0.0,60.22
O0007504,O0007504-1,SKU00110,1,38.93,38.93,,0.0,38.93
O0007505,O0007505-1,SKU00344,1,9.99,9.99,,0.0,9.99
O0007505,O0007505-2,SKU00022,1,28.83,28.83,,0.0,28.83
O0007505,O0007505-3,SKU00398,1,85.14,85.14,,0.0,85.14
O0007505,O0007505-4,SKU00150,1,41.46,41.46,,0.0,41.46
O0007506,O0007506-1,SKU00363,2,45.39,90.78,,0.0,90.78
O0007506,O0007506-2,SKU00368,1,19.96,19.96,,0.0,19.96
O0007507,O0007507-1,SKU00258,1,50.85,50.85,,0.0,50.85
O0007507,O0007507-2,SKU00100,2,17.02,34.04,,0.0,34.04
O0007508,O0007508-1,SKU00163,3,29.45,88.35,,0.0,88.35
O0007509,O0007509-1,SKU00063,2,26.13,52.26,,0.0,52.26
O0007510,O0007510-1,SKU00371,1,48.42,48.42,,0.0,48.42
O0007510,O0007510-2,SKU00144,2,27.92,55.84,,0.0,55.84
O0007511,O0007511-1,SKU00202,1,80.2,80.2,,0.0,80.2
O0007512,O0007512-1,SKU00304,1,28.55,28.55,,0.0,28.55
O0007513,O0007513-1,SKU00324,2,70.29,140.58,,0.0,140.58
O0007513,O0007513-2,SKU00326,1,34.94,34.94,,0.0,34.94
O0007514,O0007514-1,SKU00350,1,53.2,53.2,,0.0,53.2
O0007514,O0007514-2,SKU00395,1,26.26,26.26,,0.0,26.26
O0007514,O0007514-3,SKU00202,1,80.2,80.2,,0.0,80.2
O0007514,O0007514-4,SKU00168,2,26.49,52.98,,0.0,52.98
O0007515,O0007515-1,SKU00013,1,31.04,31.04,,0.0,31.04
O0007515,O0007515-2,SKU00335,1,18.97,18.97,,0.0,18.97
O0007516,O0007516-1,SKU00178,1,55.23,55.23,,0.0,55.23
O0007516,O0007516-2,SKU00350,1,53.2,53.2,,0.0,53.2
O0007516,O0007516-3,SKU00167,1,22.6,22.6,,0.0,22.6
O0007517,O0007517-1,SKU00391,1,57.23,57.23,,0.0,57.23
O0007517,O0007517-2,SKU00127,1,44.81,44.81,,0.0,44.81
O0007517,O0007517-3,SKU00191,2,45.24,90.48,,0.0,90.48
O0007518,O0007518-1,SKU00297,1,39.78,39.78,,0.0,39.78
O0007519,O0007519-1,SKU00259,1,40.89,40.89,,0.0,40.89
O0007519,O0007519-2,SKU00276,2,22.08,44.16,,0.0,44.16
O0007519,O0007519-3,SKU00181,1,47.26,47.26,,0.0,47.26
O0007519,O0007519-4,SKU00234,1,20.16,20.16,,0.0,20.16
O0007520,O0007520-1,SKU00365,1,26.67,26.67,,0.0,26.67
O0007520,O0007520-2,SKU00157,1,70.71,70.71,,0.0,70.71
O0007520,O0007520-3,SKU00322,1,22.71,22.71,,0.0,22.71
O0007521,O0007521-1,SKU00161,1,12.51,12.51,,0.0,12.51
O0007521,O0007521-2,SKU00117,1,30.62,30.62,,0.0,30.62
O0007521,O0007521-3,SKU00076,1,31.8,31.8,,0.0,31.8
O0007522,O0007522-1,SKU00073,1,61.83,61.83,,0.0,61.83
O0007523,O0007523-1,SKU00031,1,49.75,49.75,,0.0,49.75
O0007523,O0007523-2,SKU00243,1,34.82,34.82,,0.0,34.82
O0007523,O0007523-3,SKU00012,2,9.88,19.76,,0.0,19.76
O0007524,O0007524-1,SKU00200,1,61.25,61.25,,0.0,61.25
O0007525,O0007525-1,SKU00171,1,60.15,60.15,,0.0,60.15
O0007525,O0007525-2,SKU00310,1,44.67,44.67,,0.0,44.67
O0007526,O0007526-1,SKU00374,1,34.49,34.49,,0.0,34.49
O0007526,O0007526-2,SKU00020,2,42.57,85.14,,0.0,85.14
O0007527,O0007527-1,SKU00335,1,18.97,18.97,,0.0,18.97
O0007528,O0007528-1,SKU00290,1,42.67,42.67,,0.0,42.67
O0007528,O0007528-2,SKU00300,1,29.05,29.05,,0.0,29.05
O0007528,O0007528-3,SKU00080,1,45.12,45.12,,0.0,45.12
O0007529,O0007529-1,SKU00350,1,53.2,53.2,,0.0,53.2
O0007529,O0007529-2,SKU00254,1,18.56,18.56,,0.0,18.56
O0007529,O0007529-3,SKU00012,1,9.88,9.88,,0.0,9.88
O0007530,O0007530-1,SKU00011,1,31.25,31.25,,0.0,31.25
O0007531,O0007531-1,SKU00289,1,47.79,47.79,,0.0,47.79
O0007531,O0007531-2,SKU00339,1,36.52,36.52,,0.0,36.52
O0007531,O0007531-3,SKU00202,1,80.2,80.2,,0.0,80.2
O0007532,O0007532-1,SKU00376,2,37.84,75.68,,0.0,75.68
O0007533,O0007533-1,SKU00357,1,23.0,23.0,,0.0,23.0
O0007533,O0007533-2,SKU00034,1,45.57,45.57,P0002,2.28,43.29
O0007534,O0007534-1,SKU00017,2,37.58,75.16,,0.0,75.16
O0007534,O0007534-2,SKU00166,1,65.47,65.47,,0.0,65.47
O0007535,O0007535-1,SKU00040,1,46.34,46.34,,0.0,46.34
O0007536,O0007536-1,SKU00172,1,17.17,17.17,,0.0,17.17
O0007537,O0007537-1,SKU00267,3,82.59,247.77,,0.0,247.77
O0007537,O0007537-2,SKU00195,1,41.24,41.24,,0.0,41.24
O0007537,O0007537-3,SKU00385,1,57.12,57.12,,0.0,57.12
O0007537,O0007537-4,SKU00219,1,65.58,65.58,,0.0,65.58
O0007538,O0007538-1,SKU00219,1,65.58,65.58,,0.0,65.58
O0007538,O0007538-2,SKU00034,1,45.57,45.57,P0023,11.39,34.18
O0007538,O0007538-3,SKU00377,1,39.6,39.6,,0.0,39.6
O0007538,O0007538-4,SKU00158,2,19.54,39.08,,0.0,39.08
O0007539,O0007539-1,SKU00371,1,48.42,48.42,,0.0,48.42
O0007540,O0007540-1,SKU00352,2,37.11,74.22,,0.0,74.22
O0007540,O0007540-2,SKU00190,1,45.12,45.12,,0.0,45.12
O0007540,O0007540-3,SKU00079,2,43.31,86.62,,0.0,86.62
O0007541,O0007541-1,SKU00089,2,49.77,99.54,P0023,24.88,74.66
O0007542,O0007542-1,SKU00246,2,38.15,76.3,,0.0,76.3
O0007542,O0007542-2,SKU00139,1,52.17,52.17,,0.0,52.17
O0007542,O0007542-3,SKU00361,1,44.18,44.18,,0.0,44.18
O0007543,O0007543-1,SKU00334,3,17.99,53.97,,0.0,53.97
O0007543,O0007543-2,SKU00016,2,33.83,67.66,,0.0,67.66
O0007544,O0007544-1,SKU00109,1,88.61,88.61,,0.0,88.61
O0007545,O0007545-1,SKU00184,1,34.06,34.06,,0.0,34.06
O0007546,O0007546-1,SKU00190,2,45.12,90.24,,0.0,90.24
O0007546,O0007546-2,SKU00052,2,57.74,115.48,,0.0,115.48
O0007546,O0007546-3,SKU00347,1,61.23,61.23,,0.0,61.23
O0007546,O0007546-4,SKU00146,1,60.33,60.33,,0.0,60.33
O0007547,O0007547-1,SKU00328,2,35.12,70.24,,0.0,70.24
O0007547,O0007547-2,SKU00294,1,47.23,47.23,,0.0,47.23
O0007547,O0007547-3,SKU00273,1,56.47,56.47,,0.0,56.47
O0007548,O0007548-1,SKU00159,1,47.62,47.62,,0.0,47.62
O0007548,O0007548-2,SKU00137,2,60.17,120.34,,0.0,120.34
O0007548,O0007548-3,SKU00071,1,50.63,50.63,,0.0,50.63
O0007549,O0007549-1,SKU00324,1,70.29,70.29,,0.0,70.29
O0007549,O0007549-2,SKU00145,1,34.93,34.93,,0.0,34.93
O0007550,O0007550-1,SKU00345,1,60.26,60.26,,0.0,60.26
O0007550,O0007550-2,SKU00057,1,34.63,34.63,,0.0,34.63
O0007551,O0007551-1,SKU00030,2,17.63,35.26,,0.0,35.26
O0007551,O0007551-2,SKU00359,1,26.27,26.27,,0.0,26.27
O0007552,O0007552-1,SKU00348,1,64.96,64.96,,0.0,64.96
O0007553,O0007553-1,SKU00340,1,30.34,30.34,,0.0,30.34
O0007553,O0007553-2,SKU00145,1,34.93,34.93,,0.0,34.93
O0007554,O0007554-1,SKU00141,1,78.13,78.13,,0.0,78.13
O0007555,O0007555-1,SKU00018,2,20.66,41.32,,0.0,41.32
O0007556,O0007556-1,SKU00015,1,66.48,66.48,,0.0,66.48
O0007556,O0007556-2,SKU00347,1,61.23,61.23,,0.0,61.23
O0007557,O0007557-1,SKU00020,1,42.57,42.57,,0.0,42.57
O0007558,O0007558-1,SKU00295,1,42.42,42.42,P0023,10.6,31.82
O0007558,O0007558-2,SKU00121,1,58.38,58.38,P0023,14.6,43.78
O0007559,O0007559-1,SKU00158,2,19.54,39.08,,0.0,39.08
O0007559,O0007559-2,SKU00146,1,60.33,60.33,,0.0,60.33
O0007560,O0007560-1,SKU00312,1,39.88,39.88,,0.0,39.88
O0007561,O0007561-1,SKU00041,1,31.32,31.32,,0.0,31.32
O0007561,O0007561-2,SKU00153,1,61.1,61.1,,0.0,61.1
O0007562,O0007562-1,SKU00233,2,21.18,42.36,,0.0,42.36
O0007563,O0007563-1,SKU00179,3,14.26,42.78,,0.0,42.78
O0007564,O0007564-1,SKU00248,1,48.06,48.06,,0.0,48.06
O0007565,O0007565-1,SKU00122,1,22.77,22.77,,0.0,22.77
O0007566,O0007566-1,SKU00345,1,60.26,60.26,,0.0,60.26
O0007567,O0007567-1,SKU00342,1,38.94,38.94,,0.0,38.94
O0007567,O0007567-2,SKU00021,1,49.41,49.41,,0.0,49.41
O0007568,O0007568-1,SKU00006,2,31.28,62.56,,0.0,62.56
O0007569,O0007569-1,SKU00383,1,37.66,37.66,,0.0,37.66
O0007570,O0007570-1,SKU00262,1,10.7,10.7,,0.0,10.7
O0007571,O0007571-1,SKU00249,1,31.28,31.28,,0.0,31.28
O0007571,O0007571-2,SKU00203,1,71.32,71.32,,0.0,71.32
O0007572,O0007572-1,SKU00275,1,50.32,50.32,,0.0,50.32
O0007572,O0007572-2,SKU00399,1,38.17,38.17,,0.0,38.17
O0007572,O0007572-3,SKU00278,1,54.54,54.54,,0.0,54.54
O0007573,O0007573-1,SKU00340,1,30.34,30.34,,0.0,30.34
O0007573,O0007573-2,SKU00199,1,60.64,60.64,,0.0,60.64
O0007574,O0007574-1,SKU00186,1,34.13,34.13,,0.0,34.13
O0007574,O0007574-2,SKU00177,1,41.83,41.83,,0.0,41.83
O0007575,O0007575-1,SKU00392,1,45.36,45.36,,0.0,45.36
O0007575,O0007575-2,SKU00225,1,25.36,25.36,,0.0,25.36
O0007576,O0007576-1,SKU00343,1,45.56,45.56,,0.0,45.56
O0007576,O0007576-2,SKU00094,1,56.4,56.4,,0.0,56.4
O0007576,O0007576-3,SKU00243,1,34.82,34.82,,0.0,34.82
O0007577,O0007577-1,SKU00396,1,15.54,15.54,,0.0,15.54
O0007577,O0007577-2,SKU00004,1,22.35,22.35,,0.0,22.35
O0007577,O0007577-3,SKU00294,1,47.23,47.23,,0.0,47.23
O0007578,O0007578-1,SKU00264,1,27.04,27.04,,0.0,27.04
O0007578,O0007578-2,SKU00081,1,30.86,30.86,,0.0,30.86
O0007578,O0007578-3,SKU00049,1,49.27,49.27,,0.0,49.27
O0007579,O0007579-1,SKU00023,1,57.22,57.22,,0.0,57.22
O0007580,O0007580-1,SKU00223,1,22.77,22.77,,0.0,22.77
O0007581,O0007581-1,SKU00027,1,11.75,11.75,P0027,3.52,8.23
O0007582,O0007582-1,SKU00139,1,52.17,52.17,,0.0,52.17
O0007583,O0007583-1,SKU00195,1,41.24,41.24,,0.0,41.24
O0007583,O0007583-2,SKU00195,1,41.24,41.24,,0.0,41.24
O0007584,O0007584-1,SKU00148,1,39.39,39.39,,0.0,39.39
O0007585,O0007585-1,SKU00196,2,36.14,72.28,,0.0,72.28
O0007585,O0007585-2,SKU00323,1,39.02,39.02,,0.0,39.02
O0007586,O0007586-1,SKU00160,1,42.59,42.59,,0.0,42.59
O0007587,O0007587-1,SKU00062,1,38.63,38.63,,0.0,38.63
O0007588,O0007588-1,SKU00259,2,40.89,81.78,,0.0,81.78
O0007589,O0007589-1,SKU00228,1,106.95,106.95,,0.0,106.95
O0007590,O0007590-1,SKU00010,1,32.93,32.93,,0.0,32.93
O0007591,O0007591-1,SKU00114,1,29.46,29.46,,0.0,29.46
O0007591,O0007591-2,SKU00173,1,61.04,61.04,,0.0,61.04
O0007591,O0007591-3,SKU00124,1,29.76,29.76,,0.0,29.76
O0007591,O0007591-4,SKU00074,1,76.62,76.62,,0.0,76.62
O0007592,O0007592-1,SKU00073,1,61.83,61.83,,0.0,61.83
O0007592,O0007592-2,SKU00042,1,72.45,72.45,,0.0,72.45
O0007592,O0007592-3,SKU00255,1,82.33,82.33,,0.0,82.33
O0007592,O0007592-4,SKU00319,1,45.64,45.64,,0.0,45.64
O0007593,O0007593-1,SKU00189,1,53.14,53.14,,0.0,53.14
O0007593,O0007593-2,SKU00106,1,24.61,24.61,,0.0,24.61
O0007594,O0007594-1,SKU00026,2,45.44,90.88,,0.0,90.88
O0007595,O0007595-1,SKU00360,1,93.89,93.89,,0.0,93.89
O0007595,O0007595-2,SKU00184,1,34.06,34.06,,0.0,34.06
O0007595,O0007595-3,SKU00121,1,58.38,58.38,,0.0,58.38
O0007596,O0007596-1,SKU00051,1,57.83,57.83,,0.0,57.83
O0007596,O0007596-2,SKU00108,1,19.31,19.31,,0.0,19.31
O0007596,O0007596-3,SKU00315,3,65.19,195.57,,0.0,195.57
O0007597,O0007597-1,SKU00220,1,42.7,42.7,,0.0,42.7
O0007598,O0007598-1,SKU00024,1,39.92,39.92,,0.0,39.92
O0007599,O0007599-1,SKU00036,2,42.54,85.08,,0.0,85.08
O0007600,O0007600-1,SKU00374,1,34.49,34.49,,0.0,34.49
O0007601,O0007601-1,SKU00202,2,80.2,160.4,,0.0,160.4
O0007601,O0007601-2,SKU00377,1,39.6,39.6,,0.0,39.6
O0007602,O0007602-1,SKU00085,1,51.96,51.96,,0.0,51.96
O0007602,O0007602-2,SKU00287,1,61.4,61.4,,0.0,61.4
O0007603,O0007603-1,SKU00388,2,37.93,75.86,,0.0,75.86
O0007603,O0007603-2,SKU00019,1,23.04,23.04,,0.0,23.04
O0007603,O0007603-3,SKU00137,1,60.17,60.17,,0.0,60.17
O0007604,O0007604-1,SKU00233,2,21.18,42.36,,0.0,42.36
O0007604,O0007604-2,SKU00376,1,37.84,37.84,,0.0,37.84
O0007605,O0007605-1,SKU00140,1,56.17,56.17,,0.0,56.17
O0007605,O0007605-2,SKU00354,1,27.28,27.28,,0.0,27.28
O0007606,O0007606-1,SKU00149,3,26.89,80.67,,0.0,80.67
O0007606,O0007606-2,SKU00307,1,36.83,36.83,,0.0,36.83
O0007607,O0007607-1,SKU00186,1,34.13,34.13,,0.0,34.13
O0007608,O0007608-1,SKU00056,1,38.71,38.71,,0.0,38.71
O0007609,O0007609-1,SKU00071,1,50.63,50.63,,0.0,50.63
O0007610,O0007610-1,SKU00239,3,15.42,46.26,,0.0,46.26
O0007611,O0007611-1,SKU00303,1,66.84,66.84,,0.0,66.84
O0007612,O0007612-1,SKU00302,1,26.48,26.48,,0.0,26.48
O0007613,O0007613-1,SKU00275,1,50.32,50.32,,0.0,50.32
O0007613,O0007613-2,SKU00159,1,47.62,47.62,,0.0,47.62
O0007613,O0007613-3,SKU00115,1,25.28,25.28,,0.0,25.28
O0007614,O0007614-1,SKU00191,2,45.24,90.48,,0.0,90.48
O0007615,O0007615-1,SKU00004,1,22.35,22.35,,0.0,22.35
O0007615,O0007615-2,SKU00194,1,40.96,40.96,,0.0,40.96
O0007615,O0007615-3,SKU00369,1,42.23,42.23,,0.0,42.23
O0007616,O0007616-1,SKU00124,1,29.76,29.76,,0.0,29.76
O0007616,O0007616-2,SKU00243,2,34.82,69.64,,0.0,69.64
O0007617,O0007617-1,SKU00310,1,44.67,44.67,P0027,13.4,31.27
O0007617,O0007617-2,SKU00017,1,37.58,37.58,,0.0,37.58
O0007618,O0007618-1,SKU00363,3,45.39,136.17,,0.0,136.17
O0007619,O0007619-1,SKU00308,1,57.22,57.22,P0002,2.86,54.36
O0007619,O0007619-2,SKU00095,1,53.11,53.11,,0.0,53.11
O0007620,O0007620-1,SKU00060,1,76.86,76.86,,0.0,76.86
O0007621,O0007621-1,SKU00321,1,13.85,13.85,,0.0,13.85
O0007621,O0007621-2,SKU00267,1,82.59,82.59,P0027,24.78,57.81
O0007622,O0007622-1,SKU00142,1,61.52,61.52,,0.0,61.52
O0007622,O0007622-2,SKU00297,2,39.78,79.56,,0.0,79.56
O0007623,O0007623-1,SKU00224,2,53.56,107.12,,0.0,107.12
O0007624,O0007624-1,SKU00243,2,34.82,69.64,,0.0,69.64
O0007624,O0007624-2,SKU00365,1,26.67,26.67,,0.0,26.67
O0007625,O0007625-1,SKU00120,1,19.69,19.69,,0.0,19.69
O0007625,O0007625-2,SKU00120,1,19.69,19.69,,0.0,19.69
O0007625,O0007625-3,SKU00301,1,30.77,30.77,,0.0,30.77
O0007625,O0007625-4,SKU00013,1,31.04,31.04,,0.0,31.04
O0007626,O0007626-1,SKU00312,1,39.88,39.88,,0.0,39.88
O0007626,O0007626-2,SKU00102,1,12.21,12.21,,0.0,12.21
O0007626,O0007626-3,SKU00386,1,42.93,42.93,,0.0,42.93
O0007627,O0007627-1,SKU00037,1,30.33,30.33,,0.0,30.33
O0007627,O0007627-2,SKU00046,1,23.8,23.8,,0.0,23.8
O0007628,O0007628-1,SKU00136,1,52.74,52.74,,0.0,52.74
O0007628,O0007628-2,SKU00336,2,54.95,109.9,,0.0,109.9
O0007629,O0007629-1,SKU00313,1,49.13,49.13,,0.0,49.13
O0007629,O0007629-2,SKU00328,1,35.12,35.12,,0.0,35.12
O0007629,O0007629-3,SKU00332,2,104.52,209.04,,0.0,209.04
O0007630,O0007630-1,SKU00071,3,50.63,151.89,,0.0,151.89
O0007631,O0007631-1,SKU00150,1,41.46,41.46,,0.0,41.46
O0007631,O0007631-2,SKU00138,1,17.97,17.97,,0.0,17.97
O0007631,O0007631-3,SKU00023,3,57.22,171.66,,0.0,171.66
O0007632,O0007632-1,SKU00043,1,50.54,50.54,,0.0,50.54
O0007632,O0007632-2,SKU00211,1,88.68,88.68,,0.0,88.68
O0007633,O0007633-1,SKU00320,2,20.06,40.12,,0.0,40.12
O0007633,O0007633-2,SKU00079,3,43.31,129.93,,0.0,129.93
O0007633,O0007633-3,SKU00236,1,32.17,32.17,,0.0,32.17
O0007633,O0007633-4,SKU00165,1,18.9,18.9,,0.0,18.9
O0007634,O0007634-1,SKU00071,1,50.63,50.63,,0.0,50.63
O0007634,O0007634-2,SKU00017,2,37.58,75.16,,0.0,75.16
O0007634,O0007634-3,SKU00327,1,44.41,44.41,,0.0,44.41
O0007635,O0007635-1,SKU00357,1,23.0,23.0,,0.0,23.0
O0007635,O0007635-2,SKU00159,1,47.62,47.62,,0.0,47.62
O0007636,O0007636-1,SKU00313,2,49.13,98.26,,0.0,98.26
O0007636,O0007636-2,SKU00081,1,30.86,30.86,,0.0,30.86
O0007636,O0007636-3,SKU00302,1,26.48,26.48,,0.0,26.48
O0007637,O0007637-1,SKU00093,1,55.17,55.17,,0.0,55.17
O0007637,O0007637-2,SKU00384,1,16.39,16.39,,0.0,16.39
O0007637,O0007637-3,SKU00225,1,25.36,25.36,,0.0,25.36
O0007638,O0007638-1,SKU00089,1,49.77,49.77,,0.0,49.77
O0007639,O0007639-1,SKU00139,1,52.17,52.17,,0.0,52.17
O0007639,O0007639-2,SKU00071,1,50.63,50.63,,0.0,50.63
O0007640,O0007640-1,SKU00060,1,76.86,76.86,,0.0,76.86
O0007641,O0007641-1,SKU00152,1,57.95,57.95,,0.0,57.95
O0007641,O0007641-2,SKU00243,2,34.82,69.64,,0.0,69.64
O0007642,O0007642-1,SKU00119,1,37.15,37.15,,0.0,37.15
O0007642,O0007642-2,SKU00230,1,49.13,49.13,,0.0,49.13
O0007642,O0007642-3,SKU00138,1,17.97,17.97,P0027,5.39,12.58
O0007643,O0007643-1,SKU00365,1,26.67,26.67,,0.0,26.67
O0007643,O0007643-2,SKU00283,2,85.39,170.78,,0.0,170.78
O0007644,O0007644-1,SKU00247,1,43.87,43.87,,0.0,43.87
O0007645,O0007645-1,SKU00056,2,38.71,77.42,,0.0,77.42
O0007645,O0007645-2,SKU00191,1,45.24,45.24,,0.0,45.24
O0007645,O0007645-3,SKU00352,1,37.11,37.11,,0.0,37.11
O0007646,O0007646-1,SKU00135,2,42.96,85.92,,0.0,85.92
O0007646,O0007646-2,SKU00265,1,26.72,26.72,,0.0,26.72
O0007647,O0007647-1,SKU00391,1,57.23,57.23,,0.0,57.23
O0007648,O0007648-1,SKU00145,1,34.93,34.93,,0.0,34.93
O0007648,O0007648-2,SKU00176,1,24.92,24.92,,0.0,24.92
O0007649,O0007649-1,SKU00316,1,21.03,21.03,,0.0,21.03
O0007649,O0007649-2,SKU00018,1,20.66,20.66,,0.0,20.66
O0007649,O0007649-3,SKU00156,1,25.39,25.39,,0.0,25.39
O0007649,O0007649-4,SKU00342,1,38.94,38.94,,0.0,38.94
O0007650,O0007650-1,SKU00030,1,17.63,17.63,,0.0,17.63
O0007650,O0007650-2,SKU00106,1,24.61,24.61,P0027,7.38,17.23
O0007651,O0007651-1,SKU00218,1,16.49,16.49,,0.0,16.49
O0007651,O0007651-2,SKU00152,1,57.95,57.95,,0.0,57.95
O0007651,O0007651-3,SKU00050,2,25.95,51.9,,0.0,51.9
O0007651,O0007651-4,SKU00151,2,20.05,40.1,,0.0,40.1
O0007652,O0007652-1,SKU00038,1,50.53,50.53,,0.0,50.53
O0007652,O0007652-2,SKU00160,1,42.59,42.59,,0.0,42.59
O0007652,O0007652-3,SKU00086,3,72.82,218.46,,0.0,218.46
O0007653,O0007653-1,SKU00374,1,34.49,34.49,,0.0,34.49
O0007654,O0007654-1,SKU00351,1,52.83,52.83,,0.0,52.83
O0007655,O0007655-1,SKU00278,1,54.54,54.54,,0.0,54.54
O0007655,O0007655-2,SKU00110,1,38.93,38.93,P0002,1.95,36.98
O0007656,O0007656-1,SKU00030,2,17.63,35.26,,0.0,35.26
O0007656,O0007656-2,SKU00204,1,59.25,59.25,,0.0,59.25
O0007657,O0007657-1,SKU00220,1,42.7,42.7,,0.0,42.7
O0007657,O0007657-2,SKU00199,1,60.64,60.64,,0.0,60.64
O0007658,O0007658-1,SKU00153,1,61.1,61.1,,0.0,61.1
O0007658,O0007658-2,SKU00372,1,19.15,19.15,,0.0,19.15
O0007659,O0007659-1,SKU00347,2,61.23,122.46,,0.0,122.46
O0007659,O0007659-2,SKU00166,1,65.47,65.47,,0.0,65.47
O0007659,O0007659-3,SKU00122,1,22.77,22.77,,0.0,22.77
O0007659,O0007659-4,SKU00315,1,65.19,65.19,,0.0,65.19
O0007660,O0007660-1,SKU00013,1,31.04,31.04,,0.0,31.04
O0007660,O0007660-2,SKU00051,1,57.83,57.83,,0.0,57.83
O0007661,O0007661-1,SKU00263,1,21.58,21.58,,0.0,21.58
O0007661,O0007661-2,SKU00398,1,85.14,85.14,,0.0,85.14
O0007662,O0007662-1,SKU00243,1,34.82,34.82,,0.0,34.82
O0007662,O0007662-2,SKU00233,2,21.18,42.36,,0.0,42.36
O0007662,O0007662-3,SKU00119,3,37.15,111.45,,0.0,111.45
O0007662,O0007662-4,SKU00325,1,27.6,27.6,,0.0,27.6
O0007663,O0007663-1,SKU00076,1,31.8,31.8,,0.0,31.8
O0007663,O0007663-2,SKU00240,1,78.86,78.86,,0.0,78.86
O0007664,O0007664-1,SKU00005,1,8.67,8.67,,0.0,8.67
O0007664,O0007664-2,SKU00166,2,65.47,130.94,,0.0,130.94
O0007665,O0007665-1,SKU00074,1,76.62,76.62,,0.0,76.62
O0007665,O0007665-2,SKU00134,3,31.13,93.39,,0.0,93.39
O0007665,O0007665-3,SKU00354,1,27.28,27.28,,0.0,27.28
O0007666,O0007666-1,SKU00075,1,53.82,53.82,,0.0,53.82
O0007667,O0007667-1,SKU00105,3,52.33,156.99,,0.0,156.99
O0007667,O0007667-2,SKU00161,1,12.51,12.51,,0.0,12.51
O0007668,O0007668-1,SKU00399,1,38.17,38.17,,0.0,38.17
O0007669,O0007669-1,SKU00104,1,73.97,73.97,,0.0,73.97
O0007669,O0007669-2,SKU00027,2,11.75,23.5,,0.0,23.5
O0007669,O0007669-3,SKU00254,1,18.56,18.56,,0.0,18.56
O0007670,O0007670-1,SKU00095,1,53.11,53.11,,0.0,53.11
O0007670,O0007670-2,SKU00104,2,73.97,147.94,,0.0,147.94
O0007670,O0007670-3,SKU00016,1,33.83,33.83,,0.0,33.83
O0007671,O0007671-1,SKU00234,1,20.16,20.16,,0.0,20.16
O0007671,O0007671-2,SKU00135,1,42.96,42.96,,0.0,42.96
O0007671,O0007671-3,SKU00052,2,57.74,115.48,,0.0,115.48
O0007672,O0007672-1,SKU00197,1,32.23,32.23,,0.0,32.23
O0007672,O0007672-2,SKU00106,1,24.61,24.61,,0.0,24.61
O0007672,O0007672-3,SKU00351,1,52.83,52.83,,0.0,52.83
O0007672,O0007672-4,SKU00183,1,17.38,17.38,,0.0,17.38
O0007673,O0007673-1,SKU00122,1,22.77,22.77,,0.0,22.77
O0007673,O0007673-2,SKU00146,2,60.33,120.66,P0027,36.2,84.46
O0007674,O0007674-1,SKU00151,1,20.05,20.05,,0.0,20.05
O0007675,O0007675-1,SKU00115,2,25.28,50.56,,0.0,50.56
O0007676,O0007676-1,SKU00005,2,8.67,17.34,,0.0,17.34
O0007676,O0007676-2,SKU00216,3,68.72,206.16,,0.0,206.16
O0007676,O0007676-3,SKU00299,1,33.57,33.57,,0.0,33.57
O0007676,O0007676-4,SKU00299,2,33.57,67.14,,0.0,67.14
O0007677,O0007677-1,SKU00080,1,45.12,45.12,,0.0,45.12
O0007677,O0007677-2,SKU00009,2,52.68,105.36,,0.0,105.36
O0007678,O0007678-1,SKU00325,1,27.6,27.6,,0.0,27.6
O0007679,O0007679-1,SKU00340,1,30.34,30.34,,0.0,30.34
O0007679,O0007679-2,SKU00202,1,80.2,80.2,,0.0,80.2
O0007679,O0007679-3,SKU00336,2,54.95,109.9,,0.0,109.9
O0007680,O0007680-1,SKU00240,1,78.86,78.86,,0.0,78.86
O0007680,O0007680-2,SKU00093,1,55.17,55.17,,0.0,55.17
O0007681,O0007681-1,SKU00130,1,66.52,66.52,,0.0,66.52
O0007681,O0007681-2,SKU00010,1,32.93,32.93,,0.0,32.93
O0007682,O0007682-1,SKU00247,1,43.87,43.87,,0.0,43.87
O0007682,O0007682-2,SKU00136,1,52.74,52.74,,0.0,52.74
O0007683,O0007683-1,SKU00369,2,42.23,84.46,,0.0,84.46
O0007683,O0007683-2,SKU00020,1,42.57,42.57,,0.0,42.57
O0007684,O0007684-1,SKU00242,3,41.5,124.5,,0.0,124.5
O0007684,O0007684-2,SKU00336,2,54.95,109.9,,0.0,109.9
O0007684,O0007684-3,SKU00129,2,38.65,77.3,,0.0,77.3
O0007685,O0007685-1,SKU00332,1,104.52,104.52,,0.0,104.52
O0007686,O0007686-1,SKU00379,2,36.36,72.72,,0.0,72.72
O0007686,O0007686-2,SKU00335,2,18.97,37.94,,0.0,37.94
O0007687,O0007687-1,SKU00311,1,60.22,60.22,,0.0,60.22
O0007687,O0007687-2,SKU00142,1,61.52,61.52,,0.0,61.52
O0007687,O0007687-3,SKU00304,1,28.55,28.55,,0.0,28.55
O0007688,O0007688-1,SKU00181,3,47.26,141.78,,0.0,141.78
O0007689,O0007689-1,SKU00265,1,26.72,26.72,,0.0,26.72
O0007689,O0007689-2,SKU00360,1,93.89,93.89,,0.0,93.89
O0007690,O0007690-1,SKU00203,1,71.32,71.32,,0.0,71.32
O0007690,O0007690-2,SKU00173,1,61.04,61.04,,0.0,61.04
O0007690,O0007690-3,SKU00142,1,61.52,61.52,,0.0,61.52
O0007690,O0007690-4,SKU00369,3,42.23,126.69,,0.0,126.69
O0007691,O0007691-1,SKU00035,1,57.12,57.12,,0.0,57.12
O0007692,O0007692-1,SKU00275,1,50.32,50.32,,0.0,50.32
O0007693,O0007693-1,SKU00069,1,19.77,19.77,,0.0,19.77
O0007694,O0007694-1,SKU00134,1,31.13,31.13,,0.0,31.13
O0007695,O0007695-1,SKU00278,1,54.54,54.54,,0.0,54.54
O0007695,O0007695-2,SKU00104,1,73.97,73.97,,0.0,73.97
O0007696,O0007696-1,SKU00157,1,70.71,70.71,,0.0,70.71
O0007696,O0007696-2,SKU00248,3,48.06,144.18,,0.0,144.18
O0007697,O0007697-1,SKU00334,1,17.99,17.99,,0.0,17.99
O0007697,O0007697-2,SKU00047,1,79.17,79.17,,0.0,79.17
O0007698,O0007698-1,SKU00137,1,60.17,60.17,,0.0,60.17
O0007699,O0007699-1,SKU00034,1,45.57,45.57,,0.0,45.57
O0007699,O0007699-2,SKU00358,1,36.52,36.52,,0.0,36.52
O0007699,O0007699-3,SKU00002,2,57.3,114.6,,0.0,114.6
O0007699,O0007699-4,SKU00224,3,53.56,160.68,,0.0,160.68
O0007700,O0007700-1,SKU00240,2,78.86,157.72,,0.0,157.72
O0007700,O0007700-2,SKU00369,1,42.23,42.23,,0.0,42.23
O0007701,O0007701-1,SKU00175,1,44.19,44.19,,0.0,44.19
O0007701,O0007701-2,SKU00139,1,52.17,52.17,,0.0,52.17
O0007702,O0007702-1,SKU00191,1,45.24,45.24,,0.0,45.24
O0007703,O0007703-1,SKU00266,1,28.62,28.62,,0.0,28.62
O0007703,O0007703-2,SKU00217,1,31.07,31.07,,0.0,31.07
O0007703,O0007703-3,SKU00036,1,42.54,42.54,,0.0,42.54
O0007704,O0007704-1,SKU00243,1,34.82,34.82,,0.0,34.82
O0007704,O0007704-2,SKU00348,1,64.96,64.96,,0.0,64.96
O0007704,O0007704-3,SKU00041,1,31.32,31.32,,0.0,31.32
O0007704,O0007704-4,SKU00003,1,28.95,28.95,,0.0,28.95
O0007705,O0007705-1,SKU00316,1,21.03,21.03,,0.0,21.03
O0007706,O0007706-1,SKU00333,1,45.51,45.51,,0.0,45.51
O0007706,O0007706-2,SKU00332,1,104.52,104.52,,0.0,104.52
O0007707,O0007707-1,SKU00372,1,19.15,19.15,,0.0,19.15
O0007707,O0007707-2,SKU00239,1,15.42,15.42,,0.0,15.42
O0007707,O0007707-3,SKU00205,1,35.8,35.8,P0002,1.79,34.01
O0007708,O0007708-1,SKU00321,2,13.85,27.7,,0.0,27.7
O0007708,O0007708-2,SKU00161,1,12.51,12.51,,0.0,12.51
O0007709,O0007709-1,SKU00317,1,32.85,32.85,,0.0,32.85
O0007709,O0007709-2,SKU00161,1,12.51,12.51,P0027,3.75,8.76
O0007710,O0007710-1,SKU00386,2,42.93,85.86,,0.0,85.86
O0007710,O0007710-2,SKU00323,1,39.02,39.02,,0.0,39.02
O0007710,O0007710-3,SKU00100,1,17.02,17.02,,0.0,17.02
O0007711,O0007711-1,SKU00282,1,46.15,46.15,,0.0,46.15
O0007711,O0007711-2,SKU00221,2,31.0,62.0,,0.0,62.0
O0007712,O0007712-1,SKU00383,1,37.66,37.66,,0.0,37.66
O0007713,O0007713-1,SKU00382,1,19.75,19.75,,0.0,19.75
O0007714,O0007714-1,SKU00110,2,38.93,77.86,,0.0,77.86
O0007714,O0007714-2,SKU00082,2,35.63,71.26,,0.0,71.26
O0007714,O0007714-3,SKU00342,1,38.94,38.94,,0.0,38.94
O0007714,O0007714-4,SKU00053,1,49.62,49.62,,0.0,49.62
O0007715,O0007715-1,SKU00088,1,49.61,49.61,,0.0,49.61
O0007716,O0007716-1,SKU00196,1,36.14,36.14,,0.0,36.14
O0007716,O0007716-2,SKU00234,1,20.16,20.16,,0.0,20.16
O0007716,O0007716-3,SKU00021,2,49.41,98.82,,0.0,98.82
O0007717,O0007717-1,SKU00247,1,43.87,43.87,,0.0,43.87
O0007717,O0007717-2,SKU00325,1,27.6,27.6,,0.0,27.6
O0007718,O0007718-1,SKU00320,1,20.06,20.06,,0.0,20.06
O0007718,O0007718-2,SKU00294,2,47.23,94.46,,0.0,94.46
O0007719,O0007719-1,SKU00009,2,52.68,105.36,,0.0,105.36
O0007720,O0007720-1,SKU00183,1,17.38,17.38,,0.0,17.38
O0007721,O0007721-1,SKU00206,1,31.05,31.05,,0.0,31.05
O0007721,O0007721-2,SKU00164,1,38.71,38.71,,0.0,38.71
O0007722,O0007722-1,SKU00197,1,32.23,32.23,,0.0,32.23
O0007722,O0007722-2,SKU00385,2,57.12,114.24,,0.0,114.24
O0007723,O0007723-1,SKU00297,1,39.78,39.78,,0.0,39.78
O0007723,O0007723-2,SKU00001,1,32.38,32.38,,0.0,32.38
O0007724,O0007724-1,SKU00159,1,47.62,47.62,,0.0,47.62
O0007725,O0007725-1,SKU00307,1,36.83,36.83,,0.0,36.83
O0007725,O0007725-2,SKU00216,1,68.72,68.72,,0.0,68.72
O0007726,O0007726-1,SKU00237,1,54.4,54.4,,0.0,54.4
O0007726,O0007726-2,SKU00295,1,42.42,42.42,,0.0,42.42
O0007727,O0007727-1,SKU00369,2,42.23,84.46,,0.0,84.46
O0007728,O0007728-1,SKU00029,1,36.29,36.29,,0.0,36.29
O0007729,O0007729-1,SKU00311,1,60.22,60.22,,0.0,60.22
O0007730,O0007730-1,SKU00291,1,33.52,33.52,,0.0,33.52
O0007731,O0007731-1,SKU00193,1,64.21,64.21,,0.0,64.21
O0007732,O0007732-1,SKU00190,1,45.12,45.12,,0.0,45.12
O0007732,O0007732-2,SKU00139,1,52.17,52.17,,0.0,52.17
O0007732,O0007732-3,SKU00199,1,60.64,60.64,,0.0,60.64
O0007733,O0007733-1,SKU00309,2,39.31,78.62,,0.0,78.62
O0007734,O0007734-1,SKU00388,1,37.93,37.93,,0.0,37.93
O0007734,O0007734-2,SKU00141,1,78.13,78.13,,0.0,78.13
O0007734,O0007734-3,SKU00208,1,15.73,15.73,,0.0,15.73
O0007735,O0007735-1,SKU00089,1,49.77,49.77,,0.0,49.77
O0007735,O0007735-2,SKU00250,1,32.56,32.56,,0.0,32.56
O0007735,O0007735-3,SKU00098,1,54.0,54.0,,0.0,54.0
O0007735,O0007735-4,SKU00313,1,49.13,49.13,,0.0,49.13
O0007736,O0007736-1,SKU00168,3,26.49,79.47,,0.0,79.47
O0007736,O0007736-2,SKU00381,1,81.55,81.55,,0.0,81.55
O0007737,O0007737-1,SKU00075,1,53.82,53.82,,0.0,53.82
O0007737,O0007737-2,SKU00396,1,15.54,15.54,,0.0,15.54
O0007738,O0007738-1,SKU00336,1,54.95,54.95,,0.0,54.95
O0007739,O0007739-1,SKU00176,2,24.92,49.84,,0.0,49.84
O0007739,O0007739-2,SKU00367,1,50.59,50.59,,0.0,50.59
O0007740,O0007740-1,SKU00193,2,64.21,128.42,,0.0,128.42
O0007741,O0007741-1,SKU00178,1,55.23,55.23,,0.0,55.23
O0007741,O0007741-2,SKU00074,1,76.62,76.62,,0.0,76.62
O0007742,O0007742-1,SKU00279,1,31.74,31.74,,0.0,31.74
O0007742,O0007742-2,SKU00186,2,34.13,68.26,,0.0,68.26
O0007742,O0007742-3,SKU00359,1,26.27,26.27,,0.0,26.27
O0007743,O0007743-1,SKU00365,2,26.67,53.34,,0.0,53.34
O0007743,O0007743-2,SKU00242,1,41.5,41.5,,0.0,41.5
O0007743,O0007743-3,SKU00162,1,65.18,65.18,,0.0,65.18
O0007744,O0007744-1,SKU00206,1,31.05,31.05,,0.0,31.05
O0007745,O0007745-1,SKU00381,1,81.55,81.55,,0.0,81.55
O0007745,O0007745-2,SKU00192,2,37.74,75.48,,0.0,75.48
O0007746,O0007746-1,SKU00036,1,42.54,42.54,,0.0,42.54
O0007746,O0007746-2,SKU00221,1,31.0,31.0,,0.0,31.0
O0007746,O0007746-3,SKU00240,2,78.86,157.72,,0.0,157.72
O0007747,O0007747-1,SKU00187,2,39.15,78.3,,0.0,78.3
O0007747,O0007747-2,SKU00316,1,21.03,21.03,,0.0,21.03
O0007748,O0007748-1,SKU00254,1,18.56,18.56,,0.0,18.56
O0007748,O0007748-2,SKU00265,1,26.72,26.72,,0.0,26.72
O0007749,O0007749-1,SKU00030,1,17.63,17.63,,0.0,17.63
O0007749,O0007749-2,SKU00167,1,22.6,22.6,,0.0,22.6
O0007750,O0007750-1,SKU00033,1,24.44,24.44,,0.0,24.44
O0007750,O0007750-2,SKU00179,1,14.26,14.26,,0.0,14.26
O0007751,O0007751-1,SKU00170,1,29.26,29.26,,0.0,29.26
O0007751,O0007751-2,SKU00212,1,20.15,20.15,,0.0,20.15
O0007751,O0007751-3,SKU00167,1,22.6,22.6,,0.0,22.6
O0007751,O0007751-4,SKU00177,1,41.83,41.83,,0.0,41.83
O0007752,O0007752-1,SKU00183,1,17.38,17.38,,0.0,17.38
O0007752,O0007752-2,SKU00255,3,82.33,246.99,,0.0,246.99
O0007752,O0007752-3,SKU00154,1,62.36,62.36,,0.0,62.36
O0007753,O0007753-1,SKU00339,1,36.52,36.52,,0.0,36.52
O0007753,O0007753-2,SKU00148,2,39.39,78.78,,0.0,78.78
O0007754,O0007754-1,SKU00243,1,34.82,34.82,,0.0,34.82
O0007755,O0007755-1,SKU00138,2,17.97,35.94,,0.0,35.94
O0007756,O0007756-1,SKU00219,1,65.58,65.58,,0.0,65.58
O0007756,O0007756-2,SKU00372,2,19.15,38.3,,0.0,38.3
O0007757,O0007757-1,SKU00170,1,29.26,29.26,,0.0,29.26
O0007757,O0007757-2,SKU00314,1,39.09,39.09,P0002,1.95,37.14
O0007757,O0007757-3,SKU00381,1,81.55,81.55,,0.0,81.55
O0007757,O0007757-4,SKU00308,1,57.22,57.22,,0.0,57.22
O0007758,O0007758-1,SKU00013,1,31.04,31.04,,0.0,31.04
O0007759,O0007759-1,SKU00042,1,72.45,72.45,,0.0,72.45
O0007759,O0007759-2,SKU00383,1,37.66,37.66,,0.0,37.66
O0007759,O0007759-3,SKU00315,1,65.19,65.19,,0.0,65.19
O0007759,O0007759-4,SKU00276,1,22.08,22.08,,0.0,22.08
O0007760,O0007760-1,SKU00328,2,35.12,70.24,,0.0,70.24
O0007760,O0007760-2,SKU00166,1,65.47,65.47,,0.0,65.47
O0007761,O0007761-1,SKU00189,1,53.14,53.14,,0.0,53.14
O0007761,O0007761-2,SKU00302,2,26.48,52.96,,0.0,52.96
O0007762,O0007762-1,SKU00107,1,64.03,64.03,,0.0,64.03
O0007762,O0007762-2,SKU00043,1,50.54,50.54,,0.0,50.54
O0007762,O0007762-3,SKU00215,3,33.08,99.24,P0002,4.96,94.28
O0007762,O0007762-4,SKU00391,1,57.23,57.23,,0.0,57.23
O0007763,O0007763-1,SKU00225,1,25.36,25.36,,0.0,25.36
O0007763,O0007763-2,SKU00087,1,22.83,22.83,,0.0,22.83
O0007764,O0007764-1,SKU00382,1,19.75,19.75,,0.0,19.75
O0007765,O0007765-1,SKU00241,2,46.38,92.76,,0.0,92.76
O0007766,O0007766-1,SKU00155,1,44.19,44.19,,0.0,44.19
O0007767,O0007767-1,SKU00015,1,66.48,66.48,,0.0,66.48
O0007767,O0007767-2,SKU00083,1,54.82,54.82,,0.0,54.82
O0007767,O0007767-3,SKU00195,1,41.24,41.24,,0.0,41.24
O0007768,O0007768-1,SKU00160,1,42.59,42.59,,0.0,42.59
O0007768,O0007768-2,SKU00100,2,17.02,34.04,,0.0,34.04
O0007769,O0007769-1,SKU00228,3,106.95,320.85,,0.0,320.85
O0007770,O0007770-1,SKU00113,1,49.01,49.01,,0.0,49.01
O0007771,O0007771-1,SKU00173,1,61.04,61.04,,0.0,61.04
O0007771,O0007771-2,SKU00336,1,54.95,54.95,,0.0,54.95
O0007772,O0007772-1,SKU00198,3,39.26,117.78,,0.0,117.78
O0007772,O0007772-2,SKU00310,1,44.67,44.67,,0.0,44.67
O0007772,O0007772-3,SKU00033,1,24.44,24.44,,0.0,24.44
O0007773,O0007773-1,SKU00039,1,59.8,59.8,,0.0,59.8
O0007773,O0007773-2,SKU00161,3,12.51,37.53,,0.0,37.53
O0007773,O0007773-3,SKU00160,3,42.59,127.77,,0.0,127.77
O0007773,O0007773-4,SKU00239,1,15.42,15.42,,0.0,15.42
O0007774,O0007774-1,SKU00276,2,22.08,44.16,,0.0,44.16
O0007775,O0007775-1,SKU00199,1,60.64,60.64,,0.0,60.64
O0007776,O0007776-1,SKU00169,1,38.7,38.7,,0.0,38.7
O0007776,O0007776-2,SKU00163,1,29.45,29.45,,0.0,29.45
O0007776,O0007776-3,SKU00041,1,31.32,31.32,,0.0,31.32
O0007776,O0007776-4,SKU00254,1,18.56,18.56,,0.0,18.56
O0007777,O0007777-1,SKU00074,1,76.62,76.62,,0.0,76.62
O0007778,O0007778-1,SKU00080,1,45.12,45.12,,0.0,45.12
O0007779,O0007779-1,SKU00063,1,26.13,26.13,,0.0,26.13
O0007779,O0007779-2,SKU00157,2,70.71,141.42,,0.0,141.42
O0007780,O0007780-1,SKU00298,1,21.47,21.47,,0.0,21.47
O0007781,O0007781-1,SKU00162,1,65.18,65.18,,0.0,65.18
O0007781,O0007781-2,SKU00040,2,46.34,92.68,,0.0,92.68
O0007782,O0007782-1,SKU00285,1,40.54,40.54,,0.0,40.54
O0007782,O0007782-2,SKU00311,1,60.22,60.22,,0.0,60.22
O0007782,O0007782-3,SKU00181,1,47.26,47.26,,0.0,47.26
O0007783,O0007783-1,SKU00309,1,39.31,39.31,,0.0,39.31
O0007784,O0007784-1,SKU00350,3,53.2,159.6,,0.0,159.6
O0007784,O0007784-2,SKU00355,1,41.61,41.61,,0.0,41.61
O0007785,O0007785-1,SKU00167,1,22.6,22.6,,0.0,22.6
O0007786,O0007786-1,SKU00172,1,17.17,17.17,,0.0,17.17
O0007786,O0007786-2,SKU00125,1,30.05,30.05,,0.0,30.05
O0007787,O0007787-1,SKU00031,1,49.75,49.75,,0.0,49.75
O0007787,O0007787-2,SKU00141,1,78.13,78.13,,0.0,78.13
O0007787,O0007787-3,SKU00117,2,30.62,61.24,,0.0,61.24
O0007788,O0007788-1,SKU00324,1,70.29,70.29,,0.0,70.29
O0007789,O0007789-1,SKU00355,2,41.61,83.22,,0.0,83.22
O0007790,O0007790-1,SKU00095,1,53.11,53.11,,0.0,53.11
O0007790,O0007790-2,SKU00352,1,37.11,37.11,,0.0,37.11
O0007791,O0007791-1,SKU00147,1,41.64,41.64,,0.0,41.64
O0007791,O0007791-2,SKU00215,1,33.08,33.08,,0.0,33.08
O0007792,O0007792-1,SKU00015,1,66.48,66.48,,0.0,66.48
O0007792,O0007792-2,SKU00231,1,34.06,34.06,,0.0,34.06
O0007793,O0007793-1,SKU00206,1,31.05,31.05,,0.0,31.05
O0007793,O0007793-2,SKU00004,2,22.35,44.7,,0.0,44.7
O0007794,O0007794-1,SKU00061,1,23.77,23.77,,0.0,23.77
O0007794,O0007794-2,SKU00234,2,20.16,40.32,,0.0,40.32
O0007795,O0007795-1,SKU00348,1,64.96,64.96,,0.0,64.96
O0007795,O0007795-2,SKU00073,1,61.83,61.83,,0.0,61.83
O0007796,O0007796-1,SKU00236,1,32.17,32.17,,0.0,32.17
O0007797,O0007797-1,SKU00228,1,106.95,106.95,,0.0,106.95
O0007797,O0007797-2,SKU00123,3,28.95,86.85,,0.0,86.85
O0007798,O0007798-1,SKU00124,1,29.76,29.76,,0.0,29.76
O0007798,O0007798-2,SKU00093,2,55.17,110.34,,0.0,110.34
O0007798,O0007798-3,SKU00009,1,52.68,52.68,,0.0,52.68
O0007799,O0007799-1,SKU00383,1,37.66,37.66,,0.0,37.66
O0007800,O0007800-1,SKU00262,1,10.7,10.7,,0.0,10.7
O0007800,O0007800-2,SKU00199,1,60.64,60.64,,0.0,60.64
O0007800,O0007800-3,SKU00377,1,39.6,39.6,,0.0,39.6
O0007801,O0007801-1,SKU00311,1,60.22,60.22,,0.0,60.22
O0007801,O0007801-2,SKU00362,3,26.77,80.31,,0.0,80.31
O0007802,O0007802-1,SKU00292,1,51.63,51.63,,0.0,51.63
O0007803,O0007803-1,SKU00052,1,57.74,57.74,,0.0,57.74
O0007803,O0007803-2,SKU00188,1,58.74,58.74,,0.0,58.74
O0007803,O0007803-3,SKU00238,1,69.04,69.04,,0.0,69.04
O0007804,O0007804-1,SKU00307,1,36.83,36.83,,0.0,36.83
O0007804,O0007804-2,SKU00083,1,54.82,54.82,,0.0,54.82
O0007804,O0007804-3,SKU00236,1,32.17,32.17,,0.0,32.17
O0007805,O0007805-1,SKU00327,1,44.41,44.41,,0.0,44.41
O0007805,O0007805-2,SKU00331,1,21.15,21.15,,0.0,21.15
O0007805,O0007805-3,SKU00234,1,20.16,20.16,,0.0,20.16
O0007805,O0007805-4,SKU00344,1,9.99,9.99,,0.0,9.99
O0007806,O0007806-1,SKU00055,1,66.78,66.78,,0.0,66.78
O0007807,O0007807-1,SKU00261,2,86.51,173.02,,0.0,173.02
O0007808,O0007808-1,SKU00095,3,53.11,159.33,,0.0,159.33
O0007809,O0007809-1,SKU00021,1,49.41,49.41,,0.0,49.41
O0007809,O0007809-2,SKU00093,1,55.17,55.17,,0.0,55.17
O0007810,O0007810-1,SKU00051,1,57.83,57.83,,0.0,57.83
O0007810,O0007810-2,SKU00269,1,28.75,28.75,,0.0,28.75
O0007811,O0007811-1,SKU00161,1,12.51,12.51,,0.0,12.51
O0007811,O0007811-2,SKU00160,1,42.59,42.59,,0.0,42.59
O0007812,O0007812-1,SKU00136,1,52.74,52.74,,0.0,52.74
O0007812,O0007812-2,SKU00016,3,33.83,101.49,,0.0,101.49
O0007813,O0007813-1,SKU00007,1,32.91,32.91,,0.0,32.91
O0007813,O0007813-2,SKU00354,1,27.28,27.28,,0.0,27.28
O0007813,O0007813-3,SKU00324,1,70.29,70.29,,0.0,70.29
O0007813,O0007813-4,SKU00295,1,42.42,42.42,,0.0,42.42
O0007814,O0007814-1,SKU00250,1,32.56,32.56,,0.0,32.56
O0007814,O0007814-2,SKU00261,1,86.51,86.51,,0.0,86.51
O0007814,O0007814-3,SKU00281,1,52.93,52.93,,0.0,52.93
O0007815,O0007815-1,SKU00354,1,27.28,27.28,,0.0,27.28
O0007816,O0007816-1,SKU00179,1,14.26,14.26,,0.0,14.26
O0007816,O0007816-2,SKU00039,2,59.8,119.6,,0.0,119.6
O0007817,O0007817-1,SKU00104,1,73.97,73.97,,0.0,73.97
O0007817,O0007817-2,SKU00203,1,71.32,71.32,,0.0,71.32
O0007818,O0007818-1,SKU00075,1,53.82,53.82,,0.0,53.82
O0007818,O0007818-2,SKU00057,1,34.63,34.63,,0.0,34.63
O0007818,O0007818-3,SKU00193,1,64.21,64.21,,0.0,64.21
O0007819,O0007819-1,SKU00347,1,61.23,61.23,,0.0,61.23
O0007819,O0007819-2,SKU00053,1,49.62,49.62,,0.0,49.62
O0007820,O0007820-1,SKU00314,1,39.09,39.09,,0.0,39.09
O0007821,O0007821-1,SKU00163,1,29.45,29.45,,0.0,29.45
O0007821,O0007821-2,SKU00045,1,35.31,35.31,,0.0,35.31
O0007822,O0007822-1,SKU00303,1,66.84,66.84,,0.0,66.84
O0007822,O0007822-2,SKU00099,1,22.33,22.33,,0.0,22.33
O0007823,O0007823-1,SKU00226,1,84.67,84.67,,0.0,84.67
O0007824,O0007824-1,SKU00179,1,14.26,14.26,,0.0,14.26
O0007824,O0007824-2,SKU00194,1,40.96,40.96,,0.0,40.96
O0007825,O0007825-1,SKU00259,1,40.89,40.89,,0.0,40.89
O0007825,O0007825-2,SKU00126,1,40.15,40.15,,0.0,40.15
O0007825,O0007825-3,SKU00368,1,19.96,19.96,,0.0,19.96
O0007826,O0007826-1,SKU00221,1,31.0,31.0,,0.0,31.0
O0007826,O0007826-2,SKU00081,1,30.86,30.86,,0.0,30.86
O0007827,O0007827-1,SKU00393,1,14.38,14.38,,0.0,14.38
O0007827,O0007827-2,SKU00197,3,32.23,96.69,,0.0,96.69
O0007828,O0007828-1,SKU00155,1,44.19,44.19,,0.0,44.19
O0007829,O0007829-1,SKU00387,3,38.08,114.24,,0.0,114.24
O0007830,O0007830-1,SKU00109,1,88.61,88.61,,0.0,88.61
O0007831,O0007831-1,SKU00368,2,19.96,39.92,,0.0,39.92
O0007831,O0007831-2,SKU00188,1,58.74,58.74,,0.0,58.74
O0007832,O0007832-1,SKU00107,3,64.03,192.09,,0.0,192.09
O0007833,O0007833-1,SKU00020,1,42.57,42.57,,0.0,42.57
O0007834,O0007834-1,SKU00110,1,38.93,38.93,,0.0,38.93
O0007834,O0007834-2,SKU00351,1,52.83,52.83,,0.0,52.83
O0007835,O0007835-1,SKU00211,3,88.68,266.04,,0.0,266.04
O0007836,O0007836-1,SKU00047,1,79.17,79.17,,0.0,79.17
O0007836,O0007836-2,SKU00283,2,85.39,170.78,,0.0,170.78
O0007837,O0007837-1,SKU00037,1,30.33,30.33,,0.0,30.33
O0007837,O0007837-2,SKU00290,1,42.67,42.67,,0.0,42.67
O0007837,O0007837-3,SKU00254,1,18.56,18.56,,0.0,18.56
O0007837,O0007837-4,SKU00003,1,28.95,28.95,,0.0,28.95
O0007838,O0007838-1,SKU00188,1,58.74,58.74,,0.0,58.74
O0007839,O0007839-1,SKU00221,1,31.0,31.0,,0.0,31.0
O0007839,O0007839-2,SKU00187,1,39.15,39.15,,0.0,39.15
O0007839,O0007839-3,SKU00215,1,33.08,33.08,,0.0,33.08
O0007840,O0007840-1,SKU00335,1,18.97,18.97,,0.0,18.97
O0007840,O0007840-2,SKU00273,1,56.47,56.47,,0.0,56.47
O0007840,O0007840-3,SKU00355,1,41.61,41.61,,0.0,41.61
O0007841,O0007841-1,SKU00392,2,45.36,90.72,,0.0,90.72
O0007842,O0007842-1,SKU00159,1,47.62,47.62,,0.0,47.62
O0007842,O0007842-2,SKU00114,1,29.46,29.46,,0.0,29.46
O0007843,O0007843-1,SKU00188,1,58.74,58.74,,0.0,58.74
O0007843,O0007843-2,SKU00008,1,26.23,26.23,,0.0,26.23
O0007844,O0007844-1,SKU00138,1,17.97,17.97,,0.0,17.97
O0007844,O0007844-2,SKU00366,1,33.09,33.09,,0.0,33.09
O0007844,O0007844-3,SKU00267,1,82.59,82.59,,0.0,82.59
O0007845,O0007845-1,SKU00293,1,70.96,70.96,,0.0,70.96
O0007845,O0007845-2,SKU00148,1,39.39,39.39,,0.0,39.39
O0007846,O0007846-1,SKU00161,1,12.51,12.51,,0.0,12.51
O0007846,O0007846-2,SKU00359,1,26.27,26.27,,0.0,26.27
O0007847,O0007847-1,SKU00385,2,57.12,114.24,,0.0,114.24
O0007847,O0007847-2,SKU00027,1,11.75,11.75,,0.0,11.75
O0007847,O0007847-3,SKU00120,3,19.69,59.07,,0.0,59.07
O0007848,O0007848-1,SKU00313,1,49.13,49.13,,0.0,49.13
O0007848,O0007848-2,SKU00167,1,22.6,22.6,,0.0,22.6
O0007848,O0007848-3,SKU00290,1,42.67,42.67,,0.0,42.67
O0007849,O0007849-1,SKU00035,2,57.12,114.24,,0.0,114.24
O0007849,O0007849-2,SKU00365,1,26.67,26.67,,0.0,26.67
O0007849,O0007849-3,SKU00306,1,36.9,36.9,,0.0,36.9
O0007850,O0007850-1,SKU00077,2,17.01,34.02,,0.0,34.02
O0007851,O0007851-1,SKU00047,1,79.17,79.17,,0.0,79.17
O0007852,O0007852-1,SKU00122,1,22.77,22.77,,0.0,22.77
O0007852,O0007852-2,SKU00192,1,37.74,37.74,,0.0,37.74
O0007852,O0007852-3,SKU00334,1,17.99,17.99,,0.0,17.99
O0007853,O0007853-1,SKU00013,1,31.04,31.04,,0.0,31.04
O0007854,O0007854-1,SKU00213,1,45.05,45.05,,0.0,45.05
O0007854,O0007854-2,SKU00008,1,26.23,26.23,,0.0,26.23
O0007854,O0007854-3,SKU00355,1,41.61,41.61,,0.0,41.61
O0007855,O0007855-1,SKU00037,2,30.33,60.66,,0.0,60.66
O0007856,O0007856-1,SKU00057,3,34.63,103.89,,0.0,103.89
O0007856,O0007856-2,SKU00204,1,59.25,59.25,,0.0,59.25
O0007857,O0007857-1,SKU00205,2,35.8,71.6,,0.0,71.6
O0007857,O0007857-2,SKU00298,1,21.47,21.47,,0.0,21.47
O0007857,O0007857-3,SKU00398,1,85.14,85.14,,0.0,85.14
O0007858,O0007858-1,SKU00351,1,52.83,52.83,,0.0,52.83
O0007859,O0007859-1,SKU00362,1,26.77,26.77,,0.0,26.77
O0007859,O0007859-2,SKU00125,2,30.05,60.1,,0.0,60.1
O0007860,O0007860-1,SKU00006,1,31.28,31.28,,0.0,31.28
O0007860,O0007860-2,SKU00313,1,49.13,49.13,,0.0,49.13
O0007861,O0007861-1,SKU00360,1,93.89,93.89,,0.0,93.89
O0007861,O0007861-2,SKU00205,1,35.8,35.8,,0.0,35.8
O0007862,O0007862-1,SKU00021,1,49.41,49.41,,0.0,49.41
O0007862,O0007862-2,SKU00173,1,61.04,61.04,,0.0,61.04
O0007862,O0007862-3,SKU00269,1,28.75,28.75,,0.0,28.75
O0007863,O0007863-1,SKU00228,1,106.95,106.95,,0.0,106.95
O0007863,O0007863-2,SKU00368,1,19.96,19.96,,0.0,19.96
O0007863,O0007863-3,SKU00021,1,49.41,49.41,,0.0,49.41
O0007864,O0007864-1,SKU00017,1,37.58,37.58,,0.0,37.58
O0007864,O0007864-2,SKU00081,1,30.86,30.86,,0.0,30.86
O0007865,O0007865-1,SKU00135,2,42.96,85.92,,0.0,85.92
O0007865,O0007865-2,SKU00361,1,44.18,44.18,,0.0,44.18
O0007865,O0007865-3,SKU00046,2,23.8,47.6,,0.0,47.6
O0007866,O0007866-1,SKU00382,2,19.75,39.5,,0.0,39.5
O0007867,O0007867-1,SKU00289,1,47.79,47.79,,0.0,47.79
O0007867,O0007867-2,SKU00086,1,72.82,72.82,,0.0,72.82
O0007868,O0007868-1,SKU00243,1,34.82,34.82,,0.0,34.82
O0007868,O0007868-2,SKU00060,1,76.86,76.86,,0.0,76.86
O0007868,O0007868-3,SKU00377,1,39.6,39.6,,0.0,39.6
O0007869,O0007869-1,SKU00166,1,65.47,65.47,,0.0,65.47
O0007870,O0007870-1,SKU00076,1,31.8,31.8,,0.0,31.8
O0007870,O0007870-2,SKU00150,1,41.46,41.46,,0.0,41.46
O0007870,O0007870-3,SKU00378,1,38.51,38.51,,0.0,38.51
O0007870,O0007870-4,SKU00011,1,31.25,31.25,,0.0,31.25
O0007871,O0007871-1,SKU00291,2,33.52,67.04,,0.0,67.04
O0007871,O0007871-2,SKU00075,1,53.82,53.82,,0.0,53.82
O0007872,O0007872-1,SKU00311,1,60.22,60.22,,0.0,60.22
O0007872,O0007872-2,SKU00386,1,42.93,42.93,,0.0,42.93
O0007873,O0007873-1,SKU00334,1,17.99,17.99,,0.0,17.99
O0007874,O0007874-1,SKU00190,1,45.12,45.12,,0.0,45.12
O0007874,O0007874-2,SKU00376,1,37.84,37.84,,0.0,37.84
O0007875,O0007875-1,SKU00121,1,58.38,58.38,,0.0,58.38
O0007876,O0007876-1,SKU00165,1,18.9,18.9,,0.0,18.9
O0007876,O0007876-2,SKU00368,1,19.96,19.96,,0.0,19.96
O0007876,O0007876-3,SKU00223,3,22.77,68.31,,0.0,68.31
O0007876,O0007876-4,SKU00339,1,36.52,36.52,,0.0,36.52
O0007877,O0007877-1,SKU00316,2,21.03,42.06,,0.0,42.06
O0007878,O0007878-1,SKU00376,1,37.84,37.84,,0.0,37.84
O0007878,O0007878-2,SKU00105,1,52.33,52.33,,0.0,52.33
O0007879,O0007879-1,SKU00233,3,21.18,63.54,,0.0,63.54
O0007880,O0007880-1,SKU00329,2,37.64,75.28,,0.0,75.28
O0007880,O0007880-2,SKU00382,2,19.75,39.5,,0.0,39.5
O0007881,O0007881-1,SKU00045,1,35.31,35.31,,0.0,35.31
O0007881,O0007881-2,SKU00123,1,28.95,28.95,,0.0,28.95
O0007882,O0007882-1,SKU00336,1,54.95,54.95,,0.0,54.95
O0007882,O0007882-2,SKU00192,1,37.74,37.74,,0.0,37.74
O0007883,O0007883-1,SKU00037,1,30.33,30.33,,0.0,30.33
O0007883,O0007883-2,SKU00393,3,14.38,43.14,,0.0,43.14
O0007884,O0007884-1,SKU00162,2,65.18,130.36,,0.0,130.36
O0007884,O0007884-2,SKU00147,1,41.64,41.64,,0.0,41.64
O0007884,O0007884-3,SKU00286,1,54.7,54.7,,0.0,54.7
O0007885,O0007885-1,SKU00083,3,54.82,164.46,,0.0,164.46
O0007886,O0007886-1,SKU00317,1,32.85,32.85,,0.0,32.85
O0007887,O0007887-1,SKU00126,1,40.15,40.15,,0.0,40.15
O0007888,O0007888-1,SKU00039,1,59.8,59.8,,0.0,59.8
O0007889,O0007889-1,SKU00246,1,38.15,38.15,,0.0,38.15
O0007890,O0007890-1,SKU00043,1,50.54,50.54,,0.0,50.54
O0007891,O0007891-1,SKU00016,1,33.83,33.83,,0.0,33.83
O0007892,O0007892-1,SKU00393,2,14.38,28.76,,0.0,28.76
O0007893,O0007893-1,SKU00058,1,55.01,55.01,,0.0,55.01
O0007893,O0007893-2,SKU00252,1,57.03,57.03,,0.0,57.03
O0007894,O0007894-1,SKU00258,3,50.85,152.55,,0.0,152.55
O0007894,O0007894-2,SKU00023,1,57.22,57.22,,0.0,57.22
O0007895,O0007895-1,SKU00235,2,46.43,92.86,,0.0,92.86
O0007896,O0007896-1,SKU00356,1,12.98,12.98,,0.0,12.98
O0007896,O0007896-2,SKU00222,1,30.96,30.96,,0.0,30.96
O0007896,O0007896-3,SKU00120,1,19.69,19.69,,0.0,19.69
O0007897,O0007897-1,SKU00021,1,49.41,49.41,,0.0,49.41
O0007898,O0007898-1,SKU00099,1,22.33,22.33,,0.0,22.33
O0007898,O0007898-2,SKU00190,3,45.12,135.36,,0.0,135.36
O0007899,O0007899-1,SKU00033,1,24.44,24.44,,0.0,24.44
O0007900,O0007900-1,SKU00087,1,22.83,22.83,,0.0,22.83
O0007901,O0007901-1,SKU00140,1,56.17,56.17,,0.0,56.17
O0007901,O0007901-2,SKU00115,1,25.28,25.28,,0.0,25.28
O0007901,O0007901-3,SKU00008,1,26.23,26.23,,0.0,26.23
O0007902,O0007902-1,SKU00339,3,36.52,109.56,,0.0,109.56
O0007902,O0007902-2,SKU00206,1,31.05,31.05,,0.0,31.05
O0007903,O0007903-1,SKU00111,1,50.04,50.04,,0.0,50.04
O0007903,O0007903-2,SKU00390,1,38.26,38.26,,0.0,38.26
O0007903,O0007903-3,SKU00139,1,52.17,52.17,,0.0,52.17
O0007903,O0007903-4,SKU00281,1,52.93,52.93,,0.0,52.93
O0007904,O0007904-1,SKU00178,1,55.23,55.23,,0.0,55.23
O0007904,O0007904-2,SKU00262,2,10.7,21.4,,0.0,21.4
O0007904,O0007904-3,SKU00250,1,32.56,32.56,,0.0,32.56
O0007905,O0007905-1,SKU00189,3,53.14,159.42,,0.0,159.42
O0007906,O0007906-1,SKU00047,1,79.17,79.17,,0.0,79.17
O0007907,O0007907-1,SKU00205,3,35.8,107.4,,0.0,107.4
O0007907,O0007907-2,SKU00387,1,38.08,38.08,,0.0,38.08
O0007907,O0007907-3,SKU00391,2,57.23,114.46,,0.0,114.46
O0007908,O0007908-1,SKU00047,3,79.17,237.51,,0.0,237.51
O0007909,O0007909-1,SKU00127,1,44.81,44.81,,0.0,44.81
O0007909,O0007909-2,SKU00110,1,38.93,38.93,,0.0,38.93
O0007910,O0007910-1,SKU00324,1,70.29,70.29,,0.0,70.29
O0007910,O0007910-2,SKU00152,2,57.95,115.9,,0.0,115.9
O0007910,O0007910-3,SKU00134,1,31.13,31.13,,0.0,31.13
O0007911,O0007911-1,SKU00139,1,52.17,52.17,,0.0,52.17
O0007911,O0007911-2,SKU00361,1,44.18,44.18,,0.0,44.18
O0007912,O0007912-1,SKU00184,1,34.06,34.06,,0.0,34.06
O0007912,O0007912-2,SKU00160,1,42.59,42.59,,0.0,42.59
O0007912,O0007912-3,SKU00083,1,54.82,54.82,,0.0,54.82
O0007913,O0007913-1,SKU00183,1,17.38,17.38,,0.0,17.38
O0007913,O0007913-2,SKU00303,2,66.84,133.68,,0.0,133.68
O0007914,O0007914-1,SKU00383,1,37.66,37.66,,0.0,37.66
O0007915,O0007915-1,SKU00159,2,47.62,95.24,,0.0,95.24
O0007915,O0007915-2,SKU00374,1,34.49,34.49,,0.0,34.49
O0007916,O0007916-1,SKU00397,1,66.5,66.5,,0.0,66.5
O0007917,O0007917-1,SKU00314,1,39.09,39.09,,0.0,39.09
O0007918,O0007918-1,SKU00144,2,27.92,55.84,,0.0,55.84
O0007918,O0007918-2,SKU00120,1,19.69,19.69,,0.0,19.69
O0007918,O0007918-3,SKU00020,1,42.57,42.57,,0.0,42.57
O0007919,O0007919-1,SKU00123,2,28.95,57.9,,0.0,57.9
O0007919,O0007919-2,SKU00076,2,31.8,63.6,,0.0,63.6
O0007920,O0007920-1,SKU00254,2,18.56,37.12,,0.0,37.12
O0007920,O0007920-2,SKU00142,2,61.52,123.04,,0.0,123.04
O0007921,O0007921-1,SKU00128,1,24.13,24.13,,0.0,24.13
O0007921,O0007921-2,SKU00018,1,20.66,20.66,,0.0,20.66
O0007921,O0007921-3,SKU00265,3,26.72,80.16,,0.0,80.16
O0007921,O0007921-4,SKU00391,1,57.23,57.23,,0.0,57.23
O0007922,O0007922-1,SKU00109,1,88.61,88.61,,0.0,88.61
O0007922,O0007922-2,SKU00351,1,52.83,52.83,,0.0,52.83
O0007922,O0007922-3,SKU00098,1,54.0,54.0,,0.0,54.0
O0007923,O0007923-1,SKU00095,1,53.11,53.11,,0.0,53.11
O0007923,O0007923-2,SKU00229,1,74.74,74.74,,0.0,74.74
O0007923,O0007923-3,SKU00371,1,48.42,48.42,,0.0,48.42
O0007924,O0007924-1,SKU00178,1,55.23,55.23,,0.0,55.23
O0007924,O0007924-2,SKU00209,1,102.17,102.17,,0.0,102.17
O0007924,O0007924-3,SKU00354,1,27.28,27.28,,0.0,27.28
O0007925,O0007925-1,SKU00094,2,56.4,112.8,,0.0,112.8
O0007925,O0007925-2,SKU00150,1,41.46,41.46,,0.0,41.46
O0007925,O0007925-3,SKU00384,1,16.39,16.39,,0.0,16.39
O0007926,O0007926-1,SKU00058,1,55.01,55.01,,0.0,55.01
O0007926,O0007926-2,SKU00327,2,44.41,88.82,,0.0,88.82
O0007926,O0007926-3,SKU00113,1,49.01,49.01,,0.0,49.01
O0007927,O0007927-1,SKU00219,1,65.58,65.58,,0.0,65.58
O0007928,O0007928-1,SKU00354,1,27.28,27.28,,0.0,27.28
O0007929,O0007929-1,SKU00029,1,36.29,36.29,,0.0,36.29
O0007930,O0007930-1,SKU00361,1,44.18,44.18,,0.0,44.18
O0007930,O0007930-2,SKU00187,1,39.15,39.15,,0.0,39.15
O0007930,O0007930-3,SKU00299,2,33.57,67.14,,0.0,67.14
O0007931,O0007931-1,SKU00395,1,26.26,26.26,,0.0,26.26
O0007931,O0007931-2,SKU00192,1,37.74,37.74,,0.0,37.74
O0007932,O0007932-1,SKU00386,1,42.93,42.93,,0.0,42.93
O0007932,O0007932-2,SKU00357,1,23.0,23.0,,0.0,23.0
O0007932,O0007932-3,SKU00368,2,19.96,39.92,,0.0,39.92
O0007932,O0007932-4,SKU00264,1,27.04,27.04,,0.0,27.04
O0007933,O0007933-1,SKU00393,1,14.38,14.38,,0.0,14.38
O0007933,O0007933-2,SKU00103,1,32.28,32.28,,0.0,32.28
O0007933,O0007933-3,SKU00069,1,19.77,19.77,,0.0,19.77
O0007934,O0007934-1,SKU00354,1,27.28,27.28,,0.0,27.28
O0007934,O0007934-2,SKU00130,1,66.52,66.52,,0.0,66.52
O0007934,O0007934-3,SKU00190,3,45.12,135.36,,0.0,135.36
O0007935,O0007935-1,SKU00177,1,41.83,41.83,,0.0,41.83
O0007935,O0007935-2,SKU00398,1,85.14,85.14,,0.0,85.14
O0007936,O0007936-1,SKU00395,1,26.26,26.26,,0.0,26.26
O0007937,O0007937-1,SKU00049,2,49.27,98.54,,0.0,98.54
O0007938,O0007938-1,SKU00209,1,102.17,102.17,,0.0,102.17
O0007939,O0007939-1,SKU00290,1,42.67,42.67,,0.0,42.67
O0007939,O0007939-2,SKU00376,1,37.84,37.84,,0.0,37.84
O0007939,O0007939-3,SKU00199,2,60.64,121.28,,0.0,121.28
O0007939,O0007939-4,SKU00233,1,21.18,21.18,,0.0,21.18
O0007940,O0007940-1,SKU00304,1,28.55,28.55,,0.0,28.55
O0007940,O0007940-2,SKU00002,2,57.3,114.6,,0.0,114.6
O0007940,O0007940-3,SKU00323,1,39.02,39.02,,0.0,39.02
O0007941,O0007941-1,SKU00313,2,49.13,98.26,,0.0,98.26
O0007942,O0007942-1,SKU00139,2,52.17,104.34,,0.0,104.34
O0007942,O0007942-2,SKU00296,1,48.03,48.03,,0.0,48.03
O0007942,O0007942-3,SKU00224,1,53.56,53.56,,0.0,53.56
O0007942,O0007942-4,SKU00088,1,49.61,49.61,,0.0,49.61
O0007943,O0007943-1,SKU00023,1,57.22,57.22,,0.0,57.22
O0007943,O0007943-2,SKU00235,1,46.43,46.43,,0.0,46.43
O0007943,O0007943-3,SKU00295,1,42.42,42.42,,0.0,42.42
O0007944,O0007944-1,SKU00374,1,34.49,34.49,,0.0,34.49
O0007945,O0007945-1,SKU00239,1,15.42,15.42,,0.0,15.42
O0007946,O0007946-1,SKU00362,1,26.77,26.77,,0.0,26.77
O0007946,O0007946-2,SKU00313,2,49.13,98.26,,0.0,98.26
O0007946,O0007946-3,SKU00080,1,45.12,45.12,,0.0,45.12
O0007946,O0007946-4,SKU00328,1,35.12,35.12,,0.0,35.12
O0007947,O0007947-1,SKU00209,1,102.17,102.17,,0.0,102.17
O0007947,O0007947-2,SKU00360,1,93.89,93.89,,0.0,93.89
O0007948,O0007948-1,SKU00379,3,36.36,109.08,,0.0,109.08
O0007948,O0007948-2,SKU00126,2,40.15,80.3,,0.0,80.3
O0007949,O0007949-1,SKU00052,1,57.74,57.74,,0.0,57.74
O0007949,O0007949-2,SKU00352,1,37.11,37.11,,0.0,37.11
O0007950,O0007950-1,SKU00379,1,36.36,36.36,,0.0,36.36
O0007950,O0007950-2,SKU00130,1,66.52,66.52,,0.0,66.52
O0007950,O0007950-3,SKU00374,2,34.49,68.98,,0.0,68.98
O0007951,O0007951-1,SKU00038,1,50.53,50.53,,0.0,50.53
O0007951,O0007951-2,SKU00155,1,44.19,44.19,,0.0,44.19
O0007952,O0007952-1,SKU00374,1,34.49,34.49,,0.0,34.49
O0007952,O0007952-2,SKU00287,1,61.4,61.4,,0.0,61.4
O0007953,O0007953-1,SKU00029,1,36.29,36.29,,0.0,36.29
O0007953,O0007953-2,SKU00037,1,30.33,30.33,,0.0,30.33
O0007954,O0007954-1,SKU00132,1,44.43,44.43,,0.0,44.43
O0007954,O0007954-2,SKU00250,1,32.56,32.56,,0.0,32.56
O0007955,O0007955-1,SKU00062,1,38.63,38.63,,0.0,38.63
O0007955,O0007955-2,SKU00298,1,21.47,21.47,,0.0,21.47
O0007955,O0007955-3,SKU00101,1,33.02,33.02,,0.0,33.02
O0007956,O0007956-1,SKU00174,1,57.96,57.96,,0.0,57.96
O0007956,O0007956-2,SKU00152,1,57.95,57.95,,0.0,57.95
O0007956,O0007956-3,SKU00318,3,30.41,91.23,,0.0,91.23
O0007957,O0007957-1,SKU00314,1,39.09,39.09,,0.0,39.09
O0007957,O0007957-2,SKU00260,1,38.96,38.96,,0.0,38.96
O0007957,O0007957-3,SKU00235,1,46.43,46.43,,0.0,46.43
O0007958,O0007958-1,SKU00219,1,65.58,65.58,,0.0,65.58
O0007958,O0007958-2,SKU00378,1,38.51,38.51,,0.0,38.51
O0007959,O0007959-1,SKU00016,1,33.83,33.83,,0.0,33.83
O0007960,O0007960-1,SKU00069,1,19.77,19.77,,0.0,19.77
O0007960,O0007960-2,SKU00211,1,88.68,88.68,,0.0,88.68
O0007960,O0007960-3,SKU00300,3,29.05,87.15,,0.0,87.15
O0007961,O0007961-1,SKU00233,2,21.18,42.36,,0.0,42.36
O0007961,O0007961-2,SKU00079,1,43.31,43.31,,0.0,43.31
O0007962,O0007962-1,SKU00150,1,41.46,41.46,,0.0,41.46
O0007963,O0007963-1,SKU00205,1,35.8,35.8,,0.0,35.8
O0007963,O0007963-2,SKU00148,1,39.39,39.39,,0.0,39.39
O0007963,O0007963-3,SKU00294,1,47.23,47.23,,0.0,47.23
O0007964,O0007964-1,SKU00146,1,60.33,60.33,,0.0,60.33
O0007964,O0007964-2,SKU00202,1,80.2,80.2,,0.0,80.2
O0007965,O0007965-1,SKU00304,1,28.55,28.55,,0.0,28.55
O0007965,O0007965-2,SKU00357,1,23.0,23.0,,0.0,23.0
O0007966,O0007966-1,SKU00099,1,22.33,22.33,,0.0,22.33
O0007967,O0007967-1,SKU00225,3,25.36,76.08,,0.0,76.08
O0007967,O0007967-2,SKU00108,1,19.31,19.31,,0.0,19.31
O0007967,O0007967-3,SKU00094,2,56.4,112.8,,0.0,112.8
O0007968,O0007968-1,SKU00020,1,42.57,42.57,,0.0,42.57
O0007968,O0007968-2,SKU00030,1,17.63,17.63,,0.0,17.63
O0007968,O0007968-3,SKU00247,2,43.87,87.74,,0.0,87.74
O0007969,O0007969-1,SKU00218,1,16.49,16.49,,0.0,16.49
O0007969,O0007969-2,SKU00130,1,66.52,66.52,,0.0,66.52
O0007970,O0007970-1,SKU00168,1,26.49,26.49,,0.0,26.49
O0007970,O0007970-2,SKU00232,1,34.95,34.95,,0.0,34.95
O0007971,O0007971-1,SKU00323,2,39.02,78.04,,0.0,78.04
O0007972,O0007972-1,SKU00002,2,57.3,114.6,,0.0,114.6
O0007972,O0007972-2,SKU00343,1,45.56,45.56,,0.0,45.56
O0007973,O0007973-1,SKU00350,1,53.2,53.2,,0.0,53.2
O0007974,O0007974-1,SKU00304,1,28.55,28.55,,0.0,28.55
O0007975,O0007975-1,SKU00196,1,36.14,36.14,,0.0,36.14
O0007976,O0007976-1,SKU00103,1,32.28,32.28,,0.0,32.28
O0007976,O0007976-2,SKU00268,1,43.83,43.83,,0.0,43.83
O0007976,O0007976-3,SKU00252,1,57.03,57.03,,0.0,57.03
O0007977,O0007977-1,SKU00222,1,30.96,30.96,,0.0,30.96
O0007977,O0007977-2,SKU00180,1,37.89,37.89,,0.0,37.89
O0007978,O0007978-1,SKU00160,1,42.59,42.59,,0.0,42.59
O0007979,O0007979-1,SKU00395,3,26.26,78.78,,0.0,78.78
O0007980,O0007980-1,SKU00315,1,65.19,65.19,,0.0,65.19
O0007980,O0007980-2,SKU00171,1,60.15,60.15,,0.0,60.15
O0007981,O0007981-1,SKU00076,1,31.8,31.8,,0.0,31.8
O0007981,O0007981-2,SKU00149,1,26.89,26.89,,0.0,26.89
O0007981,O0007981-3,SKU00308,1,57.22,57.22,,0.0,57.22
O0007982,O0007982-1,SKU00086,1,72.82,72.82,,0.0,72.82
O0007982,O0007982-2,SKU00060,1,76.86,76.86,,0.0,76.86
O0007983,O0007983-1,SKU00080,1,45.12,45.12,,0.0,45.12
O0007983,O0007983-2,SKU00036,1,42.54,42.54,,0.0,42.54
O0007984,O0007984-1,SKU00067,1,20.67,20.67,,0.0,20.67
O0007985,O0007985-1,SKU00089,1,49.77,49.77,,0.0,49.77
O0007986,O0007986-1,SKU00100,1,17.02,17.02,,0.0,17.02
O0007986,O0007986-2,SKU00307,1,36.83,36.83,,0.0,36.83
O0007987,O0007987-1,SKU00318,1,30.41,30.41,,0.0,30.41
O0007988,O0007988-1,SKU00081,1,30.86,30.86,,0.0,30.86
O0007988,O0007988-2,SKU00154,1,62.36,62.36,,0.0,62.36
O0007989,O0007989-1,SKU00309,1,39.31,39.31,,0.0,39.31
O0007989,O0007989-2,SKU00236,2,32.17,64.34,,0.0,64.34
O0007989,O0007989-3,SKU00232,2,34.95,69.9,,0.0,69.9
O0007990,O0007990-1,SKU00225,1,25.36,25.36,,0.0,25.36
O0007991,O0007991-1,SKU00143,1,18.48,18.48,,0.0,18.48
O0007991,O0007991-2,SKU00066,1,52.48,52.48,,0.0,52.48
O0007992,O0007992-1,SKU00098,1,54.0,54.0,,0.0,54.0
O0007992,O0007992-2,SKU00010,1,32.93,32.93,,0.0,32.93
O0007993,O0007993-1,SKU00363,1,45.39,45.39,,0.0,45.39
O0007993,O0007993-2,SKU00081,1,30.86,30.86,,0.0,30.86
O0007994,O0007994-1,SKU00254,1,18.56,18.56,,0.0,18.56
O0007994,O0007994-2,SKU00008,1,26.23,26.23,,0.0,26.23
O0007995,O0007995-1,SKU00341,1,47.08,47.08,,0.0,47.08
O0007995,O0007995-2,SKU00038,1,50.53,50.53,,0.0,50.53
O0007995,O0007995-3,SKU00229,1,74.74,74.74,,0.0,74.74
O0007996,O0007996-1,SKU00098,2,54.0,108.0,,0.0,108.0
O0007997,O0007997-1,SKU00145,1,34.93,34.93,,0.0,34.93
O0007998,O0007998-1,SKU00061,1,23.77,23.77,,0.0,23.77
O0007998,O0007998-2,SKU00232,2,34.95,69.9,,0.0,69.9
O0007998,O0007998-3,SKU00085,1,51.96,51.96,,0.0,51.96
O0007999,O0007999-1,SKU00228,2,106.95,213.9,,0.0,213.9
O0008000,O0008000-1,SKU00317,1,32.85,32.85,,0.0,32.85
O0008000,O0008000-2,SKU00028,1,35.88,35.88,,0.0,35.88
O0008001,O0008001-1,SKU00276,1,22.08,22.08,,0.0,22.08
O0008002,O0008002-1,SKU00041,1,31.32,31.32,,0.0,31.32
O0008003,O0008003-1,SKU00367,1,50.59,50.59,,0.0,50.59
O0008004,O0008004-1,SKU00010,3,32.93,98.79,,0.0,98.79
O0008004,O0008004-2,SKU00023,1,57.22,57.22,,0.0,57.22
O0008005,O0008005-1,SKU00203,1,71.32,71.32,,0.0,71.32
O0008005,O0008005-2,SKU00070,1,44.51,44.51,,0.0,44.51
O0008005,O0008005-3,SKU00020,1,42.57,42.57,,0.0,42.57
O0008006,O0008006-1,SKU00304,1,28.55,28.55,,0.0,28.55
O0008007,O0008007-1,SKU00318,1,30.41,30.41,,0.0,30.41
O0008007,O0008007-2,SKU00008,1,26.23,26.23,,0.0,26.23
O0008008,O0008008-1,SKU00295,1,42.42,42.42,,0.0,42.42
O0008008,O0008008-2,SKU00358,1,36.52,36.52,,0.0,36.52
O0008008,O0008008-3,SKU00138,1,17.97,17.97,,0.0,17.97
O0008009,O0008009-1,SKU00076,2,31.8,63.6,,0.0,63.6
O0008009,O0008009-2,SKU00124,3,29.76,89.28,,0.0,89.28
O0008010,O0008010-1,SKU00197,1,32.23,32.23,,0.0,32.23
O0008010,O0008010-2,SKU00037,1,30.33,30.33,,0.0,30.33
O0008011,O0008011-1,SKU00094,1,56.4,56.4,,0.0,56.4
O0008011,O0008011-2,SKU00178,1,55.23,55.23,,0.0,55.23
O0008012,O0008012-1,SKU00144,1,27.92,27.92,,0.0,27.92
O0008012,O0008012-2,SKU00347,1,61.23,61.23,,0.0,61.23
O0008013,O0008013-1,SKU00036,3,42.54,127.62,,0.0,127.62
O0008013,O0008013-2,SKU00283,1,85.39,85.39,,0.0,85.39
O0008013,O0008013-3,SKU00220,1,42.7,42.7,,0.0,42.7
O0008014,O0008014-1,SKU00123,1,28.95,28.95,,0.0,28.95
O0008014,O0008014-2,SKU00229,2,74.74,149.48,,0.0,149.48
O0008015,O0008015-1,SKU00053,1,49.62,49.62,,0.0,49.62
O0008016,O0008016-1,SKU00221,1,31.0,31.0,,0.0,31.0
O0008017,O0008017-1,SKU00311,1,60.22,60.22,,0.0,60.22
O0008018,O0008018-1,SKU00306,1,36.9,36.9,,0.0,36.9
O0008018,O0008018-2,SKU00299,1,33.57,33.57,,0.0,33.57
O0008019,O0008019-1,SKU00304,1,28.55,28.55,,0.0,28.55
O0008020,O0008020-1,SKU00038,2,50.53,101.06,,0.0,101.06
O0008020,O0008020-2,SKU00304,1,28.55,28.55,,0.0,28.55
O0008021,O0008021-1,SKU00323,1,39.02,39.02,,0.0,39.02
O0008021,O0008021-2,SKU00193,2,64.21,128.42,,0.0,128.42
O0008021,O0008021-3,SKU00270,1,46.55,46.55,,0.0,46.55
O0008021,O0008021-4,SKU00016,1,33.83,33.83,,0.0,33.83
O0008022,O0008022-1,SKU00113,1,49.01,49.01,,0.0,49.01
O0008022,O0008022-2,SKU00120,1,19.69,19.69,,0.0,19.69
O0008022,O0008022-3,SKU00320,1,20.06,20.06,,0.0,20.06
O0008023,O0008023-1,SKU00102,1,12.21,12.21,,0.0,12.21
O0008024,O0008024-1,SKU00367,1,50.59,50.59,,0.0,50.59
O0008024,O0008024-2,SKU00012,1,9.88,9.88,,0.0,9.88
O0008025,O0008025-1,SKU00217,2,31.07,62.14,,0.0,62.14
O0008026,O0008026-1,SKU00007,1,32.91,32.91,,0.0,32.91
O0008026,O0008026-2,SKU00341,1,47.08,47.08,,0.0,47.08
O0008026,O0008026-3,SKU00167,1,22.6,22.6,,0.0,22.6
O0008027,O0008027-1,SKU00142,1,61.52,61.52,,0.0,61.52
O0008027,O0008027-2,SKU00004,1,22.35,22.35,,0.0,22.35
O0008028,O0008028-1,SKU00168,2,26.49,52.98,,0.0,52.98
O0008028,O0008028-2,SKU00033,1,24.44,24.44,,0.0,24.44
O0008028,O0008028-3,SKU00254,1,18.56,18.56,,0.0,18.56
O0008029,O0008029-1,SKU00199,1,60.64,60.64,,0.0,60.64
O0008029,O0008029-2,SKU00205,1,35.8,35.8,,0.0,35.8
O0008029,O0008029-3,SKU00274,1,14.47,14.47,,0.0,14.47
O0008030,O0008030-1,SKU00127,1,44.81,44.81,,0.0,44.81
O0008030,O0008030-2,SKU00336,1,54.95,54.95,,0.0,54.95
O0008031,O0008031-1,SKU00369,1,42.23,42.23,,0.0,42.23
O0008032,O0008032-1,SKU00075,1,53.82,53.82,,0.0,53.82
O0008032,O0008032-2,SKU00122,2,22.77,45.54,,0.0,45.54
O0008033,O0008033-1,SKU00113,1,49.01,49.01,,0.0,49.01
O0008033,O0008033-2,SKU00104,1,73.97,73.97,,0.0,73.97
O0008034,O0008034-1,SKU00376,1,37.84,37.84,,0.0,37.84
O0008035,O0008035-1,SKU00309,2,39.31,78.62,,0.0,78.62
O0008035,O0008035-2,SKU00362,1,26.77,26.77,,0.0,26.77
O0008035,O0008035-3,SKU00101,1,33.02,33.02,,0.0,33.02
O0008036,O0008036-1,SKU00162,3,65.18,195.54,,0.0,195.54
O0008036,O0008036-2,SKU00149,1,26.89,26.89,,0.0,26.89
O0008036,O0008036-3,SKU00385,2,57.12,114.24,,0.0,114.24
O0008036,O0008036-4,SKU00314,1,39.09,39.09,,0.0,39.09
O0008037,O0008037-1,SKU00173,1,61.04,61.04,,0.0,61.04
O0008037,O0008037-2,SKU00052,1,57.74,57.74,,0.0,57.74
O0008037,O0008037-3,SKU00349,1,18.05,18.05,,0.0,18.05
O0008037,O0008037-4,SKU00009,2,52.68,105.36,,0.0,105.36
O0008038,O0008038-1,SKU00056,2,38.71,77.42,,0.0,77.42
O0008038,O0008038-2,SKU00090,1,36.81,36.81,,0.0,36.81
O0008038,O0008038-3,SKU00184,3,34.06,102.18,,0.0,102.18
O0008038,O0008038-4,SKU00273,1,56.47,56.47,,0.0,56.47
O0008039,O0008039-1,SKU00191,1,45.24,45.24,,0.0,45.24
O0008039,O0008039-2,SKU00168,3,26.49,79.47,,0.0,79.47
O0008039,O0008039-3,SKU00079,1,43.31,43.31,,0.0,43.31
O0008040,O0008040-1,SKU00045,1,35.31,35.31,,0.0,35.31
O0008040,O0008040-2,SKU00246,1,38.15,38.15,,0.0,38.15
O0008040,O0008040-3,SKU00383,1,37.66,37.66,,0.0,37.66
O0008041,O0008041-1,SKU00285,1,40.54,40.54,,0.0,40.54
O0008042,O0008042-1,SKU00282,1,46.15,46.15,,0.0,46.15
O0008042,O0008042-2,SKU00358,3,36.52,109.56,,0.0,109.56
O0008042,O0008042-3,SKU00209,1,102.17,102.17,,0.0,102.17
O0008042,O0008042-4,SKU00044,1,26.97,26.97,,0.0,26.97
O0008043,O0008043-1,SKU00347,1,61.23,61.23,,0.0,61.23
O0008043,O0008043-2,SKU00049,1,49.27,49.27,,0.0,49.27
O0008044,O0008044-1,SKU00144,1,27.92,27.92,,0.0,27.92
O0008045,O0008045-1,SKU00384,1,16.39,16.39,,0.0,16.39
O0008045,O0008045-2,SKU00052,1,57.74,57.74,,0.0,57.74
O0008045,O0008045-3,SKU00049,1,49.27,49.27,,0.0,49.27
O0008045,O0008045-4,SKU00195,1,41.24,41.24,,0.0,41.24
O0008046,O0008046-1,SKU00209,1,102.17,102.17,,0.0,102.17
O0008047,O0008047-1,SKU00042,1,72.45,72.45,,0.0,72.45
O0008047,O0008047-2,SKU00097,1,30.01,30.01,,0.0,30.01
O0008047,O0008047-3,SKU00254,2,18.56,37.12,,0.0,37.12
O0008048,O0008048-1,SKU00327,1,44.41,44.41,,0.0,44.41
O0008048,O0008048-2,SKU00158,1,19.54,19.54,,0.0,19.54
O0008049,O0008049-1,SKU00113,1,49.01,49.01,,0.0,49.01
O0008049,O0008049-2,SKU00209,1,102.17,102.17,,0.0,102.17
O0008050,O0008050-1,SKU00147,1,41.64,41.64,,0.0,41.64
O0008050,O0008050-2,SKU00287,1,61.4,61.4,,0.0,61.4
O0008051,O0008051-1,SKU00278,1,54.54,54.54,,0.0,54.54
O0008051,O0008051-2,SKU00171,1,60.15,60.15,,0.0,60.15
O0008051,O0008051-3,SKU00006,1,31.28,31.28,,0.0,31.28
O0008052,O0008052-1,SKU00034,1,45.57,45.57,,0.0,45.57
O0008053,O0008053-1,SKU00357,1,23.0,23.0,,0.0,23.0
O0008054,O0008054-1,SKU00101,1,33.02,33.02,,0.0,33.02
O0008054,O0008054-2,SKU00203,1,71.32,71.32,,0.0,71.32
O0008054,O0008054-3,SKU00249,2,31.28,62.56,,0.0,62.56
O0008054,O0008054-4,SKU00226,1,84.67,84.67,,0.0,84.67
O0008055,O0008055-1,SKU00329,1,37.64,37.64,,0.0,37.64
O0008055,O0008055-2,SKU00051,1,57.83,57.83,,0.0,57.83
O0008055,O0008055-3,SKU00297,2,39.78,79.56,,0.0,79.56
O0008056,O0008056-1,SKU00220,1,42.7,42.7,,0.0,42.7
O0008056,O0008056-2,SKU00145,1,34.93,34.93,,0.0,34.93
O0008057,O0008057-1,SKU00359,1,26.27,26.27,,0.0,26.27
O0008057,O0008057-2,SKU00155,1,44.19,44.19,,0.0,44.19
O0008058,O0008058-1,SKU00232,1,34.95,34.95,,0.0,34.95
O0008058,O0008058-2,SKU00342,3,38.94,116.82,,0.0,116.82
O0008058,O0008058-3,SKU00309,1,39.31,39.31,,0.0,39.31
O0008058,O0008058-4,SKU00121,1,58.38,58.38,,0.0,58.38
O0008059,O0008059-1,SKU00371,3,48.42,145.26,,0.0,145.26
O0008059,O0008059-2,SKU00358,1,36.52,36.52,,0.0,36.52
O0008059,O0008059-3,SKU00044,1,26.97,26.97,,0.0,26.97
O0008059,O0008059-4,SKU00220,1,42.7,42.7,,0.0,42.7
O0008060,O0008060-1,SKU00255,1,82.33,82.33,,0.0,82.33
O0008061,O0008061-1,SKU00160,1,42.59,42.59,,0.0,42.59
O0008061,O0008061-2,SKU00350,1,53.2,53.2,,0.0,53.2
O0008062,O0008062-1,SKU00376,1,37.84,37.84,,0.0,37.84
O0008062,O0008062-2,SKU00016,1,33.83,33.83,,0.0,33.83
O0008062,O0008062-3,SKU00253,1,51.01,51.01,,0.0,51.01
O0008062,O0008062-4,SKU00069,1,19.77,19.77,,0.0,19.77
O0008063,O0008063-1,SKU00313,1,49.13,49.13,,0.0,49.13
O0008063,O0008063-2,SKU00122,1,22.77,22.77,,0.0,22.77
O0008064,O0008064-1,SKU00315,1,65.19,65.19,,0.0,65.19
O0008065,O0008065-1,SKU00009,1,52.68,52.68,,0.0,52.68
O0008065,O0008065-2,SKU00242,1,41.5,41.5,,0.0,41.5
O0008065,O0008065-3,SKU00202,1,80.2,80.2,,0.0,80.2
O0008066,O0008066-1,SKU00077,1,17.01,17.01,,0.0,17.01
O0008066,O0008066-2,SKU00007,1,32.91,32.91,,0.0,32.91
O0008067,O0008067-1,SKU00202,1,80.2,80.2,,0.0,80.2
O0008067,O0008067-2,SKU00169,1,38.7,38.7,,0.0,38.7
O0008068,O0008068-1,SKU00335,1,18.97,18.97,,0.0,18.97
O0008069,O0008069-1,SKU00130,1,66.52,66.52,,0.0,66.52
O0008069,O0008069-2,SKU00253,1,51.01,51.01,,0.0,51.01
O0008070,O0008070-1,SKU00255,1,82.33,82.33,,0.0,82.33
O0008070,O0008070-2,SKU00198,1,39.26,39.26,,0.0,39.26
O0008070,O0008070-3,SKU00127,1,44.81,44.81,,0.0,44.81
O0008071,O0008071-1,SKU00103,2,32.28,64.56,,0.0,64.56
O0008071,O0008071-2,SKU00095,1,53.11,53.11,,0.0,53.11
O0008071,O0008071-3,SKU00361,3,44.18,132.54,,0.0,132.54
O0008071,O0008071-4,SKU00392,1,45.36,45.36,,0.0,45.36
O0008072,O0008072-1,SKU00307,2,36.83,73.66,,0.0,73.66
O0008072,O0008072-2,SKU00318,1,30.41,30.41,,0.0,30.41
O0008073,O0008073-1,SKU00346,1,102.61,102.61,,0.0,102.61
O0008074,O0008074-1,SKU00196,2,36.14,72.28,,0.0,72.28
O0008074,O0008074-2,SKU00227,1,105.48,105.48,,0.0,105.48
O0008075,O0008075-1,SKU00211,1,88.68,88.68,,0.0,88.68
O0008076,O0008076-1,SKU00187,1,39.15,39.15,,0.0,39.15
O0008076,O0008076-2,SKU00085,2,51.96,103.92,,0.0,103.92
O0008076,O0008076-3,SKU00388,1,37.93,37.93,,0.0,37.93
O0008077,O0008077-1,SKU00135,1,42.96,42.96,,0.0,42.96
O0008078,O0008078-1,SKU00236,2,32.17,64.34,,0.0,64.34
O0008078,O0008078-2,SKU00379,3,36.36,109.08,,0.0,109.08
O0008078,O0008078-3,SKU00327,1,44.41,44.41,,0.0,44.41
O0008079,O0008079-1,SKU00223,1,22.77,22.77,,0.0,22.77
O0008079,O0008079-2,SKU00343,1,45.56,45.56,,0.0,45.56
O0008079,O0008079-3,SKU00074,1,76.62,76.62,,0.0,76.62
O0008079,O0008079-4,SKU00287,1,61.4,61.4,,0.0,61.4
O0008080,O0008080-1,SKU00206,1,31.05,31.05,,0.0,31.05
O0008081,O0008081-1,SKU00331,1,21.15,21.15,,0.0,21.15
O0008081,O0008081-2,SKU00368,1,19.96,19.96,,0.0,19.96
O0008081,O0008081-3,SKU00148,2,39.39,78.78,,0.0,78.78
O0008081,O0008081-4,SKU00213,1,45.05,45.05,,0.0,45.05
O0008082,O0008082-1,SKU00021,1,49.41,49.41,,0.0,49.41
O0008082,O0008082-2,SKU00220,1,42.7,42.7,,0.0,42.7
O0008082,O0008082-3,SKU00267,1,82.59,82.59,,0.0,82.59
O0008082,O0008082-4,SKU00220,1,42.7,42.7,,0.0,42.7
O0008083,O0008083-1,SKU00138,1,17.97,17.97,,0.0,17.97
O0008083,O0008083-2,SKU00074,1,76.62,76.62,,0.0,76.62
O0008083,O0008083-3,SKU00104,1,73.97,73.97,,0.0,73.97
O0008084,O0008084-1,SKU00222,1,30.96,30.96,,0.0,30.96
O0008084,O0008084-2,SKU00036,1,42.54,42.54,,0.0,42.54
O0008085,O0008085-1,SKU00080,1,45.12,45.12,,0.0,45.12
O0008085,O0008085-2,SKU00049,1,49.27,49.27,,0.0,49.27
O0008085,O0008085-3,SKU00168,2,26.49,52.98,,0.0,52.98
O0008085,O0008085-4,SKU00388,1,37.93,37.93,,0.0,37.93
O0008086,O0008086-1,SKU00243,1,34.82,34.82,,0.0,34.82
O0008087,O0008087-1,SKU00076,2,31.8,63.6,,0.0,63.6
O0008087,O0008087-2,SKU00025,1,42.44,42.44,,0.0,42.44
O0008087,O0008087-3,SKU00156,1,25.39,25.39,,0.0,25.39
O0008088,O0008088-1,SKU00384,1,16.39,16.39,,0.0,16.39
O0008088,O0008088-2,SKU00031,2,49.75,99.5,,0.0,99.5
O0008089,O0008089-1,SKU00392,3,45.36,136.08,,0.0,136.08
O0008089,O0008089-2,SKU00217,1,31.07,31.07,,0.0,31.07
O0008090,O0008090-1,SKU00314,1,39.09,39.09,,0.0,39.09
O0008090,O0008090-2,SKU00038,1,50.53,50.53,,0.0,50.53
O0008091,O0008091-1,SKU00049,3,49.27,147.81,,0.0,147.81
O0008091,O0008091-2,SKU00208,1,15.73,15.73,,0.0,15.73
O0008092,O0008092-1,SKU00251,1,23.58,23.58,,0.0,23.58
O0008093,O0008093-1,SKU00029,1,36.29,36.29,,0.0,36.29
O0008094,O0008094-1,SKU00202,1,80.2,80.2,,0.0,80.2
O0008094,O0008094-2,SKU00252,1,57.03,57.03,,0.0,57.03
O0008094,O0008094-3,SKU00081,3,30.86,92.58,,0.0,92.58
O0008095,O0008095-1,SKU00080,1,45.12,45.12,,0.0,45.12
O0008096,O0008096-1,SKU00174,2,57.96,115.92,,0.0,115.92
O0008096,O0008096-2,SKU00057,1,34.63,34.63,,0.0,34.63
O0008097,O0008097-1,SKU00146,1,60.33,60.33,,0.0,60.33
O0008098,O0008098-1,SKU00075,2,53.82,107.64,,0.0,107.64
O0008098,O0008098-2,SKU00269,1,28.75,28.75,,0.0,28.75
O0008099,O0008099-1,SKU00198,2,39.26,78.52,,0.0,78.52
O0008099,O0008099-2,SKU00279,1,31.74,31.74,,0.0,31.74
O0008100,O0008100-1,SKU00039,1,59.8,59.8,,0.0,59.8
O0008101,O0008101-1,SKU00365,3,26.67,80.01,,0.0,80.01
O0008102,O0008102-1,SKU00144,2,27.92,55.84,,0.0,55.84
O0008103,O0008103-1,SKU00146,1,60.33,60.33,,0.0,60.33
O0008103,O0008103-2,SKU00031,1,49.75,49.75,,0.0,49.75
O0008104,O0008104-1,SKU00045,3,35.31,105.93,,0.0,105.93
O0008105,O0008105-1,SKU00024,2,39.92,79.84,,0.0,79.84
O0008106,O0008106-1,SKU00345,2,60.26,120.52,,0.0,120.52
O0008107,O0008107-1,SKU00173,1,61.04,61.04,,0.0,61.04
O0008107,O0008107-2,SKU00344,1,9.99,9.99,,0.0,9.99
O0008107,O0008107-3,SKU00147,1,41.64,41.64,,0.0,41.64
O0008107,O0008107-4,SKU00117,1,30.62,30.62,,0.0,30.62
O0008108,O0008108-1,SKU00303,3,66.84,200.52,,0.0,200.52
O0008109,O0008109-1,SKU00036,1,42.54,42.54,,0.0,42.54
O0008110,O0008110-1,SKU00308,3,57.22,171.66,,0.0,171.66
O0008111,O0008111-1,SKU00342,1,38.94,38.94,,0.0,38.94
O0008112,O0008112-1,SKU00177,1,41.83,41.83,,0.0,41.83
O0008112,O0008112-2,SKU00399,1,38.17,38.17,,0.0,38.17
O0008112,O0008112-3,SKU00183,1,17.38,17.38,,0.0,17.38
O0008113,O0008113-1,SKU00365,1,26.67,26.67,,0.0,26.67
O0008114,O0008114-1,SKU00126,1,40.15,40.15,,0.0,40.15
O0008115,O0008115-1,SKU00019,1,23.04,23.04,,0.0,23.04
O0008115,O0008115-2,SKU00279,2,31.74,63.48,,0.0,63.48
O0008115,O0008115-3,SKU00278,1,54.54,54.54,,0.0,54.54
O0008116,O0008116-1,SKU00238,1,69.04,69.04,,0.0,69.04
O0008116,O0008116-2,SKU00056,1,38.71,38.71,,0.0,38.71
O0008116,O0008116-3,SKU00276,3,22.08,66.24,,0.0,66.24
O0008116,O0008116-4,SKU00170,1,29.26,29.26,,0.0,29.26
O0008117,O0008117-1,SKU00385,2,57.12,114.24,,0.0,114.24
O0008117,O0008117-2,SKU00198,1,39.26,39.26,,0.0,39.26
O0008117,O0008117-3,SKU00135,1,42.96,42.96,,0.0,42.96
O0008117,O0008117-4,SKU00275,2,50.32,100.64,,0.0,100.64
O0008118,O0008118-1,SKU00079,1,43.31,43.31,,0.0,43.31
O0008118,O0008118-2,SKU00107,1,64.03,64.03,,0.0,64.03
O0008118,O0008118-3,SKU00349,1,18.05,18.05,,0.0,18.05
O0008119,O0008119-1,SKU00253,1,51.01,51.01,,0.0,51.01
O0008120,O0008120-1,SKU00176,1,24.92,24.92,,0.0,24.92
O0008120,O0008120-2,SKU00157,1,70.71,70.71,,0.0,70.71
O0008121,O0008121-1,SKU00388,1,37.93,37.93,,0.0,37.93
O0008122,O0008122-1,SKU00172,2,17.17,34.34,,0.0,34.34
O0008123,O0008123-1,SKU00028,1,35.88,35.88,,0.0,35.88
O0008123,O0008123-2,SKU00028,1,35.88,35.88,,0.0,35.88
O0008124,O0008124-1,SKU00013,1,31.04,31.04,,0.0,31.04
O0008125,O0008125-1,SKU00153,1,61.1,61.1,,0.0,61.1
O0008126,O0008126-1,SKU00057,1,34.63,34.63,,0.0,34.63
O0008126,O0008126-2,SKU00398,1,85.14,85.14,,0.0,85.14
O0008127,O0008127-1,SKU00391,1,57.23,57.23,,0.0,57.23
O0008127,O0008127-2,SKU00232,1,34.95,34.95,,0.0,34.95
O0008127,O0008127-3,SKU00283,1,85.39,85.39,,0.0,85.39
O0008128,O0008128-1,SKU00390,1,38.26,38.26,,0.0,38.26
O0008128,O0008128-2,SKU00055,1,66.78,66.78,,0.0,66.78
O0008129,O0008129-1,SKU00156,1,25.39,25.39,,0.0,25.39
O0008130,O0008130-1,SKU00324,1,70.29,70.29,,0.0,70.29
O0008131,O0008131-1,SKU00170,1,29.26,29.26,,0.0,29.26
O0008131,O0008131-2,SKU00263,1,21.58,21.58,,0.0,21.58
O0008132,O0008132-1,SKU00387,1,38.08,38.08,,0.0,38.08
O0008132,O0008132-2,SKU00162,1,65.18,65.18,,0.0,65.18
O0008133,O0008133-1,SKU00044,1,26.97,26.97,,0.0,26.97
O0008133,O0008133-2,SKU00200,1,61.25,61.25,,0.0,61.25
O0008134,O0008134-1,SKU00044,1,26.97,26.97,,0.0,26.97
O0008135,O0008135-1,SKU00158,1,19.54,19.54,,0.0,19.54
O0008135,O0008135-2,SKU00058,1,55.01,55.01,,0.0,55.01
O0008135,O0008135-3,SKU00351,1,52.83,52.83,,0.0,52.83
O0008135,O0008135-4,SKU00363,2,45.39,90.78,,0.0,90.78
O0008136,O0008136-1,SKU00286,3,54.7,164.1,,0.0,164.1
O0008137,O0008137-1,SKU00131,1,34.39,34.39,,0.0,34.39
O0008137,O0008137-2,SKU00263,2,21.58,43.16,,0.0,43.16
O0008138,O0008138-1,SKU00127,1,44.81,44.81,,0.0,44.81
O0008138,O0008138-2,SKU00287,1,61.4,61.4,,0.0,61.4
O0008139,O0008139-1,SKU00308,1,57.22,57.22,,0.0,57.22
O0008139,O0008139-2,SKU00021,3,49.41,148.23,,0.0,148.23
O0008140,O0008140-1,SKU00109,1,88.61,88.61,,0.0,88.61
O0008140,O0008140-2,SKU00260,1,38.96,38.96,,0.0,38.96
O0008140,O0008140-3,SKU00102,1,12.21,12.21,,0.0,12.21
O0008140,O0008140-4,SKU00293,1,70.96,70.96,,0.0,70.96
O0008141,O0008141-1,SKU00334,2,17.99,35.98,,0.0,35.98
O0008141,O0008141-2,SKU00283,1,85.39,85.39,,0.0,85.39
O0008142,O0008142-1,SKU00278,1,54.54,54.54,,0.0,54.54
O0008142,O0008142-2,SKU00259,1,40.89,40.89,,0.0,40.89
O0008143,O0008143-1,SKU00341,1,47.08,47.08,,0.0,47.08
O0008143,O0008143-2,SKU00113,1,49.01,49.01,,0.0,49.01
O0008144,O0008144-1,SKU00231,1,34.06,34.06,,0.0,34.06
O0008144,O0008144-2,SKU00398,1,85.14,85.14,,0.0,85.14
O0008144,O0008144-3,SKU00152,2,57.95,115.9,,0.0,115.9
O0008145,O0008145-1,SKU00158,1,19.54,19.54,,0.0,19.54
O0008146,O0008146-1,SKU00040,2,46.34,92.68,,0.0,92.68
O0008147,O0008147-1,SKU00142,1,61.52,61.52,,0.0,61.52
O0008147,O0008147-2,SKU00347,1,61.23,61.23,,0.0,61.23
O0008147,O0008147-3,SKU00363,1,45.39,45.39,,0.0,45.39
O0008147,O0008147-4,SKU00386,1,42.93,42.93,,0.0,42.93
O0008148,O0008148-1,SKU00034,1,45.57,45.57,,0.0,45.57
O0008149,O0008149-1,SKU00121,1,58.38,58.38,,0.0,58.38
O0008149,O0008149-2,SKU00149,1,26.89,26.89,,0.0,26.89
O0008150,O0008150-1,SKU00343,1,45.56,45.56,,0.0,45.56
O0008150,O0008150-2,SKU00186,1,34.13,34.13,,0.0,34.13
O0008151,O0008151-1,SKU00110,2,38.93,77.86,,0.0,77.86
O0008151,O0008151-2,SKU00165,1,18.9,18.9,,0.0,18.9
O0008151,O0008151-3,SKU00030,1,17.63,17.63,,0.0,17.63
O0008151,O0008151-4,SKU00184,2,34.06,68.12,,0.0,68.12
O0008152,O0008152-1,SKU00126,2,40.15,80.3,,0.0,80.3
O0008152,O0008152-2,SKU00010,3,32.93,98.79,,0.0,98.79
O0008152,O0008152-3,SKU00046,2,23.8,47.6,,0.0,47.6
O0008153,O0008153-1,SKU00382,1,19.75,19.75,,0.0,19.75
O0008153,O0008153-2,SKU00079,1,43.31,43.31,,0.0,43.31
O0008154,O0008154-1,SKU00079,1,43.31,43.31,,0.0,43.31
O0008154,O0008154-2,SKU00186,1,34.13,34.13,,0.0,34.13
O0008154,O0008154-3,SKU00061,2,23.77,47.54,,0.0,47.54
O0008155,O0008155-1,SKU00018,1,20.66,20.66,,0.0,20.66
O0008155,O0008155-2,SKU00369,2,42.23,84.46,,0.0,84.46
O0008156,O0008156-1,SKU00046,2,23.8,47.6,,0.0,47.6
O0008157,O0008157-1,SKU00208,2,15.73,31.46,,0.0,31.46
O0008158,O0008158-1,SKU00307,3,36.83,110.49,,0.0,110.49
O0008158,O0008158-2,SKU00343,1,45.56,45.56,,0.0,45.56
O0008159,O0008159-1,SKU00181,2,47.26,94.52,,0.0,94.52
O0008159,O0008159-2,SKU00205,2,35.8,71.6,,0.0,71.6
O0008159,O0008159-3,SKU00036,1,42.54,42.54,,0.0,42.54
O0008160,O0008160-1,SKU00344,2,9.99,19.98,,0.0,19.98
O0008161,O0008161-1,SKU00036,1,42.54,42.54,,0.0,42.54
O0008161,O0008161-2,SKU00238,2,69.04,138.08,,0.0,138.08
O0008162,O0008162-1,SKU00041,1,31.32,31.32,,0.0,31.32
O0008162,O0008162-2,SKU00123,1,28.95,28.95,,0.0,28.95
O0008162,O0008162-3,SKU00383,1,37.66,37.66,,0.0,37.66
O0008163,O0008163-1,SKU00098,2,54.0,108.0,,0.0,108.0
O0008163,O0008163-2,SKU00382,1,19.75,19.75,,0.0,19.75
O0008164,O0008164-1,SKU00211,1,88.68,88.68,,0.0,88.68
O0008165,O0008165-1,SKU00236,1,32.17,32.17,,0.0,32.17
O0008166,O0008166-1,SKU00225,1,25.36,25.36,,0.0,25.36
O0008166,O0008166-2,SKU00240,1,78.86,78.86,,0.0,78.86
O0008167,O0008167-1,SKU00109,1,88.61,88.61,,0.0,88.61
O0008167,O0008167-2,SKU00363,2,45.39,90.78,,0.0,90.78
O0008168,O0008168-1,SKU00030,1,17.63,17.63,,0.0,17.63
O0008168,O0008168-2,SKU00293,1,70.96,70.96,,0.0,70.96
O0008168,O0008168-3,SKU00042,1,72.45,72.45,,0.0,72.45
O0008169,O0008169-1,SKU00043,2,50.54,101.08,,0.0,101.08
O0008170,O0008170-1,SKU00071,1,50.63,50.63,,0.0,50.63
O0008170,O0008170-2,SKU00205,1,35.8,35.8,,0.0,35.8
O0008170,O0008170-3,SKU00253,1,51.01,51.01,,0.0,51.01
O0008170,O0008170-4,SKU00218,1,16.49,16.49,,0.0,16.49
O0008171,O0008171-1,SKU00200,1,61.25,61.25,,0.0,61.25
O0008172,O0008172-1,SKU00358,1,36.52,36.52,,0.0,36.52
O0008172,O0008172-2,SKU00082,1,35.63,35.63,,0.0,35.63
O0008172,O0008172-3,SKU00367,2,50.59,101.18,,0.0,101.18
O0008173,O0008173-1,SKU00152,1,57.95,57.95,,0.0,57.95
O0008173,O0008173-2,SKU00311,2,60.22,120.44,,0.0,120.44
O0008173,O0008173-3,SKU00195,1,41.24,41.24,,0.0,41.24
O0008174,O0008174-1,SKU00073,1,61.83,61.83,,0.0,61.83
O0008175,O0008175-1,SKU00053,1,49.62,49.62,,0.0,49.62
O0008175,O0008175-2,SKU00384,2,16.39,32.78,,0.0,32.78
O0008176,O0008176-1,SKU00398,1,85.14,85.14,,0.0,85.14
O0008176,O0008176-2,SKU00309,1,39.31,39.31,,0.0,39.31
O0008176,O0008176-3,SKU00129,1,38.65,38.65,,0.0,38.65
O0008177,O0008177-1,SKU00167,1,22.6,22.6,,0.0,22.6
O0008177,O0008177-2,SKU00170,1,29.26,29.26,,0.0,29.26
O0008177,O0008177-3,SKU00267,1,82.59,82.59,,0.0,82.59
O0008177,O0008177-4,SKU00215,1,33.08,33.08,,0.0,33.08
O0008178,O0008178-1,SKU00258,2,50.85,101.7,,0.0,101.7
O0008178,O0008178-2,SKU00045,1,35.31,35.31,,0.0,35.31
O0008178,O0008178-3,SKU00093,1,55.17,55.17,,0.0,55.17
O0008178,O0008178-4,SKU00169,2,38.7,77.4,,0.0,77.4
O0008179,O0008179-1,SKU00142,1,61.52,61.52,,0.0,61.52
O0008179,O0008179-2,SKU00331,1,21.15,21.15,,0.0,21.15
O0008179,O0008179-3,SKU00060,2,76.86,153.72,,0.0,153.72
O0008180,O0008180-1,SKU00117,2,30.62,61.24,,0.0,61.24
O0008180,O0008180-2,SKU00193,1,64.21,64.21,,0.0,64.21
O0008181,O0008181-1,SKU00140,1,56.17,56.17,,0.0,56.17
O0008182,O0008182-1,SKU00304,1,28.55,28.55,,0.0,28.55
O0008182,O0008182-2,SKU00028,1,35.88,35.88,,0.0,35.88
O0008183,O0008183-1,SKU00255,1,82.33,82.33,,0.0,82.33
O0008183,O0008183-2,SKU00341,1,47.08,47.08,,0.0,47.08
O0008184,O0008184-1,SKU00327,1,44.41,44.41,,0.0,44.41
O0008184,O0008184-2,SKU00113,1,49.01,49.01,,0.0,49.01
O0008185,O0008185-1,SKU00360,1,93.89,93.89,,0.0,93.89
O0008186,O0008186-1,SKU00141,1,78.13,78.13,,0.0,78.13
O0008186,O0008186-2,SKU00237,1,54.4,54.4,,0.0,54.4
O0008186,O0008186-3,SKU00056,1,38.71,38.71,,0.0,38.71
O0008186,O0008186-4,SKU00102,1,12.21,12.21,,0.0,12.21
O0008187,O0008187-1,SKU00372,2,19.15,38.3,,0.0,38.3
O0008187,O0008187-2,SKU00094,2,56.4,112.8,,0.0,112.8
O0008188,O0008188-1,SKU00301,1,30.77,30.77,,0.0,30.77
O0008189,O0008189-1,SKU00301,1,30.77,30.77,,0.0,30.77
O0008189,O0008189-2,SKU00252,1,57.03,57.03,,0.0,57.03
O0008190,O0008190-1,SKU00359,1,26.27,26.27,,0.0,26.27
O0008190,O0008190-2,SKU00225,1,25.36,25.36,,0.0,25.36
O0008191,O0008191-1,SKU00089,1,49.77,49.77,,0.0,49.77
O0008191,O0008191-2,SKU00240,1,78.86,78.86,,0.0,78.86
O0008191,O0008191-3,SKU00356,2,12.98,25.96,,0.0,25.96
O0008192,O0008192-1,SKU00331,1,21.15,21.15,,0.0,21.15
O0008192,O0008192-2,SKU00038,1,50.53,50.53,,0.0,50.53
O0008192,O0008192-3,SKU00139,1,52.17,52.17,,0.0,52.17
O0008192,O0008192-4,SKU00153,1,61.1,61.1,,0.0,61.1
O0008193,O0008193-1,SKU00386,1,42.93,42.93,,0.0,42.93
O0008193,O0008193-2,SKU00397,1,66.5,66.5,,0.0,66.5
O0008194,O0008194-1,SKU00169,1,38.7,38.7,,0.0,38.7
O0008195,O0008195-1,SKU00196,1,36.14,36.14,,0.0,36.14
O0008196,O0008196-1,SKU00076,1,31.8,31.8,,0.0,31.8
O0008197,O0008197-1,SKU00120,1,19.69,19.69,,0.0,19.69
O0008198,O0008198-1,SKU00067,1,20.67,20.67,,0.0,20.67
O0008198,O0008198-2,SKU00385,1,57.12,57.12,,0.0,57.12
O0008199,O0008199-1,SKU00283,1,85.39,85.39,,0.0,85.39
O0008199,O0008199-2,SKU00009,1,52.68,52.68,,0.0,52.68
O0008200,O0008200-1,SKU00174,1,57.96,57.96,,0.0,57.96
O0008200,O0008200-2,SKU00306,1,36.9,36.9,,0.0,36.9
O0008200,O0008200-3,SKU00275,1,50.32,50.32,,0.0,50.32
O0008200,O0008200-4,SKU00220,1,42.7,42.7,,0.0,42.7
O0008201,O0008201-1,SKU00174,2,57.96,115.92,,0.0,115.92
O0008201,O0008201-2,SKU00261,1,86.51,86.51,,0.0,86.51
O0008201,O0008201-3,SKU00295,1,42.42,42.42,,0.0,42.42
O0008201,O0008201-4,SKU00267,1,82.59,82.59,,0.0,82.59
O0008202,O0008202-1,SKU00247,1,43.87,43.87,,0.0,43.87
O0008203,O0008203-1,SKU00051,1,57.83,57.83,,0.0,57.83
O0008203,O0008203-2,SKU00360,1,93.89,93.89,,0.0,93.89
O0008203,O0008203-3,SKU00118,1,21.46,21.46,,0.0,21.46
O0008204,O0008204-1,SKU00343,1,45.56,45.56,,0.0,45.56
O0008204,O0008204-2,SKU00389,1,51.94,51.94,,0.0,51.94
O0008205,O0008205-1,SKU00196,1,36.14,36.14,,0.0,36.14
O0008205,O0008205-2,SKU00219,1,65.58,65.58,,0.0,65.58
O0008205,O0008205-3,SKU00026,2,45.44,90.88,,0.0,90.88
O0008206,O0008206-1,SKU00300,1,29.05,29.05,,0.0,29.05
O0008207,O0008207-1,SKU00027,1,11.75,11.75,,0.0,11.75
O0008208,O0008208-1,SKU00249,1,31.28,31.28,,0.0,31.28
O0008208,O0008208-2,SKU00033,1,24.44,24.44,,0.0,24.44
O0008209,O0008209-1,SKU00197,2,32.23,64.46,,0.0,64.46
O0008210,O0008210-1,SKU00384,1,16.39,16.39,,0.0,16.39
O0008210,O0008210-2,SKU00282,1,46.15,46.15,,0.0,46.15
O0008211,O0008211-1,SKU00358,1,36.52,36.52,,0.0,36.52
O0008211,O0008211-2,SKU00134,1,31.13,31.13,,0.0,31.13
O0008211,O0008211-3,SKU00026,3,45.44,136.32,,0.0,136.32
O0008212,O0008212-1,SKU00057,3,34.63,103.89,,0.0,103.89
O0008213,O0008213-1,SKU00386,1,42.93,42.93,,0.0,42.93
O0008214,O0008214-1,SKU00084,1,33.92,33.92,,0.0,33.92
O0008215,O0008215-1,SKU00021,1,49.41,49.41,,0.0,49.41
O0008215,O0008215-2,SKU00050,1,25.95,25.95,,0.0,25.95
O0008216,O0008216-1,SKU00350,1,53.2,53.2,,0.0,53.2
O0008216,O0008216-2,SKU00203,2,71.32,142.64,,0.0,142.64
O0008217,O0008217-1,SKU00339,1,36.52,36.52,,0.0,36.52
O0008217,O0008217-2,SKU00292,3,51.63,154.89,,0.0,154.89
O0008218,O0008218-1,SKU00388,1,37.93,37.93,,0.0,37.93
O0008218,O0008218-2,SKU00183,2,17.38,34.76,,0.0,34.76
O0008219,O0008219-1,SKU00049,1,49.27,49.27,,0.0,49.27
O0008220,O0008220-1,SKU00015,1,66.48,66.48,,0.0,66.48
O0008220,O0008220-2,SKU00063,1,26.13,26.13,,0.0,26.13
O0008220,O0008220-3,SKU00282,1,46.15,46.15,,0.0,46.15
O0008220,O0008220-4,SKU00315,2,65.19,130.38,,0.0,130.38
O0008221,O0008221-1,SKU00087,1,22.83,22.83,,0.0,22.83
O0008221,O0008221-2,SKU00230,1,49.13,49.13,,0.0,49.13
O0008221,O0008221-3,SKU00265,1,26.72,26.72,,0.0,26.72
O0008222,O0008222-1,SKU00041,1,31.32,31.32,,0.0,31.32
O0008223,O0008223-1,SKU00286,1,54.7,54.7,,0.0,54.7
O0008224,O0008224-1,SKU00202,2,80.2,160.4,,0.0,160.4
O0008224,O0008224-2,SKU00069,1,19.77,19.77,,0.0,19.77
O0008224,O0008224-3,SKU00110,1,38.93,38.93,,0.0,38.93
O0008225,O0008225-1,SKU00398,1,85.14,85.14,,0.0,85.14
O0008226,O0008226-1,SKU00352,1,37.11,37.11,,0.0,37.11
O0008227,O0008227-1,SKU00015,1,66.48,66.48,,0.0,66.48
O0008227,O0008227-2,SKU00190,1,45.12,45.12,,0.0,45.12
O0008227,O0008227-3,SKU00060,1,76.86,76.86,,0.0,76.86
O0008228,O0008228-1,SKU00349,2,18.05,36.1,,0.0,36.1
O0008228,O0008228-2,SKU00062,2,38.63,77.26,,0.0,77.26
O0008228,O0008228-3,SKU00187,1,39.15,39.15,,0.0,39.15
O0008228,O0008228-4,SKU00231,1,34.06,34.06,,0.0,34.06
O0008229,O0008229-1,SKU00238,1,69.04,69.04,,0.0,69.04
O0008229,O0008229-2,SKU00146,1,60.33,60.33,,0.0,60.33
O0008230,O0008230-1,SKU00221,2,31.0,62.0,,0.0,62.0
O0008231,O0008231-1,SKU00087,2,22.83,45.66,,0.0,45.66
O0008231,O0008231-2,SKU00176,1,24.92,24.92,,0.0,24.92
O0008232,O0008232-1,SKU00089,1,49.77,49.77,,0.0,49.77
O0008232,O0008232-2,SKU00103,1,32.28,32.28,,0.0,32.28
O0008233,O0008233-1,SKU00071,1,50.63,50.63,,0.0,50.63
O0008234,O0008234-1,SKU00303,1,66.84,66.84,P0042,0.0,66.84
O0008234,O0008234-2,SKU00111,1,50.04,50.04,,0.0,50.04
O0008234,O0008234-3,SKU00368,3,19.96,59.88,,0.0,59.88
O0008235,O0008235-1,SKU00204,2,59.25,118.5,,0.0,118.5
O0008236,O0008236-1,SKU00130,1,66.52,66.52,,0.0,66.52
O0008236,O0008236-2,SKU00046,1,23.8,23.8,,0.0,23.8
O0008237,O0008237-1,SKU00175,1,44.19,44.19,,0.0,44.19
O0008238,O0008238-1,SKU00036,1,42.54,42.54,,0.0,42.54
O0008238,O0008238-2,SKU00223,1,22.77,22.77,,0.0,22.77
O0008239,O0008239-1,SKU00302,1,26.48,26.48,,0.0,26.48
O0008239,O0008239-2,SKU00300,1,29.05,29.05,,0.0,29.05
O0008240,O0008240-1,SKU00165,1,18.9,18.9,,0.0,18.9
O0008241,O0008241-1,SKU00358,1,36.52,36.52,,0.0,36.52
O0008241,O0008241-2,SKU00043,1,50.54,50.54,,0.0,50.54
O0008242,O0008242-1,SKU00015,1,66.48,66.48,,0.0,66.48
O0008242,O0008242-2,SKU00098,1,54.0,54.0,,0.0,54.0
O0008242,O0008242-3,SKU00388,1,37.93,37.93,,0.0,37.93
O0008242,O0008242-4,SKU00330,1,61.47,61.47,,0.0,61.47
O0008243,O0008243-1,SKU00162,1,65.18,65.18,,0.0,65.18
O0008243,O0008243-2,SKU00318,1,30.41,30.41,,0.0,30.41
O0008243,O0008243-3,SKU00136,2,52.74,105.48,,0.0,105.48
O0008244,O0008244-1,SKU00396,1,15.54,15.54,,0.0,15.54
O0008245,O0008245-1,SKU00312,2,39.88,79.76,,0.0,79.76
O0008245,O0008245-2,SKU00090,1,36.81,36.81,,0.0,36.81
O0008245,O0008245-3,SKU00333,1,45.51,45.51,,0.0,45.51
O0008246,O0008246-1,SKU00095,2,53.11,106.22,,0.0,106.22
O0008246,O0008246-2,SKU00009,2,52.68,105.36,,0.0,105.36
O0008247,O0008247-1,SKU00034,1,45.57,45.57,,0.0,45.57
O0008247,O0008247-2,SKU00260,1,38.96,38.96,,0.0,38.96
O0008247,O0008247-3,SKU00315,1,65.19,65.19,,0.0,65.19
O0008247,O0008247-4,SKU00121,1,58.38,58.38,,0.0,58.38
O0008248,O0008248-1,SKU00249,1,31.28,31.28,,0.0,31.28
O0008248,O0008248-2,SKU00015,1,66.48,66.48,,0.0,66.48
O0008249,O0008249-1,SKU00089,1,49.77,49.77,,0.0,49.77
O0008249,O0008249-2,SKU00047,2,79.17,158.34,,0.0,158.34
O0008249,O0008249-3,SKU00192,2,37.74,75.48,,0.0,75.48
O0008249,O0008249-4,SKU00157,1,70.71,70.71,,0.0,70.71
O0008250,O0008250-1,SKU00081,2,30.86,61.72,,0.0,61.72
O0008250,O0008250-2,SKU00287,1,61.4,61.4,,0.0,61.4
O0008251,O0008251-1,SKU00263,2,21.58,43.16,,0.0,43.16
O0008251,O0008251-2,SKU00137,1,60.17,60.17,P0042,0.0,60.17
O0008251,O0008251-3,SKU00129,1,38.65,38.65,,0.0,38.65
O0008252,O0008252-1,SKU00135,1,42.96,42.96,,0.0,42.96
O0008253,O0008253-1,SKU00248,1,48.06,48.06,,0.0,48.06
O0008253,O0008253-2,SKU00073,2,61.83,123.66,,0.0,123.66
O0008253,O0008253-3,SKU00196,1,36.14,36.14,,0.0,36.14
O0008253,O0008253-4,SKU00109,1,88.61,88.61,,0.0,88.61
O0008254,O0008254-1,SKU00378,1,38.51,38.51,,0.0,38.51
O0008254,O0008254-2,SKU00147,1,41.64,41.64,,0.0,41.64
O0008255,O0008255-1,SKU00030,1,17.63,17.63,,0.0,17.63
O0008255,O0008255-2,SKU00177,1,41.83,41.83,,0.0,41.83
O0008256,O0008256-1,SKU00066,2,52.48,104.96,,0.0,104.96
O0008257,O0008257-1,SKU00134,2,31.13,62.26,,0.0,62.26
O0008257,O0008257-2,SKU00262,1,10.7,10.7,,0.0,10.7
O0008258,O0008258-1,SKU00010,1,32.93,32.93,,0.0,32.93
O0008259,O0008259-1,SKU00055,1,66.78,66.78,,0.0,66.78
O0008259,O0008259-2,SKU00142,1,61.52,61.52,,0.0,61.52
O0008259,O0008259-3,SKU00391,2,57.23,114.46,,0.0,114.46
O0008259,O0008259-4,SKU00164,1,38.71,38.71,,0.0,38.71
O0008260,O0008260-1,SKU00382,1,19.75,19.75,,0.0,19.75
O0008261,O0008261-1,SKU00325,2,27.6,55.2,,0.0,55.2
O0008261,O0008261-2,SKU00069,1,19.77,19.77,,0.0,19.77
O0008261,O0008261-3,SKU00194,1,40.96,40.96,,0.0,40.96
O0008261,O0008261-4,SKU00342,1,38.94,38.94,,0.0,38.94
O0008262,O0008262-1,SKU00196,1,36.14,36.14,,0.0,36.14
O0008262,O0008262-2,SKU00364,2,45.23,90.46,,0.0,90.46
O0008263,O0008263-1,SKU00270,3,46.55,139.65,,0.0,139.65
O0008263,O0008263-2,SKU00123,1,28.95,28.95,,0.0,28.95
O0008263,O0008263-3,SKU00197,1,32.23,32.23,,0.0,32.23
O0008263,O0008263-4,SKU00016,1,33.83,33.83,,0.0,33.83
O0008264,O0008264-1,SKU00377,1,39.6,39.6,,0.0,39.6
O0008264,O0008264-2,SKU00053,1,49.62,49.62,P0042,0.0,49.62
O0008264,O0008264-3,SKU00376,1,37.84,37.84,,0.0,37.84
O0008265,O0008265-1,SKU00231,1,34.06,34.06,P0042,0.0,34.06
O0008265,O0008265-2,SKU00332,2,104.52,209.04,P0042,104.52,104.52
O0008266,O0008266-1,SKU00151,1,20.05,20.05,,0.0,20.05
O0008266,O0008266-2,SKU00055,1,66.78,66.78,,0.0,66.78
O0008267,O0008267-1,SKU00226,1,84.67,84.67,,0.0,84.67
O0008267,O0008267-2,SKU00038,1,50.53,50.53,,0.0,50.53
O0008267,O0008267-3,SKU00138,1,17.97,17.97,,0.0,17.97
O0008268,O0008268-1,SKU00354,1,27.28,27.28,,0.0,27.28
O0008268,O0008268-2,SKU00386,1,42.93,42.93,,0.0,42.93
O0008269,O0008269-1,SKU00202,1,80.2,80.2,,0.0,80.2
O0008269,O0008269-2,SKU00045,1,35.31,35.31,,0.0,35.31
O0008269,O0008269-3,SKU00186,1,34.13,34.13,,0.0,34.13
O0008269,O0008269-4,SKU00389,1,51.94,51.94,P0042,0.0,51.94
O0008270,O0008270-1,SKU00066,1,52.48,52.48,,0.0,52.48
O0008270,O0008270-2,SKU00367,1,50.59,50.59,,0.0,50.59
O0008271,O0008271-1,SKU00246,1,38.15,38.15,,0.0,38.15
O0008272,O0008272-1,SKU00250,2,32.56,65.12,,0.0,65.12
O0008273,O0008273-1,SKU00173,1,61.04,61.04,,0.0,61.04
O0008273,O0008273-2,SKU00399,1,38.17,38.17,,0.0,38.17
O0008274,O0008274-1,SKU00194,1,40.96,40.96,,0.0,40.96
O0008274,O0008274-2,SKU00095,3,53.11,159.33,,0.0,159.33
O0008275,O0008275-1,SKU00110,3,38.93,116.79,,0.0,116.79
O0008275,O0008275-2,SKU00387,2,38.08,76.16,,0.0,76.16
O0008275,O0008275-3,SKU00132,1,44.43,44.43,,0.0,44.43
O0008276,O0008276-1,SKU00124,1,29.76,29.76,,0.0,29.76
O0008277,O0008277-1,SKU00254,1,18.56,18.56,,0.0,18.56
O0008278,O0008278-1,SKU00323,1,39.02,39.02,,0.0,39.02
O0008278,O0008278-2,SKU00259,3,40.89,122.67,,0.0,122.67
O0008279,O0008279-1,SKU00070,1,44.51,44.51,,0.0,44.51
O0008279,O0008279-2,SKU00292,1,51.63,51.63,,0.0,51.63
O0008279,O0008279-3,SKU00155,2,44.19,88.38,,0.0,88.38
O0008279,O0008279-4,SKU00349,3,18.05,54.15,,0.0,54.15
O0008280,O0008280-1,SKU00345,1,60.26,60.26,,0.0,60.26
O0008280,O0008280-2,SKU00125,3,30.05,90.15,,0.0,90.15
O0008280,O0008280-3,SKU00047,1,79.17,79.17,,0.0,79.17
O0008281,O0008281-1,SKU00159,1,47.62,47.62,P0042,0.0,47.62
O0008282,O0008282-1,SKU00383,2,37.66,75.32,,0.0,75.32
O0008282,O0008282-2,SKU00291,1,33.52,33.52,,0.0,33.52
O0008283,O0008283-1,SKU00011,3,31.25,93.75,,0.0,93.75
O0008283,O0008283-2,SKU00081,2,30.86,61.72,,0.0,61.72
O0008283,O0008283-3,SKU00298,2,21.47,42.94,,0.0,42.94
O0008283,O0008283-4,SKU00324,1,70.29,70.29,,0.0,70.29
O0008284,O0008284-1,SKU00320,2,20.06,40.12,,0.0,40.12
O0008285,O0008285-1,SKU00063,1,26.13,26.13,,0.0,26.13
O0008285,O0008285-2,SKU00367,1,50.59,50.59,,0.0,50.59
O0008285,O0008285-3,SKU00139,1,52.17,52.17,,0.0,52.17
O0008286,O0008286-1,SKU00285,1,40.54,40.54,,0.0,40.54
O0008286,O0008286-2,SKU00400,1,33.96,33.96,,0.0,33.96
O0008286,O0008286-3,SKU00008,1,26.23,26.23,,0.0,26.23
O0008287,O0008287-1,SKU00400,1,33.96,33.96,,0.0,33.96
O0008288,O0008288-1,SKU00333,1,45.51,45.51,,0.0,45.51
O0008288,O0008288-2,SKU00378,1,38.51,38.51,,0.0,38.51
O0008289,O0008289-1,SKU00044,3,26.97,80.91,,0.0,80.91
O0008290,O0008290-1,SKU00363,1,45.39,45.39,,0.0,45.39
O0008290,O0008290-2,SKU00300,2,29.05,58.1,,0.0,58.1
O0008290,O0008290-3,SKU00212,1,20.15,20.15,,0.0,20.15
O0008291,O0008291-1,SKU00111,1,50.04,50.04,,0.0,50.04
O0008291,O0008291-2,SKU00024,1,39.92,39.92,,0.0,39.92
O0008292,O0008292-1,SKU00217,2,31.07,62.14,,0.0,62.14
O0008292,O0008292-2,SKU00120,1,19.69,19.69,,0.0,19.69
O0008292,O0008292-3,SKU00018,1,20.66,20.66,,0.0,20.66
O0008292,O0008292-4,SKU00213,2,45.05,90.1,,0.0,90.1
O0008293,O0008293-1,SKU00205,1,35.8,35.8,,0.0,35.8
O0008294,O0008294-1,SKU00176,2,24.92,49.84,,0.0,49.84
O0008294,O0008294-2,SKU00193,1,64.21,64.21,,0.0,64.21
O0008294,O0008294-3,SKU00224,1,53.56,53.56,,0.0,53.56
O0008295,O0008295-1,SKU00215,1,33.08,33.08,,0.0,33.08
O0008295,O0008295-2,SKU00395,1,26.26,26.26,,0.0,26.26
O0008296,O0008296-1,SKU00326,1,34.94,34.94,,0.0,34.94
O0008296,O0008296-2,SKU00078,2,17.22,34.44,,0.0,34.44
O0008297,O0008297-1,SKU00209,1,102.17,102.17,,0.0,102.17
O0008298,O0008298-1,SKU00315,1,65.19,65.19,,0.0,65.19
O0008298,O0008298-2,SKU00101,1,33.02,33.02,,0.0,33.02
O0008299,O0008299-1,SKU00153,2,61.1,122.2,,0.0,122.2
O0008299,O0008299-2,SKU00012,1,9.88,9.88,,0.0,9.88
O0008300,O0008300-1,SKU00389,1,51.94,51.94,,0.0,51.94
O0008300,O0008300-2,SKU00143,1,18.48,18.48,,0.0,18.48
O0008301,O0008301-1,SKU00349,1,18.05,18.05,,0.0,18.05
O0008301,O0008301-2,SKU00326,2,34.94,69.88,,0.0,69.88
O0008301,O0008301-3,SKU00192,1,37.74,37.74,,0.0,37.74
O0008302,O0008302-1,SKU00218,1,16.49,16.49,,0.0,16.49
O0008302,O0008302-2,SKU00273,1,56.47,56.47,,0.0,56.47
O0008302,O0008302-3,SKU00360,1,93.89,93.89,,0.0,93.89
O0008302,O0008302-4,SKU00393,1,14.38,14.38,,0.0,14.38
O0008303,O0008303-1,SKU00248,1,48.06,48.06,,0.0,48.06
O0008303,O0008303-2,SKU00285,1,40.54,40.54,,0.0,40.54
O0008304,O0008304-1,SKU00023,1,57.22,57.22,P0042,0.0,57.22
O0008304,O0008304-2,SKU00351,1,52.83,52.83,,0.0,52.83
O0008305,O0008305-1,SKU00074,1,76.62,76.62,,0.0,76.62
O0008305,O0008305-2,SKU00352,1,37.11,37.11,,0.0,37.11
O0008305,O0008305-3,SKU00085,2,51.96,103.92,,0.0,103.92
O0008306,O0008306-1,SKU00379,1,36.36,36.36,,0.0,36.36
O0008306,O0008306-2,SKU00389,1,51.94,51.94,,0.0,51.94
O0008307,O0008307-1,SKU00083,1,54.82,54.82,,0.0,54.82
O0008307,O0008307-2,SKU00168,1,26.49,26.49,,0.0,26.49
O0008308,O0008308-1,SKU00038,1,50.53,50.53,,0.0,50.53
O0008309,O0008309-1,SKU00035,1,57.12,57.12,,0.0,57.12
O0008310,O0008310-1,SKU00080,1,45.12,45.12,,0.0,45.12
O0008311,O0008311-1,SKU00089,1,49.77,49.77,,0.0,49.77
O0008311,O0008311-2,SKU00258,1,50.85,50.85,,0.0,50.85
O0008311,O0008311-3,SKU00058,2,55.01,110.02,,0.0,110.02
O0008312,O0008312-1,SKU00311,3,60.22,180.66,,0.0,180.66
O0008312,O0008312-2,SKU00168,1,26.49,26.49,,0.0,26.49
O0008313,O0008313-1,SKU00102,1,12.21,12.21,,0.0,12.21
O0008313,O0008313-2,SKU00027,3,11.75,35.25,,0.0,35.25
O0008313,O0008313-3,SKU00255,1,82.33,82.33,,0.0,82.33
O0008313,O0008313-4,SKU00094,2,56.4,112.8,,0.0,112.8
O0008314,O0008314-1,SKU00382,1,19.75,19.75,,0.0,19.75
O0008314,O0008314-2,SKU00125,1,30.05,30.05,,0.0,30.05
O0008315,O0008315-1,SKU00217,1,31.07,31.07,,0.0,31.07
O0008315,O0008315-2,SKU00080,1,45.12,45.12,,0.0,45.12
O0008315,O0008315-3,SKU00156,1,25.39,25.39,,0.0,25.39
O0008316,O0008316-1,SKU00132,1,44.43,44.43,,0.0,44.43
O0008317,O0008317-1,SKU00216,1,68.72,68.72,,0.0,68.72
O0008318,O0008318-1,SKU00178,1,55.23,55.23,,0.0,55.23
O0008318,O0008318-2,SKU00076,2,31.8,63.6,,0.0,63.6
O0008319,O0008319-1,SKU00283,1,85.39,85.39,,0.0,85.39
O0008319,O0008319-2,SKU00117,1,30.62,30.62,,0.0,30.62
O0008320,O0008320-1,SKU00312,1,39.88,39.88,,0.0,39.88
O0008320,O0008320-2,SKU00109,1,88.61,88.61,,0.0,88.61
O0008320,O0008320-3,SKU00374,2,34.49,68.98,,0.0,68.98
O0008321,O0008321-1,SKU00329,3,37.64,112.92,P0042,56.46,56.46
O0008321,O0008321-2,SKU00033,2,24.44,48.88,,0.0,48.88
O0008321,O0008321-3,SKU00220,3,42.7,128.1,,0.0,128.1
O0008322,O0008322-1,SKU00331,1,21.15,21.15,,0.0,21.15
O0008322,O0008322-2,SKU00313,1,49.13,49.13,,0.0,49.13
O0008322,O0008322-3,SKU00378,1,38.51,38.51,,0.0,38.51
O0008323,O0008323-1,SKU00248,1,48.06,48.06,,0.0,48.06
O0008323,O0008323-2,SKU00301,1,30.77,30.77,,0.0,30.77
O0008323,O0008323-3,SKU00358,1,36.52,36.52,,0.0,36.52
O0008324,O0008324-1,SKU00232,1,34.95,34.95,,0.0,34.95
O0008325,O0008325-1,SKU00063,1,26.13,26.13,,0.0,26.13
O0008325,O0008325-2,SKU00035,1,57.12,57.12,,0.0,57.12
O0008326,O0008326-1,SKU00047,1,79.17,79.17,,0.0,79.17
O0008326,O0008326-2,SKU00175,1,44.19,44.19,,0.0,44.19
O0008327,O0008327-1,SKU00391,1,57.23,57.23,,0.0,57.23
O0008327,O0008327-2,SKU00137,1,60.17,60.17,,0.0,60.17
O0008327,O0008327-3,SKU00234,1,20.16,20.16,,0.0,20.16
O0008328,O0008328-1,SKU00143,1,18.48,18.48,,0.0,18.48
O0008329,O0008329-1,SKU00191,1,45.24,45.24,,0.0,45.24
O0008329,O0008329-2,SKU00058,1,55.01,55.01,,0.0,55.01
O0008330,O0008330-1,SKU00028,1,35.88,35.88,,0.0,35.88
O0008330,O0008330-2,SKU00325,1,27.6,27.6,,0.0,27.6
O0008331,O0008331-1,SKU00386,1,42.93,42.93,,0.0,42.93
O0008332,O0008332-1,SKU00330,1,61.47,61.47,,0.0,61.47
O0008332,O0008332-2,SKU00351,1,52.83,52.83,P0042,0.0,52.83
O0008333,O0008333-1,SKU00336,1,54.95,54.95,,0.0,54.95
O0008333,O0008333-2,SKU00108,1,19.31,19.31,,0.0,19.31
O0008334,O0008334-1,SKU00069,1,19.77,19.77,,0.0,19.77
O0008334,O0008334-2,SKU00283,1,85.39,85.39,P0042,0.0,85.39
O0008335,O0008335-1,SKU00324,1,70.29,70.29,,0.0,70.29
O0008336,O0008336-1,SKU00071,1,50.63,50.63,,0.0,50.63
O0008336,O0008336-2,SKU00041,1,31.32,31.32,,0.0,31.32
O0008337,O0008337-1,SKU00040,1,46.34,46.34,,0.0,46.34
O0008338,O0008338-1,SKU00231,1,34.06,34.06,,0.0,34.06
O0008338,O0008338-2,SKU00387,1,38.08,38.08,,0.0,38.08
O0008339,O0008339-1,SKU00176,1,24.92,24.92,,0.0,24.92
O0008339,O0008339-2,SKU00087,1,22.83,22.83,,0.0,22.83
O0008340,O0008340-1,SKU00374,1,34.49,34.49,,0.0,34.49
O0008340,O0008340-2,SKU00322,1,22.71,22.71,,0.0,22.71
O0008340,O0008340-3,SKU00322,1,22.71,22.71,,0.0,22.71
O0008341,O0008341-1,SKU00105,1,52.33,52.33,,0.0,52.33
O0008342,O0008342-1,SKU00027,1,11.75,11.75,,0.0,11.75
O0008342,O0008342-2,SKU00264,1,27.04,27.04,,0.0,27.04
O0008342,O0008342-3,SKU00239,2,15.42,30.84,,0.0,30.84
O0008342,O0008342-4,SKU00223,1,22.77,22.77,,0.0,22.77
O0008343,O0008343-1,SKU00071,1,50.63,50.63,,0.0,50.63
O0008343,O0008343-2,SKU00184,2,34.06,68.12,,0.0,68.12
O0008343,O0008343-3,SKU00087,3,22.83,68.49,,0.0,68.49
O0008344,O0008344-1,SKU00299,1,33.57,33.57,,0.0,33.57
O0008344,O0008344-2,SKU00124,1,29.76,29.76,,0.0,29.76
O0008344,O0008344-3,SKU00295,1,42.42,42.42,,0.0,42.42
O0008345,O0008345-1,SKU00231,1,34.06,34.06,,0.0,34.06
O0008345,O0008345-2,SKU00345,1,60.26,60.26,,0.0,60.26
O0008345,O0008345-3,SKU00283,1,85.39,85.39,,0.0,85.39
O0008346,O0008346-1,SKU00170,1,29.26,29.26,,0.0,29.26
O0008346,O0008346-2,SKU00076,1,31.8,31.8,,0.0,31.8
O0008347,O0008347-1,SKU00192,1,37.74,37.74,,0.0,37.74
O0008348,O0008348-1,SKU00360,2,93.89,187.78,,0.0,187.78
O0008348,O0008348-2,SKU00228,3,106.95,320.85,,0.0,320.85
O0008348,O0008348-3,SKU00227,1,105.48,105.48,,0.0,105.48
O0008349,O0008349-1,SKU00120,1,19.69,19.69,,0.0,19.69
O0008350,O0008350-1,SKU00103,1,32.28,32.28,,0.0,32.28
O0008351,O0008351-1,SKU00168,1,26.49,26.49,,0.0,26.49
O0008352,O0008352-1,SKU00364,3,45.23,135.69,,0.0,135.69
O0008353,O0008353-1,SKU00347,1,61.23,61.23,,0.0,61.23
O0008353,O0008353-2,SKU00313,1,49.13,49.13,,0.0,49.13
O0008353,O0008353-3,SKU00148,1,39.39,39.39,,0.0,39.39
O0008353,O0008353-4,SKU00223,2,22.77,45.54,,0.0,45.54
O0008354,O0008354-1,SKU00107,1,64.03,64.03,,0.0,64.03
O0008354,O0008354-2,SKU00285,2,40.54,81.08,,0.0,81.08
O0008354,O0008354-3,SKU00137,1,60.17,60.17,,0.0,60.17
O0008354,O0008354-4,SKU00336,1,54.95,54.95,,0.0,54.95
O0008355,O0008355-1,SKU00042,2,72.45,144.9,,0.0,144.9
O0008356,O0008356-1,SKU00074,1,76.62,76.62,,0.0,76.62
O0008357,O0008357-1,SKU00302,1,26.48,26.48,,0.0,26.48
O0008357,O0008357-2,SKU00371,1,48.42,48.42,,0.0,48.42
O0008357,O0008357-3,SKU00357,1,23.0,23.0,,0.0,23.0
O0008358,O0008358-1,SKU00283,2,85.39,170.78,,0.0,170.78
O0008359,O0008359-1,SKU00223,1,22.77,22.77,,0.0,22.77
O0008360,O0008360-1,SKU00329,1,37.64,37.64,,0.0,37.64
O0008360,O0008360-2,SKU00108,1,19.31,19.31,,0.0,19.31
O0008361,O0008361-1,SKU00023,1,57.22,57.22,,0.0,57.22
O0008361,O0008361-2,SKU00298,3,21.47,64.41,,0.0,64.41
O0008362,O0008362-1,SKU00219,1,65.58,65.58,,0.0,65.58
O0008362,O0008362-2,SKU00075,1,53.82,53.82,,0.0,53.82
O0008363,O0008363-1,SKU00350,1,53.2,53.2,,0.0,53.2
O0008363,O0008363-2,SKU00296,1,48.03,48.03,,0.0,48.03
O0008364,O0008364-1,SKU00031,1,49.75,49.75,,0.0,49.75
O0008365,O0008365-1,SKU00361,1,44.18,44.18,,0.0,44.18
O0008365,O0008365-2,SKU00317,1,32.85,32.85,,0.0,32.85
O0008365,O0008365-3,SKU00183,1,17.38,17.38,,0.0,17.38
O0008365,O0008365-4,SKU00310,1,44.67,44.67,,0.0,44.67
O0008366,O0008366-1,SKU00021,1,49.41,49.41,,0.0,49.41
O0008367,O0008367-1,SKU00152,1,57.95,57.95,,0.0,57.95
O0008368,O0008368-1,SKU00110,1,38.93,38.93,,0.0,38.93
O0008368,O0008368-2,SKU00171,1,60.15,60.15,,0.0,60.15
O0008369,O0008369-1,SKU00362,1,26.77,26.77,,0.0,26.77
O0008370,O0008370-1,SKU00001,1,32.38,32.38,,0.0,32.38
O0008370,O0008370-2,SKU00130,1,66.52,66.52,,0.0,66.52
O0008371,O0008371-1,SKU00245,1,49.62,49.62,,0.0,49.62
O0008371,O0008371-2,SKU00211,1,88.68,88.68,,0.0,88.68
O0008372,O0008372-1,SKU00077,1,17.01,17.01,,0.0,17.01
O0008372,O0008372-2,SKU00184,2,34.06,68.12,,0.0,68.12
O0008372,O0008372-3,SKU00279,1,31.74,31.74,,0.0,31.74
O0008373,O0008373-1,SKU00265,1,26.72,26.72,,0.0,26.72
O0008373,O0008373-2,SKU00273,1,56.47,56.47,,0.0,56.47
O0008373,O0008373-3,SKU00282,1,46.15,46.15,,0.0,46.15
O0008374,O0008374-1,SKU00381,1,81.55,81.55,,0.0,81.55
O0008374,O0008374-2,SKU00075,1,53.82,53.82,,0.0,53.82
O0008375,O0008375-1,SKU00381,1,81.55,81.55,,0.0,81.55
O0008376,O0008376-1,SKU00228,1,106.95,106.95,,0.0,106.95
O0008376,O0008376-2,SKU00164,1,38.71,38.71,,0.0,38.71
O0008377,O0008377-1,SKU00221,1,31.0,31.0,,0.0,31.0
O0008378,O0008378-1,SKU00128,1,24.13,24.13,,0.0,24.13
O0008379,O0008379-1,SKU00237,1,54.4,54.4,,0.0,54.4
O0008379,O0008379-2,SKU00276,2,22.08,44.16,,0.0,44.16
O0008380,O0008380-1,SKU00162,1,65.18,65.18,,0.0,65.18
O0008380,O0008380-2,SKU00296,1,48.03,48.03,,0.0,48.03
O0008380,O0008380-3,SKU00211,1,88.68,88.68,,0.0,88.68
O0008381,O0008381-1,SKU00243,1,34.82,34.82,P0042,0.0,34.82
O0008381,O0008381-2,SKU00310,2,44.67,89.34,,0.0,89.34
O0008382,O0008382-1,SKU00287,1,61.4,61.4,,0.0,61.4
O0008382,O0008382-2,SKU00399,1,38.17,38.17,,0.0,38.17
O0008383,O0008383-1,SKU00387,1,38.08,38.08,,0.0,38.08
O0008384,O0008384-1,SKU00179,1,14.26,14.26,,0.0,14.26
O0008384,O0008384-2,SKU00100,2,17.02,34.04,,0.0,34.04
O0008384,O0008384-3,SKU00175,1,44.19,44.19,,0.0,44.19
O0008385,O0008385-1,SKU00101,1,33.02,33.02,,0.0,33.02
O0008385,O0008385-2,SKU00265,1,26.72,26.72,,0.0,26.72
O0008386,O0008386-1,SKU00299,1,33.57,33.57,P0042,0.0,33.57
O0008386,O0008386-2,SKU00126,2,40.15,80.3,,0.0,80.3
O0008386,O0008386-3,SKU00363,1,45.39,45.39,,0.0,45.39
O0008386,O0008386-4,SKU00206,2,31.05,62.1,,0.0,62.1
O0008387,O0008387-1,SKU00181,1,47.26,47.26,,0.0,47.26
O0008387,O0008387-2,SKU00235,1,46.43,46.43,,0.0,46.43
O0008388,O0008388-1,SKU00017,1,37.58,37.58,,0.0,37.58
O0008388,O0008388-2,SKU00295,1,42.42,42.42,,0.0,42.42
O0008389,O0008389-1,SKU00215,1,33.08,33.08,,0.0,33.08
O0008389,O0008389-2,SKU00206,1,31.05,31.05,,0.0,31.05
O0008389,O0008389-3,SKU00099,1,22.33,22.33,,0.0,22.33
O0008389,O0008389-4,SKU00301,1,30.77,30.77,,0.0,30.77
O0008390,O0008390-1,SKU00071,1,50.63,50.63,,0.0,50.63
O0008390,O0008390-2,SKU00279,1,31.74,31.74,,0.0,31.74
O0008391,O0008391-1,SKU00015,1,66.48,66.48,,0.0,66.48
O0008391,O0008391-2,SKU00366,3,33.09,99.27,,0.0,99.27
O0008391,O0008391-3,SKU00382,1,19.75,19.75,,0.0,19.75
O0008392,O0008392-1,SKU00313,1,49.13,49.13,,0.0,49.13
O0008392,O0008392-2,SKU00066,1,52.48,52.48,,0.0,52.48
O0008393,O0008393-1,SKU00122,1,22.77,22.77,,0.0,22.77
O0008393,O0008393-2,SKU00282,3,46.15,138.45,,0.0,138.45
O0008394,O0008394-1,SKU00215,1,33.08,33.08,,0.0,33.08
O0008394,O0008394-2,SKU00242,1,41.5,41.5,,0.0,41.5
O0008394,O0008394-3,SKU00208,1,15.73,15.73,,0.0,15.73
O0008395,O0008395-1,SKU00016,1,33.83,33.83,,0.0,33.83
O0008395,O0008395-2,SKU00044,1,26.97,26.97,,0.0,26.97
O0008395,O0008395-3,SKU00311,1,60.22,60.22,,0.0,60.22
O0008395,O0008395-4,SKU00195,1,41.24,41.24,,0.0,41.24
O0008396,O0008396-1,SKU00364,1,45.23,45.23,,0.0,45.23
O0008396,O0008396-2,SKU00343,1,45.56,45.56,,0.0,45.56
O0008396,O0008396-3,SKU00138,1,17.97,17.97,,0.0,17.97
O0008397,O0008397-1,SKU00292,2,51.63,103.26,,0.0,103.26
O0008398,O0008398-1,SKU00169,2,38.7,77.4,,0.0,77.4
O0008399,O0008399-1,SKU00007,1,32.91,32.91,,0.0,32.91
O0008399,O0008399-2,SKU00392,1,45.36,45.36,,0.0,45.36
O0008400,O0008400-1,SKU00362,1,26.77,26.77,,0.0,26.77
O0008400,O0008400-2,SKU00115,1,25.28,25.28,,0.0,25.28
O0008400,O0008400-3,SKU00035,1,57.12,57.12,,0.0,57.12
O0008401,O0008401-1,SKU00235,1,46.43,46.43,,0.0,46.43
O0008401,O0008401-2,SKU00264,1,27.04,27.04,,0.0,27.04
O0008402,O0008402-1,SKU00036,1,42.54,42.54,,0.0,42.54
O0008403,O0008403-1,SKU00208,1,15.73,15.73,,0.0,15.73
O0008403,O0008403-2,SKU00241,1,46.38,46.38,,0.0,46.38
O0008403,O0008403-3,SKU00311,2,60.22,120.44,,0.0,120.44
O0008404,O0008404-1,SKU00081,1,30.86,30.86,,0.0,30.86
O0008405,O0008405-1,SKU00269,2,28.75,57.5,,0.0,57.5
O0008405,O0008405-2,SKU00377,1,39.6,39.6,,0.0,39.6
O0008405,O0008405-3,SKU00094,2,56.4,112.8,,0.0,112.8
O0008406,O0008406-1,SKU00341,1,47.08,47.08,,0.0,47.08
O0008407,O0008407-1,SKU00262,1,10.7,10.7,,0.0,10.7
O0008407,O0008407-2,SKU00098,1,54.0,54.0,P0042,0.0,54.0
O0008407,O0008407-3,SKU00018,1,20.66,20.66,,0.0,20.66
O0008408,O0008408-1,SKU00184,1,34.06,34.06,,0.0,34.06
O0008408,O0008408-2,SKU00177,1,41.83,41.83,,0.0,41.83
O0008409,O0008409-1,SKU00323,1,39.02,39.02,,0.0,39.02
O0008409,O0008409-2,SKU00144,1,27.92,27.92,,0.0,27.92
O0008410,O0008410-1,SKU00100,1,17.02,17.02,,0.0,17.02
O0008410,O0008410-2,SKU00251,1,23.58,23.58,,0.0,23.58
O0008411,O0008411-1,SKU00303,2,66.84,133.68,,0.0,133.68
O0008411,O0008411-2,SKU00310,1,44.67,44.67,,0.0,44.67
O0008412,O0008412-1,SKU00071,1,50.63,50.63,,0.0,50.63
O0008412,O0008412-2,SKU00263,1,21.58,21.58,,0.0,21.58
O0008412,O0008412-3,SKU00331,1,21.15,21.15,,0.0,21.15
O0008412,O0008412-4,SKU00057,1,34.63,34.63,,0.0,34.63
O0008413,O0008413-1,SKU00198,1,39.26,39.26,,0.0,39.26
O0008413,O0008413-2,SKU00120,1,19.69,19.69,,0.0,19.69
O0008414,O0008414-1,SKU00378,1,38.51,38.51,,0.0,38.51
O0008414,O0008414-2,SKU00129,2,38.65,77.3,,0.0,77.3
O0008415,O0008415-1,SKU00234,1,20.16,20.16,,0.0,20.16
O0008415,O0008415-2,SKU00119,1,37.15,37.15,,0.0,37.15
O0008416,O0008416-1,SKU00199,1,60.64,60.64,,0.0,60.64
O0008416,O0008416-2,SKU00262,1,10.7,10.7,,0.0,10.7
O0008416,O0008416-3,SKU00264,1,27.04,27.04,,0.0,27.04
O0008417,O0008417-1,SKU00060,1,76.86,76.86,,0.0,76.86
O0008417,O0008417-2,SKU00165,1,18.9,18.9,,0.0,18.9
O0008417,O0008417-3,SKU00363,1,45.39,45.39,,0.0,45.39
O0008417,O0008417-4,SKU00139,1,52.17,52.17,,0.0,52.17
O0008418,O0008418-1,SKU00217,1,31.07,31.07,,0.0,31.07
O0008419,O0008419-1,SKU00339,2,36.52,73.04,,0.0,73.04
O0008419,O0008419-2,SKU00253,1,51.01,51.01,,0.0,51.01
O0008420,O0008420-1,SKU00327,1,44.41,44.41,,0.0,44.41
O0008420,O0008420-2,SKU00249,1,31.28,31.28,,0.0,31.28
O0008420,O0008420-3,SKU00151,1,20.05,20.05,,0.0,20.05
O0008421,O0008421-1,SKU00109,1,88.61,88.61,,0.0,88.61
O0008421,O0008421-2,SKU00058,1,55.01,55.01,,0.0,55.01
O0008422,O0008422-1,SKU00397,1,66.5,66.5,,0.0,66.5
O0008422,O0008422-2,SKU00308,1,57.22,57.22,,0.0,57.22
O0008422,O0008422-3,SKU00363,1,45.39,45.39,P0042,0.0,45.39
O0008422,O0008422-4,SKU00397,2,66.5,133.0,,0.0,133.0
O0008423,O0008423-1,SKU00359,1,26.27,26.27,,0.0,26.27
O0008424,O0008424-1,SKU00325,1,27.6,27.6,,0.0,27.6
O0008424,O0008424-2,SKU00355,1,41.61,41.61,,0.0,41.61
O0008424,O0008424-3,SKU00238,1,69.04,69.04,,0.0,69.04
O0008424,O0008424-4,SKU00080,1,45.12,45.12,,0.0,45.12
O0008425,O0008425-1,SKU00037,3,30.33,90.99,,0.0,90.99
O0008425,O0008425-2,SKU00080,1,45.12,45.12,,0.0,45.12
O0008425,O0008425-3,SKU00365,1,26.67,26.67,,0.0,26.67
O0008426,O0008426-1,SKU00301,1,30.77,30.77,,0.0,30.77
O0008426,O0008426-2,SKU00299,1,33.57,33.57,P0042,0.0,33.57
O0008426,O0008426-3,SKU00013,1,31.04,31.04,,0.0,31.04
O0008427,O0008427-1,SKU00285,1,40.54,40.54,,0.0,40.54
O0008428,O0008428-1,SKU00390,1,38.26,38.26,,0.0,38.26
O0008429,O0008429-1,SKU00365,1,26.67,26.67,,0.0,26.67
O0008430,O0008430-1,SKU00172,1,17.17,17.17,,0.0,17.17
O0008430,O0008430-2,SKU00215,1,33.08,33.08,,0.0,33.08
O0008431,O0008431-1,SKU00020,1,42.57,42.57,,0.0,42.57
O0008431,O0008431-2,SKU00153,1,61.1,61.1,,0.0,61.1
O0008431,O0008431-3,SKU00053,1,49.62,49.62,,0.0,49.62
O0008431,O0008431-4,SKU00037,1,30.33,30.33,,0.0,30.33
O0008432,O0008432-1,SKU00017,2,37.58,75.16,,0.0,75.16
O0008432,O0008432-2,SKU00376,1,37.84,37.84,,0.0,37.84
O0008432,O0008432-3,SKU00339,1,36.52,36.52,,0.0,36.52
O0008432,O0008432-4,SKU00400,1,33.96,33.96,,0.0,33.96
O0008433,O0008433-1,SKU00386,1,42.93,42.93,,0.0,42.93
O0008433,O0008433-2,SKU00307,1,36.83,36.83,,0.0,36.83
O0008434,O0008434-1,SKU00067,1,20.67,20.67,,0.0,20.67
O0008434,O0008434-2,SKU00017,1,37.58,37.58,,0.0,37.58
O0008434,O0008434-3,SKU00172,1,17.17,17.17,,0.0,17.17
O0008434,O0008434-4,SKU00311,1,60.22,60.22,,0.0,60.22
O0008435,O0008435-1,SKU00195,2,41.24,82.48,,0.0,82.48
O0008436,O0008436-1,SKU00326,1,34.94,34.94,,0.0,34.94
O0008436,O0008436-2,SKU00145,1,34.93,34.93,,0.0,34.93
O0008436,O0008436-3,SKU00309,1,39.31,39.31,,0.0,39.31
O0008436,O0008436-4,SKU00203,1,71.32,71.32,,0.0,71.32
O0008437,O0008437-1,SKU00202,1,80.2,80.2,,0.0,80.2
O0008438,O0008438-1,SKU00058,1,55.01,55.01,,0.0,55.01
O0008439,O0008439-1,SKU00312,1,39.88,39.88,,0.0,39.88
O0008439,O0008439-2,SKU00199,1,60.64,60.64,,0.0,60.64
O0008440,O0008440-1,SKU00286,1,54.7,54.7,,0.0,54.7
O0008440,O0008440-2,SKU00156,1,25.39,25.39,,0.0,25.39
O0008441,O0008441-1,SKU00363,1,45.39,45.39,,0.0,45.39
O0008441,O0008441-2,SKU00248,1,48.06,48.06,,0.0,48.06
O0008442,O0008442-1,SKU00262,1,10.7,10.7,,0.0,10.7
O0008443,O0008443-1,SKU00094,1,56.4,56.4,,0.0,56.4
O0008443,O0008443-2,SKU00128,2,24.13,48.26,,0.0,48.26
O0008443,O0008443-3,SKU00279,1,31.74,31.74,,0.0,31.74
O0008444,O0008444-1,SKU00322,1,22.71,22.71,,0.0,22.71
O0008445,O0008445-1,SKU00177,1,41.83,41.83,,0.0,41.83
O0008445,O0008445-2,SKU00095,1,53.11,53.11,,0.0,53.11
O0008445,O0008445-3,SKU00150,1,41.46,41.46,,0.0,41.46
O0008445,O0008445-4,SKU00330,1,61.47,61.47,,0.0,61.47
O0008446,O0008446-1,SKU00216,1,68.72,68.72,,0.0,68.72
O0008446,O0008446-2,SKU00381,1,81.55,81.55,,0.0,81.55
O0008447,O0008447-1,SKU00168,1,26.49,26.49,,0.0,26.49
O0008448,O0008448-1,SKU00063,2,26.13,52.26,,0.0,52.26
O0008449,O0008449-1,SKU00171,1,60.15,60.15,,0.0,60.15
O0008450,O0008450-1,SKU00004,2,22.35,44.7,,0.0,44.7
O0008451,O0008451-1,SKU00169,1,38.7,38.7,,0.0,38.7
O0008452,O0008452-1,SKU00085,1,51.96,51.96,,0.0,51.96
O0008453,O0008453-1,SKU00186,1,34.13,34.13,,0.0,34.13
O0008454,O0008454-1,SKU00002,1,57.3,57.3,,0.0,57.3
O0008454,O0008454-2,SKU00051,1,57.83,57.83,,0.0,57.83
O0008455,O0008455-1,SKU00137,1,60.17,60.17,,0.0,60.17
O0008456,O0008456-1,SKU00094,1,56.4,56.4,,0.0,56.4
O0008456,O0008456-2,SKU00119,1,37.15,37.15,,0.0,37.15
O0008456,O0008456-3,SKU00164,1,38.71,38.71,,0.0,38.71
O0008457,O0008457-1,SKU00016,2,33.83,67.66,P0042,33.83,33.83
O0008457,O0008457-2,SKU00347,1,61.23,61.23,,0.0,61.23
O0008457,O0008457-3,SKU00012,1,9.88,9.88,,0.0,9.88
O0008457,O0008457-4,SKU00292,1,51.63,51.63,,0.0,51.63
O0008458,O0008458-1,SKU00008,1,26.23,26.23,,0.0,26.23
O0008458,O0008458-2,SKU00039,2,59.8,119.6,,0.0,119.6
O0008458,O0008458-3,SKU00088,1,49.61,49.61,,0.0,49.61
O0008459,O0008459-1,SKU00282,1,46.15,46.15,,0.0,46.15
O0008459,O0008459-2,SKU00212,1,20.15,20.15,,0.0,20.15
O0008460,O0008460-1,SKU00098,1,54.0,54.0,P0042,0.0,54.0
O0008461,O0008461-1,SKU00194,1,40.96,40.96,,0.0,40.96
O0008461,O0008461-2,SKU00163,1,29.45,29.45,,0.0,29.45
O0008461,O0008461-3,SKU00169,2,38.7,77.4,,0.0,77.4
O0008461,O0008461-4,SKU00099,1,22.33,22.33,,0.0,22.33
O0008462,O0008462-1,SKU00011,1,31.25,31.25,,0.0,31.25
O0008462,O0008462-2,SKU00369,1,42.23,42.23,,0.0,42.23
O0008463,O0008463-1,SKU00262,2,10.7,21.4,,0.0,21.4
O0008463,O0008463-2,SKU00162,1,65.18,65.18,,0.0,65.18
O0008464,O0008464-1,SKU00095,1,53.11,53.11,,0.0,53.11
O0008464,O0008464-2,SKU00350,1,53.2,53.2,,0.0,53.2
O0008465,O0008465-1,SKU00299,1,33.57,33.57,,0.0,33.57
O0008466,O0008466-1,SKU00029,2,36.29,72.58,,0.0,72.58
O0008466,O0008466-2,SKU00302,1,26.48,26.48,,0.0,26.48
O0008466,O0008466-3,SKU00270,1,46.55,46.55,,0.0,46.55
O0008467,O0008467-1,SKU00124,1,29.76,29.76,,0.0,29.76
O0008468,O0008468-1,SKU00304,1,28.55,28.55,,0.0,28.55
O0008468,O0008468-2,SKU00341,1,47.08,47.08,,0.0,47.08
O0008469,O0008469-1,SKU00313,1,49.13,49.13,,0.0,49.13
O0008470,O0008470-1,SKU00012,1,9.88,9.88,,0.0,9.88
O0008471,O0008471-1,SKU00103,1,32.28,32.28,,0.0,32.28
O0008471,O0008471-2,SKU00278,1,54.54,54.54,,0.0,54.54
O0008471,O0008471-3,SKU00308,1,57.22,57.22,,0.0,57.22
O0008471,O0008471-4,SKU00155,1,44.19,44.19,,0.0,44.19
O0008472,O0008472-1,SKU00239,1,15.42,15.42,,0.0,15.42
O0008473,O0008473-1,SKU00053,1,49.62,49.62,,0.0,49.62
O0008473,O0008473-2,SKU00211,1,88.68,88.68,,0.0,88.68
O0008473,O0008473-3,SKU00179,2,14.26,28.52,,0.0,28.52
O0008474,O0008474-1,SKU00193,3,64.21,192.63,,0.0,192.63
O0008474,O0008474-2,SKU00386,1,42.93,42.93,,0.0,42.93
O0008475,O0008475-1,SKU00212,1,20.15,20.15,,0.0,20.15
O0008475,O0008475-2,SKU00039,2,59.8,119.6,,0.0,119.6
O0008476,O0008476-1,SKU00307,1,36.83,36.83,,0.0,36.83
O0008476,O0008476-2,SKU00028,1,35.88,35.88,,0.0,35.88
O0008477,O0008477-1,SKU00157,1,70.71,70.71,,0.0,70.71
O0008478,O0008478-1,SKU00082,1,35.63,35.63,,0.0,35.63
O0008478,O0008478-2,SKU00230,1,49.13,49.13,,0.0,49.13
O0008479,O0008479-1,SKU00355,1,41.61,41.61,,0.0,41.61
O0008479,O0008479-2,SKU00190,2,45.12,90.24,P0042,45.12,45.12
O0008480,O0008480-1,SKU00270,1,46.55,46.55,,0.0,46.55
O0008480,O0008480-2,SKU00156,1,25.39,25.39,,0.0,25.39
O0008481,O0008481-1,SKU00379,1,36.36,36.36,,0.0,36.36
O0008481,O0008481-2,SKU00152,1,57.95,57.95,,0.0,57.95
O0008481,O0008481-3,SKU00265,1,26.72,26.72,,0.0,26.72
O0008482,O0008482-1,SKU00209,1,102.17,102.17,,0.0,102.17
O0008482,O0008482-2,SKU00283,1,85.39,85.39,P0042,0.0,85.39
O0008483,O0008483-1,SKU00220,1,42.7,42.7,,0.0,42.7
O0008483,O0008483-2,SKU00146,2,60.33,120.66,,0.0,120.66
O0008483,O0008483-3,SKU00203,2,71.32,142.64,,0.0,142.64
O0008484,O0008484-1,SKU00200,1,61.25,61.25,,0.0,61.25
O0008484,O0008484-2,SKU00142,1,61.52,61.52,,0.0,61.52
O0008485,O0008485-1,SKU00227,1,105.48,105.48,,0.0,105.48
O0008485,O0008485-2,SKU00240,1,78.86,78.86,,0.0,78.86
O0008485,O0008485-3,SKU00039,2,59.8,119.6,,0.0,119.6
O0008486,O0008486-1,SKU00275,1,50.32,50.32,,0.0,50.32
O0008487,O0008487-1,SKU00155,1,44.19,44.19,,0.0,44.19
O0008488,O0008488-1,SKU00315,1,65.19,65.19,,0.0,65.19
O0008488,O0008488-2,SKU00386,2,42.93,85.86,,0.0,85.86
O0008489,O0008489-1,SKU00227,2,105.48,210.96,,0.0,210.96
O0008490,O0008490-1,SKU00109,1,88.61,88.61,,0.0,88.61
O0008490,O0008490-2,SKU00017,1,37.58,37.58,,0.0,37.58
O0008490,O0008490-3,SKU00021,2,49.41,98.82,,0.0,98.82
O0008491,O0008491-1,SKU00306,1,36.9,36.9,,0.0,36.9
O0008492,O0008492-1,SKU00348,1,64.96,64.96,,0.0,64.96
O0008492,O0008492-2,SKU00158,1,19.54,19.54,,0.0,19.54
O0008492,O0008492-3,SKU00104,1,73.97,73.97,,0.0,73.97
O0008493,O0008493-1,SKU00239,1,15.42,15.42,,0.0,15.42
O0008493,O0008493-2,SKU00075,1,53.82,53.82,,0.0,53.82
O0008494,O0008494-1,SKU00104,1,73.97,73.97,,0.0,73.97
O0008494,O0008494-2,SKU00226,1,84.67,84.67,,0.0,84.67
O0008495,O0008495-1,SKU00015,1,66.48,66.48,,0.0,66.48
O0008496,O0008496-1,SKU00173,1,61.04,61.04,,0.0,61.04
O0008497,O0008497-1,SKU00183,1,17.38,17.38,,0.0,17.38
O0008498,O0008498-1,SKU00361,1,44.18,44.18,,0.0,44.18
O0008498,O0008498-2,SKU00261,1,86.51,86.51,,0.0,86.51
O0008499,O0008499-1,SKU00387,1,38.08,38.08,,0.0,38.08
O0008500,O0008500-1,SKU00163,1,29.45,29.45,,0.0,29.45
O0008500,O0008500-2,SKU00347,1,61.23,61.23,,0.0,61.23
O0008501,O0008501-1,SKU00250,1,32.56,32.56,,0.0,32.56
O0008501,O0008501-2,SKU00035,1,57.12,57.12,,0.0,57.12
O0008502,O0008502-1,SKU00143,3,18.48,55.44,,0.0,55.44
O0008502,O0008502-2,SKU00274,1,14.47,14.47,,0.0,14.47
O0008503,O0008503-1,SKU00387,1,38.08,38.08,,0.0,38.08
O0008503,O0008503-2,SKU00193,2,64.21,128.42,,0.0,128.42
O0008503,O0008503-3,SKU00050,2,25.95,51.9,,0.0,51.9
O0008503,O0008503-4,SKU00399,1,38.17,38.17,,0.0,38.17
O0008504,O0008504-1,SKU00075,1,53.82,53.82,,0.0,53.82
O0008504,O0008504-2,SKU00255,1,82.33,82.33,,0.0,82.33
O0008505,O0008505-1,SKU00011,2,31.25,62.5,,0.0,62.5
O0008505,O0008505-2,SKU00381,1,81.55,81.55,,0.0,81.55
O0008506,O0008506-1,SKU00391,1,57.23,57.23,,0.0,57.23
O0008506,O0008506-2,SKU00278,1,54.54,54.54,,0.0,54.54
O0008507,O0008507-1,SKU00309,1,39.31,39.31,,0.0,39.31
O0008507,O0008507-2,SKU00343,1,45.56,45.56,,0.0,45.56
O0008508,O0008508-1,SKU00109,1,88.61,88.61,,0.0,88.61
O0008508,O0008508-2,SKU00135,1,42.96,42.96,,0.0,42.96
O0008509,O0008509-1,SKU00378,1,38.51,38.51,,0.0,38.51
O0008510,O0008510-1,SKU00049,1,49.27,49.27,P0042,0.0,49.27
O0008511,O0008511-1,SKU00321,1,13.85,13.85,,0.0,13.85
O0008511,O0008511-2,SKU00015,1,66.48,66.48,,0.0,66.48
O0008511,O0008511-3,SKU00212,2,20.15,40.3,,0.0,40.3
O0008512,O0008512-1,SKU00114,1,29.46,29.46,,0.0,29.46
O0008512,O0008512-2,SKU00026,1,45.44,45.44,,0.0,45.44
O0008513,O0008513-1,SKU00025,1,42.44,42.44,,0.0,42.44
O0008513,O0008513-2,SKU00123,1,28.95,28.95,,0.0,28.95
O0008513,O0008513-3,SKU00392,1,45.36,45.36,,0.0,45.36
O0008514,O0008514-1,SKU00119,1,37.15,37.15,,0.0,37.15
O0008514,O0008514-2,SKU00097,1,30.01,30.01,,0.0,30.01
O0008514,O0008514-3,SKU00025,1,42.44,42.44,,0.0,42.44
O0008514,O0008514-4,SKU00381,1,81.55,81.55,,0.0,81.55
O0008515,O0008515-1,SKU00329,1,37.64,37.64,,0.0,37.64
O0008515,O0008515-2,SKU00324,1,70.29,70.29,,0.0,70.29
O0008516,O0008516-1,SKU00039,1,59.8,59.8,,0.0,59.8
O0008516,O0008516-2,SKU00174,1,57.96,57.96,,0.0,57.96
O0008516,O0008516-3,SKU00298,1,21.47,21.47,,0.0,21.47
O0008516,O0008516-4,SKU00164,1,38.71,38.71,,0.0,38.71
O0008517,O0008517-1,SKU00189,1,53.14,53.14,,0.0,53.14
O0008518,O0008518-1,SKU00300,1,29.05,29.05,,0.0,29.05
O0008518,O0008518-2,SKU00015,2,66.48,132.96,,0.0,132.96
O0008519,O0008519-1,SKU00131,3,34.39,103.17,,0.0,103.17
O0008519,O0008519-2,SKU00227,1,105.48,105.48,P0042,0.0,105.48
O0008520,O0008520-1,SKU00029,1,36.29,36.29,,0.0,36.29
O0008520,O0008520-2,SKU00041,1,31.32,31.32,,0.0,31.32
O0008520,O0008520-3,SKU00031,1,49.75,49.75,,0.0,49.75
O0008521,O0008521-1,SKU00158,1,19.54,19.54,,0.0,19.54
O0008521,O0008521-2,SKU00239,1,15.42,15.42,,0.0,15.42
O0008521,O0008521-3,SKU00090,1,36.81,36.81,,0.0,36.81
O0008522,O0008522-1,SKU00382,1,19.75,19.75,,0.0,19.75
O0008522,O0008522-2,SKU00295,1,42.42,42.42,,0.0,42.42
O0008522,O0008522-3,SKU00314,3,39.09,117.27,,0.0,117.27
O0008522,O0008522-4,SKU00083,1,54.82,54.82,,0.0,54.82
O0008523,O0008523-1,SKU00035,2,57.12,114.24,,0.0,114.24
O0008523,O0008523-2,SKU00135,1,42.96,42.96,,0.0,42.96
O0008523,O0008523-3,SKU00119,1,37.15,37.15,,0.0,37.15
O0008523,O0008523-4,SKU00111,2,50.04,100.08,,0.0,100.08
O0008524,O0008524-1,SKU00053,1,49.62,49.62,,0.0,49.62
O0008524,O0008524-2,SKU00262,1,10.7,10.7,,0.0,10.7
O0008524,O0008524-3,SKU00017,2,37.58,75.16,,0.0,75.16
O0008525,O0008525-1,SKU00049,2,49.27,98.54,,0.0,98.54
O0008525,O0008525-2,SKU00188,1,58.74,58.74,,0.0,58.74
O0008525,O0008525-3,SKU00077,1,17.01,17.01,,0.0,17.01
O0008525,O0008525-4,SKU00175,1,44.19,44.19,,0.0,44.19
O0008526,O0008526-1,SKU00080,1,45.12,45.12,,0.0,45.12
O0008527,O0008527-1,SKU00400,1,33.96,33.96,,0.0,33.96
O0008527,O0008527-2,SKU00166,1,65.47,65.47,,0.0,65.47
O0008527,O0008527-3,SKU00053,2,49.62,99.24,,0.0,99.24
O0008527,O0008527-4,SKU00017,1,37.58,37.58,,0.0,37.58
O0008528,O0008528-1,SKU00135,1,42.96,42.96,,0.0,42.96
O0008529,O0008529-1,SKU00121,1,58.38,58.38,,0.0,58.38
O0008530,O0008530-1,SKU00200,1,61.25,61.25,,0.0,61.25
O0008531,O0008531-1,SKU00093,1,55.17,55.17,,0.0,55.17
O0008531,O0008531-2,SKU00374,1,34.49,34.49,,0.0,34.49
O0008532,O0008532-1,SKU00267,2,82.59,165.18,,0.0,165.18
O0008532,O0008532-2,SKU00016,1,33.83,33.83,P0042,0.0,33.83
O0008533,O0008533-1,SKU00313,2,49.13,98.26,,0.0,98.26
O0008534,O0008534-1,SKU00023,1,57.22,57.22,,0.0,57.22
O0008535,O0008535-1,SKU00378,1,38.51,38.51,,0.0,38.51
O0008535,O0008535-2,SKU00258,1,50.85,50.85,,0.0,50.85
O0008536,O0008536-1,SKU00283,1,85.39,85.39,,0.0,85.39
O0008537,O0008537-1,SKU00228,1,106.95,106.95,,0.0,106.95
O0008537,O0008537-2,SKU00223,1,22.77,22.77,,0.0,22.77
O0008537,O0008537-3,SKU00030,1,17.63,17.63,,0.0,17.63
O0008538,O0008538-1,SKU00160,1,42.59,42.59,,0.0,42.59
O0008538,O0008538-2,SKU00251,1,23.58,23.58,,0.0,23.58
O0008539,O0008539-1,SKU00275,1,50.32,50.32,,0.0,50.32
O0008539,O0008539-2,SKU00222,1,30.96,30.96,,0.0,30.96
O0008540,O0008540-1,SKU00017,1,37.58,37.58,P0042,0.0,37.58
O0008540,O0008540-2,SKU00328,1,35.12,35.12,,0.0,35.12
O0008541,O0008541-1,SKU00007,1,32.91,32.91,,0.0,32.91
O0008542,O0008542-1,SKU00391,1,57.23,57.23,,0.0,57.23
O0008543,O0008543-1,SKU00361,1,44.18,44.18,,0.0,44.18
O0008543,O0008543-2,SKU00231,1,34.06,34.06,,0.0,34.06
O0008544,O0008544-1,SKU00316,1,21.03,21.03,,0.0,21.03
O0008544,O0008544-2,SKU00128,1,24.13,24.13,,0.0,24.13
O0008544,O0008544-3,SKU00302,1,26.48,26.48,,0.0,26.48
O0008545,O0008545-1,SKU00192,1,37.74,37.74,,0.0,37.74
O0008546,O0008546-1,SKU00011,1,31.25,31.25,,0.0,31.25
O0008546,O0008546-2,SKU00134,1,31.13,31.13,,0.0,31.13
O0008547,O0008547-1,SKU00024,3,39.92,119.76,,0.0,119.76
O0008548,O0008548-1,SKU00253,2,51.01,102.02,,0.0,102.02
O0008548,O0008548-2,SKU00130,1,66.52,66.52,,0.0,66.52
O0008549,O0008549-1,SKU00262,1,10.7,10.7,,0.0,10.7
O0008550,O0008550-1,SKU00252,2,57.03,114.06,,0.0,114.06
O0008550,O0008550-2,SKU00303,1,66.84,66.84,,0.0,66.84
O0008551,O0008551-1,SKU00398,1,85.14,85.14,,0.0,85.14
O0008551,O0008551-2,SKU00004,2,22.35,44.7,,0.0,44.7
O0008552,O0008552-1,SKU00049,2,49.27,98.54,,0.0,98.54
O0008552,O0008552-2,SKU00029,1,36.29,36.29,,0.0,36.29
O0008552,O0008552-3,SKU00142,2,61.52,123.04,,0.0,123.04
O0008553,O0008553-1,SKU00128,1,24.13,24.13,,0.0,24.13
O0008554,O0008554-1,SKU00176,1,24.92,24.92,,0.0,24.92
O0008554,O0008554-2,SKU00232,1,34.95,34.95,,0.0,34.95
O0008554,O0008554-3,SKU00267,1,82.59,82.59,,0.0,82.59
O0008555,O0008555-1,SKU00121,1,58.38,58.38,,0.0,58.38
O0008555,O0008555-2,SKU00023,1,57.22,57.22,,0.0,57.22
O0008556,O0008556-1,SKU00040,1,46.34,46.34,,0.0,46.34
O0008556,O0008556-2,SKU00355,1,41.61,41.61,,0.0,41.61
O0008557,O0008557-1,SKU00351,1,52.83,52.83,,0.0,52.83
O0008557,O0008557-2,SKU00159,1,47.62,47.62,,0.0,47.62
O0008558,O0008558-1,SKU00149,2,26.89,53.78,,0.0,53.78
O0008558,O0008558-2,SKU00195,1,41.24,41.24,,0.0,41.24
O0008559,O0008559-1,SKU00225,1,25.36,25.36,,0.0,25.36
O0008559,O0008559-2,SKU00326,1,34.94,34.94,,0.0,34.94
O0008560,O0008560-1,SKU00273,1,56.47,56.47,,0.0,56.47
O0008561,O0008561-1,SKU00250,1,32.56,32.56,,0.0,32.56
O0008562,O0008562-1,SKU00190,1,45.12,45.12,,0.0,45.12
O0008563,O0008563-1,SKU00393,2,14.38,28.76,,0.0,28.76
O0008563,O0008563-2,SKU00340,1,30.34,30.34,,0.0,30.34
O0008563,O0008563-3,SKU00018,1,20.66,20.66,,0.0,20.66
O0008564,O0008564-1,SKU00063,2,26.13,52.26,,0.0,52.26
O0008564,O0008564-2,SKU00106,1,24.61,24.61,,0.0,24.61
O0008564,O0008564-3,SKU00137,1,60.17,60.17,,0.0,60.17
O0008564,O0008564-4,SKU00035,1,57.12,57.12,,0.0,57.12
O0008565,O0008565-1,SKU00381,2,81.55,163.1,,0.0,163.1
O0008566,O0008566-1,SKU00366,1,33.09,33.09,,0.0,33.09
O0008566,O0008566-2,SKU00393,1,14.38,14.38,,0.0,14.38
O0008567,O0008567-1,SKU00202,1,80.2,80.2,,0.0,80.2
O0008567,O0008567-2,SKU00320,1,20.06,20.06,,0.0,20.06
O0008568,O0008568-1,SKU00144,1,27.92,27.92,,0.0,27.92
O0008568,O0008568-2,SKU00067,1,20.67,20.67,,0.0,20.67
O0008569,O0008569-1,SKU00200,1,61.25,61.25,,0.0,61.25
O0008569,O0008569-2,SKU00248,1,48.06,48.06,,0.0,48.06
O0008569,O0008569-3,SKU00015,2,66.48,132.96,,0.0,132.96
O0008570,O0008570-1,SKU00322,1,22.71,22.71,,0.0,22.71
O0008571,O0008571-1,SKU00062,2,38.63,77.26,,0.0,77.26
O0008571,O0008571-2,SKU00155,1,44.19,44.19,,0.0,44.19
O0008572,O0008572-1,SKU00379,1,36.36,36.36,,0.0,36.36
O0008573,O0008573-1,SKU00086,1,72.82,72.82,,0.0,72.82
O0008573,O0008573-2,SKU00095,2,53.11,106.22,,0.0,106.22
O0008573,O0008573-3,SKU00397,1,66.5,66.5,,0.0,66.5
O0008574,O0008574-1,SKU00335,1,18.97,18.97,,0.0,18.97
O0008574,O0008574-2,SKU00358,1,36.52,36.52,,0.0,36.52
O0008574,O0008574-3,SKU00080,1,45.12,45.12,,0.0,45.12
O0008575,O0008575-1,SKU00253,1,51.01,51.01,,0.0,51.01
O0008575,O0008575-2,SKU00259,1,40.89,40.89,,0.0,40.89
O0008575,O0008575-3,SKU00146,1,60.33,60.33,,0.0,60.33
O0008576,O0008576-1,SKU00027,3,11.75,35.25,,0.0,35.25
O0008576,O0008576-2,SKU00233,1,21.18,21.18,,0.0,21.18
O0008576,O0008576-3,SKU00053,2,49.62,99.24,,0.0,99.24
O0008577,O0008577-1,SKU00227,1,105.48,105.48,,0.0,105.48
O0008577,O0008577-2,SKU00329,1,37.64,37.64,,0.0,37.64
O0008578,O0008578-1,SKU00234,2,20.16,40.32,,0.0,40.32
O0008579,O0008579-1,SKU00363,1,45.39,45.39,,0.0,45.39
O0008579,O0008579-2,SKU00083,1,54.82,54.82,,0.0,54.82
O0008579,O0008579-3,SKU00348,2,64.96,129.92,,0.0,129.92
O0008580,O0008580-1,SKU00104,1,73.97,73.97,,0.0,73.97
O0008581,O0008581-1,SKU00364,1,45.23,45.23,,0.0,45.23
O0008581,O0008581-2,SKU00018,1,20.66,20.66,,0.0,20.66
O0008581,O0008581-3,SKU00198,2,39.26,78.52,,0.0,78.52
O0008581,O0008581-4,SKU00241,1,46.38,46.38,P0042,0.0,46.38
O0008582,O0008582-1,SKU00163,1,29.45,29.45,,0.0,29.45
O0008582,O0008582-2,SKU00155,1,44.19,44.19,,0.0,44.19
O0008583,O0008583-1,SKU00028,1,35.88,35.88,,0.0,35.88
O0008583,O0008583-2,SKU00247,3,43.87,131.61,,0.0,131.61
O0008584,O0008584-1,SKU00158,2,19.54,39.08,,0.0,39.08
O0008584,O0008584-2,SKU00241,1,46.38,46.38,,0.0,46.38
O0008584,O0008584-3,SKU00274,1,14.47,14.47,,0.0,14.47
O0008585,O0008585-1,SKU00382,1,19.75,19.75,,0.0,19.75
O0008586,O0008586-1,SKU00233,1,21.18,21.18,,0.0,21.18
O0008586,O0008586-2,SKU00200,2,61.25,122.5,,0.0,122.5
O0008587,O0008587-1,SKU00268,2,43.83,87.66,,0.0,87.66
O0008588,O0008588-1,SKU00261,1,86.51,86.51,,0.0,86.51
O0008589,O0008589-1,SKU00242,2,41.5,83.0,,0.0,83.0
O0008589,O0008589-2,SKU00354,1,27.28,27.28,,0.0,27.28
O0008590,O0008590-1,SKU00290,1,42.67,42.67,,0.0,42.67
O0008590,O0008590-2,SKU00090,2,36.81,73.62,,0.0,73.62
O0008591,O0008591-1,SKU00187,2,39.15,78.3,,0.0,78.3
O0008591,O0008591-2,SKU00342,1,38.94,38.94,,0.0,38.94
O0008592,O0008592-1,SKU00079,1,43.31,43.31,,0.0,43.31
O0008593,O0008593-1,SKU00310,1,44.67,44.67,,0.0,44.67
O0008593,O0008593-2,SKU00038,1,50.53,50.53,,0.0,50.53
O0008593,O0008593-3,SKU00242,1,41.5,41.5,,0.0,41.5
O0008594,O0008594-1,SKU00211,1,88.68,88.68,,0.0,88.68
O0008594,O0008594-2,SKU00040,1,46.34,46.34,,0.0,46.34
O0008594,O0008594-3,SKU00124,1,29.76,29.76,,0.0,29.76
O0008594,O0008594-4,SKU00371,1,48.42,48.42,,0.0,48.42
O0008595,O0008595-1,SKU00289,1,47.79,47.79,,0.0,47.79
O0008595,O0008595-2,SKU00344,1,9.99,9.99,,0.0,9.99
O0008595,O0008595-3,SKU00252,1,57.03,57.03,,0.0,57.03
O0008596,O0008596-1,SKU00115,1,25.28,25.28,,0.0,25.28
O0008596,O0008596-2,SKU00267,1,82.59,82.59,,0.0,82.59
O0008597,O0008597-1,SKU00275,1,50.32,50.32,,0.0,50.32
O0008597,O0008597-2,SKU00296,1,48.03,48.03,,0.0,48.03
O0008597,O0008597-3,SKU00085,1,51.96,51.96,,0.0,51.96
O0008598,O0008598-1,SKU00313,1,49.13,49.13,,0.0,49.13
O0008599,O0008599-1,SKU00113,1,49.01,49.01,,0.0,49.01
O0008599,O0008599-2,SKU00098,2,54.0,108.0,,0.0,108.0
O0008600,O0008600-1,SKU00028,1,35.88,35.88,,0.0,35.88
O0008600,O0008600-2,SKU00046,3,23.8,71.4,,0.0,71.4
O0008601,O0008601-1,SKU00222,1,30.96,30.96,,0.0,30.96
O0008602,O0008602-1,SKU00396,1,15.54,15.54,,0.0,15.54
O0008603,O0008603-1,SKU00055,1,66.78,66.78,,0.0,66.78
O0008603,O0008603-2,SKU00029,2,36.29,72.58,,0.0,72.58
O0008603,O0008603-3,SKU00086,1,72.82,72.82,,0.0,72.82
O0008604,O0008604-1,SKU00078,2,17.22,34.44,,0.0,34.44
O0008604,O0008604-2,SKU00292,1,51.63,51.63,,0.0,51.63
O0008604,O0008604-3,SKU00400,1,33.96,33.96,,0.0,33.96
O0008604,O0008604-4,SKU00161,2,12.51,25.02,,0.0,25.02
O0008605,O0008605-1,SKU00253,1,51.01,51.01,,0.0,51.01
O0008605,O0008605-2,SKU00165,1,18.9,18.9,,0.0,18.9
O0008606,O0008606-1,SKU00191,1,45.24,45.24,,0.0,45.24
O0008606,O0008606-2,SKU00099,1,22.33,22.33,,0.0,22.33
O0008606,O0008606-3,SKU00400,2,33.96,67.92,,0.0,67.92
O0008607,O0008607-1,SKU00341,1,47.08,47.08,,0.0,47.08
O0008607,O0008607-2,SKU00022,1,28.83,28.83,,0.0,28.83
O0008608,O0008608-1,SKU00301,2,30.77,61.54,,0.0,61.54
O0008608,O0008608-2,SKU00224,2,53.56,107.12,,0.0,107.12
O0008608,O0008608-3,SKU00342,2,38.94,77.88,,0.0,77.88
O0008609,O0008609-1,SKU00082,1,35.63,35.63,,0.0,35.63
O0008610,O0008610-1,SKU00030,1,17.63,17.63,,0.0,17.63
O0008610,O0008610-2,SKU00377,1,39.6,39.6,,0.0,39.6
O0008611,O0008611-1,SKU00222,1,30.96,30.96,,0.0,30.96
O0008611,O0008611-2,SKU00395,1,26.26,26.26,,0.0,26.26
O0008612,O0008612-1,SKU00356,3,12.98,38.94,,0.0,38.94
O0008612,O0008612-2,SKU00101,2,33.02,66.04,,0.0,66.04
O0008612,O0008612-3,SKU00025,1,42.44,42.44,,0.0,42.44
O0008612,O0008612-4,SKU00247,1,43.87,43.87,,0.0,43.87
O0008613,O0008613-1,SKU00012,3,9.88,29.64,,0.0,29.64
O0008614,O0008614-1,SKU00105,1,52.33,52.33,,0.0,52.33
O0008615,O0008615-1,SKU00309,1,39.31,39.31,,0.0,39.31
O0008615,O0008615-2,SKU00108,2,19.31,38.62,,0.0,38.62
O0008616,O0008616-1,SKU00223,1,22.77,22.77,,0.0,22.77
O0008617,O0008617-1,SKU00356,1,12.98,12.98,,0.0,12.98
O0008617,O0008617-2,SKU00081,1,30.86,30.86,,0.0,30.86
O0008618,O0008618-1,SKU00045,1,35.31,35.31,,0.0,35.31
O0008618,O0008618-2,SKU00003,1,28.95,28.95,,0.0,28.95
O0008619,O0008619-1,SKU00317,1,32.85,32.85,,0.0,32.85
O0008619,O0008619-2,SKU00236,1,32.17,32.17,,0.0,32.17
O0008620,O0008620-1,SKU00173,2,61.04,122.08,,0.0,122.08
O0008620,O0008620-2,SKU00294,1,47.23,47.23,,0.0,47.23
O0008621,O0008621-1,SKU00309,1,39.31,39.31,,0.0,39.31
O0008621,O0008621-2,SKU00275,1,50.32,50.32,,0.0,50.32
O0008621,O0008621-3,SKU00357,1,23.0,23.0,,0.0,23.0
O0008621,O0008621-4,SKU00220,1,42.7,42.7,,0.0,42.7
O0008622,O0008622-1,SKU00234,1,20.16,20.16,,0.0,20.16
O0008622,O0008622-2,SKU00174,1,57.96,57.96,,0.0,57.96
O0008623,O0008623-1,SKU00156,1,25.39,25.39,,0.0,25.39
O0008623,O0008623-2,SKU00087,1,22.83,22.83,,0.0,22.83
O0008623,O0008623-3,SKU00218,1,16.49,16.49,,0.0,16.49
O0008624,O0008624-1,SKU00113,1,49.01,49.01,,0.0,49.01
O0008624,O0008624-2,SKU00085,1,51.96,51.96,,0.0,51.96
O0008625,O0008625-1,SKU00036,1,42.54,42.54,,0.0,42.54
O0008626,O0008626-1,SKU00372,1,19.15,19.15,,0.0,19.15
O0008627,O0008627-1,SKU00043,1,50.54,50.54,,0.0,50.54
O0008627,O0008627-2,SKU00307,1,36.83,36.83,,0.0,36.83
O0008627,O0008627-3,SKU00203,2,71.32,142.64,,0.0,142.64
O0008627,O0008627-4,SKU00340,1,30.34,30.34,,0.0,30.34
O0008628,O0008628-1,SKU00195,1,41.24,41.24,,0.0,41.24
O0008628,O0008628-2,SKU00104,1,73.97,73.97,,0.0,73.97
O0008629,O0008629-1,SKU00089,1,49.77,49.77,,0.0,49.77
O0008630,O0008630-1,SKU00282,2,46.15,92.3,,0.0,92.3
O0008630,O0008630-2,SKU00296,1,48.03,48.03,,0.0,48.03
O0008631,O0008631-1,SKU00397,1,66.5,66.5,,0.0,66.5
O0008632,O0008632-1,SKU00069,1,19.77,19.77,,0.0,19.77
O0008633,O0008633-1,SKU00335,1,18.97,18.97,,0.0,18.97
O0008633,O0008633-2,SKU00151,1,20.05,20.05,,0.0,20.05
O0008634,O0008634-1,SKU00311,1,60.22,60.22,,0.0,60.22
O0008634,O0008634-2,SKU00346,1,102.61,102.61,,0.0,102.61
O0008634,O0008634-3,SKU00346,1,102.61,102.61,,0.0,102.61
O0008635,O0008635-1,SKU00018,1,20.66,20.66,,0.0,20.66
O0008636,O0008636-1,SKU00199,2,60.64,121.28,,0.0,121.28
O0008636,O0008636-2,SKU00270,1,46.55,46.55,,0.0,46.55
O0008637,O0008637-1,SKU00033,1,24.44,24.44,,0.0,24.44
O0008638,O0008638-1,SKU00136,1,52.74,52.74,,0.0,52.74
O0008638,O0008638-2,SKU00041,3,31.32,93.96,,0.0,93.96
O0008638,O0008638-3,SKU00071,3,50.63,151.89,,0.0,151.89
O0008638,O0008638-4,SKU00188,2,58.74,117.48,,0.0,117.48
O0008639,O0008639-1,SKU00003,1,28.95,28.95,,0.0,28.95
O0008639,O0008639-2,SKU00031,1,49.75,49.75,,0.0,49.75
O0008639,O0008639-3,SKU00354,1,27.28,27.28,,0.0,27.28
O0008639,O0008639-4,SKU00371,1,48.42,48.42,,0.0,48.42
O0008640,O0008640-1,SKU00317,1,32.85,32.85,,0.0,32.85
O0008640,O0008640-2,SKU00037,1,30.33,30.33,,0.0,30.33
O0008640,O0008640-3,SKU00326,1,34.94,34.94,,0.0,34.94
O0008641,O0008641-1,SKU00060,1,76.86,76.86,P0042,0.0,76.86
O0008641,O0008641-2,SKU00053,2,49.62,99.24,,0.0,99.24
O0008642,O0008642-1,SKU00359,1,26.27,26.27,,0.0,26.27
O0008643,O0008643-1,SKU00321,1,13.85,13.85,,0.0,13.85
O0008643,O0008643-2,SKU00086,1,72.82,72.82,,0.0,72.82
O0008643,O0008643-3,SKU00087,2,22.83,45.66,,0.0,45.66
O0008644,O0008644-1,SKU00291,1,33.52,33.52,P0042,0.0,33.52
O0008644,O0008644-2,SKU00037,1,30.33,30.33,,0.0,30.33
O0008644,O0008644-3,SKU00139,1,52.17,52.17,,0.0,52.17
O0008645,O0008645-1,SKU00239,1,15.42,15.42,,0.0,15.42
O0008646,O0008646-1,SKU00089,1,49.77,49.77,,0.0,49.77
O0008646,O0008646-2,SKU00392,1,45.36,45.36,,0.0,45.36
O0008647,O0008647-1,SKU00178,1,55.23,55.23,,0.0,55.23
O0008648,O0008648-1,SKU00125,1,30.05,30.05,,0.0,30.05
O0008648,O0008648-2,SKU00265,1,26.72,26.72,,0.0,26.72
O0008649,O0008649-1,SKU00124,1,29.76,29.76,,0.0,29.76
O0008650,O0008650-1,SKU00039,1,59.8,59.8,,0.0,59.8
O0008650,O0008650-2,SKU00368,1,19.96,19.96,,0.0,19.96
O0008651,O0008651-1,SKU00227,2,105.48,210.96,,0.0,210.96
O0008651,O0008651-2,SKU00298,1,21.47,21.47,,0.0,21.47
O0008652,O0008652-1,SKU00252,1,57.03,57.03,,0.0,57.03
O0008653,O0008653-1,SKU00229,3,74.74,224.22,P0042,112.11,112.11
O0008653,O0008653-2,SKU00286,1,54.7,54.7,,0.0,54.7
O0008653,O0008653-3,SKU00103,1,32.28,32.28,,0.0,32.28
O0008654,O0008654-1,SKU00311,3,60.22,180.66,,0.0,180.66
O0008654,O0008654-2,SKU00036,1,42.54,42.54,,0.0,42.54
O0008655,O0008655-1,SKU00143,2,18.48,36.96,,0.0,36.96
O0008655,O0008655-2,SKU00046,1,23.8,23.8,,0.0,23.8
O0008655,O0008655-3,SKU00156,1,25.39,25.39,,0.0,25.39
O0008655,O0008655-4,SKU00399,1,38.17,38.17,,0.0,38.17
O0008656,O0008656-1,SKU00298,2,21.47,42.94,,0.0,42.94
O0008656,O0008656-2,SKU00121,1,58.38,58.38,,0.0,58.38
O0008657,O0008657-1,SKU00236,1,32.17,32.17,,0.0,32.17
O0008658,O0008658-1,SKU00387,1,38.08,38.08,,0.0,38.08
O0008658,O0008658-2,SKU00213,1,45.05,45.05,,0.0,45.05
O0008659,O0008659-1,SKU00159,1,47.62,47.62,,0.0,47.62
O0008659,O0008659-2,SKU00362,1,26.77,26.77,,0.0,26.77
O0008660,O0008660-1,SKU00043,1,50.54,50.54,,0.0,50.54
O0008660,O0008660-2,SKU00150,1,41.46,41.46,,0.0,41.46
O0008660,O0008660-3,SKU00151,1,20.05,20.05,,0.0,20.05
O0008660,O0008660-4,SKU00142,2,61.52,123.04,,0.0,123.04
O0008661,O0008661-1,SKU00098,3,54.0,162.0,,0.0,162.0
O0008661,O0008661-2,SKU00078,1,17.22,17.22,,0.0,17.22
O0008661,O0008661-3,SKU00053,1,49.62,49.62,,0.0,49.62
O0008662,O0008662-1,SKU00308,1,57.22,57.22,,0.0,57.22
O0008663,O0008663-1,SKU00202,1,80.2,80.2,,0.0,80.2
O0008663,O0008663-2,SKU00174,3,57.96,173.88,,0.0,173.88
O0008663,O0008663-3,SKU00365,1,26.67,26.67,,0.0,26.67
O0008664,O0008664-1,SKU00162,1,65.18,65.18,,0.0,65.18
O0008665,O0008665-1,SKU00253,1,51.01,51.01,,0.0,51.01
O0008665,O0008665-2,SKU00149,2,26.89,53.78,,0.0,53.78
O0008665,O0008665-3,SKU00020,1,42.57,42.57,,0.0,42.57
O0008666,O0008666-1,SKU00372,1,19.15,19.15,,0.0,19.15
O0008666,O0008666-2,SKU00178,1,55.23,55.23,,0.0,55.23
O0008666,O0008666-3,SKU00286,2,54.7,109.4,,0.0,109.4
O0008667,O0008667-1,SKU00142,1,61.52,61.52,,0.0,61.52
O0008668,O0008668-1,SKU00197,3,32.23,96.69,,0.0,96.69
O0008669,O0008669-1,SKU00015,2,66.48,132.96,,0.0,132.96
O0008670,O0008670-1,SKU00103,1,32.28,32.28,,0.0,32.28
O0008670,O0008670-2,SKU00202,1,80.2,80.2,,0.0,80.2
O0008671,O0008671-1,SKU00011,1,31.25,31.25,,0.0,31.25
O0008671,O0008671-2,SKU00028,1,35.88,35.88,,0.0,35.88
O0008672,O0008672-1,SKU00312,1,39.88,39.88,,0.0,39.88
O0008673,O0008673-1,SKU00275,2,50.32,100.64,,0.0,100.64
O0008674,O0008674-1,SKU00270,1,46.55,46.55,P0042,0.0,46.55
O0008674,O0008674-2,SKU00022,2,28.83,57.66,,0.0,57.66
O0008674,O0008674-3,SKU00209,1,102.17,102.17,,0.0,102.17
